Research_ID,True_Label,Was_Changed_By_Cleaning,Phrases_Found_Count,Original_Text,Cleaned_Text,Arm_A_Predicted,Arm_B_Predicted,Arm_A_Correct,Arm_B_Correct,Cleaning_Helped,Cleaning_Hurt
STATE-LEASE-001,Unauthorized Allocation / Transfer / Use,False,0,Allegation that state land obtained on a 99-year lease for cultivation was subdivided and sold to a private property company.,Allegation that state land obtained on a 99-year lease for cultivation was subdivided and sold to a private property company.,Unauthorized Allocation / Transfer / Use,Unauthorized Allocation / Transfer / Use,True,True,False,False
STATE-LEASE-002,Administrative / Procedural / Integrity,False,0,Allegation that government suffered a loss of approximately LKR 29 million when the land was leased in breach of procurement requirements.,Allegation that government suffered a loss of approximately LKR 29 million when the land was leased in breach of procurement requirements.,Administrative / Procedural / Integrity,Administrative / Procedural / Integrity,True,True,False,False
STATE-LEASE-003,Lease Revenue / Payment / Enforcement,False,0,Allegation that National Housing Development Authority land was leased at a very low rent without Cabinet approval.,Allegation that National Housing Development Authority land was leased at a very low rent without Cabinet approval.,Unauthorized Allocation / Transfer / Use,Unauthorized Allocation / Transfer / Use,False,False,False,False
STATE-LEASE-004,Administrative / Procedural / Integrity,False,0,Allegation that protected land was supported by forged deeds and leased to private companies for filling or reclamation.,Allegation that protected land was supported by forged deeds and leased to private companies for filling or reclamation.,Protected / Environmental Lease Misuse,Protected / Environmental Lease Misuse,False,False,False,False
STATE-LEASE-005,Unauthorized Allocation / Transfer / Use,False,0,Allegation that commercial stalls built on state land were leased at low rates mainly to politically connected parties.,Allegation that commercial stalls built on state land were leased at low rates mainly to politically connected parties.,Unauthorized Allocation / Transfer / Use,Unauthorized Allocation / Transfer / Use,True,True,False,False
STATE-LEASE-006,Administrative / Procedural / Integrity,False,0,Allegation that state land around the Sri Dalada Maligawa historic precinct was allocated for commercial activities without required approval.,Allegation that state land around the Sri Dalada Maligawa historic precinct was allocated for commercial activities without required approval.,Unauthorized Allocation / Transfer / Use,Unauthorized Allocation / Transfer / Use,False,False,False,False
STATE-LEASE-007,Administrative / Procedural / Integrity,False,0,Allegation that a public official accepted a bribe in connection with leasing government land for gem-mining activities.,Allegation that a public official accepted a bribe in connection with leasing government land for gem-mining activities.,Protected / Environmental Lease Misuse,Protected / Environmental Lease Misuse,False,False,False,False
STATE-LEASE-008,Lease Revenue / Payment / Enforcement,False,0,Allegation that officials concealed the failure of companies leasing government land to pay lease rentals for several years.,Allegation that officials concealed the failure of companies leasing government land to pay lease rentals for several years.,Lease Revenue / Payment / Enforcement,Lease Revenue / Payment / Enforcement,True,True,False,False
STATE-LEASE-009,Unauthorized Allocation / Transfer / Use,False,0,Allegation that Land Reform Commission land was illegally subdivided and leased.,Allegation that Land Reform Commission land was illegally subdivided and leased.,Protected / Environmental Lease Misuse,Protected / Environmental Lease Misuse,False,False,False,False
STATE-LEASE-010,Unauthorized Allocation / Transfer / Use,False,0,Allegation that government land reserved for cultivation was secretly leased for commercial buildings.,Allegation that government land reserved for cultivation was secretly leased for commercial buildings.,Unauthorized Allocation / Transfer / Use,Unauthorized Allocation / Transfer / Use,True,True,False,False
STATE-LEASE-011,Unauthorized Allocation / Transfer / Use,False,0,Allegation that parcels of government land were sold to private entrepreneurs under fraudulent lease-right claims.,Allegation that parcels of government land were sold to private entrepreneurs under fraudulent lease-right claims.,Unauthorized Allocation / Transfer / Use,Unauthorized Allocation / Transfer / Use,True,True,False,False
STATE-LEASE-012,Administrative / Procedural / Integrity,False,0,Allegation that Mahaweli land was transferred to businesses using fraudulent lease permits.,Allegation that Mahaweli land was transferred to businesses using fraudulent lease permits.,Unauthorized Allocation / Transfer / Use,Unauthorized Allocation / Transfer / Use,False,False,False,False
STATE-LEASE-013,Protected / Environmental Lease Misuse,False,0,Allegation that forest-reserve land was made available for hotels using fraudulent lease agreements.,Allegation that forest-reserve land was made available for hotels using fraudulent lease agreements.,Administrative / Procedural / Integrity,Administrative / Procedural / Integrity,False,False,False,False
STATE-LEASE-014,Protected / Environmental Lease Misuse,False,0,Allegation that state land in a coastal area was illegally granted to foreign parties on long-term leases.,Allegation that state land in a coastal area was illegally granted to foreign parties on long-term leases.,Protected / Environmental Lease Misuse,Protected / Environmental Lease Misuse,True,True,False,False
STATE-LEASE-015,Protected / Environmental Lease Misuse,False,0,Allegation that land associated with a wildlife zone was secretly leased for tourist-resort development.,Allegation that land associated with a wildlife zone was secretly leased for tourist-resort development.,Protected / Environmental Lease Misuse,Protected / Environmental Lease Misuse,True,True,False,False
STATE-LEASE-016,Protected / Environmental Lease Misuse,False,0,Allegation that state riverbank land was illegally leased for tourism or recreational activities.,Allegation that state riverbank land was illegally leased for tourism or recreational activities.,Protected / Environmental Lease Misuse,Protected / Environmental Lease Misuse,True,True,False,False
STATE-LEASE-017,Lease Revenue / Payment / Enforcement,False,0,Allegation that state revenue was substantially understated or reduced in the leasing of islands for tourism projects.,Allegation that state revenue was substantially understated or reduced in the leasing of islands for tourism projects.,Protected / Environmental Lease Misuse,Protected / Environmental Lease Misuse,False,False,False,False
STATE-LEASE-018,Protected / Environmental Lease Misuse,False,0,Allegation that land in a protected area around the natural harbour was leased for private warehouse use.,Allegation that land in a protected area around the natural harbour was leased for private warehouse use.,Protected / Environmental Lease Misuse,Protected / Environmental Lease Misuse,True,True,False,False
STATE-LEASE-019,Protected / Environmental Lease Misuse,False,0,Allegation that wetlands used by migratory birds were leased for shrimp-farming operations.,Allegation that wetlands used by migratory birds were leased for shrimp-farming operations.,Protected / Environmental Lease Misuse,Protected / Environmental Lease Misuse,True,True,False,False
STATE-LEASE-020,Protected / Environmental Lease Misuse,False,0,Allegation that state land near the Kelani River was illegally leased for soil and clay excavation.,Allegation that state land near the Kelani River was illegally leased for soil and clay excavation.,Unauthorized Allocation / Transfer / Use,Unauthorized Allocation / Transfer / Use,False,False,False,False
STATE-LEASE-021,Protected / Environmental Lease Misuse,False,0,Allegation of illegal soil excavation on government leasehold land allocated to an industrial facility.,Allegation of illegal soil excavation on government leasehold land allocated to an industrial facility.,Protected / Environmental Lease Misuse,Protected / Environmental Lease Misuse,True,True,False,False
STATE-LEASE-022,Unauthorized Allocation / Transfer / Use,False,0,Allegation that valuable municipal land was leased at a very low rent to a private commercial complex.,Allegation that valuable municipal land was leased at a very low rent to a private commercial complex.,Unauthorized Allocation / Transfer / Use,Unauthorized Allocation / Transfer / Use,True,True,False,False
STATE-LEASE-023,Protected / Environmental Lease Misuse,False,0,Allegation that archaeological-reserve land was occupied on the stated basis of agricultural use.,Allegation that archaeological-reserve land was occupied on the stated basis of agricultural use.,Unauthorized Allocation / Transfer / Use,Unauthorized Allocation / Transfer / Use,False,False,False,False
STATE-LEASE-024,Unauthorized Allocation / Transfer / Use,False,0,Allegation that state land reserved for pilgrim accommodation was leased to private traders.,Allegation that state land reserved for pilgrim accommodation was leased to private traders.,Unauthorized Allocation / Transfer / Use,Unauthorized Allocation / Transfer / Use,True,True,False,False
STATE-LEASE-025,Protected / Environmental Lease Misuse,False,0,Allegation that riverbank state land was improperly leased through a local authority for sand-storage activities.,Allegation that riverbank state land was improperly leased through a local authority for sand-storage activities.,Protected / Environmental Lease Misuse,Protected / Environmental Lease Misuse,True,True,False,False
STATE-LEASE-026,Unauthorized Allocation / Transfer / Use,False,0,"Allegation that state land within a sacred-area boundary was leased, under political influence, for unauthorized commercial stalls.","Allegation that state land within a sacred-area boundary was leased, under political influence, for unauthorized commercial stalls.",Protected / Environmental Lease Misuse,Protected / Environmental Lease Misuse,False,False,False,False
STATE-LEASE-027,Administrative / Procedural / Integrity,False,0,"COPE reported that the 6-acre UDA land was leased for 99 years in 2019 without Board approval, and that additional conditions not approved by the Board were included in the lease agreement.","COPE reported that the 6-acre UDA land was leased for 99 years in 2019 without Board approval, and that additional conditions not approved by the Board were included in the lease agreement.",Administrative / Procedural / Integrity,Administrative / Procedural / Integrity,True,True,False,False
STATE-LEASE-028,Administrative / Procedural / Integrity,False,0,COPE reported a government loss of Rs. 330 million from leasing UDA land bordering D. R. Wijewardena Mawatha without formal Board approval.,COPE reported a government loss of Rs. 330 million from leasing UDA land bordering D. R. Wijewardena Mawatha without formal Board approval.,Administrative / Procedural / Integrity,Administrative / Procedural / Integrity,True,True,False,False
STATE-LEASE-029,Unauthorized Allocation / Transfer / Use,False,0,"Audit reported that land enjoyment was transferred in 2003 outside the normal leasing procedure, later passed to another company without Commission approval; arrears, a released surcharge, and a questionable reduction in assessed lease value were also recorded.","Audit reported that land enjoyment was transferred in 2003 outside the normal leasing procedure, later passed to another company without Commission approval; arrears, a released surcharge, and a questionable reduction in assessed lease value were also recorded.",Lease Revenue / Payment / Enforcement,Lease Revenue / Payment / Enforcement,False,False,False,False
STATE-LEASE-030,Lease Revenue / Payment / Enforcement,False,0,"Audit found that lease agreements had not been signed for land leased to four institutions, lease receivables from 2008 had not been collected, and the receivable could not be computed without agreements.","Audit found that lease agreements had not been signed for land leased to four institutions, lease receivables from 2008 had not been collected, and the receivable could not be computed without agreements.",Administrative / Procedural / Integrity,Administrative / Procedural / Integrity,False,False,False,False
STATE-LEASE-031,Lease Revenue / Payment / Enforcement,False,0,"Audit reported that multiple land plots had been used by a company without any amount recovered from Rs. 32,475,109 in lease rent due as at 31 December 2022, and no lease agreement had been entered into.","Audit reported that multiple land plots had been used by a company without any amount recovered from Rs. 32,475,109 in lease rent due as at 31 December 2022, and no lease agreement had been entered into.",Administrative / Procedural / Integrity,Administrative / Procedural / Integrity,False,False,False,False
STATE-LEASE-032,Lease Revenue / Payment / Enforcement,False,0,"Audit reported that 10 acres approved for tea cultivation had no lease rent paid since 2011, no formal agreement, and Rs. 1,824,000 outstanding as at the end of 2022.","Audit reported that 10 acres approved for tea cultivation had no lease rent paid since 2011, no formal agreement, and Rs. 1,824,000 outstanding as at the end of 2022.",Administrative / Procedural / Integrity,Administrative / Procedural / Integrity,False,False,False,False
STATE-LEASE-033,Unauthorized Allocation / Transfer / Use,False,0,"Audit reported that a private party had informally used leased land from 2008 without approval, agreement or payment, with Rs. 18,403,926 recorded as rent due through 2023.","Audit reported that a private party had informally used leased land from 2008 without approval, agreement or payment, with Rs. 18,403,926 recorded as rent due through 2023.",Unauthorized Allocation / Transfer / Use,Unauthorized Allocation / Transfer / Use,True,True,False,False
STATE-LEASE-034,Lease Revenue / Payment / Enforcement,False,0,"Audit reported Rs. 5.59 million in lease rent receivable 13 years after a lease for a rocky land plot, with the intended activity not completed and enforcement action delayed.","Audit reported Rs. 5.59 million in lease rent receivable 13 years after a lease for a rocky land plot, with the intended activity not completed and enforcement action delayed.",Lease Revenue / Payment / Enforcement,Lease Revenue / Payment / Enforcement,True,True,False,False
STATE-LEASE-035,Lease Revenue / Payment / Enforcement,False,0,"Audit reported that a 30-year residential lease granted in June 2012 had received no lease payments after 11 years, with Rs. 216,960 due.","Audit reported that a 30-year residential lease granted in June 2012 had received no lease payments after 11 years, with Rs. 216,960 due.",Administrative / Procedural / Integrity,Administrative / Procedural / Integrity,False,False,False,False
STATE-LEASE-036,Lease Revenue / Payment / Enforcement,False,0,"Audit reported that a commercial lease running from 2004 had accumulated Rs. 1,069,140 in unpaid lease amounts through 31 December 2023.","Audit reported that a commercial lease running from 2004 had accumulated Rs. 1,069,140 in unpaid lease amounts through 31 December 2023.",Administrative / Procedural / Integrity,Administrative / Procedural / Integrity,False,False,False,False
STATE-LEASE-037,Administrative / Procedural / Integrity,False,0,A UDA land parcel approved for a 99-year mixed-development lease was later set for a fresh procurement process after the selected investor failed to meet transfer conditions and the earlier lease process was cancelled.,A UDA land parcel approved for a 99-year mixed-development lease was later set for a fresh procurement process after the selected investor failed to meet transfer conditions and the earlier lease process was cancelled.,Administrative / Procedural / Integrity,Administrative / Procedural / Integrity,True,True,False,False
STATE-LEASE-038,Lease Revenue / Payment / Enforcement,False,0,"The Otters Aquatic Club occupied government land in Colombo 07 under a lease that expired, while lease arrears of about Rs. 31 million were reported. The Divisional Secretary issued eviction/vacate directions after the arrears were not fully settled and the lease was not renewed.","The Otters Aquatic Club occupied government land in Colombo 07 under a lease that expired, while lease arrears of about Rs. 31 million were reported. The Divisional Secretary issued eviction/vacate directions after the arrears were not fully settled and the lease was not renewed.",Lease Revenue / Payment / Enforcement,Lease Revenue / Payment / Enforcement,True,True,False,False
STATE-LEASE-039,Lease Revenue / Payment / Enforcement,False,0,"The Government took over the land and building occupied by the 80 Club at Independence Avenue, Colombo 07 after reported violations including non-payment of lease arrears. The Thimbirigasyaya Divisional Secretary stated that the property was government-owned and was taken back in November 2020.","The Government took over the land and building occupied by the 80 Club at Independence Avenue, Colombo 07 after reported violations including non-payment of lease arrears. The Thimbirigasyaya Divisional Secretary stated that the property was government-owned and was taken back in November 2020.",Lease Revenue / Payment / Enforcement,Lease Revenue / Payment / Enforcement,True,True,False,False
STATE-LEASE-040,Protected / Environmental Lease Misuse,False,0,"Public reporting documented allegations that government forest land in the Wandama–Demaliya–Kuda Oya area was leased by an official attached to the Buttala Divisional Secretariat to companies and businessmen despite the land's forest/protected character, prompting government and parliamentary scrutiny.","Public reporting documented allegations that government forest land in the Wandama–Demaliya–Kuda Oya area was leased by an official attached to the Buttala Divisional Secretariat to companies and businessmen despite the land's forest/protected character, prompting government and parliamentary scrutiny.",Protected / Environmental Lease Misuse,Protected / Environmental Lease Misuse,True,True,False,False
STATE-LEASE-041,Administrative / Procedural / Integrity,False,0,"The Auditor General reported that Sri Lanka Railways owns the land rights of nine CPSTL sub-depots. The lease agreement for those lands expired on 31 December 2013, but CPSTL continued using them without renewing the agreement or entering into a new lease agreement.","The Auditor General reported that Sri Lanka Railways owns the land rights of nine CPSTL sub-depots. The lease agreement for those lands expired on 31 December 2013, but CPSTL continued using them without renewing the agreement or entering into a new lease agreement.",Administrative / Procedural / Integrity,Administrative / Procedural / Integrity,True,True,False,False
STATE-LEASE-042,Administrative / Procedural / Integrity,False,0,"The Auditor General reported that SLTDA had received 2,056.73 acres across 12 Kalpitiya islands as free grants for tourism, of which 668.69 acres in 10 islands had been leased to seven companies during 2010, 2011, 2020 and 2022; none of those companies had commenced operations by the end of the audit period.","The Auditor General reported that SLTDA had received 2,056.73 acres across 12 Kalpitiya islands as free grants for tourism, of which 668.69 acres in 10 islands had been leased to seven companies during 2010, 2011, 2020 and 2022; none of those companies had commenced operations by the end of the audit period.",Lease Revenue / Payment / Enforcement,Lease Revenue / Payment / Enforcement,False,False,False,False
STATE-LEASE-043,Administrative / Procedural / Integrity,False,0,"The Auditor General reported that 510.086 acres at Kuchchaveli had been taken over for tourism development. By 2020–2021, three companies had received leases totaling 49 acres, but only one of those three was operating by the end of the audit period; additional lease agreements and approvals were also in progress.","The Auditor General reported that 510.086 acres at Kuchchaveli had been taken over for tourism development. By 2020–2021, three companies had received leases totaling 49 acres, but only one of those three was operating by the end of the audit period; additional lease agreements and approvals were also in progress.",Lease Revenue / Payment / Enforcement,Lease Revenue / Payment / Enforcement,False,False,False,False
STATE-LEASE-044,Lease Revenue / Payment / Enforcement,True,3,"Glen Alpin Estate / Sri Kali Amman Kovil, Hali-Ela was identified in official audit/report material as a government/state land lease case involving lease rent non-payment / enforcement failure. The Land Commissioner has confirmed that this is a genuine, direct, distinct state-land lease incident. File-level details should be retained from the Commissioner's records when available.","Glen Alpin Estate / Sri Kali Amman Kovil, Hali-Ela lease rent non-payment / enforcement failure.",Administrative / Procedural / Integrity,Lease Revenue / Payment / Enforcement,False,True,True,False
STATE-LEASE-045,Lease Revenue / Payment / Enforcement,True,3,"Kotagalawatta / Preethipura Children’s Orphanage, Mawanella was identified in official audit/report material as a government/state land lease case involving expired lease / arrears / continued occupation. The Land Commissioner has confirmed that this is a genuine, direct, distinct state-land lease incident. File-level details should be retained from the Commissioner's records when available.","Kotagalawatta / Preethipura Children’s Orphanage, Mawanella expired lease / arrears / continued occupation.",Lease Revenue / Payment / Enforcement,Lease Revenue / Payment / Enforcement,True,True,False,False
STATE-LEASE-046,Lease Revenue / Payment / Enforcement,True,3,"Kirimuttiwatta, Batticaloa was identified in official audit/report material as a government/state land lease case involving lease non-performance / arrears / surrender issue. The Land Commissioner has confirmed that this is a genuine, direct, distinct state-land lease incident. File-level details should be retained from the Commissioner's records when available.","Kirimuttiwatta, Batticaloa lease non-performance / arrears / surrender issue.",Protected / Environmental Lease Misuse,Lease Revenue / Payment / Enforcement,False,True,True,False
STATE-LEASE-047,Lease Revenue / Payment / Enforcement,True,3,"Akurambodawatta, Pallepola was identified in official audit/report material as a government/state land lease case involving lease arrears / revocation or disposal decision. The Land Commissioner has confirmed that this is a genuine, direct, distinct state-land lease incident. File-level details should be retained from the Commissioner's records when available.","Akurambodawatta, Pallepola lease arrears / revocation or disposal decision.",Protected / Environmental Lease Misuse,Lease Revenue / Payment / Enforcement,False,True,True,False
STATE-LEASE-048,Lease Revenue / Payment / Enforcement,True,3,"Kalawilawatta, Kalutara was identified in official audit/report material as a government/state land lease case involving long-term lease arrears / weak enforcement. The Land Commissioner has confirmed that this is a genuine, direct, distinct state-land lease incident. File-level details should be retained from the Commissioner's records when available.","Kalawilawatta, Kalutara long-term lease arrears / weak enforcement.",Protected / Environmental Lease Misuse,Lease Revenue / Payment / Enforcement,False,True,True,False
STATE-LEASE-049,Lease Revenue / Payment / Enforcement,True,3,"Gartland Estate, Kurunegala was identified in official audit/report material as a government/state land lease case involving lease-rent accounting / delayed recovery. The Land Commissioner has confirmed that this is a genuine, direct, distinct state-land lease incident. File-level details should be retained from the Commissioner's records when available.","Gartland Estate, Kurunegala lease-rent accounting / delayed recovery.",Lease Revenue / Payment / Enforcement,Lease Revenue / Payment / Enforcement,True,True,False,False
STATE-LEASE-050,Lease Revenue / Payment / Enforcement,True,3,"Hawanilawatta was identified in official audit/report material as a government/state land lease case involving lease-rent accounting / delayed recovery. The Land Commissioner has confirmed that this is a genuine, direct, distinct state-land lease incident. File-level details should be retained from the Commissioner's records when available.",Hawanilawatta lease-rent accounting / delayed recovery.,Lease Revenue / Payment / Enforcement,Lease Revenue / Payment / Enforcement,True,True,False,False
STATE-LEASE-051,Administrative / Procedural / Integrity,True,3,"Uranikadu, Pottuvil, Ampara was identified in official audit/report material as a government/state land lease case involving tourism lease administration / revenue recognition. The Land Commissioner has confirmed that this is a genuine, direct, distinct state-land lease incident. File-level details should be retained from the Commissioner's records when available.","Uranikadu, Pottuvil, Ampara tourism lease administration / revenue recognition.",Protected / Environmental Lease Misuse,Administrative / Procedural / Integrity,False,True,True,False
STATE-LEASE-052,Lease Revenue / Payment / Enforcement,True,3,"Serapis Estate, Kurunegala was identified in official audit/report material as a government/state land lease case involving lease-rent understatement / recovery. The Land Commissioner has confirmed that this is a genuine, direct, distinct state-land lease incident. File-level details should be retained from the Commissioner's records when available.","Serapis Estate, Kurunegala lease-rent understatement / recovery.",Lease Revenue / Payment / Enforcement,Lease Revenue / Payment / Enforcement,True,True,False,False
STATE-LEASE-053,Lease Revenue / Payment / Enforcement,True,3,"Jakotuwa Watta, Wellampitiya / Kolonnawa was identified in official audit/report material as a government/state land lease case involving lease valuation / recovery / litigation. The Land Commissioner has confirmed that this is a genuine, direct, distinct state-land lease incident. File-level details should be retained from the Commissioner's records when available.","Jakotuwa Watta, Wellampitiya / Kolonnawa lease valuation / recovery / litigation.",Protected / Environmental Lease Misuse,Lease Revenue / Payment / Enforcement,False,True,True,False
STATE-LEASE-054,Administrative / Procedural / Integrity,True,3,"Monarakelewatta — 280 acres was identified in official audit/report material as a government/state land lease case involving lease without proper approval / failure to recover lease. The Land Commissioner has confirmed that this is a genuine, direct, distinct state-land lease incident. File-level details should be retained from the Commissioner's records when available.",Monarakelewatta — 280 acres lease without proper approval / failure to recover lease.,Administrative / Procedural / Integrity,Administrative / Procedural / Integrity,True,True,False,False
STATE-LEASE-055,Lease Revenue / Payment / Enforcement,True,3,"Maddey Gedharawatta, Kalutara — 50 acres was identified in official audit/report material as a government/state land lease case involving lease without cabinet approval / valuation-recovery issue. The Land Commissioner has confirmed that this is a genuine, direct, distinct state-land lease incident. File-level details should be retained from the Commissioner's records when available.","Maddey Gedharawatta, Kalutara — 50 acres lease without cabinet approval / valuation-recovery issue.",Administrative / Procedural / Integrity,Lease Revenue / Payment / Enforcement,False,True,True,False
STATE-LEASE-056,Administrative / Procedural / Integrity,True,3,"Olabotuwa granite land was identified in official audit/report material as a government/state land lease case involving lease without formal agreement. The Land Commissioner has confirmed that this is a genuine, direct, distinct state-land lease incident. File-level details should be retained from the Commissioner's records when available.",Olabotuwa granite land lease without formal agreement.,Administrative / Procedural / Integrity,Administrative / Procedural / Integrity,True,True,False,False
STATE-LEASE-057,Administrative / Procedural / Integrity,True,3,"Yahalakelle granite land was identified in official audit/report material as a government/state land lease case involving lease without formal agreement. The Land Commissioner has confirmed that this is a genuine, direct, distinct state-land lease incident. File-level details should be retained from the Commissioner's records when available.",Yahalakelle granite land lease without formal agreement.,Administrative / Procedural / Integrity,Administrative / Procedural / Integrity,True,True,False,False
STATE-LEASE-058,Administrative / Procedural / Integrity,True,3,"Ingiriya granite land was identified in official audit/report material as a government/state land lease case involving lease without formal agreement. The Land Commissioner has confirmed that this is a genuine, direct, distinct state-land lease incident. File-level details should be retained from the Commissioner's records when available.",Ingiriya granite land lease without formal agreement.,Administrative / Procedural / Integrity,Administrative / Procedural / Integrity,True,True,False,False
STATE-LEASE-059,Administrative / Procedural / Integrity,True,3,"Puttalam prawn-cultivation lands — 173 acres was identified in official audit/report material as a government/state land lease case involving lease granted without proper permission. The Land Commissioner has confirmed that this is a genuine, direct, distinct state-land lease incident. File-level details should be retained from the Commissioner's records when available.",Puttalam prawn-cultivation lands — 173 acres lease granted without proper permission.,Unauthorized Allocation / Transfer / Use,Unauthorized Allocation / Transfer / Use,False,False,False,False
STATE-LEASE-060,Administrative / Procedural / Integrity,True,3,"Bollachchadeniya / Sri Lanka Cricket Institute lease was identified in official audit/report material as a government/state land lease case involving 30-year leasehold not completed / procedural failure. The Land Commissioner has confirmed that this is a genuine, direct, distinct state-land lease incident. File-level details should be retained from the Commissioner's records when available.",Bollachchadeniya / Sri Lanka Cricket Institute lease 30-year leasehold not completed / procedural failure.,Administrative / Procedural / Integrity,Administrative / Procedural / Integrity,True,True,False,False
STATE-LEASE-061,Lease Revenue / Payment / Enforcement,True,3,"Hasalaka parcel No. 549, Minipe was identified in official audit/report material as a government/state land lease case involving lease arrears / missing or incomplete leasehold action. The Land Commissioner has confirmed that this is a genuine, direct, distinct state-land lease incident. File-level details should be retained from the Commissioner's records when available.","Hasalaka parcel No. 549, Minipe lease arrears / missing or incomplete leasehold action.",Protected / Environmental Lease Misuse,Lease Revenue / Payment / Enforcement,False,True,True,False
STATE-LEASE-062,Unauthorized Allocation / Transfer / Use,True,3,"Udatthawa village parcel No. 814, Minipe was identified in official audit/report material as a government/state land lease case involving sublease / arrears / enforcement. The Land Commissioner has confirmed that this is a genuine, direct, distinct state-land lease incident. File-level details should be retained from the Commissioner's records when available.","Udatthawa village parcel No. 814, Minipe sublease / arrears / enforcement.",Protected / Environmental Lease Misuse,Lease Revenue / Payment / Enforcement,False,False,False,False
WEB-063,Administrative / Procedural / Integrity,False,0,"The Auditor General reported that the Transworks Square land in Colombo Fort was leased to a locally incorporated foreign private company through four agreements between 2013 and 2016 for Rs. 4,999.7 million for a mixed-development project. The project was expected to be completed by 2021, but by the end of 2024 only the structural framework for 60 of the planned 81 floors had been completed. An expected Rs. 1,290.04 million difference between the lease value and market value had not been recovered because the development project remained suspended.","The Auditor General reported that the Transworks Square land in Colombo Fort was leased to a locally incorporated foreign private company through four agreements between 2013 and 2016 for Rs. 4,999.7 million for a mixed-development project. The project was expected to be completed by 2021, but by the end of 2024 only the structural framework for 60 of the planned 81 floors had been completed. An expected Rs. 1,290.04 million difference between the lease value and market value had not been recovered because the development project remained suspended.",Lease Revenue / Payment / Enforcement,Lease Revenue / Payment / Enforcement,False,False,False,False
WEB-064,Administrative / Procedural / Integrity,False,0,"The Auditor General reported that land at Pitipana, Homagama was acquired on a thirty-year lease on 30 April 2014 for Rs. 4.08 million after UDA approval for a rehabilitation and treatment centre. The land had not been used for the approved purpose and remained idle for ten years, while action was still being taken to obtain the indenture of lease.","The Auditor General reported that land at Pitipana, Homagama was acquired on a thirty-year lease on 30 April 2014 for Rs. 4.08 million after UDA approval for a rehabilitation and treatment centre. The land had not been used for the approved purpose and remained idle for ten years, while action was still being taken to obtain the indenture of lease.",Administrative / Procedural / Integrity,Administrative / Procedural / Integrity,True,True,False,False
WEB-065,Administrative / Procedural / Integrity,False,0,"The Auditor General reported that the Board of Investment allocated an 8-by-8-foot space from the service area next to the Kandy Industrial Park office building for a Bank of Ceylon generator room without entering into an agreement. As a result, rent had not been determined or charged for the allocated space.","The Auditor General reported that the Board of Investment allocated an 8-by-8-foot space from the service area next to the Kandy Industrial Park office building for a Bank of Ceylon generator room without entering into an agreement. As a result, rent had not been determined or charged for the allocated space.",Administrative / Procedural / Integrity,Administrative / Procedural / Integrity,True,True,False,False
WEB-066,Lease Revenue / Payment / Enforcement,False,0,"The Auditor General reported that the Board of Investment leased 16 acres in the Katunayake Export Processing Zone to the Free Trade Zone Sports Association under an agreement dated 27 September 1988. The rent remained Rs. 200 per acre per year until September 2018, and the Board proposed an increase to Rs. 1,000 per acre for 30 years without obtaining an independent valuer's report. The Board had also spent Rs. 2.5 million to rehabilitate the ground while earning only Rs. 16,000 per year from the land.","The Auditor General reported that the Board of Investment leased 16 acres in the Katunayake Export Processing Zone to the Free Trade Zone Sports Association under an agreement dated 27 September 1988. The rent remained Rs. 200 per acre per year until September 2018, and the Board proposed an increase to Rs. 1,000 per acre for 30 years without obtaining an independent valuer's report. The Board had also spent Rs. 2.5 million to rehabilitate the ground while earning only Rs. 16,000 per year from the land.",Administrative / Procedural / Integrity,Administrative / Procedural / Integrity,False,False,False,False
WEB-067,Administrative / Procedural / Integrity,False,0,"The Auditor General reported that a Battaramulla land parcel provided for the Water Resources Board had an annual government-assessed rent of Rs. 2.7 million, but a formal lease agreement with the Urban Development Authority had still not been signed. The Board had paid about Rs. 27.97 million in rent from 2016 to the end of 2024 and had sub-leased the land to the Sri Lanka Bureau of Foreign Employment from August 2023 at a monthly rent of Rs. 460,000.","The Auditor General reported that a Battaramulla land parcel provided for the Water Resources Board had an annual government-assessed rent of Rs. 2.7 million, but a formal lease agreement with the Urban Development Authority had still not been signed. The Board had paid about Rs. 27.97 million in rent from 2016 to the end of 2024 and had sub-leased the land to the Sri Lanka Bureau of Foreign Employment from August 2023 at a monthly rent of Rs. 460,000.",Administrative / Procedural / Integrity,Administrative / Procedural / Integrity,True,True,False,False
WEB-068,Administrative / Procedural / Integrity,False,0,"The Auditor General reported that the Chamber of Construction Industry obtained 30 perches of land from the Urban Development Authority under a 30-year lease agreement signed on 29 December 2021 at an annual rent of Rs. 1.68 million. The lease required a new secretariat building to be constructed within two years, but construction had not commenced by 31 May 2023.","The Auditor General reported that the Chamber of Construction Industry obtained 30 perches of land from the Urban Development Authority under a 30-year lease agreement signed on 29 December 2021 at an annual rent of Rs. 1.68 million. The lease required a new secretariat building to be constructed within two years, but construction had not commenced by 31 May 2023.",Lease Revenue / Payment / Enforcement,Lease Revenue / Payment / Enforcement,False,False,False,False
WEB-069,Administrative / Procedural / Integrity,False,0,"The Auditor General reported that Waters Edge earned Rs. 10,719,033 in annual rent from LALA Park, but a lease agreement for the underlying land had not been signed with the lessor. Management stated that the arrangement was being negotiated with the parent company, the Urban Development Authority, to execute the land lease.","The Auditor General reported that Waters Edge earned Rs. 10,719,033 in annual rent from LALA Park, but a lease agreement for the underlying land had not been signed with the lessor. Management stated that the arrangement was being negotiated with the parent company, the Urban Development Authority, to execute the land lease.",Lease Revenue / Payment / Enforcement,Lease Revenue / Payment / Enforcement,False,False,False,False
WEB-070,Lease Revenue / Payment / Enforcement,False,0,"The Auditor General reported that 100 acres of government land in the Kusala Grama Niladhari Division of Arachchikattu had been leased to a private company under a long-term lease. The lease was cancelled in January 2004 because payments had been in default since 1997, but lease arrears and penalty interest calculated at Rs. 36,587,033 up to May 2013 had still not been recovered.","The Auditor General reported that 100 acres of government land in the Kusala Grama Niladhari Division of Arachchikattu had been leased to a private company under a long-term lease. The lease was cancelled in January 2004 because payments had been in default since 1997, but lease arrears and penalty interest calculated at Rs. 36,587,033 up to May 2013 had still not been recovered.",Lease Revenue / Payment / Enforcement,Lease Revenue / Payment / Enforcement,True,True,False,False
WEB-071,Unauthorized Allocation / Transfer / Use,False,0,The Auditor General reported that about 29 acres and 10 perches of government land in the Manativ Grama Niladhari Division of the Puttalam Divisional Secretariat had been leased to a private company for 30 years from 29 June 1988. The company later sold the leased land to another private company on 11 June 2008 without approval from the Provincial Land Commissioner.,The Auditor General reported that about 29 acres and 10 perches of government land in the Manativ Grama Niladhari Division of the Puttalam Divisional Secretariat had been leased to a private company for 30 years from 29 June 1988. The company later sold the leased land to another private company on 11 June 2008 without approval from the Provincial Land Commissioner.,Lease Revenue / Payment / Enforcement,Lease Revenue / Payment / Enforcement,False,False,False,False
WEB-072,Lease Revenue / Payment / Enforcement,False,0,"The Auditor General reported that approximately 20.234 hectares of government land in the Manativ Grama Niladhari Division of the Puttalam Divisional Secretariat had been leased to a private company for 30 years from 24 February 1993. Lease arrears remained outstanding during the lease period, and when the agreement ended in February 2023, arrears and penalties due from the company had not been fully recovered.","The Auditor General reported that approximately 20.234 hectares of government land in the Manativ Grama Niladhari Division of the Puttalam Divisional Secretariat had been leased to a private company for 30 years from 24 February 1993. Lease arrears remained outstanding during the lease period, and when the agreement ended in February 2023, arrears and penalties due from the company had not been fully recovered.",Lease Revenue / Payment / Enforcement,Lease Revenue / Payment / Enforcement,True,True,False,False
WEB-073,Unauthorized Allocation / Transfer / Use,False,0,"The Auditor General reported that government land provided by the Akuressa Divisional Secretariat to the Akuressa Multi-Purpose Cooperative Society under long-term lease No. L/2940 had been leased until 11 January 1995. After the lease ended, the land continued to be occupied without a long-term lease agreement and without paying rent for about 26 years. Long-term rent due for 1995 to 2009 alone was reported as Rs. 5.23 million.","The Auditor General reported that government land provided by the Akuressa Divisional Secretariat to the Akuressa Multi-Purpose Cooperative Society under long-term lease No. L/2940 had been leased until 11 January 1995. After the lease ended, the land continued to be occupied without a long-term lease agreement and without paying rent for about 26 years. Long-term rent due for 1995 to 2009 alone was reported as Rs. 5.23 million.",Lease Revenue / Payment / Enforcement,Lease Revenue / Payment / Enforcement,False,False,False,False
WEB-074,Unauthorized Allocation / Transfer / Use,False,0,"The Auditor General reported that 0.238 hectares of government land in the Gangawata Korale Divisional Secretariat Division, Kandy, was granted to a private company on a 30-year long-term lease in 2006 for a resort. The same lessee had occupied the land unlawfully from 1995 to 2006, and the Government Valuer assessed lost revenue of Rs. 6,932,500 for that period.","The Auditor General reported that 0.238 hectares of government land in the Gangawata Korale Divisional Secretariat Division, Kandy, was granted to a private company on a 30-year long-term lease in 2006 for a resort. The same lessee had occupied the land unlawfully from 1995 to 2006, and the Government Valuer assessed lost revenue of Rs. 6,932,500 for that period.",Lease Revenue / Payment / Enforcement,Lease Revenue / Payment / Enforcement,False,False,False,False
WEB-075,Lease Revenue / Payment / Enforcement,False,0,"The Auditor General reported that 29.88 perches of government land in the Thimbirigasyaya Divisional Secretariat Division had been given to Independent Television Network Limited on long-term lease in 1999. Notification of the payable lease amount was delayed by nearly three years and no rent was levied for ten years; Rs. 36,225,000 remained due, while the absence of an issued lease prevented legal action for non-payment.","The Auditor General reported that 29.88 perches of government land in the Thimbirigasyaya Divisional Secretariat Division had been given to Independent Television Network Limited on long-term lease in 1999. Notification of the payable lease amount was delayed by nearly three years and no rent was levied for ten years; Rs. 36,225,000 remained due, while the absence of an issued lease prevented legal action for non-payment.",Lease Revenue / Payment / Enforcement,Lease Revenue / Payment / Enforcement,True,True,False,False
WEB-076,Lease Revenue / Payment / Enforcement,False,0,"The Auditor General reported that 2 acres, 1 rood and 10 perches of land in the Dodangoda Divisional Secretariat area had been leased to a private institution for 30 years. An outstanding lease amount of Rs. 254,100 remained at the end of 2015.","The Auditor General reported that 2 acres, 1 rood and 10 perches of land in the Dodangoda Divisional Secretariat area had been leased to a private institution for 30 years. An outstanding lease amount of Rs. 254,100 remained at the end of 2015.",Lease Revenue / Payment / Enforcement,Lease Revenue / Payment / Enforcement,True,True,False,False
WEB-077,Lease Revenue / Payment / Enforcement,False,0,"The Auditor General reported that land on Highlevel Road, Nugegoda, belonging to the Dehiwala Divisional Secretariat had been leased for 30 years in 2000. The lease required rent to be reassessed every five years by at least 50 percent, but revisions were not made in 2005 or 2010, and Rs. 1,342,234 remained outstanding by October 2015.","The Auditor General reported that land on Highlevel Road, Nugegoda, belonging to the Dehiwala Divisional Secretariat had been leased for 30 years in 2000. The lease required rent to be reassessed every five years by at least 50 percent, but revisions were not made in 2005 or 2010, and Rs. 1,342,234 remained outstanding by October 2015.",Lease Revenue / Payment / Enforcement,Lease Revenue / Payment / Enforcement,True,True,False,False
WEB-078,Lease Revenue / Payment / Enforcement,False,0,"The Auditor General reported that 4.209 hectares of land at Thalagolla Village, Ragama, had been leased to Colombo North Medical College for 30 years in 1981 and was later used by the Medical Faculty of the University of Kelaniya. The lease expired in May 2011, but the agreement was not extended, causing about four and a half years of lease income to remain unrecovered.","The Auditor General reported that 4.209 hectares of land at Thalagolla Village, Ragama, had been leased to Colombo North Medical College for 30 years in 1981 and was later used by the Medical Faculty of the University of Kelaniya. The lease expired in May 2011, but the agreement was not extended, causing about four and a half years of lease income to remain unrecovered.",Lease Revenue / Payment / Enforcement,Lease Revenue / Payment / Enforcement,True,True,False,False
WEB-079,Lease Revenue / Payment / Enforcement,False,0,"The Auditor General reported that 2 acres and 15.18 perches of Pembruk Estate in Kalutara District had been leased to Vintor Fashions (Private) Limited for 30 years from February 1992 to establish a garment factory. The company had defaulted on lease rent, with Rs. 2,661,282 in arrears up to February 2015, while 2016 and 2017 rent and surcharges had not yet been computed.","The Auditor General reported that 2 acres and 15.18 perches of Pembruk Estate in Kalutara District had been leased to Vintor Fashions (Private) Limited for 30 years from February 1992 to establish a garment factory. The company had defaulted on lease rent, with Rs. 2,661,282 in arrears up to February 2015, while 2016 and 2017 rent and surcharges had not yet been computed.",Lease Revenue / Payment / Enforcement,Lease Revenue / Payment / Enforcement,True,True,False,False
WEB-080,Administrative / Procedural / Integrity,False,0,"The Auditor General reported that 2 roods and 16 perches of Rathwetiya Estate, including a tea factory building, had been leased to the Sangaruwanketha Milk Producers' Cooperative Society Limited in May 1997 by deviating from the normal leasing procedure. No lease rent had been paid for about 15 years, arrears and surcharges had reached Rs. 4,596,800 by May 2016, and no action had been taken to cancel the lease agreement or otherwise enforce it.","The Auditor General reported that 2 roods and 16 perches of Rathwetiya Estate, including a tea factory building, had been leased to the Sangaruwanketha Milk Producers' Cooperative Society Limited in May 1997 by deviating from the normal leasing procedure. No lease rent had been paid for about 15 years, arrears and surcharges had reached Rs. 4,596,800 by May 2016, and no action had been taken to cancel the lease agreement or otherwise enforce it.",Lease Revenue / Payment / Enforcement,Lease Revenue / Payment / Enforcement,False,False,False,False
WEB-081,Administrative / Procedural / Integrity,False,0,A complainant alleges that an officer requested an unofficial payment to accelerate approval of a lease application for a state land parcel in Kandy. The application had otherwise remained pending without a documented reason.,A complainant alleges that an officer requested an unofficial payment to accelerate approval of a lease application for a state land parcel in Kandy. The application had otherwise remained pending without a documented reason.,Administrative / Procedural / Integrity,Administrative / Procedural / Integrity,True,True,False,False
WEB-082,Administrative / Procedural / Integrity,False,0,It is alleged that a payment was demanded outside the official fee schedule before the responsible government institution would process the renewal of a state-land lease in Hambantota.,It is alleged that a payment was demanded outside the official fee schedule before the responsible government institution would process the renewal of a state-land lease in Hambantota.,Administrative / Procedural / Integrity,Administrative / Procedural / Integrity,True,True,False,False
WEB-083,Administrative / Procedural / Integrity,False,0,"A lessee reports that an intermediary linked to an official asked for LKR 450,000 to secure a favourable lease decision concerning a tourism-development land. No receipt or official payment instruction was provided.","A lessee reports that an intermediary linked to an official asked for LKR 450,000 to secure a favourable lease decision concerning a tourism-development land. No receipt or official payment instruction was provided.",Administrative / Procedural / Integrity,Administrative / Procedural / Integrity,True,True,False,False
WEB-084,Administrative / Procedural / Integrity,False,0,An allegation states that a lease-related inspection was delayed until an unofficial payment was offered to an officer handling the file in Matara.,An allegation states that a lease-related inspection was delayed until an unofficial payment was offered to an officer handling the file in Matara.,Administrative / Procedural / Integrity,Administrative / Procedural / Integrity,True,True,False,False
WEB-085,Administrative / Procedural / Integrity,False,0,A complaint claims that an officer sought a personal benefit in return for recommending approval of a government-land lease application.,A complaint claims that an officer sought a personal benefit in return for recommending approval of a government-land lease application.,Administrative / Procedural / Integrity,Administrative / Procedural / Integrity,True,True,False,False
WEB-086,Administrative / Procedural / Integrity,False,0,A complainant alleges that an officer requested a sexual favour in exchange for assisting with approval of a state-land lease application in Puttalam. The alleged request was unrelated to any lawful lease requirement.,A complainant alleges that an officer requested a sexual favour in exchange for assisting with approval of a state-land lease application in Puttalam. The alleged request was unrelated to any lawful lease requirement.,Administrative / Procedural / Integrity,Administrative / Procedural / Integrity,True,True,False,False
WEB-087,Administrative / Procedural / Integrity,False,0,It is alleged that an official implied that favourable treatment of a land-lease dispute would depend on the complainant providing a sexual favour.,It is alleged that an official implied that favourable treatment of a land-lease dispute would depend on the complainant providing a sexual favour.,Administrative / Procedural / Integrity,Administrative / Procedural / Integrity,True,True,False,False
WEB-088,Administrative / Procedural / Integrity,False,0,A complaint states that a lease-renewal applicant was pressured to provide a sexual favour before the file would be recommended for approval.,A complaint states that a lease-renewal applicant was pressured to provide a sexual favour before the file would be recommended for approval.,Administrative / Procedural / Integrity,Administrative / Procedural / Integrity,True,True,False,False
WEB-089,Administrative / Procedural / Integrity,False,0,A land applicant alleges that an officer linked progress on a state-land allocation request to an unwanted sexual demand.,A land applicant alleges that an officer linked progress on a state-land allocation request to an unwanted sexual demand.,Administrative / Procedural / Integrity,Administrative / Procedural / Integrity,True,True,False,False
WEB-090,Administrative / Procedural / Integrity,False,0,A complainant alleges that an officer threatened to obstruct a lease renewal unless the applicant withdrew a complaint about irregular handling of the land file.,A complainant alleges that an officer threatened to obstruct a lease renewal unless the applicant withdrew a complaint about irregular handling of the land file.,Administrative / Procedural / Integrity,Administrative / Procedural / Integrity,True,True,False,False
WEB-091,Administrative / Procedural / Integrity,False,0,It is alleged that a lessee was pressured to sign an unfavourable document after being threatened with cancellation of the state-land lease.,It is alleged that a lessee was pressured to sign an unfavourable document after being threatened with cancellation of the state-land lease.,Administrative / Procedural / Integrity,Administrative / Procedural / Integrity,True,True,False,False
WEB-092,Administrative / Procedural / Integrity,False,0,A complaint states that an applicant was told that adverse information would be disclosed unless they abandoned an objection to a contested lease allocation.,A complaint states that an applicant was told that adverse information would be disclosed unless they abandoned an objection to a contested lease allocation.,Administrative / Procedural / Integrity,Administrative / Procedural / Integrity,True,True,False,False
WEB-093,Administrative / Procedural / Integrity,False,0,A land user alleges intimidation by an official who threatened enforcement action unless the user stopped questioning the lease decision.,A land user alleges intimidation by an official who threatened enforcement action unless the user stopped questioning the lease decision.,Administrative / Procedural / Integrity,Administrative / Procedural / Integrity,True,True,False,False
WEB-094,Administrative / Procedural / Integrity,False,0,A lease application for a coastal state land in Kurunegala was allegedly given preferential treatment because the proposed lessee had a personal connection to an officer involved in the recommendation process.,A lease application for a coastal state land in Kurunegala was allegedly given preferential treatment because the proposed lessee had a personal connection to an officer involved in the recommendation process.,Administrative / Procedural / Integrity,Administrative / Procedural / Integrity,True,True,False,False
WEB-095,Administrative / Procedural / Integrity,False,0,It is alleged that competing lease applications were not assessed consistently and a related party received favourable treatment without a documented justification.,It is alleged that competing lease applications were not assessed consistently and a related party received favourable treatment without a documented justification.,Administrative / Procedural / Integrity,Administrative / Procedural / Integrity,True,True,False,False
WEB-096,Administrative / Procedural / Integrity,False,0,"A complaint alleges that an official participated in a lease decision involving a business linked to a close associate, without declaring a conflict of interest.","A complaint alleges that an official participated in a lease decision involving a business linked to a close associate, without declaring a conflict of interest.",Administrative / Procedural / Integrity,Administrative / Procedural / Integrity,True,True,False,False
WEB-097,Administrative / Procedural / Integrity,False,0,A state-land allocation was allegedly recommended to a favoured applicant even though another applicant had completed the required process earlier.,A state-land allocation was allegedly recommended to a favoured applicant even though another applicant had completed the required process earlier.,Administrative / Procedural / Integrity,Administrative / Procedural / Integrity,True,True,False,False
WEB-098,Administrative / Procedural / Integrity,False,0,A urban development land in Kalutara was allegedly leased without obtaining a required approval or completing the prescribed competitive selection process.,A urban development land in Kalutara was allegedly leased without obtaining a required approval or completing the prescribed competitive selection process.,Unauthorized Allocation / Transfer / Use,Unauthorized Allocation / Transfer / Use,False,False,False,False
WEB-099,Administrative / Procedural / Integrity,False,0,The lease file allegedly proceeded despite missing mandatory approval from the competent authority and incomplete procurement documentation.,The lease file allegedly proceeded despite missing mandatory approval from the competent authority and incomplete procurement documentation.,Administrative / Procedural / Integrity,Administrative / Procedural / Integrity,True,True,False,False
WEB-100,Administrative / Procedural / Integrity,False,0,A complaint states that a long-term lease was issued before the required valuation and formal approval steps were completed.,A complaint states that a long-term lease was issued before the required valuation and formal approval steps were completed.,Lease Revenue / Payment / Enforcement,Lease Revenue / Payment / Enforcement,False,False,False,False
WEB-101,Administrative / Procedural / Integrity,False,0,It is alleged that the district land administration changed key lease conditions after selection without recording the required authorization.,It is alleged that the district land administration changed key lease conditions after selection without recording the required authorization.,Administrative / Procedural / Integrity,Administrative / Procedural / Integrity,True,True,False,False
WEB-102,Administrative / Procedural / Integrity,False,0,A complaint alleges that a lease file contained a certificate stating that an inspection had been completed even though no inspection reportedly occurred.,A complaint alleges that a lease file contained a certificate stating that an inspection had been completed even though no inspection reportedly occurred.,Administrative / Procedural / Integrity,Administrative / Procedural / Integrity,True,True,False,False
WEB-103,Administrative / Procedural / Integrity,False,0,It is alleged that dates in a land-lease approval record were altered to make an application appear to have been processed earlier.,It is alleged that dates in a land-lease approval record were altered to make an application appear to have been processed earlier.,Administrative / Procedural / Integrity,Administrative / Procedural / Integrity,True,True,False,False
WEB-104,Administrative / Procedural / Integrity,False,0,A complainant states that a supporting document in a lease file contained information that did not match the official land register.,A complainant states that a supporting document in a lease file contained information that did not match the official land register.,Administrative / Procedural / Integrity,Administrative / Procedural / Integrity,True,True,False,False
WEB-105,Administrative / Procedural / Integrity,False,0,"A lease recommendation was allegedly supported by an inaccurate certification regarding occupation, development status, or compliance conditions.","A lease recommendation was allegedly supported by an inaccurate certification regarding occupation, development status, or compliance conditions.",Administrative / Procedural / Integrity,Administrative / Procedural / Integrity,True,True,False,False
WEB-106,Lease Revenue / Payment / Enforcement,False,0,"The lessee of a coastal state land in Puttalam allegedly failed to pay annual lease rent for four years, while recovery action by the relevant land authority was delayed.","The lessee of a coastal state land in Puttalam allegedly failed to pay annual lease rent for four years, while recovery action by the relevant land authority was delayed.",Lease Revenue / Payment / Enforcement,Lease Revenue / Payment / Enforcement,True,True,False,False
WEB-107,Lease Revenue / Payment / Enforcement,False,0,"A government land lease accumulated unpaid rent over four years, but the outstanding balance was not recovered within the expected enforcement period.","A government land lease accumulated unpaid rent over four years, but the outstanding balance was not recovered within the expected enforcement period.",Lease Revenue / Payment / Enforcement,Lease Revenue / Payment / Enforcement,True,True,False,False
WEB-108,Lease Revenue / Payment / Enforcement,False,0,"A complaint notes persistent lease-rent arrears on a state property, with no evidence of timely demand notices or recovery proceedings.","A complaint notes persistent lease-rent arrears on a state property, with no evidence of timely demand notices or recovery proceedings.",Lease Revenue / Payment / Enforcement,Lease Revenue / Payment / Enforcement,True,True,False,False
WEB-109,Lease Revenue / Payment / Enforcement,False,0,The lease account reportedly remained in arrears despite continued occupation and use of the government land.,The lease account reportedly remained in arrears despite continued occupation and use of the government land.,Lease Revenue / Payment / Enforcement,Lease Revenue / Payment / Enforcement,True,True,False,False
WEB-110,Lease Revenue / Payment / Enforcement,False,0,"The lessee of a state land parcel in Ampara allegedly failed to pay annual lease rent for four years, while recovery action by the district land administration was delayed. The file reportedly contained no documented approval for the deviation.","The lessee of a state land parcel in Ampara allegedly failed to pay annual lease rent for four years, while recovery action by the district land administration was delayed. The file reportedly contained no documented approval for the deviation.",Lease Revenue / Payment / Enforcement,Lease Revenue / Payment / Enforcement,True,True,False,False
WEB-111,Lease Revenue / Payment / Enforcement,False,0,"A government land lease accumulated unpaid rent over four years, but the outstanding balance was not recovered within the expected enforcement period. The matter was raised as a governance concern requiring documentary verification.","A government land lease accumulated unpaid rent over four years, but the outstanding balance was not recovered within the expected enforcement period. The matter was raised as a governance concern requiring documentary verification.",Lease Revenue / Payment / Enforcement,Lease Revenue / Payment / Enforcement,True,True,False,False
WEB-112,Lease Revenue / Payment / Enforcement,False,0,"The lease rent for a urban development land was allegedly not revised at the required interval, resulting in continued billing at an outdated rate.","The lease rent for a urban development land was allegedly not revised at the required interval, resulting in continued billing at an outdated rate.",Lease Revenue / Payment / Enforcement,Lease Revenue / Payment / Enforcement,True,True,False,False
WEB-113,Lease Revenue / Payment / Enforcement,False,0,A long-term government lease continued under an old rental valuation even though a reassessment should have been completed.,A long-term government lease continued under an old rental valuation even though a reassessment should have been completed.,Lease Revenue / Payment / Enforcement,Lease Revenue / Payment / Enforcement,True,True,False,False
WEB-114,Lease Revenue / Payment / Enforcement,False,0,The responsible authority allegedly failed to update the annual lease rental after the scheduled valuation review date.,The responsible authority allegedly failed to update the annual lease rental after the scheduled valuation review date.,Lease Revenue / Payment / Enforcement,Lease Revenue / Payment / Enforcement,True,True,False,False
WEB-115,Lease Revenue / Payment / Enforcement,False,0,A complaint states that market-based rent revision was overdue and the lessee continued paying the earlier lower rate.,A complaint states that market-based rent revision was overdue and the lessee continued paying the earlier lower rate.,Lease Revenue / Payment / Enforcement,Lease Revenue / Payment / Enforcement,True,True,False,False
WEB-116,Lease Revenue / Payment / Enforcement,False,0,"A lease premium of LKR 5 million allegedly remained unpaid after the due date, but recovery action was not initiated promptly.","A lease premium of LKR 5 million allegedly remained unpaid after the due date, but recovery action was not initiated promptly.",Lease Revenue / Payment / Enforcement,Lease Revenue / Payment / Enforcement,True,True,False,False
WEB-117,Lease Revenue / Payment / Enforcement,False,0,The institution reportedly allowed possession of the land before full payment of the required lease premium.,The institution reportedly allowed possession of the land before full payment of the required lease premium.,Lease Revenue / Payment / Enforcement,Lease Revenue / Payment / Enforcement,True,True,False,False
WEB-118,Lease Revenue / Payment / Enforcement,False,0,A substantial upfront lease payment remained outstanding while the lessee continued development on the property.,A substantial upfront lease payment remained outstanding while the lessee continued development on the property.,Lease Revenue / Payment / Enforcement,Lease Revenue / Payment / Enforcement,True,True,False,False
WEB-119,Lease Revenue / Payment / Enforcement,False,0,A complaint alleges delayed recovery of a lease premium and other charges despite repeated internal reminders.,A complaint alleges delayed recovery of a lease premium and other charges despite repeated internal reminders.,Lease Revenue / Payment / Enforcement,Lease Revenue / Payment / Enforcement,True,True,False,False
WEB-120,Lease Revenue / Payment / Enforcement,False,0,Late-payment penalties on overdue lease rent were allegedly not imposed even though the arrears continued for three years.,Late-payment penalties on overdue lease rent were allegedly not imposed even though the arrears continued for three years.,Lease Revenue / Payment / Enforcement,Lease Revenue / Payment / Enforcement,True,True,False,False
WEB-121,Lease Revenue / Payment / Enforcement,False,0,The authority reportedly recovered part of the outstanding rent but did not apply the contractual interest or penalty provisions.,The authority reportedly recovered part of the outstanding rent but did not apply the contractual interest or penalty provisions.,Lease Revenue / Payment / Enforcement,Lease Revenue / Payment / Enforcement,True,True,False,False
WEB-122,Lease Revenue / Payment / Enforcement,False,0,A lessee remained in default while the enforcement of interest and late-payment charges was repeatedly deferred.,A lessee remained in default while the enforcement of interest and late-payment charges was repeatedly deferred.,Lease Revenue / Payment / Enforcement,Lease Revenue / Payment / Enforcement,True,True,False,False
WEB-123,Lease Revenue / Payment / Enforcement,False,0,"The lease expired but occupation continued without a renewed agreement or updated rent, creating potential loss of government revenue.","The lease expired but occupation continued without a renewed agreement or updated rent, creating potential loss of government revenue.",Lease Revenue / Payment / Enforcement,Lease Revenue / Payment / Enforcement,True,True,False,False
WEB-124,Lease Revenue / Payment / Enforcement,False,0,A state property remained in use after lease expiry while rent recovery and renewal action were not completed.,A state property remained in use after lease expiry while rent recovery and renewal action were not completed.,Lease Revenue / Payment / Enforcement,Lease Revenue / Payment / Enforcement,True,True,False,False
WEB-125,Lease Revenue / Payment / Enforcement,False,0,"The lessee continued occupying the land after the agreement ended, and no revised lease rental was formally established.","The lessee continued occupying the land after the agreement ended, and no revised lease rental was formally established.",Lease Revenue / Payment / Enforcement,Lease Revenue / Payment / Enforcement,True,True,False,False
WEB-126,Unauthorized Allocation / Transfer / Use,False,0,The lessee allegedly subleased part of a urban development land in Hambantota to another party without obtaining the required government approval.,The lessee allegedly subleased part of a urban development land in Hambantota to another party without obtaining the required government approval.,Unauthorized Allocation / Transfer / Use,Unauthorized Allocation / Transfer / Use,True,True,False,False
WEB-127,Unauthorized Allocation / Transfer / Use,False,0,A third party was reportedly allowed to occupy leased state land under a private subletting arrangement not authorized by the divisional land office.,A third party was reportedly allowed to occupy leased state land under a private subletting arrangement not authorized by the divisional land office.,Unauthorized Allocation / Transfer / Use,Unauthorized Allocation / Transfer / Use,True,True,False,False
WEB-128,Unauthorized Allocation / Transfer / Use,False,0,The original lessee allegedly collected rent from another business using the state property without an approved sublease.,The original lessee allegedly collected rent from another business using the state property without an approved sublease.,Unauthorized Allocation / Transfer / Use,Unauthorized Allocation / Transfer / Use,True,True,False,False
WEB-129,Unauthorized Allocation / Transfer / Use,False,0,Part of the government leasehold was allegedly handed to an outside operator without formal consent.,Part of the government leasehold was allegedly handed to an outside operator without formal consent.,Unauthorized Allocation / Transfer / Use,Unauthorized Allocation / Transfer / Use,True,True,False,False
WEB-130,Unauthorized Allocation / Transfer / Use,False,0,The lessee allegedly subleased part of a residential leasehold land in Monaragala to another party without obtaining the required government approval. The file reportedly contained no documented approval for the deviation.,The lessee allegedly subleased part of a residential leasehold land in Monaragala to another party without obtaining the required government approval. The file reportedly contained no documented approval for the deviation.,Unauthorized Allocation / Transfer / Use,Unauthorized Allocation / Transfer / Use,True,True,False,False
WEB-131,Unauthorized Allocation / Transfer / Use,False,0,A third party was reportedly allowed to occupy leased state land under a private subletting arrangement not authorized by the urban development authority. The matter was raised as a governance concern requiring documentary verification.,A third party was reportedly allowed to occupy leased state land under a private subletting arrangement not authorized by the urban development authority. The matter was raised as a governance concern requiring documentary verification.,Protected / Environmental Lease Misuse,Protected / Environmental Lease Misuse,False,False,False,False
WEB-132,Unauthorized Allocation / Transfer / Use,False,0,The original lessee allegedly collected rent from another business using the state property without an approved sublease. The allegation should be checked against the lease agreement and official file history.,The original lessee allegedly collected rent from another business using the state property without an approved sublease. The allegation should be checked against the lease agreement and official file history.,Unauthorized Allocation / Transfer / Use,Unauthorized Allocation / Transfer / Use,True,True,False,False
WEB-133,Unauthorized Allocation / Transfer / Use,False,0,Rights over a state agricultural land were allegedly transferred to another private party without prior approval from the government lessor.,Rights over a state agricultural land were allegedly transferred to another private party without prior approval from the government lessor.,Unauthorized Allocation / Transfer / Use,Unauthorized Allocation / Transfer / Use,True,True,False,False
WEB-134,Unauthorized Allocation / Transfer / Use,False,0,The lessee reportedly attempted to sell or assign the state-land lease to a third party without the required consent.,The lessee reportedly attempted to sell or assign the state-land lease to a third party without the required consent.,Unauthorized Allocation / Transfer / Use,Unauthorized Allocation / Transfer / Use,True,True,False,False
WEB-135,Unauthorized Allocation / Transfer / Use,False,0,A complaint alleges that control of the leased property changed hands through a private agreement not recognized by the lessor.,A complaint alleges that control of the leased property changed hands through a private agreement not recognized by the lessor.,Unauthorized Allocation / Transfer / Use,Unauthorized Allocation / Transfer / Use,True,True,False,False
WEB-136,Unauthorized Allocation / Transfer / Use,False,0,Leasehold interests were allegedly transferred to a related company before approval of the assignment.,Leasehold interests were allegedly transferred to a related company before approval of the assignment.,Unauthorized Allocation / Transfer / Use,Unauthorized Allocation / Transfer / Use,True,True,False,False
WEB-137,Unauthorized Allocation / Transfer / Use,False,0,Rights over a urban development land were allegedly transferred to another private party without prior approval from the government lessor. The file reportedly contained no documented approval for the deviation.,Rights over a urban development land were allegedly transferred to another private party without prior approval from the government lessor. The file reportedly contained no documented approval for the deviation.,Unauthorized Allocation / Transfer / Use,Unauthorized Allocation / Transfer / Use,True,True,False,False
WEB-138,Unauthorized Allocation / Transfer / Use,False,0,The lessee reportedly attempted to sell or assign the state-land lease to a third party without the required consent. The matter was raised as a governance concern requiring documentary verification.,The lessee reportedly attempted to sell or assign the state-land lease to a third party without the required consent. The matter was raised as a governance concern requiring documentary verification.,Protected / Environmental Lease Misuse,Protected / Environmental Lease Misuse,False,False,False,False
WEB-139,Unauthorized Allocation / Transfer / Use,False,0,A complaint alleges that control of the leased property changed hands through a private agreement not recognized by the lessor. The allegation should be checked against the lease agreement and official file history.,A complaint alleges that control of the leased property changed hands through a private agreement not recognized by the lessor. The allegation should be checked against the lease agreement and official file history.,Unauthorized Allocation / Transfer / Use,Unauthorized Allocation / Transfer / Use,True,True,False,False
WEB-140,Unauthorized Allocation / Transfer / Use,False,0,Land leased for agriculture was allegedly converted to commercial use without approval of the change in purpose.,Land leased for agriculture was allegedly converted to commercial use without approval of the change in purpose.,Unauthorized Allocation / Transfer / Use,Unauthorized Allocation / Transfer / Use,True,True,False,False
WEB-141,Unauthorized Allocation / Transfer / Use,False,0,A coastal state land granted for one approved purpose was reportedly used for a different business activity without formal authorization.,A coastal state land granted for one approved purpose was reportedly used for a different business activity without formal authorization.,Unauthorized Allocation / Transfer / Use,Unauthorized Allocation / Transfer / Use,True,True,False,False
WEB-142,Unauthorized Allocation / Transfer / Use,False,0,The lessee allegedly changed the approved use of the state property and continued operations without a revised lease condition.,The lessee allegedly changed the approved use of the state property and continued operations without a revised lease condition.,Unauthorized Allocation / Transfer / Use,Unauthorized Allocation / Transfer / Use,True,True,False,False
WEB-143,Unauthorized Allocation / Transfer / Use,False,0,A lease intended for residential use was allegedly converted to storage and commercial activity without permission.,A lease intended for residential use was allegedly converted to storage and commercial activity without permission.,Unauthorized Allocation / Transfer / Use,Unauthorized Allocation / Transfer / Use,True,True,False,False
WEB-144,Unauthorized Allocation / Transfer / Use,False,0,Land leased for agriculture was allegedly converted to commercial use without approval of the change in purpose. The file reportedly contained no documented approval for the deviation.,Land leased for agriculture was allegedly converted to commercial use without approval of the change in purpose. The file reportedly contained no documented approval for the deviation.,Unauthorized Allocation / Transfer / Use,Unauthorized Allocation / Transfer / Use,True,True,False,False
WEB-145,Unauthorized Allocation / Transfer / Use,False,0,A state land parcel granted for one approved purpose was reportedly used for a different business activity without formal authorization. The matter was raised as a governance concern requiring documentary verification.,A state land parcel granted for one approved purpose was reportedly used for a different business activity without formal authorization. The matter was raised as a governance concern requiring documentary verification.,Unauthorized Allocation / Transfer / Use,Unauthorized Allocation / Transfer / Use,True,True,False,False
WEB-146,Unauthorized Allocation / Transfer / Use,False,0,The lessee allegedly changed the approved use of the state property and continued operations without a revised lease condition. The allegation should be checked against the lease agreement and official file history.,The lessee allegedly changed the approved use of the state property and continued operations without a revised lease condition. The allegation should be checked against the lease agreement and official file history.,Unauthorized Allocation / Transfer / Use,Unauthorized Allocation / Transfer / Use,True,True,False,False
WEB-147,Unauthorized Allocation / Transfer / Use,False,0,The lessee allegedly expanded occupation beyond the surveyed lease boundary onto adjoining government land.,The lessee allegedly expanded occupation beyond the surveyed lease boundary onto adjoining government land.,Protected / Environmental Lease Misuse,Protected / Environmental Lease Misuse,False,False,False,False
WEB-148,Unauthorized Allocation / Transfer / Use,False,0,A complaint states that structures and fencing extended outside the approved lease area onto additional state land.,A complaint states that structures and fencing extended outside the approved lease area onto additional state land.,Protected / Environmental Lease Misuse,Protected / Environmental Lease Misuse,False,False,False,False
WEB-149,Unauthorized Allocation / Transfer / Use,False,0,Occupation reportedly spread beyond the leased parcel without a supplementary allocation or survey approval.,Occupation reportedly spread beyond the leased parcel without a supplementary allocation or survey approval.,Unauthorized Allocation / Transfer / Use,Unauthorized Allocation / Transfer / Use,True,True,False,False
WEB-150,Unauthorized Allocation / Transfer / Use,False,0,The user of the leasehold allegedly incorporated neighbouring government land into the site without authorization.,The user of the leasehold allegedly incorporated neighbouring government land into the site without authorization.,Protected / Environmental Lease Misuse,Protected / Environmental Lease Misuse,False,False,False,False
WEB-151,Unauthorized Allocation / Transfer / Use,False,0,The lessee allegedly expanded occupation beyond the surveyed lease boundary onto adjoining government land. The file reportedly contained no documented approval for the deviation.,The lessee allegedly expanded occupation beyond the surveyed lease boundary onto adjoining government land. The file reportedly contained no documented approval for the deviation.,Protected / Environmental Lease Misuse,Protected / Environmental Lease Misuse,False,False,False,False
WEB-152,Unauthorized Allocation / Transfer / Use,False,0,A third-party enterprise was allegedly operating from the state-leased property even though the lease was granted to a different entity.,A third-party enterprise was allegedly operating from the state-leased property even though the lease was granted to a different entity.,Unauthorized Allocation / Transfer / Use,Unauthorized Allocation / Transfer / Use,True,True,False,False
WEB-153,Unauthorized Allocation / Transfer / Use,False,0,The approved lessee allegedly allowed another company to use the land without recording the arrangement with the lessor.,The approved lessee allegedly allowed another company to use the land without recording the arrangement with the lessor.,Unauthorized Allocation / Transfer / Use,Unauthorized Allocation / Transfer / Use,True,True,False,False
WEB-154,Unauthorized Allocation / Transfer / Use,False,0,A complaint states that the beneficiary named in the lease was no longer the actual operator occupying the property.,A complaint states that the beneficiary named in the lease was no longer the actual operator occupying the property.,Unauthorized Allocation / Transfer / Use,Unauthorized Allocation / Transfer / Use,True,True,False,False
WEB-155,Unauthorized Allocation / Transfer / Use,False,0,The leased land was allegedly used by an unrelated party without an authorized transfer or sublease.,The leased land was allegedly used by an unrelated party without an authorized transfer or sublease.,Protected / Environmental Lease Misuse,Protected / Environmental Lease Misuse,False,False,False,False
WEB-156,Unauthorized Allocation / Transfer / Use,False,0,A third-party enterprise was allegedly operating from the state-leased property even though the lease was granted to a different entity. The file reportedly contained no documented approval for the deviation.,A third-party enterprise was allegedly operating from the state-leased property even though the lease was granted to a different entity. The file reportedly contained no documented approval for the deviation.,Unauthorized Allocation / Transfer / Use,Unauthorized Allocation / Transfer / Use,True,True,False,False
WEB-157,Unauthorized Allocation / Transfer / Use,False,0,Permanent structures were allegedly built on the leased government land without the approvals required under the lease conditions.,Permanent structures were allegedly built on the leased government land without the approvals required under the lease conditions.,Protected / Environmental Lease Misuse,Unauthorized Allocation / Transfer / Use,False,True,True,False
WEB-158,Unauthorized Allocation / Transfer / Use,False,0,The lessee reportedly carried out major development beyond the approved plan for the state property.,The lessee reportedly carried out major development beyond the approved plan for the state property.,Protected / Environmental Lease Misuse,Protected / Environmental Lease Misuse,False,False,False,False
WEB-159,Unauthorized Allocation / Transfer / Use,False,0,Construction allegedly commenced before development permission and lease-condition clearance were obtained.,Construction allegedly commenced before development permission and lease-condition clearance were obtained.,Administrative / Procedural / Integrity,Administrative / Procedural / Integrity,False,False,False,False
WEB-160,Unauthorized Allocation / Transfer / Use,False,0,A complaint states that additional buildings were erected on the leasehold without formal consent from the responsible authority.,A complaint states that additional buildings were erected on the leasehold without formal consent from the responsible authority.,Unauthorized Allocation / Transfer / Use,Unauthorized Allocation / Transfer / Use,True,True,False,False
WEB-161,Unauthorized Allocation / Transfer / Use,False,0,Permanent structures were allegedly built on the leased government land without the approvals required under the lease conditions. The file reportedly contained no documented approval for the deviation.,Permanent structures were allegedly built on the leased government land without the approvals required under the lease conditions. The file reportedly contained no documented approval for the deviation.,Protected / Environmental Lease Misuse,Protected / Environmental Lease Misuse,False,False,False,False
WEB-162,Protected / Environmental Lease Misuse,False,0,A lease-related development allegedly extended into a protected or conservation area adjacent to the approved state-land parcel.,A lease-related development allegedly extended into a protected or conservation area adjacent to the approved state-land parcel.,Protected / Environmental Lease Misuse,Protected / Environmental Lease Misuse,True,True,False,False
WEB-163,Protected / Environmental Lease Misuse,False,0,The lessee reportedly occupied land beyond the lease boundary within an environmentally protected zone.,The lessee reportedly occupied land beyond the lease boundary within an environmentally protected zone.,Protected / Environmental Lease Misuse,Protected / Environmental Lease Misuse,True,True,False,False
WEB-164,Protected / Environmental Lease Misuse,False,0,A complaint alleges that development associated with the lease encroached on land subject to conservation restrictions.,A complaint alleges that development associated with the lease encroached on land subject to conservation restrictions.,Protected / Environmental Lease Misuse,Protected / Environmental Lease Misuse,True,True,False,False
WEB-165,Protected / Environmental Lease Misuse,False,0,Activities on the leased site allegedly expanded into a buffer or protected area without environmental authorization.,Activities on the leased site allegedly expanded into a buffer or protected area without environmental authorization.,Protected / Environmental Lease Misuse,Protected / Environmental Lease Misuse,True,True,False,False
WEB-166,Protected / Environmental Lease Misuse,False,0,A lease-related development allegedly extended into a protected or conservation area adjacent to the approved state-land parcel. The file reportedly contained no documented approval for the deviation.,A lease-related development allegedly extended into a protected or conservation area adjacent to the approved state-land parcel. The file reportedly contained no documented approval for the deviation.,Protected / Environmental Lease Misuse,Protected / Environmental Lease Misuse,True,True,False,False
WEB-167,Protected / Environmental Lease Misuse,False,0,The lessee reportedly occupied land beyond the lease boundary within an environmentally protected zone. The matter was raised as a governance concern requiring documentary verification.,The lessee reportedly occupied land beyond the lease boundary within an environmentally protected zone. The matter was raised as a governance concern requiring documentary verification.,Protected / Environmental Lease Misuse,Protected / Environmental Lease Misuse,True,True,False,False
WEB-168,Protected / Environmental Lease Misuse,False,0,A complaint alleges that development associated with the lease encroached on land subject to conservation restrictions. The allegation should be checked against the lease agreement and official file history.,A complaint alleges that development associated with the lease encroached on land subject to conservation restrictions. The allegation should be checked against the lease agreement and official file history.,Protected / Environmental Lease Misuse,Protected / Environmental Lease Misuse,True,True,False,False
WEB-169,Protected / Environmental Lease Misuse,False,0,Activities on the leased site allegedly expanded into a buffer or protected area without environmental authorization. The complaint does not by itself establish wrongdoing and requires institutional verification.,Activities on the leased site allegedly expanded into a buffer or protected area without environmental authorization. The complaint does not by itself establish wrongdoing and requires institutional verification.,Protected / Environmental Lease Misuse,Protected / Environmental Lease Misuse,True,True,False,False
WEB-170,Protected / Environmental Lease Misuse,False,0,A state-land lease project in Polonnaruwa allegedly involved clearing or filling a wetland area beyond the approved development footprint.,A state-land lease project in Polonnaruwa allegedly involved clearing or filling a wetland area beyond the approved development footprint.,Protected / Environmental Lease Misuse,Protected / Environmental Lease Misuse,True,True,False,False
WEB-171,Protected / Environmental Lease Misuse,False,0,Mangrove vegetation adjacent to the leased property was allegedly removed during site preparation without the required environmental clearance.,Mangrove vegetation adjacent to the leased property was allegedly removed during site preparation without the required environmental clearance.,Protected / Environmental Lease Misuse,Protected / Environmental Lease Misuse,True,True,False,False
WEB-172,Protected / Environmental Lease Misuse,False,0,A complaint states that drainage and filling works on the leasehold affected a nearby wetland protected from unauthorized alteration.,A complaint states that drainage and filling works on the leasehold affected a nearby wetland protected from unauthorized alteration.,Protected / Environmental Lease Misuse,Protected / Environmental Lease Misuse,True,True,False,False
WEB-173,Protected / Environmental Lease Misuse,False,0,Development on the leased state land allegedly caused unauthorized disturbance to mangrove or marsh habitat.,Development on the leased state land allegedly caused unauthorized disturbance to mangrove or marsh habitat.,Protected / Environmental Lease Misuse,Protected / Environmental Lease Misuse,True,True,False,False
WEB-174,Protected / Environmental Lease Misuse,False,0,A state-land lease project in Anuradhapura allegedly involved clearing or filling a wetland area beyond the approved development footprint. The file reportedly contained no documented approval for the deviation.,A state-land lease project in Anuradhapura allegedly involved clearing or filling a wetland area beyond the approved development footprint. The file reportedly contained no documented approval for the deviation.,Protected / Environmental Lease Misuse,Protected / Environmental Lease Misuse,True,True,False,False
WEB-175,Protected / Environmental Lease Misuse,False,0,Mangrove vegetation adjacent to the leased property was allegedly removed during site preparation without the required environmental clearance. The matter was raised as a governance concern requiring documentary verification.,Mangrove vegetation adjacent to the leased property was allegedly removed during site preparation without the required environmental clearance. The matter was raised as a governance concern requiring documentary verification.,Protected / Environmental Lease Misuse,Protected / Environmental Lease Misuse,True,True,False,False
WEB-176,Protected / Environmental Lease Misuse,False,0,A complaint states that drainage and filling works on the leasehold affected a nearby wetland protected from unauthorized alteration. The allegation should be checked against the lease agreement and official file history.,A complaint states that drainage and filling works on the leasehold affected a nearby wetland protected from unauthorized alteration. The allegation should be checked against the lease agreement and official file history.,Protected / Environmental Lease Misuse,Protected / Environmental Lease Misuse,True,True,False,False
WEB-177,Protected / Environmental Lease Misuse,False,0,"The lessee allegedly extracted soil, sand, stone, or other material from the state land without authorization under the lease.","The lessee allegedly extracted soil, sand, stone, or other material from the state land without authorization under the lease.",Unauthorized Allocation / Transfer / Use,Unauthorized Allocation / Transfer / Use,False,False,False,False
WEB-178,Protected / Environmental Lease Misuse,False,0,A land parcel leased for another purpose was reportedly used for quarrying or material extraction without the required permit.,A land parcel leased for another purpose was reportedly used for quarrying or material extraction without the required permit.,Unauthorized Allocation / Transfer / Use,Unauthorized Allocation / Transfer / Use,False,False,False,False
WEB-179,Protected / Environmental Lease Misuse,False,0,A complaint alleges that commercial extraction activity occurred on the leasehold contrary to its approved use and environmental conditions.,A complaint alleges that commercial extraction activity occurred on the leasehold contrary to its approved use and environmental conditions.,Protected / Environmental Lease Misuse,Protected / Environmental Lease Misuse,True,True,False,False
WEB-180,Protected / Environmental Lease Misuse,False,0,Material was allegedly removed from the leased government land beyond what was permitted for site development.,Material was allegedly removed from the leased government land beyond what was permitted for site development.,Protected / Environmental Lease Misuse,Protected / Environmental Lease Misuse,True,True,False,False
WEB-181,Protected / Environmental Lease Misuse,False,0,"The lessee allegedly extracted soil, sand, stone, or other material from the state land without authorization under the lease. The file reportedly contained no documented approval for the deviation.","The lessee allegedly extracted soil, sand, stone, or other material from the state land without authorization under the lease. The file reportedly contained no documented approval for the deviation.",Unauthorized Allocation / Transfer / Use,Unauthorized Allocation / Transfer / Use,False,False,False,False
WEB-182,Protected / Environmental Lease Misuse,False,0,A land parcel leased for another purpose was reportedly used for quarrying or material extraction without the required permit. The matter was raised as a governance concern requiring documentary verification.,A land parcel leased for another purpose was reportedly used for quarrying or material extraction without the required permit. The matter was raised as a governance concern requiring documentary verification.,Unauthorized Allocation / Transfer / Use,Unauthorized Allocation / Transfer / Use,False,False,False,False
WEB-183,Protected / Environmental Lease Misuse,False,0,Vegetation and trees on a state-land leasehold were allegedly cleared beyond the area approved for development.,Vegetation and trees on a state-land leasehold were allegedly cleared beyond the area approved for development.,Protected / Environmental Lease Misuse,Protected / Environmental Lease Misuse,True,True,False,False
WEB-184,Protected / Environmental Lease Misuse,False,0,A complaint states that forested land adjoining the approved lease footprint was cleared during project expansion.,A complaint states that forested land adjoining the approved lease footprint was cleared during project expansion.,Protected / Environmental Lease Misuse,Protected / Environmental Lease Misuse,True,True,False,False
WEB-185,Protected / Environmental Lease Misuse,False,0,The lessee allegedly removed protected trees or natural vegetation without the environmental approvals required by the lease.,The lessee allegedly removed protected trees or natural vegetation without the environmental approvals required by the lease.,Protected / Environmental Lease Misuse,Protected / Environmental Lease Misuse,True,True,False,False
WEB-186,Protected / Environmental Lease Misuse,False,0,Site development reportedly involved unauthorized clearing of forest cover on government land.,Site development reportedly involved unauthorized clearing of forest cover on government land.,Protected / Environmental Lease Misuse,Protected / Environmental Lease Misuse,True,True,False,False
WEB-187,Protected / Environmental Lease Misuse,False,0,Vegetation and trees on a state-land leasehold were allegedly cleared beyond the area approved for development. The file reportedly contained no documented approval for the deviation.,Vegetation and trees on a state-land leasehold were allegedly cleared beyond the area approved for development. The file reportedly contained no documented approval for the deviation.,Protected / Environmental Lease Misuse,Protected / Environmental Lease Misuse,True,True,False,False
WEB-188,Protected / Environmental Lease Misuse,False,0,A complaint states that forested land adjoining the approved lease footprint was cleared during project expansion. The matter was raised as a governance concern requiring documentary verification.,A complaint states that forested land adjoining the approved lease footprint was cleared during project expansion. The matter was raised as a governance concern requiring documentary verification.,Protected / Environmental Lease Misuse,Protected / Environmental Lease Misuse,True,True,False,False
WEB-189,Protected / Environmental Lease Misuse,False,0,Development on coastal state land allegedly extended into a restricted shoreline area outside the approved lease boundary.,Development on coastal state land allegedly extended into a restricted shoreline area outside the approved lease boundary.,Protected / Environmental Lease Misuse,Protected / Environmental Lease Misuse,True,True,False,False
WEB-190,Protected / Environmental Lease Misuse,False,0,A tourism lease on an island or coastal parcel allegedly involved construction in an area subject to environmental restrictions.,A tourism lease on an island or coastal parcel allegedly involved construction in an area subject to environmental restrictions.,Protected / Environmental Lease Misuse,Protected / Environmental Lease Misuse,True,True,False,False
WEB-191,Protected / Environmental Lease Misuse,False,0,"A complaint alleges unauthorized alteration of dunes, beach frontage, or coastal vegetation associated with a state-land lease.","A complaint alleges unauthorized alteration of dunes, beach frontage, or coastal vegetation associated with a state-land lease.",Protected / Environmental Lease Misuse,Protected / Environmental Lease Misuse,True,True,False,False
WEB-192,Protected / Environmental Lease Misuse,False,0,The lessee reportedly expanded tourism facilities into environmentally sensitive coastal land without approval.,The lessee reportedly expanded tourism facilities into environmentally sensitive coastal land without approval.,Protected / Environmental Lease Misuse,Protected / Environmental Lease Misuse,True,True,False,False
WEB-193,Protected / Environmental Lease Misuse,False,0,Development on coastal state land allegedly extended into a restricted shoreline area outside the approved lease boundary. The file reportedly contained no documented approval for the deviation.,Development on coastal state land allegedly extended into a restricted shoreline area outside the approved lease boundary. The file reportedly contained no documented approval for the deviation.,Protected / Environmental Lease Misuse,Protected / Environmental Lease Misuse,True,True,False,False
WEB-194,Protected / Environmental Lease Misuse,False,0,A tourism lease on an island or coastal parcel allegedly involved construction in an area subject to environmental restrictions. The matter was raised as a governance concern requiring documentary verification.,A tourism lease on an island or coastal parcel allegedly involved construction in an area subject to environmental restrictions. The matter was raised as a governance concern requiring documentary verification.,Protected / Environmental Lease Misuse,Protected / Environmental Lease Misuse,True,True,False,False
WEB-195,Protected / Environmental Lease Misuse,False,0,A state-land leasehold was allegedly used for dumping waste or discharging pollutants contrary to the approved land use.,A state-land leasehold was allegedly used for dumping waste or discharging pollutants contrary to the approved land use.,Protected / Environmental Lease Misuse,Protected / Environmental Lease Misuse,True,True,False,False
WEB-196,Protected / Environmental Lease Misuse,False,0,Industrial activity on the leased government land allegedly caused contamination without the required environmental controls.,Industrial activity on the leased government land allegedly caused contamination without the required environmental controls.,Protected / Environmental Lease Misuse,Protected / Environmental Lease Misuse,True,True,False,False
WEB-197,Protected / Environmental Lease Misuse,False,0,A complaint states that waste was stored or disposed of on the leasehold in a manner inconsistent with lease and environmental conditions.,A complaint states that waste was stored or disposed of on the leasehold in a manner inconsistent with lease and environmental conditions.,Protected / Environmental Lease Misuse,Protected / Environmental Lease Misuse,True,True,False,False
WEB-198,Protected / Environmental Lease Misuse,False,0,The lessee allegedly used part of the state property for hazardous or polluting activity that had not been approved.,The lessee allegedly used part of the state property for hazardous or polluting activity that had not been approved.,Unauthorized Allocation / Transfer / Use,Unauthorized Allocation / Transfer / Use,False,False,False,False
WEB-199,Protected / Environmental Lease Misuse,False,0,A state-land leasehold was allegedly used for dumping waste or discharging pollutants contrary to the approved land use. The file reportedly contained no documented approval for the deviation.,A state-land leasehold was allegedly used for dumping waste or discharging pollutants contrary to the approved land use. The file reportedly contained no documented approval for the deviation.,Protected / Environmental Lease Misuse,Protected / Environmental Lease Misuse,True,True,False,False
WEB-200,Protected / Environmental Lease Misuse,False,0,Industrial activity on the leased government land allegedly caused contamination without the required environmental controls. The matter was raised as a governance concern requiring documentary verification.,Industrial activity on the leased government land allegedly caused contamination without the required environmental controls. The matter was raised as a governance concern requiring documentary verification.,Protected / Environmental Lease Misuse,Protected / Environmental Lease Misuse,True,True,False,False
