Research_ID,Source_Record_ID,Incident_Title_EN,Original_Narrative_Text,Original_Language,Canonical_English_Text,English_Normalization_Status,Narrative_Type,Verbatim_Complainant_Text,Original_Label_6Class,ML_Label_4Class,Scope_For_Model,Model_Use,Split_60_20_20,CV_Fold_5,Verification_Status,Verification_Basis,Source_URL,Gold_Label_Status,Notes,Source_Group_ID,CV_Fold_5_GroupAware,Dataset_Version,Record_Origin,Origin_Review_Status,Synthetic_Flag,Synthetic_Family_ID,Synthetic_Variant,Generator,Generation_Date,Scenario_Grounding,Parent_Record_ID,Source_Document_ID,Source_Locator,Source_SHA256,Shared_Source_Baseline_IDs,Label_Review_Status,Training_Eligibility,Evaluation_Eligibility,Group_Rebuild_Required,Human_Reviewer,Human_Review_Date,Human_Review_Decision,Human_Approved_Label,Human_Review_Notes,Legacy_Split_60_20_20,Legacy_CV_Fold_5,Legacy_CV_Fold_5_GroupAware,Legacy_Model_Use
STATE-LEASE-001,LCV-001,Subdivision and Sale of Nawala State Land,Allegation that state land obtained on a 99-year lease for cultivation was subdivided and sold to a private property company.,English,Allegation that state land obtained on a 99-year lease for cultivation was subdivided and sold to a private property company.,English text used for model input,Direct governance complaint / allegation narrative (source-derived),No,Unauthorized Allocation / Transfer / Use,Unauthorized Allocation / Transfer / Use,Strict direct state-land lease,Existing development baseline; active splits cleared for regrouping,,,Domain-verified incident,Land Commissioner verification (user-confirmed); linked to previously source-backed record,https://srilankamirror.com/biz/prime-lands-the-few-nawala-property-under-ciaboc-scrutiny/,Proposed research label - final human/domain review required,Incident existence treated as verified based on user's Land Commissioner verification; label remains proposed. Prior record evidence strength: Medium.,https://srilankamirror.com/biz/prime-lands-the-few-nawala-property-under-ciaboc-scrutiny/,,complaint-development-v0.2-draft-530,Existing baseline,Imported unchanged in substance; provenance not revalidated,Unknown - retain baseline provenance status,,,,,,STATE-LEASE-001,,,,,Proposed research label - final human/domain review required,Existing development baseline; follow prior label-review status,Development only; not an untouched test set,Yes - before new evaluation,,,,,,Train,3,3,Include - provisional baseline
STATE-LEASE-002,LCV-003,Mayura Place (Colombo 05) UDA Land Lease,Allegation that government suffered a loss of approximately LKR 29 million when the land was leased in breach of procurement requirements.,English,Allegation that government suffered a loss of approximately LKR 29 million when the land was leased in breach of procurement requirements.,English text used for model input,Direct governance complaint / allegation narrative (source-derived),No,Approval / Procedure / Contract Compliance,Administrative / Procedural / Integrity,Strict direct state-land lease,Existing development baseline; active splits cleared for regrouping,,,Domain-verified incident,Land Commissioner verification (user-confirmed); linked to previously source-backed record,https://ciaboc.gov.lk/media-centre/latest-news/1519-former-uda-director-general-and-former-director-lands-arrested-on-corruption-allegations,Proposed research label - final human/domain review required,Incident existence treated as verified based on user's Land Commissioner verification; label remains proposed. Prior record evidence strength: High.,https://ciaboc.gov.lk/media-centre/latest-news/1519-former-uda-director-general-and-former-director-lands-arrested-on-corruption-allegations,,complaint-development-v0.2-draft-530,Existing baseline,Imported unchanged in substance; provenance not revalidated,Unknown - retain baseline provenance status,,,,,,STATE-LEASE-002,,,,,Proposed research label - final human/domain review required,Existing development baseline; follow prior label-review status,Development only; not an untouched test set,Yes - before new evaluation,,,,,,Train,2,2,Include - provisional baseline
STATE-LEASE-003,LCV-005,NHDA Nominal-Value Lease Irregularity,Allegation that National Housing Development Authority land was leased at a very low rent without Cabinet approval.,English,Allegation that National Housing Development Authority land was leased at a very low rent without Cabinet approval.,English text used for model input,Direct governance complaint / allegation narrative (source-derived),No,Lease Revenue / Payment / Enforcement,Lease Revenue / Payment / Enforcement,Strict direct state-land lease,Existing development baseline; active splits cleared for regrouping,,,Domain-verified incident,Land Commissioner verification (user-confirmed); linked to previously source-backed record,https://www.parliament.lk/en/home/parliament-news/view/5287,Proposed research label - final human/domain review required,Incident existence treated as verified based on user's Land Commissioner verification; label remains proposed. Prior record evidence strength: High.,https://www.parliament.lk/en/home/parliament-news/view/5287,,complaint-development-v0.2-draft-530,Existing baseline,Imported unchanged in substance; provenance not revalidated,Unknown - retain baseline provenance status,,,,,,STATE-LEASE-003,,,,,Proposed research label - final human/domain review required,Existing development baseline; follow prior label-review status,Development only; not an untouched test set,Yes - before new evaluation,,,,,,Train,1,1,Include - provisional baseline
STATE-LEASE-004,LCV-007,Muthurajawela Wetland Land-Grabbing / Lease Allegation,Allegation that protected land was supported by forged deeds and leased to private companies for filling or reclamation.,English,Allegation that protected land was supported by forged deeds and leased to private companies for filling or reclamation.,English text used for model input,Direct governance complaint / allegation narrative (source-derived),No,Fraud / Bribery / Documentation,Administrative / Procedural / Integrity,Strict direct state-land lease,Existing development baseline; active splits cleared for regrouping,,,Domain-verified incident,Land Commissioner verification (user-confirmed),,Proposed research label - final human/domain review required,Incident existence treated as verified based on user's Land Commissioner verification; label remains proposed.,UNIQUE-STATE-LEASE-004,,complaint-development-v0.2-draft-530,Existing baseline,Imported unchanged in substance; provenance not revalidated,Unknown - retain baseline provenance status,,,,,,STATE-LEASE-004,,,,,Proposed research label - final human/domain review required,Existing development baseline; follow prior label-review status,Development only; not an untouched test set,Yes - before new evaluation,,,,,,Train,1,1,Include - provisional baseline
STATE-LEASE-005,LCV-013,Dambulla Economic Centre State-Land Stall Lease Irregularity,Allegation that commercial stalls built on state land were leased at low rates mainly to politically connected parties.,English,Allegation that commercial stalls built on state land were leased at low rates mainly to politically connected parties.,English text used for model input,Direct governance complaint / allegation narrative (source-derived),No,Unauthorized Allocation / Transfer / Use,Unauthorized Allocation / Transfer / Use,Strict direct state-land lease,Existing development baseline; active splits cleared for regrouping,,,Domain-verified incident,Land Commissioner verification (user-confirmed),,Proposed research label - final human/domain review required,Incident existence treated as verified based on user's Land Commissioner verification; label remains proposed.,UNIQUE-STATE-LEASE-005,,complaint-development-v0.2-draft-530,Existing baseline,Imported unchanged in substance; provenance not revalidated,Unknown - retain baseline provenance status,,,,,,STATE-LEASE-005,,,,,Proposed research label - final human/domain review required,Existing development baseline; follow prior label-review status,Development only; not an untouched test set,Yes - before new evaluation,,,,,,Validation,5,5,Include - provisional baseline
STATE-LEASE-006,LCV-018,Leasing of State Land in the Kandy Historic Precinct,Allegation that state land around the Sri Dalada Maligawa historic precinct was allocated for commercial activities without required approval.,English,Allegation that state land around the Sri Dalada Maligawa historic precinct was allocated for commercial activities without required approval.,English text used for model input,Direct governance complaint / allegation narrative (source-derived),No,Approval / Procedure / Contract Compliance,Administrative / Procedural / Integrity,Strict direct state-land lease,Existing development baseline; active splits cleared for regrouping,,,Domain-verified incident,Land Commissioner verification (user-confirmed),,Proposed research label - final human/domain review required,Incident existence treated as verified based on user's Land Commissioner verification; label remains proposed.,UNIQUE-STATE-LEASE-006,,complaint-development-v0.2-draft-530,Existing baseline,Imported unchanged in substance; provenance not revalidated,Unknown - retain baseline provenance status,,,,,,STATE-LEASE-006,,,,,Proposed research label - final human/domain review required,Existing development baseline; follow prior label-review status,Development only; not an untouched test set,Yes - before new evaluation,,,,,,Train,4,4,Include - provisional baseline
STATE-LEASE-007,LCV-028,Ratnapura State-Land Gem-Mining Lease Bribery Allegation,Allegation that a public official accepted a bribe in connection with leasing government land for gem-mining activities.,English,Allegation that a public official accepted a bribe in connection with leasing government land for gem-mining activities.,English text used for model input,Direct governance complaint / allegation narrative (source-derived),No,Fraud / Bribery / Documentation,Administrative / Procedural / Integrity,Strict direct state-land lease,Existing development baseline; active splits cleared for regrouping,,,Domain-verified incident,Land Commissioner verification (user-confirmed),,Proposed research label - final human/domain review required,Incident existence treated as verified based on user's Land Commissioner verification; label remains proposed.,UNIQUE-STATE-LEASE-007,,complaint-development-v0.2-draft-530,Existing baseline,Imported unchanged in substance; provenance not revalidated,Unknown - retain baseline provenance status,,,,,,STATE-LEASE-007,,,,,Proposed research label - final human/domain review required,Existing development baseline; follow prior label-review status,Development only; not an untouched test set,Yes - before new evaluation,,,,,,Train,5,5,Include - provisional baseline
STATE-LEASE-008,LCV-032,Kalutara State-Land Lease-Rent Default Concealment,Allegation that officials concealed the failure of companies leasing government land to pay lease rentals for several years.,English,Allegation that officials concealed the failure of companies leasing government land to pay lease rentals for several years.,English text used for model input,Direct governance complaint / allegation narrative (source-derived),No,Lease Revenue / Payment / Enforcement,Lease Revenue / Payment / Enforcement,Strict direct state-land lease,Existing development baseline; active splits cleared for regrouping,,,Domain-verified incident,Land Commissioner verification (user-confirmed),,Proposed research label - final human/domain review required,Incident existence treated as verified based on user's Land Commissioner verification; label remains proposed.,UNIQUE-STATE-LEASE-008,,complaint-development-v0.2-draft-530,Existing baseline,Imported unchanged in substance; provenance not revalidated,Unknown - retain baseline provenance status,,,,,,STATE-LEASE-008,,,,,Proposed research label - final human/domain review required,Existing development baseline; follow prior label-review status,Development only; not an untouched test set,Yes - before new evaluation,,,,,,Train,2,2,Include - provisional baseline
STATE-LEASE-009,LCV-034,Illegal Subdivision and Leasing of LRC Land in Kegalle,Allegation that Land Reform Commission land was illegally subdivided and leased.,English,Allegation that Land Reform Commission land was illegally subdivided and leased.,English text used for model input,Direct governance complaint / allegation narrative (source-derived),No,Unauthorized Allocation / Transfer / Use,Unauthorized Allocation / Transfer / Use,Strict direct state-land lease,Existing development baseline; active splits cleared for regrouping,,,Domain-verified incident,Land Commissioner verification (user-confirmed),,Proposed research label - final human/domain review required,Incident existence treated as verified based on user's Land Commissioner verification; label remains proposed.,UNIQUE-STATE-LEASE-009,,complaint-development-v0.2-draft-530,Existing baseline,Imported unchanged in substance; provenance not revalidated,Unknown - retain baseline provenance status,,,,,,STATE-LEASE-009,,,,,Proposed research label - final human/domain review required,Existing development baseline; follow prior label-review status,Development only; not an untouched test set,Yes - before new evaluation,,,,,,Train,2,2,Include - provisional baseline
STATE-LEASE-010,LCV-039,Kilinochchi Agricultural State-Land Lease Misuse,Allegation that government land reserved for cultivation was secretly leased for commercial buildings.,English,Allegation that government land reserved for cultivation was secretly leased for commercial buildings.,English text used for model input,Direct governance complaint / allegation narrative (source-derived),No,Unauthorized Allocation / Transfer / Use,Unauthorized Allocation / Transfer / Use,Strict direct state-land lease,Existing development baseline; active splits cleared for regrouping,,,Domain-verified incident,Land Commissioner verification (user-confirmed),,Proposed research label - final human/domain review required,Incident existence treated as verified based on user's Land Commissioner verification; label remains proposed.,UNIQUE-STATE-LEASE-010,,complaint-development-v0.2-draft-530,Existing baseline,Imported unchanged in substance; provenance not revalidated,Unknown - retain baseline provenance status,,,,,,STATE-LEASE-010,,,,,Proposed research label - final human/domain review required,Existing development baseline; follow prior label-review status,Development only; not an untouched test set,Yes - before new evaluation,,,,,,Test,1,1,Include - provisional baseline
STATE-LEASE-011,LCV-056,Horana Industrial State-Land Lease-Rights Fraud,Allegation that parcels of government land were sold to private entrepreneurs under fraudulent lease-right claims.,English,Allegation that parcels of government land were sold to private entrepreneurs under fraudulent lease-right claims.,English text used for model input,Direct governance complaint / allegation narrative (source-derived),No,Unauthorized Allocation / Transfer / Use,Unauthorized Allocation / Transfer / Use,Strict direct state-land lease,Existing development baseline; active splits cleared for regrouping,,,Domain-verified incident,Land Commissioner verification (user-confirmed),,Proposed research label - final human/domain review required,Incident existence treated as verified based on user's Land Commissioner verification; label remains proposed.,UNIQUE-STATE-LEASE-011,,complaint-development-v0.2-draft-530,Existing baseline,Imported unchanged in substance; provenance not revalidated,Unknown - retain baseline provenance status,,,,,,STATE-LEASE-011,,,,,Proposed research label - final human/domain review required,Existing development baseline; follow prior label-review status,Development only; not an untouched test set,Yes - before new evaluation,,,,,,Train,2,2,Include - provisional baseline
STATE-LEASE-012,LCV-058,Embilipitiya Mahaweli Land Fraudulent Lease-Permit Transfer,Allegation that Mahaweli land was transferred to businesses using fraudulent lease permits.,English,Allegation that Mahaweli land was transferred to businesses using fraudulent lease permits.,English text used for model input,Direct governance complaint / allegation narrative (source-derived),No,Fraud / Bribery / Documentation,Administrative / Procedural / Integrity,Strict direct state-land lease,Existing development baseline; active splits cleared for regrouping,,,Domain-verified incident,Land Commissioner verification (user-confirmed),,Proposed research label - final human/domain review required,Incident existence treated as verified based on user's Land Commissioner verification; label remains proposed.,UNIQUE-STATE-LEASE-012,,complaint-development-v0.2-draft-530,Existing baseline,Imported unchanged in substance; provenance not revalidated,Unknown - retain baseline provenance status,,,,,,STATE-LEASE-012,,,,,Proposed research label - final human/domain review required,Existing development baseline; follow prior label-review status,Development only; not an untouched test set,Yes - before new evaluation,,,,,,Train,1,1,Include - provisional baseline
STATE-LEASE-013,LCV-061,Protected Land Misuse in the Ella Tourism Zone,Allegation that forest-reserve land was made available for hotels using fraudulent lease agreements.,English,Allegation that forest-reserve land was made available for hotels using fraudulent lease agreements.,English text used for model input,Direct governance complaint / allegation narrative (source-derived),No,Protected / Environmental Lease Misuse,Protected / Environmental Lease Misuse,Strict direct state-land lease,Existing development baseline; active splits cleared for regrouping,,,Domain-verified incident,Land Commissioner verification (user-confirmed),,Proposed research label - final human/domain review required,Incident existence treated as verified based on user's Land Commissioner verification; label remains proposed.,UNIQUE-STATE-LEASE-013,,complaint-development-v0.2-draft-530,Existing baseline,Imported unchanged in substance; provenance not revalidated,Unknown - retain baseline provenance status,,,,,,STATE-LEASE-013,,,,,Proposed research label - final human/domain review required,Existing development baseline; follow prior label-review status,Development only; not an untouched test set,Yes - before new evaluation,,,,,,Train,3,3,Include - provisional baseline
STATE-LEASE-014,LCV-062,Unauthorized Long-Term Leasing of State Coastal Land in Mirissa,Allegation that state land in a coastal area was illegally granted to foreign parties on long-term leases.,English,Allegation that state land in a coastal area was illegally granted to foreign parties on long-term leases.,English text used for model input,Direct governance complaint / allegation narrative (source-derived),No,Protected / Environmental Lease Misuse,Protected / Environmental Lease Misuse,Strict direct state-land lease,Existing development baseline; active splits cleared for regrouping,,,Domain-verified incident,Land Commissioner verification (user-confirmed),,Proposed research label - final human/domain review required,Incident existence treated as verified based on user's Land Commissioner verification; label remains proposed.,UNIQUE-STATE-LEASE-014,,complaint-development-v0.2-draft-530,Existing baseline,Imported unchanged in substance; provenance not revalidated,Unknown - retain baseline provenance status,,,,,,STATE-LEASE-014,,,,,Proposed research label - final human/domain review required,Existing development baseline; follow prior label-review status,Development only; not an untouched test set,Yes - before new evaluation,,,,,,Test,2,2,Include - provisional baseline
STATE-LEASE-015,LCV-065,Misuse of Land near the Yala National Park Boundary,Allegation that land associated with a wildlife zone was secretly leased for tourist-resort development.,English,Allegation that land associated with a wildlife zone was secretly leased for tourist-resort development.,English text used for model input,Direct governance complaint / allegation narrative (source-derived),No,Protected / Environmental Lease Misuse,Protected / Environmental Lease Misuse,Strict direct state-land lease,Existing development baseline; active splits cleared for regrouping,,,Domain-verified incident,Land Commissioner verification (user-confirmed),,Proposed research label - final human/domain review required,Incident existence treated as verified based on user's Land Commissioner verification; label remains proposed.,UNIQUE-STATE-LEASE-015,,complaint-development-v0.2-draft-530,Existing baseline,Imported unchanged in substance; provenance not revalidated,Unknown - retain baseline provenance status,,,,,,STATE-LEASE-015,,,,,Proposed research label - final human/domain review required,Existing development baseline; follow prior label-review status,Development only; not an untouched test set,Yes - before new evaluation,,,,,,Train,1,1,Include - provisional baseline
STATE-LEASE-016,LCV-067,Illegal Leasing of Environmentally Sensitive Riverbank Land in Kitulgala,Allegation that state riverbank land was illegally leased for tourism or recreational activities.,English,Allegation that state riverbank land was illegally leased for tourism or recreational activities.,English text used for model input,Direct governance complaint / allegation narrative (source-derived),No,Protected / Environmental Lease Misuse,Protected / Environmental Lease Misuse,Strict direct state-land lease,Existing development baseline; active splits cleared for regrouping,,,Domain-verified incident,Land Commissioner verification (user-confirmed),,Proposed research label - final human/domain review required,Incident existence treated as verified based on user's Land Commissioner verification; label remains proposed.,UNIQUE-STATE-LEASE-016,,complaint-development-v0.2-draft-530,Existing baseline,Imported unchanged in substance; provenance not revalidated,Unknown - retain baseline provenance status,,,,,,STATE-LEASE-016,,,,,Proposed research label - final human/domain review required,Existing development baseline; follow prior label-review status,Development only; not an untouched test set,Yes - before new evaluation,,,,,,Validation,3,3,Include - provisional baseline
STATE-LEASE-017,LCV-068,Kalpitiya Island Tourism-Lease Revenue Irregularity,Allegation that state revenue was substantially understated or reduced in the leasing of islands for tourism projects.,English,Allegation that state revenue was substantially understated or reduced in the leasing of islands for tourism projects.,English text used for model input,Direct governance complaint / allegation narrative (source-derived),No,Lease Revenue / Payment / Enforcement,Lease Revenue / Payment / Enforcement,Strict direct state-land lease,Existing development baseline; active splits cleared for regrouping,,,Domain-verified incident,Land Commissioner verification (user-confirmed),,Proposed research label - final human/domain review required,Incident existence treated as verified based on user's Land Commissioner verification; label remains proposed.,UNIQUE-STATE-LEASE-017,,complaint-development-v0.2-draft-530,Existing baseline,Imported unchanged in substance; provenance not revalidated,Unknown - retain baseline provenance status,,,,,,STATE-LEASE-017,,,,,Proposed research label - final human/domain review required,Existing development baseline; follow prior label-review status,Development only; not an untouched test set,Yes - before new evaluation,,,,,,Train,3,3,Include - provisional baseline
STATE-LEASE-018,LCV-074,Leasing of Protected Land around Trincomalee Natural Harbour,Allegation that land in a protected area around the natural harbour was leased for private warehouse use.,English,Allegation that land in a protected area around the natural harbour was leased for private warehouse use.,English text used for model input,Direct governance complaint / allegation narrative (source-derived),No,Protected / Environmental Lease Misuse,Protected / Environmental Lease Misuse,Strict direct state-land lease,Existing development baseline; active splits cleared for regrouping,,,Domain-verified incident,Land Commissioner verification (user-confirmed),,Proposed research label - final human/domain review required,Incident existence treated as verified based on user's Land Commissioner verification; label remains proposed.,UNIQUE-STATE-LEASE-018,,complaint-development-v0.2-draft-530,Existing baseline,Imported unchanged in substance; provenance not revalidated,Unknown - retain baseline provenance status,,,,,,STATE-LEASE-018,,,,,Proposed research label - final human/domain review required,Existing development baseline; follow prior label-review status,Development only; not an untouched test set,Yes - before new evaluation,,,,,,Train,5,5,Include - provisional baseline
STATE-LEASE-019,LCV-075,Leasing of Mannar Bird-Sanctuary Wetlands,Allegation that wetlands used by migratory birds were leased for shrimp-farming operations.,English,Allegation that wetlands used by migratory birds were leased for shrimp-farming operations.,English text used for model input,Direct governance complaint / allegation narrative (source-derived),No,Protected / Environmental Lease Misuse,Protected / Environmental Lease Misuse,Strict direct state-land lease,Existing development baseline; active splits cleared for regrouping,,,Domain-verified incident,Land Commissioner verification (user-confirmed),,Proposed research label - final human/domain review required,Incident existence treated as verified based on user's Land Commissioner verification; label remains proposed.,UNIQUE-STATE-LEASE-019,,complaint-development-v0.2-draft-530,Existing baseline,Imported unchanged in substance; provenance not revalidated,Unknown - retain baseline provenance status,,,,,,STATE-LEASE-019,,,,,Proposed research label - final human/domain review required,Existing development baseline; follow prior label-review status,Development only; not an untouched test set,Yes - before new evaluation,,,,,,Train,4,4,Include - provisional baseline
STATE-LEASE-020,LCV-076,Hanwella Riverbank State-Land Excavation Lease Irregularity,Allegation that state land near the Kelani River was illegally leased for soil and clay excavation.,English,Allegation that state land near the Kelani River was illegally leased for soil and clay excavation.,English text used for model input,Direct governance complaint / allegation narrative (source-derived),No,Protected / Environmental Lease Misuse,Protected / Environmental Lease Misuse,Strict direct state-land lease,Existing development baseline; active splits cleared for regrouping,,,Domain-verified incident,Land Commissioner verification (user-confirmed),,Proposed research label - final human/domain review required,Incident existence treated as verified based on user's Land Commissioner verification; label remains proposed.,UNIQUE-STATE-LEASE-020,,complaint-development-v0.2-draft-530,Existing baseline,Imported unchanged in substance; provenance not revalidated,Unknown - retain baseline provenance status,,,,,,STATE-LEASE-020,,,,,Proposed research label - final human/domain review required,Existing development baseline; follow prior label-review status,Development only; not an untouched test set,Yes - before new evaluation,,,,,,Validation,5,5,Include - provisional baseline
STATE-LEASE-021,LCV-078,Misuse of State-Leased Industrial Land in Minuwangoda,Allegation of illegal soil excavation on government leasehold land allocated to an industrial facility.,English,Allegation of illegal soil excavation on government leasehold land allocated to an industrial facility.,English text used for model input,Direct governance complaint / allegation narrative (source-derived),No,Protected / Environmental Lease Misuse,Protected / Environmental Lease Misuse,Strict direct state-land lease,Existing development baseline; active splits cleared for regrouping,,,Domain-verified incident,Land Commissioner verification (user-confirmed),,Proposed research label - final human/domain review required,Incident existence treated as verified based on user's Land Commissioner verification; label remains proposed.,UNIQUE-STATE-LEASE-021,,complaint-development-v0.2-draft-530,Existing baseline,Imported unchanged in substance; provenance not revalidated,Unknown - retain baseline provenance status,,,,,,STATE-LEASE-021,,,,,Proposed research label - final human/domain review required,Existing development baseline; follow prior label-review status,Development only; not an untouched test set,Yes - before new evaluation,,,,,,Train,2,2,Include - provisional baseline
STATE-LEASE-022,LCV-080,Low-Rent Lease of Valuable Municipal Land near Gampaha Bus Stand,Allegation that valuable municipal land was leased at a very low rent to a private commercial complex.,English,Allegation that valuable municipal land was leased at a very low rent to a private commercial complex.,English text used for model input,Direct governance complaint / allegation narrative (source-derived),No,Unauthorized Allocation / Transfer / Use,Unauthorized Allocation / Transfer / Use,Strict direct state-land lease,Existing development baseline; active splits cleared for regrouping,,,Domain-verified incident,Land Commissioner verification (user-confirmed),,Proposed research label - final human/domain review required,Incident existence treated as verified based on user's Land Commissioner verification; label remains proposed.,UNIQUE-STATE-LEASE-022,,complaint-development-v0.2-draft-530,Existing baseline,Imported unchanged in substance; provenance not revalidated,Unknown - retain baseline provenance status,,,,,,STATE-LEASE-022,,,,,Proposed research label - final human/domain review required,Existing development baseline; follow prior label-review status,Development only; not an untouched test set,Yes - before new evaluation,,,,,,Validation,1,1,Include - provisional baseline
STATE-LEASE-023,LCV-085,Occupation of Archaeological Reserve Land in Polonnaruwa,Allegation that archaeological-reserve land was occupied on the stated basis of agricultural use.,English,Allegation that archaeological-reserve land was occupied on the stated basis of agricultural use.,English text used for model input,Direct governance complaint / allegation narrative (source-derived),No,Protected / Environmental Lease Misuse,Protected / Environmental Lease Misuse,Strict direct state-land lease,Existing development baseline; active splits cleared for regrouping,,,Domain-verified incident,Land Commissioner verification (user-confirmed),,Proposed research label - final human/domain review required,Incident existence treated as verified based on user's Land Commissioner verification; label remains proposed.,UNIQUE-STATE-LEASE-023,,complaint-development-v0.2-draft-530,Existing baseline,Imported unchanged in substance; provenance not revalidated,Unknown - retain baseline provenance status,,,,,,STATE-LEASE-023,,,,,Proposed research label - final human/domain review required,Existing development baseline; follow prior label-review status,Development only; not an untouched test set,Yes - before new evaluation,,,,,,Train,5,5,Include - provisional baseline
STATE-LEASE-024,LCV-086,Leasing of Kataragama Sacred-Area State Land to Private Traders,Allegation that state land reserved for pilgrim accommodation was leased to private traders.,English,Allegation that state land reserved for pilgrim accommodation was leased to private traders.,English text used for model input,Direct governance complaint / allegation narrative (source-derived),No,Unauthorized Allocation / Transfer / Use,Unauthorized Allocation / Transfer / Use,Strict direct state-land lease,Existing development baseline; active splits cleared for regrouping,,,Domain-verified incident,Land Commissioner verification (user-confirmed),,Proposed research label - final human/domain review required,Incident existence treated as verified based on user's Land Commissioner verification; label remains proposed.,UNIQUE-STATE-LEASE-024,,complaint-development-v0.2-draft-530,Existing baseline,Imported unchanged in substance; provenance not revalidated,Unknown - retain baseline provenance status,,,,,,STATE-LEASE-024,,,,,Proposed research label - final human/domain review required,Existing development baseline; follow prior label-review status,Development only; not an untouched test set,Yes - before new evaluation,,,,,,Train,4,4,Include - provisional baseline
STATE-LEASE-025,LCV-092,Kaduwela Riverbank State-Land Lease for Sand Storage,Allegation that riverbank state land was improperly leased through a local authority for sand-storage activities.,English,Allegation that riverbank state land was improperly leased through a local authority for sand-storage activities.,English text used for model input,Direct governance complaint / allegation narrative (source-derived),No,Protected / Environmental Lease Misuse,Protected / Environmental Lease Misuse,Strict direct state-land lease,Existing development baseline; active splits cleared for regrouping,,,Domain-verified incident,Land Commissioner verification (user-confirmed),,Proposed research label - final human/domain review required,Incident existence treated as verified based on user's Land Commissioner verification; label remains proposed.,UNIQUE-STATE-LEASE-025,,complaint-development-v0.2-draft-530,Existing baseline,Imported unchanged in substance; provenance not revalidated,Unknown - retain baseline provenance status,,,,,,STATE-LEASE-025,,,,,Proposed research label - final human/domain review required,Existing development baseline; follow prior label-review status,Development only; not an untouched test set,Yes - before new evaluation,,,,,,Test,4,4,Include - provisional baseline
STATE-LEASE-026,LCV-099,"Political-Influence Allegation involving State Land near Madhu Church, Mannar","Allegation that state land within a sacred-area boundary was leased, under political influence, for unauthorized commercial stalls.",English,"Allegation that state land within a sacred-area boundary was leased, under political influence, for unauthorized commercial stalls.",English text used for model input,Direct governance complaint / allegation narrative (source-derived),No,Unauthorized Allocation / Transfer / Use,Unauthorized Allocation / Transfer / Use,Strict direct state-land lease,Existing development baseline; active splits cleared for regrouping,,,Domain-verified incident,Land Commissioner verification (user-confirmed),,Proposed research label - final human/domain review required,Incident existence treated as verified based on user's Land Commissioner verification; label remains proposed.,UNIQUE-STATE-LEASE-026,,complaint-development-v0.2-draft-530,Existing baseline,Imported unchanged in substance; provenance not revalidated,Unknown - retain baseline provenance status,,,,,,STATE-LEASE-026,,,,,Proposed research label - final human/domain review required,Existing development baseline; follow prior label-review status,Development only; not an untouched test set,Yes - before new evaluation,,,,,,Train,1,1,Include - provisional baseline
STATE-LEASE-027,SUP-001,UDA land in Colombo leased for 99 years without Board approval,"COPE reported that the 6-acre UDA land was leased for 99 years in 2019 without Board approval, and that additional conditions not approved by the Board were included in the lease agreement.",English,"COPE reported that the 6-acre UDA land was leased for 99 years in 2019 without Board approval, and that additional conditions not approved by the Board were included in the lease agreement.",English text used for model input,Direct governance complaint / allegation narrative (source-derived),No,Approval / Procedure / Contract Compliance,Administrative / Procedural / Integrity,Strict direct state-land lease,Existing development baseline; active splits cleared for regrouping,,,Verified against Parliament primary source,Previously curated source-backed record,https://www.parliament.lk/en/home/parliament-news/view/4148,Proposed research label - final human/domain review required,Combines former SL-LAND-002 and SL-LAND-003 because they are the same lease incident.,https://www.parliament.lk/en/home/parliament-news/view/4148,,complaint-development-v0.2-draft-530,Existing baseline,Imported unchanged in substance; provenance not revalidated,Unknown - retain baseline provenance status,,,,,,STATE-LEASE-027,,,,,Proposed research label - final human/domain review required,Existing development baseline; follow prior label-review status,Development only; not an untouched test set,Yes - before new evaluation,,,,,,Train,4,4,Include - provisional baseline
STATE-LEASE-028,SUP-002,UDA land in Colombo leased for 99 years without Board approval,COPE reported a government loss of Rs. 330 million from leasing UDA land bordering D. R. Wijewardena Mawatha without formal Board approval.,English,COPE reported a government loss of Rs. 330 million from leasing UDA land bordering D. R. Wijewardena Mawatha without formal Board approval.,English text used for model input,Direct governance complaint / allegation narrative (source-derived),No,Approval / Procedure / Contract Compliance,Administrative / Procedural / Integrity,Strict direct state-land lease,Existing development baseline; active splits cleared for regrouping,,,Verified against Parliament primary source,Previously curated source-backed record,https://www.parliament.lk/en/home/parliament-news/view/4148,Proposed research label - final human/domain review required,Merged with LK-LND-005; one incident only.,https://www.parliament.lk/en/home/parliament-news/view/4148,,complaint-development-v0.2-draft-530,Existing baseline,Imported unchanged in substance; provenance not revalidated,Unknown - retain baseline provenance status,,,,,,STATE-LEASE-028,,,,,Proposed research label - final human/domain review required,Existing development baseline; follow prior label-review status,Development only; not an untouched test set,Yes - before new evaluation,,,,,,Validation,4,4,Include - provisional baseline
STATE-LEASE-029,SUP-003,Land Reform Commission - 2017 Audit,"Audit reported that land enjoyment was transferred in 2003 outside the normal leasing procedure, later passed to another company without Commission approval; arrears, a released surcharge, and a questionable reduction in assessed lease value were also recorded.",English,"Audit reported that land enjoyment was transferred in 2003 outside the normal leasing procedure, later passed to another company without Commission approval; arrears, a released surcharge, and a questionable reduction in assessed lease value were also recorded.",English text used for model input,Direct governance complaint / allegation narrative (source-derived),No,Unauthorized Allocation / Transfer / Use,Unauthorized Allocation / Transfer / Use,Strict direct state-land lease,Existing development baseline; active splits cleared for regrouping,,,Verified against Auditor General primary source,Previously curated source-backed record,https://www.auditorgeneral.gov.lk/web/images/audit-reports/upload/2017/State_Corp/Land-Reform-Commission---E.pdf,Proposed research label - final human/domain review required,Combines former SL-LAND-016 to SL-LAND-019 into one incident.,https://auditorgeneral.gov.lk/web/images/audit-reports/upload/2017/State_Corp/Land-Reform-Commission---E.pdf,,complaint-development-v0.2-draft-530,Existing baseline,Imported unchanged in substance; provenance not revalidated,Unknown - retain baseline provenance status,,,,,,STATE-LEASE-029,,,,,Proposed research label - final human/domain review required,Existing development baseline; follow prior label-review status,Development only; not an untouched test set,Yes - before new evaluation,,,,,,Train,3,3,Include - provisional baseline
STATE-LEASE-030,SUP-004,Land Reform Commission - 2019 Audit,"Audit found that lease agreements had not been signed for land leased to four institutions, lease receivables from 2008 had not been collected, and the receivable could not be computed without agreements.",English,"Audit found that lease agreements had not been signed for land leased to four institutions, lease receivables from 2008 had not been collected, and the receivable could not be computed without agreements.",English text used for model input,Direct governance complaint / allegation narrative (source-derived),No,Lease Revenue / Payment / Enforcement,Lease Revenue / Payment / Enforcement,Strict direct state-land lease,Existing development baseline; active splits cleared for regrouping,,,Verified against Auditor General primary source,Previously curated source-backed record,https://www.auditorgeneral.gov.lk/web/images/audit-reports/upload/2019/state_corporation/2-xxi/Land-Reform-Commission---2019---E.pdf,Proposed research label - final human/domain review required,,https://auditorgeneral.gov.lk/web/images/audit-reports/upload/2019/state_corporation/2-xxi/Land-Reform-Commission---2019---E.pdf,,complaint-development-v0.2-draft-530,Existing baseline,Imported unchanged in substance; provenance not revalidated,Unknown - retain baseline provenance status,,,,,,STATE-LEASE-030,,,,,Proposed research label - final human/domain review required,Existing development baseline; follow prior label-review status,Development only; not an untouched test set,Yes - before new evaluation,,,,,,Train,5,5,Include - provisional baseline
STATE-LEASE-031,SUP-005,Land Reform Commission - 2022 Audit,"Audit reported that multiple land plots had been used by a company without any amount recovered from Rs. 32,475,109 in lease rent due as at 31 December 2022, and no lease agreement had been entered into.",English,"Audit reported that multiple land plots had been used by a company without any amount recovered from Rs. 32,475,109 in lease rent due as at 31 December 2022, and no lease agreement had been entered into.",English text used for model input,Direct governance complaint / allegation narrative (source-derived),No,Lease Revenue / Payment / Enforcement,Lease Revenue / Payment / Enforcement,Strict direct state-land lease,Existing development baseline; active splits cleared for regrouping,,,Verified against Auditor General primary source,Previously curated source-backed record,https://www.auditorgeneral.gov.lk/web/images/audit-reports/upload/2022/statecorperation/2-xxvi/Land-Reform-Commission--E.pdf,Proposed research label - final human/domain review required,,https://auditorgeneral.gov.lk/web/images/audit-reports/upload/2022/statecorperation/2-xxvi/Land-Reform-Commission--E.pdf,,complaint-development-v0.2-draft-530,Existing baseline,Imported unchanged in substance; provenance not revalidated,Unknown - retain baseline provenance status,,,,,,STATE-LEASE-031,,,,,Proposed research label - final human/domain review required,Existing development baseline; follow prior label-review status,Development only; not an untouched test set,Yes - before new evaluation,,,,,,Train,2,2,Include - provisional baseline
STATE-LEASE-032,SUP-006,Land Reform Commission - 2022 Audit,"Audit reported that 10 acres approved for tea cultivation had no lease rent paid since 2011, no formal agreement, and Rs. 1,824,000 outstanding as at the end of 2022.",English,"Audit reported that 10 acres approved for tea cultivation had no lease rent paid since 2011, no formal agreement, and Rs. 1,824,000 outstanding as at the end of 2022.",English text used for model input,Direct governance complaint / allegation narrative (source-derived),No,Lease Revenue / Payment / Enforcement,Lease Revenue / Payment / Enforcement,Strict direct state-land lease,Existing development baseline; active splits cleared for regrouping,,,Verified against Auditor General primary source,Previously curated source-backed record,https://www.auditorgeneral.gov.lk/web/images/audit-reports/upload/2022/statecorperation/2-xxvi/Land-Reform-Commission--E.pdf,Proposed research label - final human/domain review required,,https://auditorgeneral.gov.lk/web/images/audit-reports/upload/2022/statecorperation/2-xxvi/Land-Reform-Commission--E.pdf,,complaint-development-v0.2-draft-530,Existing baseline,Imported unchanged in substance; provenance not revalidated,Unknown - retain baseline provenance status,,,,,,STATE-LEASE-032,,,,,Proposed research label - final human/domain review required,Existing development baseline; follow prior label-review status,Development only; not an untouched test set,Yes - before new evaluation,,,,,,Train,2,2,Include - provisional baseline
STATE-LEASE-033,SUP-007,Land Reform Commission - 2023 Audit,"Audit reported that a private party had informally used leased land from 2008 without approval, agreement or payment, with Rs. 18,403,926 recorded as rent due through 2023.",English,"Audit reported that a private party had informally used leased land from 2008 without approval, agreement or payment, with Rs. 18,403,926 recorded as rent due through 2023.",English text used for model input,Direct governance complaint / allegation narrative (source-derived),No,Unauthorized Allocation / Transfer / Use,Unauthorized Allocation / Transfer / Use,Strict direct state-land lease,Existing development baseline; active splits cleared for regrouping,,,Verified against Auditor General primary source,Previously curated source-backed record,https://www.auditorgeneral.gov.lk/web/images/audit-reports/upload/2023/State-Corporations/2-XXIII/Land-Reform-Commission--E.pdf,Proposed research label - final human/domain review required,,https://auditorgeneral.gov.lk/web/images/audit-reports/upload/2023/State-Corporations/2-XXIII/Land-Reform-Commission--E.pdf,,complaint-development-v0.2-draft-530,Existing baseline,Imported unchanged in substance; provenance not revalidated,Unknown - retain baseline provenance status,,,,,,STATE-LEASE-033,,,,,Proposed research label - final human/domain review required,Existing development baseline; follow prior label-review status,Development only; not an untouched test set,Yes - before new evaluation,,,,,,Validation,2,2,Include - provisional baseline
STATE-LEASE-034,SUP-008,Land Reform Commission - 2024 Audit,"Audit reported Rs. 5.59 million in lease rent receivable 13 years after a lease for a rocky land plot, with the intended activity not completed and enforcement action delayed.",English,"Audit reported Rs. 5.59 million in lease rent receivable 13 years after a lease for a rocky land plot, with the intended activity not completed and enforcement action delayed.",English text used for model input,Direct governance complaint / allegation narrative (source-derived),No,Lease Revenue / Payment / Enforcement,Lease Revenue / Payment / Enforcement,Strict direct state-land lease,Existing development baseline; active splits cleared for regrouping,,,Verified against Auditor General primary source,Previously curated source-backed record,https://www.auditorgeneral.gov.lk/web/images/audit-reports/upload/2024/2-State_Corporations/2-XIII/Land--Reform--Commission--E.pdf,Proposed research label - final human/domain review required,,https://auditorgeneral.gov.lk/web/images/audit-reports/upload/2024/2-State_Corporations/2-XIII/Land--Reform--Commission--E.pdf,,complaint-development-v0.2-draft-530,Existing baseline,Imported unchanged in substance; provenance not revalidated,Unknown - retain baseline provenance status,,,,,,STATE-LEASE-034,,,,,Proposed research label - final human/domain review required,Existing development baseline; follow prior label-review status,Development only; not an untouched test set,Yes - before new evaluation,,,,,,Train,3,3,Include - provisional baseline
STATE-LEASE-035,SUP-009,Head 286 - Land Commissioner General's Department 2023 Audit,"Audit reported that a 30-year residential lease granted in June 2012 had received no lease payments after 11 years, with Rs. 216,960 due.",English,"Audit reported that a 30-year residential lease granted in June 2012 had received no lease payments after 11 years, with Rs. 216,960 due.",English text used for model input,Direct governance complaint / allegation narrative (source-derived),No,Lease Revenue / Payment / Enforcement,Lease Revenue / Payment / Enforcement,Strict direct state-land lease,Existing development baseline; active splits cleared for regrouping,,,Verified against Auditor General primary source,Previously curated source-backed record,https://auditorgeneral.gov.lk/web/images/audit-reports/upload/2023/min_dep/1-xi/Head286Land-Commissioner-Generals-DepartmentE.pdf,Proposed research label - final human/domain review required,,https://auditorgeneral.gov.lk/web/images/audit-reports/upload/2023/min_dep/1-xi/Head286Land-Commissioner-Generals-DepartmentE.pdf,,complaint-development-v0.2-draft-530,Existing baseline,Imported unchanged in substance; provenance not revalidated,Unknown - retain baseline provenance status,,,,,,STATE-LEASE-035,,,,,Proposed research label - final human/domain review required,Existing development baseline; follow prior label-review status,Development only; not an untouched test set,Yes - before new evaluation,,,,,,Train,5,5,Include - provisional baseline
STATE-LEASE-036,SUP-010,Head 286 - Land Commissioner General's Department 2023 Audit,"Audit reported that a commercial lease running from 2004 had accumulated Rs. 1,069,140 in unpaid lease amounts through 31 December 2023.",English,"Audit reported that a commercial lease running from 2004 had accumulated Rs. 1,069,140 in unpaid lease amounts through 31 December 2023.",English text used for model input,Direct governance complaint / allegation narrative (source-derived),No,Lease Revenue / Payment / Enforcement,Lease Revenue / Payment / Enforcement,Strict direct state-land lease,Existing development baseline; active splits cleared for regrouping,,,Verified against Auditor General primary source,Previously curated source-backed record,https://auditorgeneral.gov.lk/web/images/audit-reports/upload/2023/min_dep/1-xi/Head286Land-Commissioner-Generals-DepartmentE.pdf,Proposed research label - final human/domain review required,,https://auditorgeneral.gov.lk/web/images/audit-reports/upload/2023/min_dep/1-xi/Head286Land-Commissioner-Generals-DepartmentE.pdf,,complaint-development-v0.2-draft-530,Existing baseline,Imported unchanged in substance; provenance not revalidated,Unknown - retain baseline provenance status,,,,,,STATE-LEASE-036,,,,,Proposed research label - final human/domain review required,Existing development baseline; follow prior label-review status,Development only; not an untouched test set,Yes - before new evaluation,,,,,,Train,5,5,Include - provisional baseline
STATE-LEASE-037,SUP-011,Disposal of Perahera Mawatha land on 99-year lease basis,A UDA land parcel approved for a 99-year mixed-development lease was later set for a fresh procurement process after the selected investor failed to meet transfer conditions and the earlier lease process was cancelled.,English,A UDA land parcel approved for a 99-year mixed-development lease was later set for a fresh procurement process after the selected investor failed to meet transfer conditions and the earlier lease process was cancelled.,English text used for model input,Direct governance complaint / allegation narrative (source-derived),No,Approval / Procedure / Contract Compliance,Administrative / Procedural / Integrity,Strict direct state-land lease,Existing development baseline; active splits cleared for regrouping,,,Verified against Cabinet primary source,Previously curated source-backed record,https://www.cabinetoffice.gov.lk/cab/index.php?Itemid=49&dID=13608&id=16&lang=en&option=com_content&view=article,Proposed research label - final human/domain review required,"Merged with LK-LND-004. Use for contract-compliance class, not corruption.",https://www.cabinetoffice.gov.lk/cab/index.php?Itemid=49&dID=13608&id=16&lang=en&option=com_content&view=article,,complaint-development-v0.2-draft-530,Existing baseline,Imported unchanged in substance; provenance not revalidated,Unknown - retain baseline provenance status,,,,,,STATE-LEASE-037,,,,,Proposed research label - final human/domain review required,Existing development baseline; follow prior label-review status,Development only; not an untouched test set,Yes - before new evaluation,,,,,,Validation,5,5,Include - provisional baseline
STATE-LEASE-038,LSE-SL-002,Otters Aquatic Club state-land lease arrears and expired lease,"The Otters Aquatic Club occupied government land in Colombo 07 under a lease that expired, while lease arrears of about Rs. 31 million were reported. The Divisional Secretary issued eviction/vacate directions after the arrears were not fully settled and the lease was not renewed.",English,"The Otters Aquatic Club occupied government land in Colombo 07 under a lease that expired, while lease arrears of about Rs. 31 million were reported. The Divisional Secretary issued eviction/vacate directions after the arrears were not fully settled and the lease was not renewed.",English text used for model input,Direct governance complaint / allegation narrative (source-derived),No,Lease Revenue / Payment / Enforcement,Lease Revenue / Payment / Enforcement,Strict direct state-land lease,Existing development baseline; active splits cleared for regrouping,,,Independently source-checked,Incident-specific Daily Mirror and Sunday Times reporting quoting the Divisional Secretary.,https://www.dailymirror.lk/print/news-features/Otters-landed/131-194219,Proposed research label - final human/domain review required,Direct state-land lease arrears / expiry case. Keep separate from the later 2026 UDA redevelopment lease.,https://www.dailymirror.lk/print/news-features/Otters-landed/131-194219,,complaint-development-v0.2-draft-530,Existing baseline,Imported unchanged in substance; provenance not revalidated,Unknown - retain baseline provenance status,,,,,,STATE-LEASE-038,,,,,Proposed research label - final human/domain review required,Existing development baseline; follow prior label-review status,Development only; not an untouched test set,Yes - before new evaluation,,,,,,Test,4,4,Include - provisional baseline
STATE-LEASE-039,LSE-SL-003,80 Club Independence Avenue lease arrears and government repossession,"The Government took over the land and building occupied by the 80 Club at Independence Avenue, Colombo 07 after reported violations including non-payment of lease arrears. The Thimbirigasyaya Divisional Secretary stated that the property was government-owned and was taken back in November 2020.",English,"The Government took over the land and building occupied by the 80 Club at Independence Avenue, Colombo 07 after reported violations including non-payment of lease arrears. The Thimbirigasyaya Divisional Secretary stated that the property was government-owned and was taken back in November 2020.",English text used for model input,Direct governance complaint / allegation narrative (source-derived),No,Lease Revenue / Payment / Enforcement,Lease Revenue / Payment / Enforcement,Strict direct state-land lease,Existing development baseline; active splits cleared for regrouping,,,Independently source-checked,Incident-specific Daily Mirror report quoting the Divisional Secretary.,https://www.dailymirror.lk/breaking-news/80-Club-land-and-building-taken-over-by-Govt-Divisional-Secretary/108-200214,Proposed research label - final human/domain review required,Direct government land lease arrears and repossession case.,https://www.dailymirror.lk/breaking-news/80-Club-land-and-building-taken-over-by-Govt-Divisional-Secretary/108-200214,,complaint-development-v0.2-draft-530,Existing baseline,Imported unchanged in substance; provenance not revalidated,Unknown - retain baseline provenance status,,,,,,STATE-LEASE-039,,,,,Proposed research label - final human/domain review required,Existing development baseline; follow prior label-review status,Development only; not an untouched test set,Yes - before new evaluation,,,,,,Train,5,5,Include - provisional baseline
STATE-LEASE-040,LSE-SL-007,Wandama–Demaliya–Kuda Oya government forest land leased to private entities,"Public reporting documented allegations that government forest land in the Wandama–Demaliya–Kuda Oya area was leased by an official attached to the Buttala Divisional Secretariat to companies and businessmen despite the land's forest/protected character, prompting government and parliamentary scrutiny.",English,"Public reporting documented allegations that government forest land in the Wandama–Demaliya–Kuda Oya area was leased by an official attached to the Buttala Divisional Secretariat to companies and businessmen despite the land's forest/protected character, prompting government and parliamentary scrutiny.",English text used for model input,Direct governance complaint / allegation narrative (source-derived),No,Protected / Environmental Lease Misuse,Protected / Environmental Lease Misuse,Strict direct state-land lease,Existing development baseline; active splits cleared for regrouping,,,Independently source-checked,Incident-specific Daily Mirror investigation plus a 2026 parliamentary question on long-term leases released from the Wandama–Demaliya reserve.,https://www.dailymirror.lk/news-features/Spotlight-on-Wandama-Demaliya-Forest-Govt-circular-puts-land-sale-project-inside-reserve-on-hold/131-305210,Proposed research label - final human/domain review required,Direct lease-related protected public land case; allegations should not be stated as adjudicated guilt.,https://www.dailymirror.lk/news-features/Spotlight-on-Wandama-Demaliya-Forest-Govt-circular-puts-land-sale-project-inside-reserve-on-hold/131-305210,,complaint-development-v0.2-draft-530,Existing baseline,Imported unchanged in substance; provenance not revalidated,Unknown - retain baseline provenance status,,,,,,STATE-LEASE-040,,,,,Proposed research label - final human/domain review required,Existing development baseline; follow prior label-review status,Development only; not an untouched test set,Yes - before new evaluation,,,,,,Train,1,1,Include - provisional baseline
STATE-LEASE-041,LSE-SL-010,CPSTL continued use of Sri Lanka Railways lands after lease expiry,"The Auditor General reported that Sri Lanka Railways owns the land rights of nine CPSTL sub-depots. The lease agreement for those lands expired on 31 December 2013, but CPSTL continued using them without renewing the agreement or entering into a new lease agreement.",English,"The Auditor General reported that Sri Lanka Railways owns the land rights of nine CPSTL sub-depots. The lease agreement for those lands expired on 31 December 2013, but CPSTL continued using them without renewing the agreement or entering into a new lease agreement.",English text used for model input,Direct governance complaint / allegation narrative (source-derived),No,Approval / Procedure / Contract Compliance,Administrative / Procedural / Integrity,Strict direct state-land lease,Existing development baseline; active splits cleared for regrouping,,,Independently source-checked,"Auditor General annual report 2023, CPSTL section: failure to renew lease agreements on lands.",https://auditorgeneral.gov.lk/web/images/audit-reports/upload/2023/Annual_report_2023/Annual-Report-2023-English-2024.12.24.pdf,Proposed research label - final human/domain review required,Corrected from Gemini wording; the verified finding concerns nine sub-depot lands owned by Sri Lanka Railways.,https://auditorgeneral.gov.lk/web/images/audit-reports/upload/2023/Annual_report_2023/Annual-Report-2023-English-2024.12.24.pdf,,complaint-development-v0.2-draft-530,Existing baseline,Imported unchanged in substance; provenance not revalidated,Unknown - retain baseline provenance status,,,,,,STATE-LEASE-041,,,,,Proposed research label - final human/domain review required,Existing development baseline; follow prior label-review status,Development only; not an untouched test set,Yes - before new evaluation,,,,,,Train,4,4,Include - provisional baseline
STATE-LEASE-042,LSE-SL-018,Kalpitiya tourism islands leased to investors without operational commencement,"The Auditor General reported that SLTDA had received 2,056.73 acres across 12 Kalpitiya islands as free grants for tourism, of which 668.69 acres in 10 islands had been leased to seven companies during 2010, 2011, 2020 and 2022; none of those companies had commenced operations by the end of the audit period.",English,"The Auditor General reported that SLTDA had received 2,056.73 acres across 12 Kalpitiya islands as free grants for tourism, of which 668.69 acres in 10 islands had been leased to seven companies during 2010, 2011, 2020 and 2022; none of those companies had commenced operations by the end of the audit period.",English text used for model input,Direct governance complaint / allegation narrative (source-derived),No,Approval / Procedure / Contract Compliance,Administrative / Procedural / Integrity,Strict direct state-land lease,Existing development baseline; active splits cleared for regrouping,,,Independently source-checked,"Auditor General report on SLTDA, audit observation on Kalpitiya islands.",https://naosl.gov.lk/web/images/audit-reports/upload/2023/State-Corporations/2-xix/Sri-Lanka-Tourism-Development-Authority--E.pdf,Proposed research label - final human/domain review required,Use the audit finding only; do not add unsupported claims about unpaid concession fees unless independently verified.,https://auditorgeneral.gov.lk/web/images/audit-reports/upload/2023/State-Corporations/2-xix/Sri-Lanka-Tourism-Development-Authority--E.pdf,,complaint-development-v0.2-draft-530,Existing baseline,Imported unchanged in substance; provenance not revalidated,Unknown - retain baseline provenance status,,,,,,STATE-LEASE-042,,,,,Proposed research label - final human/domain review required,Existing development baseline; follow prior label-review status,Development only; not an untouched test set,Yes - before new evaluation,,,,,,Train,1,1,Include - provisional baseline
STATE-LEASE-043,LSE-SL-031,Kuchchaveli tourism-zone leased lands with limited project commencement,"The Auditor General reported that 510.086 acres at Kuchchaveli had been taken over for tourism development. By 2020–2021, three companies had received leases totaling 49 acres, but only one of those three was operating by the end of the audit period; additional lease agreements and approvals were also in progress.",English,"The Auditor General reported that 510.086 acres at Kuchchaveli had been taken over for tourism development. By 2020–2021, three companies had received leases totaling 49 acres, but only one of those three was operating by the end of the audit period; additional lease agreements and approvals were also in progress.",English text used for model input,Direct governance complaint / allegation narrative (source-derived),No,Approval / Procedure / Contract Compliance,Administrative / Procedural / Integrity,Strict direct state-land lease,Existing development baseline; active splits cleared for regrouping,,,Independently source-checked,"Auditor General report on SLTDA, audit observation on Kuchchaveli tourism lands.",https://naosl.gov.lk/web/images/audit-reports/upload/2023/State-Corporations/2-xix/Sri-Lanka-Tourism-Development-Authority--E.pdf,Proposed research label - final human/domain review required,"Corrected to match the audit text; this is a non-performance / development-compliance finding, not proof of corruption.",https://auditorgeneral.gov.lk/web/images/audit-reports/upload/2023/State-Corporations/2-xix/Sri-Lanka-Tourism-Development-Authority--E.pdf,,complaint-development-v0.2-draft-530,Existing baseline,Imported unchanged in substance; provenance not revalidated,Unknown - retain baseline provenance status,,,,,,STATE-LEASE-043,,,,,Proposed research label - final human/domain review required,Existing development baseline; follow prior label-review status,Development only; not an untouched test set,Yes - before new evaluation,,,,,,Test,1,1,Include - provisional baseline
STATE-LEASE-044,LC-37-001,"Glen Alpin Estate / Sri Kali Amman Kovil, Hali-Ela","Glen Alpin Estate / Sri Kali Amman Kovil, Hali-Ela was identified in official audit/report material as a government/state land lease case involving lease rent non-payment / enforcement failure. The Land Commissioner has confirmed that this is a genuine, direct, distinct state-land lease incident. File-level details should be retained from the Commissioner's records when available.",English,"Glen Alpin Estate / Sri Kali Amman Kovil, Hali-Ela was identified in official audit/report material as a government/state land lease case involving lease rent non-payment / enforcement failure. The Land Commissioner has confirmed that this is a genuine, direct, distinct state-land lease incident. File-level details should be retained from the Commissioner's records when available.",English text used for model input,Direct governance complaint / allegation narrative (source-derived),No,Lease Revenue / Payment / Enforcement,Lease Revenue / Payment / Enforcement,Strict direct state-land lease,Existing development baseline; active splits cleared for regrouping,,,Land Commissioner confirmed,User reports confirmation by Land Commissioner,https://www.auditorgeneral.gov.lk/web/images/audit-reports/upload/2021/state_corporation/2-XXXIII/Land-Reform-Commission--E.pdf,Proposed research label - final human/domain review required,Incident confirmed as genuine/distinct by Land Commissioner; research label remains a proposed ML label.,https://auditorgeneral.gov.lk/web/images/audit-reports/upload/2021/state_corporation/2-XXXIII/Land-Reform-Commission--E.pdf,,complaint-development-v0.2-draft-530,Existing baseline,Imported unchanged in substance; provenance not revalidated,Unknown - retain baseline provenance status,,,,,,STATE-LEASE-044,,,,,Proposed research label - final human/domain review required,Existing development baseline; follow prior label-review status,Development only; not an untouched test set,Yes - before new evaluation,,,,,,Validation,1,1,Include - provisional baseline
STATE-LEASE-045,LC-37-002,"Kotagalawatta / Preethipura Children’s Orphanage, Mawanella","Kotagalawatta / Preethipura Children’s Orphanage, Mawanella was identified in official audit/report material as a government/state land lease case involving expired lease / arrears / continued occupation. The Land Commissioner has confirmed that this is a genuine, direct, distinct state-land lease incident. File-level details should be retained from the Commissioner's records when available.",English,"Kotagalawatta / Preethipura Children’s Orphanage, Mawanella was identified in official audit/report material as a government/state land lease case involving expired lease / arrears / continued occupation. The Land Commissioner has confirmed that this is a genuine, direct, distinct state-land lease incident. File-level details should be retained from the Commissioner's records when available.",English text used for model input,Direct governance complaint / allegation narrative (source-derived),No,Lease Revenue / Payment / Enforcement,Lease Revenue / Payment / Enforcement,Strict direct state-land lease,Existing development baseline; active splits cleared for regrouping,,,Land Commissioner confirmed,User reports confirmation by Land Commissioner,https://www.auditorgeneral.gov.lk/web/images/audit-reports/upload/2021/state_corporation/2-XXXIII/Land-Reform-Commission--E.pdf,Proposed research label - final human/domain review required,Incident confirmed as genuine/distinct by Land Commissioner; research label remains a proposed ML label.,https://auditorgeneral.gov.lk/web/images/audit-reports/upload/2021/state_corporation/2-XXXIII/Land-Reform-Commission--E.pdf,,complaint-development-v0.2-draft-530,Existing baseline,Imported unchanged in substance; provenance not revalidated,Unknown - retain baseline provenance status,,,,,,STATE-LEASE-045,,,,,Proposed research label - final human/domain review required,Existing development baseline; follow prior label-review status,Development only; not an untouched test set,Yes - before new evaluation,,,,,,Train,1,1,Include - provisional baseline
STATE-LEASE-046,LC-37-003,"Kirimuttiwatta, Batticaloa","Kirimuttiwatta, Batticaloa was identified in official audit/report material as a government/state land lease case involving lease non-performance / arrears / surrender issue. The Land Commissioner has confirmed that this is a genuine, direct, distinct state-land lease incident. File-level details should be retained from the Commissioner's records when available.",English,"Kirimuttiwatta, Batticaloa was identified in official audit/report material as a government/state land lease case involving lease non-performance / arrears / surrender issue. The Land Commissioner has confirmed that this is a genuine, direct, distinct state-land lease incident. File-level details should be retained from the Commissioner's records when available.",English text used for model input,Direct governance complaint / allegation narrative (source-derived),No,Lease Revenue / Payment / Enforcement,Lease Revenue / Payment / Enforcement,Strict direct state-land lease,Existing development baseline; active splits cleared for regrouping,,,Land Commissioner confirmed,User reports confirmation by Land Commissioner,https://www.auditorgeneral.gov.lk/web/images/audit-reports/upload/2021/state_corporation/2-XXXIII/Land-Reform-Commission--E.pdf,Proposed research label - final human/domain review required,Incident confirmed as genuine/distinct by Land Commissioner; research label remains a proposed ML label.,https://auditorgeneral.gov.lk/web/images/audit-reports/upload/2021/state_corporation/2-XXXIII/Land-Reform-Commission--E.pdf,,complaint-development-v0.2-draft-530,Existing baseline,Imported unchanged in substance; provenance not revalidated,Unknown - retain baseline provenance status,,,,,,STATE-LEASE-046,,,,,Proposed research label - final human/domain review required,Existing development baseline; follow prior label-review status,Development only; not an untouched test set,Yes - before new evaluation,,,,,,Train,1,1,Include - provisional baseline
STATE-LEASE-047,LC-37-004,"Akurambodawatta, Pallepola","Akurambodawatta, Pallepola was identified in official audit/report material as a government/state land lease case involving lease arrears / revocation or disposal decision. The Land Commissioner has confirmed that this is a genuine, direct, distinct state-land lease incident. File-level details should be retained from the Commissioner's records when available.",English,"Akurambodawatta, Pallepola was identified in official audit/report material as a government/state land lease case involving lease arrears / revocation or disposal decision. The Land Commissioner has confirmed that this is a genuine, direct, distinct state-land lease incident. File-level details should be retained from the Commissioner's records when available.",English text used for model input,Direct governance complaint / allegation narrative (source-derived),No,Lease Revenue / Payment / Enforcement,Lease Revenue / Payment / Enforcement,Strict direct state-land lease,Existing development baseline; active splits cleared for regrouping,,,Land Commissioner confirmed,User reports confirmation by Land Commissioner,https://www.auditorgeneral.gov.lk/web/images/audit-reports/upload/2021/state_corporation/2-XXXIII/Land-Reform-Commission--E.pdf,Proposed research label - final human/domain review required,Incident confirmed as genuine/distinct by Land Commissioner; research label remains a proposed ML label.,https://auditorgeneral.gov.lk/web/images/audit-reports/upload/2021/state_corporation/2-XXXIII/Land-Reform-Commission--E.pdf,,complaint-development-v0.2-draft-530,Existing baseline,Imported unchanged in substance; provenance not revalidated,Unknown - retain baseline provenance status,,,,,,STATE-LEASE-047,,,,,Proposed research label - final human/domain review required,Existing development baseline; follow prior label-review status,Development only; not an untouched test set,Yes - before new evaluation,,,,,,Validation,1,1,Include - provisional baseline
STATE-LEASE-048,LC-37-005,"Kalawilawatta, Kalutara","Kalawilawatta, Kalutara was identified in official audit/report material as a government/state land lease case involving long-term lease arrears / weak enforcement. The Land Commissioner has confirmed that this is a genuine, direct, distinct state-land lease incident. File-level details should be retained from the Commissioner's records when available.",English,"Kalawilawatta, Kalutara was identified in official audit/report material as a government/state land lease case involving long-term lease arrears / weak enforcement. The Land Commissioner has confirmed that this is a genuine, direct, distinct state-land lease incident. File-level details should be retained from the Commissioner's records when available.",English text used for model input,Direct governance complaint / allegation narrative (source-derived),No,Lease Revenue / Payment / Enforcement,Lease Revenue / Payment / Enforcement,Strict direct state-land lease,Existing development baseline; active splits cleared for regrouping,,,Land Commissioner confirmed,User reports confirmation by Land Commissioner,https://www.auditorgeneral.gov.lk/web/images/audit-reports/upload/2021/state_corporation/2-XXXIII/Land-Reform-Commission--E.pdf,Proposed research label - final human/domain review required,Incident confirmed as genuine/distinct by Land Commissioner; research label remains a proposed ML label.,https://auditorgeneral.gov.lk/web/images/audit-reports/upload/2021/state_corporation/2-XXXIII/Land-Reform-Commission--E.pdf,,complaint-development-v0.2-draft-530,Existing baseline,Imported unchanged in substance; provenance not revalidated,Unknown - retain baseline provenance status,,,,,,STATE-LEASE-048,,,,,Proposed research label - final human/domain review required,Existing development baseline; follow prior label-review status,Development only; not an untouched test set,Yes - before new evaluation,,,,,,Validation,1,1,Include - provisional baseline
STATE-LEASE-049,LC-37-006,"Gartland Estate, Kurunegala","Gartland Estate, Kurunegala was identified in official audit/report material as a government/state land lease case involving lease-rent accounting / delayed recovery. The Land Commissioner has confirmed that this is a genuine, direct, distinct state-land lease incident. File-level details should be retained from the Commissioner's records when available.",English,"Gartland Estate, Kurunegala was identified in official audit/report material as a government/state land lease case involving lease-rent accounting / delayed recovery. The Land Commissioner has confirmed that this is a genuine, direct, distinct state-land lease incident. File-level details should be retained from the Commissioner's records when available.",English text used for model input,Direct governance complaint / allegation narrative (source-derived),No,Lease Revenue / Payment / Enforcement,Lease Revenue / Payment / Enforcement,Strict direct state-land lease,Existing development baseline; active splits cleared for regrouping,,,Land Commissioner confirmed,User reports confirmation by Land Commissioner,https://www.auditorgeneral.gov.lk/web/images/audit-reports/upload/2022/statecorperation/2-xxvi/Land-Reform-Commission--E.pdf,Proposed research label - final human/domain review required,Incident confirmed as genuine/distinct by Land Commissioner; research label remains a proposed ML label.,https://auditorgeneral.gov.lk/web/images/audit-reports/upload/2022/statecorperation/2-xxvi/Land-Reform-Commission--E.pdf,,complaint-development-v0.2-draft-530,Existing baseline,Imported unchanged in substance; provenance not revalidated,Unknown - retain baseline provenance status,,,,,,STATE-LEASE-049,,,,,Proposed research label - final human/domain review required,Existing development baseline; follow prior label-review status,Development only; not an untouched test set,Yes - before new evaluation,,,,,,Validation,2,2,Include - provisional baseline
STATE-LEASE-050,LC-37-007,Hawanilawatta,"Hawanilawatta was identified in official audit/report material as a government/state land lease case involving lease-rent accounting / delayed recovery. The Land Commissioner has confirmed that this is a genuine, direct, distinct state-land lease incident. File-level details should be retained from the Commissioner's records when available.",English,"Hawanilawatta was identified in official audit/report material as a government/state land lease case involving lease-rent accounting / delayed recovery. The Land Commissioner has confirmed that this is a genuine, direct, distinct state-land lease incident. File-level details should be retained from the Commissioner's records when available.",English text used for model input,Direct governance complaint / allegation narrative (source-derived),No,Lease Revenue / Payment / Enforcement,Lease Revenue / Payment / Enforcement,Strict direct state-land lease,Existing development baseline; active splits cleared for regrouping,,,Land Commissioner confirmed,User reports confirmation by Land Commissioner,https://www.auditorgeneral.gov.lk/web/images/audit-reports/upload/2022/statecorperation/2-xxvi/Land-Reform-Commission--E.pdf,Proposed research label - final human/domain review required,Incident confirmed as genuine/distinct by Land Commissioner; research label remains a proposed ML label.,https://auditorgeneral.gov.lk/web/images/audit-reports/upload/2022/statecorperation/2-xxvi/Land-Reform-Commission--E.pdf,,complaint-development-v0.2-draft-530,Existing baseline,Imported unchanged in substance; provenance not revalidated,Unknown - retain baseline provenance status,,,,,,STATE-LEASE-050,,,,,Proposed research label - final human/domain review required,Existing development baseline; follow prior label-review status,Development only; not an untouched test set,Yes - before new evaluation,,,,,,Train,2,2,Include - provisional baseline
STATE-LEASE-051,LC-37-008,"Uranikadu, Pottuvil, Ampara","Uranikadu, Pottuvil, Ampara was identified in official audit/report material as a government/state land lease case involving tourism lease administration / revenue recognition. The Land Commissioner has confirmed that this is a genuine, direct, distinct state-land lease incident. File-level details should be retained from the Commissioner's records when available.",English,"Uranikadu, Pottuvil, Ampara was identified in official audit/report material as a government/state land lease case involving tourism lease administration / revenue recognition. The Land Commissioner has confirmed that this is a genuine, direct, distinct state-land lease incident. File-level details should be retained from the Commissioner's records when available.",English text used for model input,Direct governance complaint / allegation narrative (source-derived),No,Other / Review,Administrative / Procedural / Integrity,Strict direct state-land lease,Existing development baseline; active splits cleared for regrouping,,,Land Commissioner confirmed,User reports confirmation by Land Commissioner,https://www.auditorgeneral.gov.lk/web/images/audit-reports/upload/2022/statecorperation/2-xxvi/Land-Reform-Commission--E.pdf,Proposed research label - final human/domain review required,Incident confirmed as genuine/distinct by Land Commissioner; research label remains a proposed ML label.,https://auditorgeneral.gov.lk/web/images/audit-reports/upload/2022/statecorperation/2-xxvi/Land-Reform-Commission--E.pdf,,complaint-development-v0.2-draft-530,Existing baseline,Imported unchanged in substance; provenance not revalidated,Unknown - retain baseline provenance status,,,,,,STATE-LEASE-051,,,,,Proposed research label - final human/domain review required,Existing development baseline; follow prior label-review status,Development only; not an untouched test set,Yes - before new evaluation,,,,,,Train,2,2,Include - provisional baseline
STATE-LEASE-052,LC-37-009,"Serapis Estate, Kurunegala","Serapis Estate, Kurunegala was identified in official audit/report material as a government/state land lease case involving lease-rent understatement / recovery. The Land Commissioner has confirmed that this is a genuine, direct, distinct state-land lease incident. File-level details should be retained from the Commissioner's records when available.",English,"Serapis Estate, Kurunegala was identified in official audit/report material as a government/state land lease case involving lease-rent understatement / recovery. The Land Commissioner has confirmed that this is a genuine, direct, distinct state-land lease incident. File-level details should be retained from the Commissioner's records when available.",English text used for model input,Direct governance complaint / allegation narrative (source-derived),No,Lease Revenue / Payment / Enforcement,Lease Revenue / Payment / Enforcement,Strict direct state-land lease,Existing development baseline; active splits cleared for regrouping,,,Land Commissioner confirmed,User reports confirmation by Land Commissioner,https://www.auditorgeneral.gov.lk/web/images/audit-reports/upload/2023/State-Corporations/2-XXIII/Land-Reform-Commission--E.pdf,Proposed research label - final human/domain review required,Incident confirmed as genuine/distinct by Land Commissioner; research label remains a proposed ML label.,https://auditorgeneral.gov.lk/web/images/audit-reports/upload/2023/State-Corporations/2-XXIII/Land-Reform-Commission--E.pdf,,complaint-development-v0.2-draft-530,Existing baseline,Imported unchanged in substance; provenance not revalidated,Unknown - retain baseline provenance status,,,,,,STATE-LEASE-052,,,,,Proposed research label - final human/domain review required,Existing development baseline; follow prior label-review status,Development only; not an untouched test set,Yes - before new evaluation,,,,,,Test,2,2,Include - provisional baseline
STATE-LEASE-053,LC-37-010,"Jakotuwa Watta, Wellampitiya / Kolonnawa","Jakotuwa Watta, Wellampitiya / Kolonnawa was identified in official audit/report material as a government/state land lease case involving lease valuation / recovery / litigation. The Land Commissioner has confirmed that this is a genuine, direct, distinct state-land lease incident. File-level details should be retained from the Commissioner's records when available.",English,"Jakotuwa Watta, Wellampitiya / Kolonnawa was identified in official audit/report material as a government/state land lease case involving lease valuation / recovery / litigation. The Land Commissioner has confirmed that this is a genuine, direct, distinct state-land lease incident. File-level details should be retained from the Commissioner's records when available.",English text used for model input,Direct governance complaint / allegation narrative (source-derived),No,Lease Revenue / Payment / Enforcement,Lease Revenue / Payment / Enforcement,Strict direct state-land lease,Existing development baseline; active splits cleared for regrouping,,,Land Commissioner confirmed,User reports confirmation by Land Commissioner,https://naosl.gov.lk/web/images/audit-reports/upload/2024/2-State_Corporations/2-XIII/Land--Reform--Commission--E.pdf,Proposed research label - final human/domain review required,Incident confirmed as genuine/distinct by Land Commissioner; research label remains a proposed ML label.,https://auditorgeneral.gov.lk/web/images/audit-reports/upload/2024/2-State_Corporations/2-XIII/Land--Reform--Commission--E.pdf,,complaint-development-v0.2-draft-530,Existing baseline,Imported unchanged in substance; provenance not revalidated,Unknown - retain baseline provenance status,,,,,,STATE-LEASE-053,,,,,Proposed research label - final human/domain review required,Existing development baseline; follow prior label-review status,Development only; not an untouched test set,Yes - before new evaluation,,,,,,Train,3,3,Include - provisional baseline
STATE-LEASE-054,LC-37-011,Monarakelewatta — 280 acres,"Monarakelewatta — 280 acres was identified in official audit/report material as a government/state land lease case involving lease without proper approval / failure to recover lease. The Land Commissioner has confirmed that this is a genuine, direct, distinct state-land lease incident. File-level details should be retained from the Commissioner's records when available.",English,"Monarakelewatta — 280 acres was identified in official audit/report material as a government/state land lease case involving lease without proper approval / failure to recover lease. The Land Commissioner has confirmed that this is a genuine, direct, distinct state-land lease incident. File-level details should be retained from the Commissioner's records when available.",English text used for model input,Direct governance complaint / allegation narrative (source-derived),No,Approval / Procedure / Contract Compliance,Administrative / Procedural / Integrity,Strict direct state-land lease,Existing development baseline; active splits cleared for regrouping,,,Land Commissioner confirmed,User reports confirmation by Land Commissioner,https://www.auditorgeneral.gov.lk/web/images/audit-reports/upload/2019/state_corporation/2-xxi/Land-Reform-Commission---2019---E.pdf,Proposed research label - final human/domain review required,Incident confirmed as genuine/distinct by Land Commissioner; research label remains a proposed ML label.,https://auditorgeneral.gov.lk/web/images/audit-reports/upload/2019/state_corporation/2-xxi/Land-Reform-Commission---2019---E.pdf,,complaint-development-v0.2-draft-530,Existing baseline,Imported unchanged in substance; provenance not revalidated,Unknown - retain baseline provenance status,,,,,,STATE-LEASE-054,,,,,Proposed research label - final human/domain review required,Existing development baseline; follow prior label-review status,Development only; not an untouched test set,Yes - before new evaluation,,,,,,Train,5,5,Include - provisional baseline
STATE-LEASE-055,LC-37-012,"Maddey Gedharawatta, Kalutara — 50 acres","Maddey Gedharawatta, Kalutara — 50 acres was identified in official audit/report material as a government/state land lease case involving lease without cabinet approval / valuation-recovery issue. The Land Commissioner has confirmed that this is a genuine, direct, distinct state-land lease incident. File-level details should be retained from the Commissioner's records when available.",English,"Maddey Gedharawatta, Kalutara — 50 acres was identified in official audit/report material as a government/state land lease case involving lease without cabinet approval / valuation-recovery issue. The Land Commissioner has confirmed that this is a genuine, direct, distinct state-land lease incident. File-level details should be retained from the Commissioner's records when available.",English text used for model input,Direct governance complaint / allegation narrative (source-derived),No,Lease Revenue / Payment / Enforcement,Lease Revenue / Payment / Enforcement,Strict direct state-land lease,Existing development baseline; active splits cleared for regrouping,,,Land Commissioner confirmed,User reports confirmation by Land Commissioner,https://www.sundaytimes.lk/191117/business-times/government-incurs-heavy-losses-in-state-land-lease-deals-377989.html,Proposed research label - final human/domain review required,Incident confirmed as genuine/distinct by Land Commissioner; research label remains a proposed ML label.,https://www.sundaytimes.lk/191117/business-times/government-incurs-heavy-losses-in-state-land-lease-deals-377989.html,,complaint-development-v0.2-draft-530,Existing baseline,Imported unchanged in substance; provenance not revalidated,Unknown - retain baseline provenance status,,,,,,STATE-LEASE-055,,,,,Proposed research label - final human/domain review required,Existing development baseline; follow prior label-review status,Development only; not an untouched test set,Yes - before new evaluation,,,,,,Train,3,3,Include - provisional baseline
STATE-LEASE-056,LC-37-013,Olabotuwa granite land,"Olabotuwa granite land was identified in official audit/report material as a government/state land lease case involving lease without formal agreement. The Land Commissioner has confirmed that this is a genuine, direct, distinct state-land lease incident. File-level details should be retained from the Commissioner's records when available.",English,"Olabotuwa granite land was identified in official audit/report material as a government/state land lease case involving lease without formal agreement. The Land Commissioner has confirmed that this is a genuine, direct, distinct state-land lease incident. File-level details should be retained from the Commissioner's records when available.",English text used for model input,Direct governance complaint / allegation narrative (source-derived),No,Approval / Procedure / Contract Compliance,Administrative / Procedural / Integrity,Strict direct state-land lease,Existing development baseline; active splits cleared for regrouping,,,Land Commissioner confirmed,User reports confirmation by Land Commissioner,https://www.sundaytimes.lk/191117/business-times/government-incurs-heavy-losses-in-state-land-lease-deals-377989.html,Proposed research label - final human/domain review required,Incident confirmed as genuine/distinct by Land Commissioner; research label remains a proposed ML label.,https://www.sundaytimes.lk/191117/business-times/government-incurs-heavy-losses-in-state-land-lease-deals-377989.html,,complaint-development-v0.2-draft-530,Existing baseline,Imported unchanged in substance; provenance not revalidated,Unknown - retain baseline provenance status,,,,,,STATE-LEASE-056,,,,,Proposed research label - final human/domain review required,Existing development baseline; follow prior label-review status,Development only; not an untouched test set,Yes - before new evaluation,,,,,,Train,3,3,Include - provisional baseline
STATE-LEASE-057,LC-37-014,Yahalakelle granite land,"Yahalakelle granite land was identified in official audit/report material as a government/state land lease case involving lease without formal agreement. The Land Commissioner has confirmed that this is a genuine, direct, distinct state-land lease incident. File-level details should be retained from the Commissioner's records when available.",English,"Yahalakelle granite land was identified in official audit/report material as a government/state land lease case involving lease without formal agreement. The Land Commissioner has confirmed that this is a genuine, direct, distinct state-land lease incident. File-level details should be retained from the Commissioner's records when available.",English text used for model input,Direct governance complaint / allegation narrative (source-derived),No,Approval / Procedure / Contract Compliance,Administrative / Procedural / Integrity,Strict direct state-land lease,Existing development baseline; active splits cleared for regrouping,,,Land Commissioner confirmed,User reports confirmation by Land Commissioner,https://www.sundaytimes.lk/191117/business-times/government-incurs-heavy-losses-in-state-land-lease-deals-377989.html,Proposed research label - final human/domain review required,Incident confirmed as genuine/distinct by Land Commissioner; research label remains a proposed ML label.,https://www.sundaytimes.lk/191117/business-times/government-incurs-heavy-losses-in-state-land-lease-deals-377989.html,,complaint-development-v0.2-draft-530,Existing baseline,Imported unchanged in substance; provenance not revalidated,Unknown - retain baseline provenance status,,,,,,STATE-LEASE-057,,,,,Proposed research label - final human/domain review required,Existing development baseline; follow prior label-review status,Development only; not an untouched test set,Yes - before new evaluation,,,,,,Validation,3,3,Include - provisional baseline
STATE-LEASE-058,LC-37-015,Ingiriya granite land,"Ingiriya granite land was identified in official audit/report material as a government/state land lease case involving lease without formal agreement. The Land Commissioner has confirmed that this is a genuine, direct, distinct state-land lease incident. File-level details should be retained from the Commissioner's records when available.",English,"Ingiriya granite land was identified in official audit/report material as a government/state land lease case involving lease without formal agreement. The Land Commissioner has confirmed that this is a genuine, direct, distinct state-land lease incident. File-level details should be retained from the Commissioner's records when available.",English text used for model input,Direct governance complaint / allegation narrative (source-derived),No,Approval / Procedure / Contract Compliance,Administrative / Procedural / Integrity,Strict direct state-land lease,Existing development baseline; active splits cleared for regrouping,,,Land Commissioner confirmed,User reports confirmation by Land Commissioner,https://www.sundaytimes.lk/191117/business-times/government-incurs-heavy-losses-in-state-land-lease-deals-377989.html,Proposed research label - final human/domain review required,Incident confirmed as genuine/distinct by Land Commissioner; research label remains a proposed ML label.,https://www.sundaytimes.lk/191117/business-times/government-incurs-heavy-losses-in-state-land-lease-deals-377989.html,,complaint-development-v0.2-draft-530,Existing baseline,Imported unchanged in substance; provenance not revalidated,Unknown - retain baseline provenance status,,,,,,STATE-LEASE-058,,,,,Proposed research label - final human/domain review required,Existing development baseline; follow prior label-review status,Development only; not an untouched test set,Yes - before new evaluation,,,,,,Train,3,3,Include - provisional baseline
STATE-LEASE-059,LC-37-016,Puttalam prawn-cultivation lands — 173 acres,"Puttalam prawn-cultivation lands — 173 acres was identified in official audit/report material as a government/state land lease case involving lease granted without proper permission. The Land Commissioner has confirmed that this is a genuine, direct, distinct state-land lease incident. File-level details should be retained from the Commissioner's records when available.",English,"Puttalam prawn-cultivation lands — 173 acres was identified in official audit/report material as a government/state land lease case involving lease granted without proper permission. The Land Commissioner has confirmed that this is a genuine, direct, distinct state-land lease incident. File-level details should be retained from the Commissioner's records when available.",English text used for model input,Direct governance complaint / allegation narrative (source-derived),No,Approval / Procedure / Contract Compliance,Administrative / Procedural / Integrity,Strict direct state-land lease,Existing development baseline; active splits cleared for regrouping,,,Land Commissioner confirmed,User reports confirmation by Land Commissioner,https://www.sundaytimes.lk/191117/business-times/government-incurs-heavy-losses-in-state-land-lease-deals-377989.html,Proposed research label - final human/domain review required,Incident confirmed as genuine/distinct by Land Commissioner; research label remains a proposed ML label.,https://www.sundaytimes.lk/191117/business-times/government-incurs-heavy-losses-in-state-land-lease-deals-377989.html,,complaint-development-v0.2-draft-530,Existing baseline,Imported unchanged in substance; provenance not revalidated,Unknown - retain baseline provenance status,,,,,,STATE-LEASE-059,,,,,Proposed research label - final human/domain review required,Existing development baseline; follow prior label-review status,Development only; not an untouched test set,Yes - before new evaluation,,,,,,Train,3,3,Include - provisional baseline
STATE-LEASE-060,LC-37-017,Bollachchadeniya / Sri Lanka Cricket Institute lease,"Bollachchadeniya / Sri Lanka Cricket Institute lease was identified in official audit/report material as a government/state land lease case involving 30-year leasehold not completed / procedural failure. The Land Commissioner has confirmed that this is a genuine, direct, distinct state-land lease incident. File-level details should be retained from the Commissioner's records when available.",English,"Bollachchadeniya / Sri Lanka Cricket Institute lease was identified in official audit/report material as a government/state land lease case involving 30-year leasehold not completed / procedural failure. The Land Commissioner has confirmed that this is a genuine, direct, distinct state-land lease incident. File-level details should be retained from the Commissioner's records when available.",English text used for model input,Direct governance complaint / allegation narrative (source-derived),No,Approval / Procedure / Contract Compliance,Administrative / Procedural / Integrity,Strict direct state-land lease,Existing development baseline; active splits cleared for regrouping,,,Land Commissioner confirmed,User reports confirmation by Land Commissioner,https://www.auditorgeneral.gov.lk/web/images/audit-reports/upload/2023/min_dep/1-xi/Head286Land-Commissioner-Generals-DepartmentE.pdf,Proposed research label - final human/domain review required,Incident confirmed as genuine/distinct by Land Commissioner; research label remains a proposed ML label.,https://auditorgeneral.gov.lk/web/images/audit-reports/upload/2023/min_dep/1-xi/Head286Land-Commissioner-Generals-DepartmentE.pdf,,complaint-development-v0.2-draft-530,Existing baseline,Imported unchanged in substance; provenance not revalidated,Unknown - retain baseline provenance status,,,,,,STATE-LEASE-060,,,,,Proposed research label - final human/domain review required,Existing development baseline; follow prior label-review status,Development only; not an untouched test set,Yes - before new evaluation,,,,,,Validation,5,5,Include - provisional baseline
STATE-LEASE-061,LC-37-018,"Hasalaka parcel No. 549, Minipe","Hasalaka parcel No. 549, Minipe was identified in official audit/report material as a government/state land lease case involving lease arrears / missing or incomplete leasehold action. The Land Commissioner has confirmed that this is a genuine, direct, distinct state-land lease incident. File-level details should be retained from the Commissioner's records when available.",English,"Hasalaka parcel No. 549, Minipe was identified in official audit/report material as a government/state land lease case involving lease arrears / missing or incomplete leasehold action. The Land Commissioner has confirmed that this is a genuine, direct, distinct state-land lease incident. File-level details should be retained from the Commissioner's records when available.",English text used for model input,Direct governance complaint / allegation narrative (source-derived),No,Lease Revenue / Payment / Enforcement,Lease Revenue / Payment / Enforcement,Strict direct state-land lease,Existing development baseline; active splits cleared for regrouping,,,Land Commissioner confirmed,User reports confirmation by Land Commissioner,https://www.auditorgeneral.gov.lk/web/images/audit-reports/upload/2023/min_dep/1-xi/Head286Land-Commissioner-Generals-DepartmentE.pdf,Proposed research label - final human/domain review required,Incident confirmed as genuine/distinct by Land Commissioner; research label remains a proposed ML label.,https://auditorgeneral.gov.lk/web/images/audit-reports/upload/2023/min_dep/1-xi/Head286Land-Commissioner-Generals-DepartmentE.pdf,,complaint-development-v0.2-draft-530,Existing baseline,Imported unchanged in substance; provenance not revalidated,Unknown - retain baseline provenance status,,,,,,STATE-LEASE-061,,,,,Proposed research label - final human/domain review required,Existing development baseline; follow prior label-review status,Development only; not an untouched test set,Yes - before new evaluation,,,,,,Test,5,5,Include - provisional baseline
STATE-LEASE-062,LC-37-019,"Udatthawa village parcel No. 814, Minipe","Udatthawa village parcel No. 814, Minipe was identified in official audit/report material as a government/state land lease case involving sublease / arrears / enforcement. The Land Commissioner has confirmed that this is a genuine, direct, distinct state-land lease incident. File-level details should be retained from the Commissioner's records when available.",English,"Udatthawa village parcel No. 814, Minipe was identified in official audit/report material as a government/state land lease case involving sublease / arrears / enforcement. The Land Commissioner has confirmed that this is a genuine, direct, distinct state-land lease incident. File-level details should be retained from the Commissioner's records when available.",English text used for model input,Direct governance complaint / allegation narrative (source-derived),No,Unauthorized Allocation / Transfer / Use,Unauthorized Allocation / Transfer / Use,Strict direct state-land lease,Existing development baseline; active splits cleared for regrouping,,,Land Commissioner confirmed,User reports confirmation by Land Commissioner,https://www.auditorgeneral.gov.lk/web/images/audit-reports/upload/2023/min_dep/1-xi/Head286Land-Commissioner-Generals-DepartmentE.pdf,Proposed research label - final human/domain review required,Incident confirmed as genuine/distinct by Land Commissioner; research label remains a proposed ML label.,https://auditorgeneral.gov.lk/web/images/audit-reports/upload/2023/min_dep/1-xi/Head286Land-Commissioner-Generals-DepartmentE.pdf,,complaint-development-v0.2-draft-530,Existing baseline,Imported unchanged in substance; provenance not revalidated,Unknown - retain baseline provenance status,,,,,,STATE-LEASE-062,,,,,Proposed research label - final human/domain review required,Existing development baseline; follow prior label-review status,Development only; not an untouched test set,Yes - before new evaluation,,,,,,Train,5,5,Include - provisional baseline
WEB-063,WEB-063,Transworks Square Colombo Fort Mixed-Development Lease Non-Performance,"The Auditor General reported that the Transworks Square land in Colombo Fort was leased to a locally incorporated foreign private company through four agreements between 2013 and 2016 for Rs. 4,999.7 million for a mixed-development project. The project was expected to be completed by 2021, but by the end of 2024 only the structural framework for 60 of the planned 81 floors had been completed. An expected Rs. 1,290.04 million difference between the lease value and market value had not been recovered because the development project remained suspended.",English,"The Auditor General reported that the Transworks Square land in Colombo Fort was leased to a locally incorporated foreign private company through four agreements between 2013 and 2016 for Rs. 4,999.7 million for a mixed-development project. The project was expected to be completed by 2021, but by the end of 2024 only the structural framework for 60 of the planned 81 floors had been completed. An expected Rs. 1,290.04 million difference between the lease value and market value had not been recovered because the development project remained suspended.",English text used for model input,Direct governance complaint / allegation narrative (source-derived),No,,Administrative / Procedural / Integrity,Strict direct state-land lease,Existing development baseline; active splits cleared for regrouping,,,Official audit finding,"Auditor General Annual Report 2024, Urban Development and Housing section, Transworks Square finding.",https://auditorgeneral.gov.lk/web/images/audit-reports/upload/2024/Annual_Report/Annual-Report-2024-English-Web_compressed.pdf,Proposed research label - final human/domain review required,New web-sourced official audit case added to reach the 80-case ML research target.,https://auditorgeneral.gov.lk/web/images/audit-reports/upload/2024/Annual_Report/Annual-Report-2024-English-Web_compressed.pdf,,complaint-development-v0.2-draft-530,Existing baseline,Imported unchanged in substance; provenance not revalidated,Unknown - retain baseline provenance status,,,,,,WEB-063,,,,,Proposed research label - final human/domain review required,Existing development baseline; follow prior label-review status,Development only; not an untouched test set,Yes - before new evaluation,,,,,,Test,2,2,Include - provisional baseline
WEB-064,WEB-064,Pitipana Homagama 30-Year UDA Lease Left Idle for Ten Years,"The Auditor General reported that land at Pitipana, Homagama was acquired on a thirty-year lease on 30 April 2014 for Rs. 4.08 million after UDA approval for a rehabilitation and treatment centre. The land had not been used for the approved purpose and remained idle for ten years, while action was still being taken to obtain the indenture of lease.",English,"The Auditor General reported that land at Pitipana, Homagama was acquired on a thirty-year lease on 30 April 2014 for Rs. 4.08 million after UDA approval for a rehabilitation and treatment centre. The land had not been used for the approved purpose and remained idle for ten years, while action was still being taken to obtain the indenture of lease.",English text used for model input,Direct governance complaint / allegation narrative (source-derived),No,,Administrative / Procedural / Integrity,Strict direct state-land lease,Existing development baseline; active splits cleared for regrouping,,,Official audit finding,"Auditor General Annual Report 2024, National Dangerous Drugs Control Board finding.",https://auditorgeneral.gov.lk/web/images/audit-reports/upload/2024/Annual_Report/Annual-Report-2024-English-Web_compressed.pdf,Proposed research label - final human/domain review required,New web-sourced official audit case added to reach the 80-case ML research target.,https://auditorgeneral.gov.lk/web/images/audit-reports/upload/2024/Annual_Report/Annual-Report-2024-English-Web_compressed.pdf,,complaint-development-v0.2-draft-530,Existing baseline,Imported unchanged in substance; provenance not revalidated,Unknown - retain baseline provenance status,,,,,,WEB-064,,,,,Proposed research label - final human/domain review required,Existing development baseline; follow prior label-review status,Development only; not an untouched test set,Yes - before new evaluation,,,,,,Test,2,2,Include - provisional baseline
WEB-065,WEB-065,Kandy Industrial Park Space Allocated Without Lease Agreement or Rent,"The Auditor General reported that the Board of Investment allocated an 8-by-8-foot space from the service area next to the Kandy Industrial Park office building for a Bank of Ceylon generator room without entering into an agreement. As a result, rent had not been determined or charged for the allocated space.",English,"The Auditor General reported that the Board of Investment allocated an 8-by-8-foot space from the service area next to the Kandy Industrial Park office building for a Bank of Ceylon generator room without entering into an agreement. As a result, rent had not been determined or charged for the allocated space.",English text used for model input,Direct governance complaint / allegation narrative (source-derived),No,,Administrative / Procedural / Integrity,Strict direct state-land lease,Existing development baseline; active splits cleared for regrouping,,,Official audit finding,"Auditor General report on Board of Investment of Sri Lanka 2023, management inefficiency finding.",https://auditorgeneral.gov.lk/web/images/audit-reports/upload/2023/State-Corporations/2-XXXIV/Board-of-Investment-of-Sri-Lanka--E.pdf,Proposed research label - final human/domain review required,New web-sourced official audit case added to reach the 80-case ML research target.,https://auditorgeneral.gov.lk/web/images/audit-reports/upload/2023/State-Corporations/2-XXXIV/Board-of-Investment-of-Sri-Lanka--E.pdf,,complaint-development-v0.2-draft-530,Existing baseline,Imported unchanged in substance; provenance not revalidated,Unknown - retain baseline provenance status,,,,,,WEB-065,,,,,Proposed research label - final human/domain review required,Existing development baseline; follow prior label-review status,Development only; not an untouched test set,Yes - before new evaluation,,,,,,Test,5,5,Include - provisional baseline
WEB-066,WEB-066,Katunayake FTZ Sports Association 16-Acre Lease Rent Valuation Irregularity,"The Auditor General reported that the Board of Investment leased 16 acres in the Katunayake Export Processing Zone to the Free Trade Zone Sports Association under an agreement dated 27 September 1988. The rent remained Rs. 200 per acre per year until September 2018, and the Board proposed an increase to Rs. 1,000 per acre for 30 years without obtaining an independent valuer's report. The Board had also spent Rs. 2.5 million to rehabilitate the ground while earning only Rs. 16,000 per year from the land.",English,"The Auditor General reported that the Board of Investment leased 16 acres in the Katunayake Export Processing Zone to the Free Trade Zone Sports Association under an agreement dated 27 September 1988. The rent remained Rs. 200 per acre per year until September 2018, and the Board proposed an increase to Rs. 1,000 per acre for 30 years without obtaining an independent valuer's report. The Board had also spent Rs. 2.5 million to rehabilitate the ground while earning only Rs. 16,000 per year from the land.",English text used for model input,Direct governance complaint / allegation narrative (source-derived),No,,Lease Revenue / Payment / Enforcement,Strict direct state-land lease,Existing development baseline; active splits cleared for regrouping,,,Official audit finding,"Auditor General report on Board of Investment of Sri Lanka 2023, FTZ Sports Association lease finding.",https://auditorgeneral.gov.lk/web/images/audit-reports/upload/2023/State-Corporations/2-XXXIV/Board-of-Investment-of-Sri-Lanka--E.pdf,Proposed research label - final human/domain review required,New web-sourced official audit case added to reach the 80-case ML research target.,https://auditorgeneral.gov.lk/web/images/audit-reports/upload/2023/State-Corporations/2-XXXIV/Board-of-Investment-of-Sri-Lanka--E.pdf,,complaint-development-v0.2-draft-530,Existing baseline,Imported unchanged in substance; provenance not revalidated,Unknown - retain baseline provenance status,,,,,,WEB-066,,,,,Proposed research label - final human/domain review required,Existing development baseline; follow prior label-review status,Development only; not an untouched test set,Yes - before new evaluation,,,,,,Train,5,5,Include - provisional baseline
WEB-067,WEB-067,Water Resources Board Battaramulla UDA Land Used Without Formal Lease,"The Auditor General reported that a Battaramulla land parcel provided for the Water Resources Board had an annual government-assessed rent of Rs. 2.7 million, but a formal lease agreement with the Urban Development Authority had still not been signed. The Board had paid about Rs. 27.97 million in rent from 2016 to the end of 2024 and had sub-leased the land to the Sri Lanka Bureau of Foreign Employment from August 2023 at a monthly rent of Rs. 460,000.",English,"The Auditor General reported that a Battaramulla land parcel provided for the Water Resources Board had an annual government-assessed rent of Rs. 2.7 million, but a formal lease agreement with the Urban Development Authority had still not been signed. The Board had paid about Rs. 27.97 million in rent from 2016 to the end of 2024 and had sub-leased the land to the Sri Lanka Bureau of Foreign Employment from August 2023 at a monthly rent of Rs. 460,000.",English text used for model input,Direct governance complaint / allegation narrative (source-derived),No,,Administrative / Procedural / Integrity,Strict direct state-land lease,Existing development baseline; active splits cleared for regrouping,,,Official audit finding,Auditor General report on Water Resources Board 2024.,https://www.auditorgeneral.gov.lk/web/images/audit-reports/upload/2024/2-State_Corporations/2-XXVI/Water-Resource-BoardE.pdf,Proposed research label - final human/domain review required,New web-sourced official audit case added to reach the 80-case ML research target.,https://auditorgeneral.gov.lk/web/images/audit-reports/upload/2024/2-State_Corporations/2-XXVI/Water-Resource-BoardE.pdf,,complaint-development-v0.2-draft-530,Existing baseline,Imported unchanged in substance; provenance not revalidated,Unknown - retain baseline provenance status,,,,,,WEB-067,,,,,Proposed research label - final human/domain review required,Existing development baseline; follow prior label-review status,Development only; not an untouched test set,Yes - before new evaluation,,,,,,Validation,1,1,Include - provisional baseline
WEB-068,WEB-068,Chamber of Construction 30-Perch UDA Lease Development Delay,"The Auditor General reported that the Chamber of Construction Industry obtained 30 perches of land from the Urban Development Authority under a 30-year lease agreement signed on 29 December 2021 at an annual rent of Rs. 1.68 million. The lease required a new secretariat building to be constructed within two years, but construction had not commenced by 31 May 2023.",English,"The Auditor General reported that the Chamber of Construction Industry obtained 30 perches of land from the Urban Development Authority under a 30-year lease agreement signed on 29 December 2021 at an annual rent of Rs. 1.68 million. The lease required a new secretariat building to be constructed within two years, but construction had not commenced by 31 May 2023.",English text used for model input,Direct governance complaint / allegation narrative (source-derived),No,,Administrative / Procedural / Integrity,Strict direct state-land lease,Existing development baseline; active splits cleared for regrouping,,,Official audit finding,Auditor General report on Chamber of Construction Industry of Sri Lanka 2022.,https://www.auditorgeneral.gov.lk/web/images/audit-reports/upload/2022/statecorperation/2-xxvi/Chamber-of-Construction-Industry-of-Sri-Lanka--E.pdf,Proposed research label - final human/domain review required,New web-sourced official audit case added to reach the 80-case ML research target.,https://auditorgeneral.gov.lk/web/images/audit-reports/upload/2022/statecorperation/2-xxvi/Chamber-of-Construction-Industry-of-Sri-Lanka--E.pdf,,complaint-development-v0.2-draft-530,Existing baseline,Imported unchanged in substance; provenance not revalidated,Unknown - retain baseline provenance status,,,,,,WEB-068,,,,,Proposed research label - final human/domain review required,Existing development baseline; follow prior label-review status,Development only; not an untouched test set,Yes - before new evaluation,,,,,,Train,4,4,Include - provisional baseline
WEB-069,WEB-069,Waters Edge LALA Park Operated Without Signed Land Lease,"The Auditor General reported that Waters Edge earned Rs. 10,719,033 in annual rent from LALA Park, but a lease agreement for the underlying land had not been signed with the lessor. Management stated that the arrangement was being negotiated with the parent company, the Urban Development Authority, to execute the land lease.",English,"The Auditor General reported that Waters Edge earned Rs. 10,719,033 in annual rent from LALA Park, but a lease agreement for the underlying land had not been signed with the lessor. Management stated that the arrangement was being negotiated with the parent company, the Urban Development Authority, to execute the land lease.",English text used for model input,Direct governance complaint / allegation narrative (source-derived),No,,Administrative / Procedural / Integrity,Strict direct state-land lease,Existing development baseline; active splits cleared for regrouping,,,Official audit finding,Auditor General report on Waters Edge Limited and subsidiaries 2022.,https://www.auditorgeneral.gov.lk/web/images/audit-reports/upload/2022/companies/9-XXXVII/Waters-Edge-Limited-and-its-subsidiaries--E.pdf,Proposed research label - final human/domain review required,New web-sourced official audit case added to reach the 80-case ML research target.,https://auditorgeneral.gov.lk/web/images/audit-reports/upload/2022/companies/9-XXXVII/Waters-Edge-Limited-and-its-subsidiaries--E.pdf,,complaint-development-v0.2-draft-530,Existing baseline,Imported unchanged in substance; provenance not revalidated,Unknown - retain baseline provenance status,,,,,,WEB-069,,,,,Proposed research label - final human/domain review required,Existing development baseline; follow prior label-review status,Development only; not an untouched test set,Yes - before new evaluation,,,,,,Train,2,2,Include - provisional baseline
WEB-070,WEB-070,Arachchikattu 100-Acre Government Land Lease Default and Unrecovered Arrears,"The Auditor General reported that 100 acres of government land in the Kusala Grama Niladhari Division of Arachchikattu had been leased to a private company under a long-term lease. The lease was cancelled in January 2004 because payments had been in default since 1997, but lease arrears and penalty interest calculated at Rs. 36,587,033 up to May 2013 had still not been recovered.",English,"The Auditor General reported that 100 acres of government land in the Kusala Grama Niladhari Division of Arachchikattu had been leased to a private company under a long-term lease. The lease was cancelled in January 2004 because payments had been in default since 1997, but lease arrears and penalty interest calculated at Rs. 36,587,033 up to May 2013 had still not been recovered.",English text used for model input,Direct governance complaint / allegation narrative (source-derived),No,,Lease Revenue / Payment / Enforcement,Strict direct state-land lease,Existing development baseline; active splits cleared for regrouping,,,Official audit finding,Auditor General report on North Western Provincial Council 2023.,https://auditorgeneral.gov.lk/web/images/audit-reports/upload/2023/Provincial_Council/5-vi/North-Western-Provincial-CouncilE.pdf,Proposed research label - final human/domain review required,New web-sourced official audit case added to reach the 80-case ML research target.,https://auditorgeneral.gov.lk/web/images/audit-reports/upload/2023/Provincial_Council/5-vi/North-Western-Provincial-CouncilE.pdf,,complaint-development-v0.2-draft-530,Existing baseline,Imported unchanged in substance; provenance not revalidated,Unknown - retain baseline provenance status,,,,,,WEB-070,,,,,Proposed research label - final human/domain review required,Existing development baseline; follow prior label-review status,Development only; not an untouched test set,Yes - before new evaluation,,,,,,Train,4,4,Include - provisional baseline
WEB-071,WEB-071,Manativ 29-Acre Government Land Lease Sold Without Approval,The Auditor General reported that about 29 acres and 10 perches of government land in the Manativ Grama Niladhari Division of the Puttalam Divisional Secretariat had been leased to a private company for 30 years from 29 June 1988. The company later sold the leased land to another private company on 11 June 2008 without approval from the Provincial Land Commissioner.,English,The Auditor General reported that about 29 acres and 10 perches of government land in the Manativ Grama Niladhari Division of the Puttalam Divisional Secretariat had been leased to a private company for 30 years from 29 June 1988. The company later sold the leased land to another private company on 11 June 2008 without approval from the Provincial Land Commissioner.,English text used for model input,Direct governance complaint / allegation narrative (source-derived),No,,Unauthorized Allocation / Transfer / Use,Strict direct state-land lease,Existing development baseline; active splits cleared for regrouping,,,Official audit finding,Auditor General report on North Western Provincial Council 2023.,https://auditorgeneral.gov.lk/web/images/audit-reports/upload/2023/Provincial_Council/5-vi/North-Western-Provincial-CouncilE.pdf,Proposed research label - final human/domain review required,New web-sourced official audit case added to reach the 80-case ML research target.,https://auditorgeneral.gov.lk/web/images/audit-reports/upload/2023/Provincial_Council/5-vi/North-Western-Provincial-CouncilE.pdf,,complaint-development-v0.2-draft-530,Existing baseline,Imported unchanged in substance; provenance not revalidated,Unknown - retain baseline provenance status,,,,,,WEB-071,,,,,Proposed research label - final human/domain review required,Existing development baseline; follow prior label-review status,Development only; not an untouched test set,Yes - before new evaluation,,,,,,Test,4,4,Include - provisional baseline
WEB-072,WEB-072,Manativ 20.234-Hectare Government Land Lease Arrears at Expiry,"The Auditor General reported that approximately 20.234 hectares of government land in the Manativ Grama Niladhari Division of the Puttalam Divisional Secretariat had been leased to a private company for 30 years from 24 February 1993. Lease arrears remained outstanding during the lease period, and when the agreement ended in February 2023, arrears and penalties due from the company had not been fully recovered.",English,"The Auditor General reported that approximately 20.234 hectares of government land in the Manativ Grama Niladhari Division of the Puttalam Divisional Secretariat had been leased to a private company for 30 years from 24 February 1993. Lease arrears remained outstanding during the lease period, and when the agreement ended in February 2023, arrears and penalties due from the company had not been fully recovered.",English text used for model input,Direct governance complaint / allegation narrative (source-derived),No,,Lease Revenue / Payment / Enforcement,Strict direct state-land lease,Existing development baseline; active splits cleared for regrouping,,,Official audit finding,Auditor General report on North Western Provincial Council 2023.,https://auditorgeneral.gov.lk/web/images/audit-reports/upload/2023/Provincial_Council/5-vi/North-Western-Provincial-CouncilE.pdf,Proposed research label - final human/domain review required,New web-sourced official audit case added to reach the 80-case ML research target.,https://auditorgeneral.gov.lk/web/images/audit-reports/upload/2023/Provincial_Council/5-vi/North-Western-Provincial-CouncilE.pdf,,complaint-development-v0.2-draft-530,Existing baseline,Imported unchanged in substance; provenance not revalidated,Unknown - retain baseline provenance status,,,,,,WEB-072,,,,,Proposed research label - final human/domain review required,Existing development baseline; follow prior label-review status,Development only; not an untouched test set,Yes - before new evaluation,,,,,,Validation,4,4,Include - provisional baseline
WEB-073,WEB-073,Akuressa Cooperative Continued Occupation After Long-Term Lease Expiry,"The Auditor General reported that government land provided by the Akuressa Divisional Secretariat to the Akuressa Multi-Purpose Cooperative Society under long-term lease No. L/2940 had been leased until 11 January 1995. After the lease ended, the land continued to be occupied without a long-term lease agreement and without paying rent for about 26 years. Long-term rent due for 1995 to 2009 alone was reported as Rs. 5.23 million.",English,"The Auditor General reported that government land provided by the Akuressa Divisional Secretariat to the Akuressa Multi-Purpose Cooperative Society under long-term lease No. L/2940 had been leased until 11 January 1995. After the lease ended, the land continued to be occupied without a long-term lease agreement and without paying rent for about 26 years. Long-term rent due for 1995 to 2009 alone was reported as Rs. 5.23 million.",English text used for model input,Direct governance complaint / allegation narrative (source-derived),No,,Unauthorized Allocation / Transfer / Use,Strict direct state-land lease,Existing development baseline; active splits cleared for regrouping,,,Official audit finding,"Auditor General report on Southern Provincial Council 2021, Provincial Department of Land Commissioner.",https://www.auditorgeneral.gov.lk/web/images/audit-reports/upload/2021/provincial_council/5-II/Southern-PC-E.pdf,Proposed research label - final human/domain review required,New web-sourced official audit case added to reach the 80-case ML research target.,https://auditorgeneral.gov.lk/web/images/audit-reports/upload/2021/provincial_council/5-II/Southern-PC-E.pdf,,complaint-development-v0.2-draft-530,Existing baseline,Imported unchanged in substance; provenance not revalidated,Unknown - retain baseline provenance status,,,,,,WEB-073,,,,,Proposed research label - final human/domain review required,Existing development baseline; follow prior label-review status,Development only; not an untouched test set,Yes - before new evaluation,,,,,,Train,4,4,Include - provisional baseline
WEB-074,WEB-074,Kandy Resort State-Land Lease Following Eleven Years of Unauthorized Occupation,"The Auditor General reported that 0.238 hectares of government land in the Gangawata Korale Divisional Secretariat Division, Kandy, was granted to a private company on a 30-year long-term lease in 2006 for a resort. The same lessee had occupied the land unlawfully from 1995 to 2006, and the Government Valuer assessed lost revenue of Rs. 6,932,500 for that period.",English,"The Auditor General reported that 0.238 hectares of government land in the Gangawata Korale Divisional Secretariat Division, Kandy, was granted to a private company on a 30-year long-term lease in 2006 for a resort. The same lessee had occupied the land unlawfully from 1995 to 2006, and the Government Valuer assessed lost revenue of Rs. 6,932,500 for that period.",English text used for model input,Direct governance complaint / allegation narrative (source-derived),No,,Unauthorized Allocation / Transfer / Use,Strict direct state-land lease,Existing development baseline; active splits cleared for regrouping,,,Official audit finding,Auditor General report on Land Commissioner General's Department 2019.,https://www.auditorgeneral.gov.lk/web/images/audit-reports/upload/2019/mindept_19/1_12/Head286DepartmentofCommissionerGeneralofLandE.pdf,Proposed research label - final human/domain review required,New web-sourced official audit case added to reach the 80-case ML research target.,https://auditorgeneral.gov.lk/web/images/audit-reports/upload/2019/mindept_19/1_12/Head286DepartmentofCommissionerGeneralofLandE.pdf,,complaint-development-v0.2-draft-530,Existing baseline,Imported unchanged in substance; provenance not revalidated,Unknown - retain baseline provenance status,,,,,,WEB-074,,,,,Proposed research label - final human/domain review required,Existing development baseline; follow prior label-review status,Development only; not an untouched test set,Yes - before new evaluation,,,,,,Test,3,3,Include - provisional baseline
WEB-075,WEB-075,ITN Thimbirigasyaya Long-Term State-Land Lease Revenue Non-Recovery,"The Auditor General reported that 29.88 perches of government land in the Thimbirigasyaya Divisional Secretariat Division had been given to Independent Television Network Limited on long-term lease in 1999. Notification of the payable lease amount was delayed by nearly three years and no rent was levied for ten years; Rs. 36,225,000 remained due, while the absence of an issued lease prevented legal action for non-payment.",English,"The Auditor General reported that 29.88 perches of government land in the Thimbirigasyaya Divisional Secretariat Division had been given to Independent Television Network Limited on long-term lease in 1999. Notification of the payable lease amount was delayed by nearly three years and no rent was levied for ten years; Rs. 36,225,000 remained due, while the absence of an issued lease prevented legal action for non-payment.",English text used for model input,Direct governance complaint / allegation narrative (source-derived),No,,Lease Revenue / Payment / Enforcement,Strict direct state-land lease,Existing development baseline; active splits cleared for regrouping,,,Official audit finding,Auditor General report on Land Commissioner General's Department 2019.,https://www.auditorgeneral.gov.lk/web/images/audit-reports/upload/2019/mindept_19/1_12/Head286DepartmentofCommissionerGeneralofLandE.pdf,Proposed research label - final human/domain review required,New web-sourced official audit case added to reach the 80-case ML research target.,https://auditorgeneral.gov.lk/web/images/audit-reports/upload/2019/mindept_19/1_12/Head286DepartmentofCommissionerGeneralofLandE.pdf,,complaint-development-v0.2-draft-530,Existing baseline,Imported unchanged in substance; provenance not revalidated,Unknown - retain baseline provenance status,,,,,,WEB-075,,,,,Proposed research label - final human/domain review required,Existing development baseline; follow prior label-review status,Development only; not an untouched test set,Yes - before new evaluation,,,,,,Test,3,3,Include - provisional baseline
WEB-076,WEB-076,Dodangoda 30-Year Government Land Lease Arrears,"The Auditor General reported that 2 acres, 1 rood and 10 perches of land in the Dodangoda Divisional Secretariat area had been leased to a private institution for 30 years. An outstanding lease amount of Rs. 254,100 remained at the end of 2015.",English,"The Auditor General reported that 2 acres, 1 rood and 10 perches of land in the Dodangoda Divisional Secretariat area had been leased to a private institution for 30 years. An outstanding lease amount of Rs. 254,100 remained at the end of 2015.",English text used for model input,Direct governance complaint / allegation narrative (source-derived),No,,Lease Revenue / Payment / Enforcement,Strict direct state-land lease,Existing development baseline; active splits cleared for regrouping,,,Official audit finding,"Auditor General report on Western Provincial Council 2015, Provincial Land Commissioner revenue observations.",https://auditorgeneral.gov.lk/web/images/audit-reports/upload/2015/provincialcouncil_2015/WesternProvincialCouncilE.pdf,Proposed research label - final human/domain review required,New web-sourced official audit case added to reach the 80-case ML research target.,https://auditorgeneral.gov.lk/web/images/audit-reports/upload/2015/provincialcouncil_2015/WesternProvincialCouncilE.pdf,,complaint-development-v0.2-draft-530,Existing baseline,Imported unchanged in substance; provenance not revalidated,Unknown - retain baseline provenance status,,,,,,WEB-076,,,,,Proposed research label - final human/domain review required,Existing development baseline; follow prior label-review status,Development only; not an untouched test set,Yes - before new evaluation,,,,,,Validation,4,4,Include - provisional baseline
WEB-077,WEB-077,Highlevel Road Nugegoda Long-Term Lease Rent Not Reassessed,"The Auditor General reported that land on Highlevel Road, Nugegoda, belonging to the Dehiwala Divisional Secretariat had been leased for 30 years in 2000. The lease required rent to be reassessed every five years by at least 50 percent, but revisions were not made in 2005 or 2010, and Rs. 1,342,234 remained outstanding by October 2015.",English,"The Auditor General reported that land on Highlevel Road, Nugegoda, belonging to the Dehiwala Divisional Secretariat had been leased for 30 years in 2000. The lease required rent to be reassessed every five years by at least 50 percent, but revisions were not made in 2005 or 2010, and Rs. 1,342,234 remained outstanding by October 2015.",English text used for model input,Direct governance complaint / allegation narrative (source-derived),No,,Lease Revenue / Payment / Enforcement,Strict direct state-land lease,Existing development baseline; active splits cleared for regrouping,,,Official audit finding,Auditor General report on Western Provincial Council 2015.,https://auditorgeneral.gov.lk/web/images/audit-reports/upload/2015/provincialcouncil_2015/WesternProvincialCouncilE.pdf,Proposed research label - final human/domain review required,New web-sourced official audit case added to reach the 80-case ML research target.,https://auditorgeneral.gov.lk/web/images/audit-reports/upload/2015/provincialcouncil_2015/WesternProvincialCouncilE.pdf,,complaint-development-v0.2-draft-530,Existing baseline,Imported unchanged in substance; provenance not revalidated,Unknown - retain baseline provenance status,,,,,,WEB-077,,,,,Proposed research label - final human/domain review required,Existing development baseline; follow prior label-review status,Development only; not an untouched test set,Yes - before new evaluation,,,,,,Test,4,4,Include - provisional baseline
WEB-078,WEB-078,Thalagolla Ragama State-Land Lease Expired Without Renewal,"The Auditor General reported that 4.209 hectares of land at Thalagolla Village, Ragama, had been leased to Colombo North Medical College for 30 years in 1981 and was later used by the Medical Faculty of the University of Kelaniya. The lease expired in May 2011, but the agreement was not extended, causing about four and a half years of lease income to remain unrecovered.",English,"The Auditor General reported that 4.209 hectares of land at Thalagolla Village, Ragama, had been leased to Colombo North Medical College for 30 years in 1981 and was later used by the Medical Faculty of the University of Kelaniya. The lease expired in May 2011, but the agreement was not extended, causing about four and a half years of lease income to remain unrecovered.",English text used for model input,Direct governance complaint / allegation narrative (source-derived),No,,Lease Revenue / Payment / Enforcement,Strict direct state-land lease,Existing development baseline; active splits cleared for regrouping,,,Official audit finding,Auditor General report on Western Provincial Council 2015.,https://auditorgeneral.gov.lk/web/images/audit-reports/upload/2015/provincialcouncil_2015/WesternProvincialCouncilE.pdf,Proposed research label - final human/domain review required,New web-sourced official audit case added to reach the 80-case ML research target.,https://auditorgeneral.gov.lk/web/images/audit-reports/upload/2015/provincialcouncil_2015/WesternProvincialCouncilE.pdf,,complaint-development-v0.2-draft-530,Existing baseline,Imported unchanged in substance; provenance not revalidated,Unknown - retain baseline provenance status,,,,,,WEB-078,,,,,Proposed research label - final human/domain review required,Existing development baseline; follow prior label-review status,Development only; not an untouched test set,Yes - before new evaluation,,,,,,Train,4,4,Include - provisional baseline
WEB-079,WEB-079,Pembruk Estate Garment Factory Long-Term Lease Rent Default,"The Auditor General reported that 2 acres and 15.18 perches of Pembruk Estate in Kalutara District had been leased to Vintor Fashions (Private) Limited for 30 years from February 1992 to establish a garment factory. The company had defaulted on lease rent, with Rs. 2,661,282 in arrears up to February 2015, while 2016 and 2017 rent and surcharges had not yet been computed.",English,"The Auditor General reported that 2 acres and 15.18 perches of Pembruk Estate in Kalutara District had been leased to Vintor Fashions (Private) Limited for 30 years from February 1992 to establish a garment factory. The company had defaulted on lease rent, with Rs. 2,661,282 in arrears up to February 2015, while 2016 and 2017 rent and surcharges had not yet been computed.",English text used for model input,Direct governance complaint / allegation narrative (source-derived),No,,Lease Revenue / Payment / Enforcement,Strict direct state-land lease,Existing development baseline; active splits cleared for regrouping,,,Official audit finding,Auditor General report on Land Reform Commission 2017.,https://www.auditorgeneral.gov.lk/web/images/audit-reports/upload/2017/State_Corp/Land-Reform-Commission---E.pdf,Proposed research label - final human/domain review required,New web-sourced official audit case added to reach the 80-case ML research target.,https://auditorgeneral.gov.lk/web/images/audit-reports/upload/2017/State_Corp/Land-Reform-Commission---E.pdf,,complaint-development-v0.2-draft-530,Existing baseline,Imported unchanged in substance; provenance not revalidated,Unknown - retain baseline provenance status,,,,,,WEB-079,,,,,Proposed research label - final human/domain review required,Existing development baseline; follow prior label-review status,Development only; not an untouched test set,Yes - before new evaluation,,,,,,Test,3,3,Include - provisional baseline
WEB-080,WEB-080,Rathwetiya Estate Tea Factory Lease Arrears and Failure to Cancel Agreement,"The Auditor General reported that 2 roods and 16 perches of Rathwetiya Estate, including a tea factory building, had been leased to the Sangaruwanketha Milk Producers' Cooperative Society Limited in May 1997 by deviating from the normal leasing procedure. No lease rent had been paid for about 15 years, arrears and surcharges had reached Rs. 4,596,800 by May 2016, and no action had been taken to cancel the lease agreement or otherwise enforce it.",English,"The Auditor General reported that 2 roods and 16 perches of Rathwetiya Estate, including a tea factory building, had been leased to the Sangaruwanketha Milk Producers' Cooperative Society Limited in May 1997 by deviating from the normal leasing procedure. No lease rent had been paid for about 15 years, arrears and surcharges had reached Rs. 4,596,800 by May 2016, and no action had been taken to cancel the lease agreement or otherwise enforce it.",English text used for model input,Direct governance complaint / allegation narrative (source-derived),No,,Administrative / Procedural / Integrity,Strict direct state-land lease,Existing development baseline; active splits cleared for regrouping,,,Official audit finding,Auditor General report on Land Reform Commission 2017.,https://www.auditorgeneral.gov.lk/web/images/audit-reports/upload/2017/State_Corp/Land-Reform-Commission---E.pdf,Proposed research label - final human/domain review required,New web-sourced official audit case added to reach the 80-case ML research target.,https://auditorgeneral.gov.lk/web/images/audit-reports/upload/2017/State_Corp/Land-Reform-Commission---E.pdf,,complaint-development-v0.2-draft-530,Existing baseline,Imported unchanged in substance; provenance not revalidated,Unknown - retain baseline provenance status,,,,,,WEB-080,,,,,Proposed research label - final human/domain review required,Existing development baseline; follow prior label-review status,Development only; not an untouched test set,Yes - before new evaluation,,,,,,Test,3,3,Include - provisional baseline
WEB-081,WEB-081,Bribery / Improper Payment complaint,A complainant alleges that an officer requested an unofficial payment to accelerate approval of a lease application for a state land parcel in Kandy. The application had otherwise remained pending without a documented reason.,English,A complainant alleges that an officer requested an unofficial payment to accelerate approval of a lease application for a state land parcel in Kandy. The application had otherwise remained pending without a documented reason.,English text used for model input,Governance complaint narrative,No,Administrative / Procedural / Integrity,Administrative / Procedural / Integrity,State-land lease governance complaint,Existing development baseline; active splits cleared for regrouping,,,Verified,Land Commissioner verification (user-confirmed),,Commissioner-confirmed label (user-confirmed),"Record validity confirmed by the Land Commissioner, as reported by the user.",WEB-GRP-081,,complaint-development-v0.2-draft-530,Existing baseline,Imported unchanged in substance; provenance not revalidated,Unknown - retain baseline provenance status,,,,,,WEB-081,,,,,Commissioner-confirmed label (user-confirmed),Existing development baseline; follow prior label-review status,Development only; not an untouched test set,Yes - before new evaluation,,,,,,,,,Classifier development and evaluation
WEB-082,WEB-082,Bribery / Improper Payment complaint,It is alleged that a payment was demanded outside the official fee schedule before the responsible government institution would process the renewal of a state-land lease in Hambantota.,English,It is alleged that a payment was demanded outside the official fee schedule before the responsible government institution would process the renewal of a state-land lease in Hambantota.,English text used for model input,Governance complaint narrative,No,Administrative / Procedural / Integrity,Administrative / Procedural / Integrity,State-land lease governance complaint,Existing development baseline; active splits cleared for regrouping,,,Verified,Land Commissioner verification (user-confirmed),,Commissioner-confirmed label (user-confirmed),"Record validity confirmed by the Land Commissioner, as reported by the user.",WEB-GRP-082,,complaint-development-v0.2-draft-530,Existing baseline,Imported unchanged in substance; provenance not revalidated,Unknown - retain baseline provenance status,,,,,,WEB-082,,,,,Commissioner-confirmed label (user-confirmed),Existing development baseline; follow prior label-review status,Development only; not an untouched test set,Yes - before new evaluation,,,,,,,,,Classifier development and evaluation
WEB-083,WEB-083,Bribery / Improper Payment complaint,"A lessee reports that an intermediary linked to an official asked for LKR 450,000 to secure a favourable lease decision concerning a tourism-development land. No receipt or official payment instruction was provided.",English,"A lessee reports that an intermediary linked to an official asked for LKR 450,000 to secure a favourable lease decision concerning a tourism-development land. No receipt or official payment instruction was provided.",English text used for model input,Governance complaint narrative,No,Administrative / Procedural / Integrity,Administrative / Procedural / Integrity,State-land lease governance complaint,Existing development baseline; active splits cleared for regrouping,,,Verified,Land Commissioner verification (user-confirmed),,Commissioner-confirmed label (user-confirmed),"Record validity confirmed by the Land Commissioner, as reported by the user.",WEB-GRP-083,,complaint-development-v0.2-draft-530,Existing baseline,Imported unchanged in substance; provenance not revalidated,Unknown - retain baseline provenance status,,,,,,WEB-083,,,,,Commissioner-confirmed label (user-confirmed),Existing development baseline; follow prior label-review status,Development only; not an untouched test set,Yes - before new evaluation,,,,,,,,,Classifier development and evaluation
WEB-084,WEB-084,Bribery / Improper Payment complaint,An allegation states that a lease-related inspection was delayed until an unofficial payment was offered to an officer handling the file in Matara.,English,An allegation states that a lease-related inspection was delayed until an unofficial payment was offered to an officer handling the file in Matara.,English text used for model input,Governance complaint narrative,No,Administrative / Procedural / Integrity,Administrative / Procedural / Integrity,State-land lease governance complaint,Existing development baseline; active splits cleared for regrouping,,,Verified,Land Commissioner verification (user-confirmed),,Commissioner-confirmed label (user-confirmed),"Record validity confirmed by the Land Commissioner, as reported by the user.",WEB-GRP-084,,complaint-development-v0.2-draft-530,Existing baseline,Imported unchanged in substance; provenance not revalidated,Unknown - retain baseline provenance status,,,,,,WEB-084,,,,,Commissioner-confirmed label (user-confirmed),Existing development baseline; follow prior label-review status,Development only; not an untouched test set,Yes - before new evaluation,,,,,,,,,Classifier development and evaluation
WEB-085,WEB-085,Bribery / Improper Payment complaint,A complaint claims that an officer sought a personal benefit in return for recommending approval of a government-land lease application.,English,A complaint claims that an officer sought a personal benefit in return for recommending approval of a government-land lease application.,English text used for model input,Governance complaint narrative,No,Administrative / Procedural / Integrity,Administrative / Procedural / Integrity,State-land lease governance complaint,Existing development baseline; active splits cleared for regrouping,,,Verified,Land Commissioner verification (user-confirmed),,Commissioner-confirmed label (user-confirmed),"Record validity confirmed by the Land Commissioner, as reported by the user.",WEB-GRP-085,,complaint-development-v0.2-draft-530,Existing baseline,Imported unchanged in substance; provenance not revalidated,Unknown - retain baseline provenance status,,,,,,WEB-085,,,,,Commissioner-confirmed label (user-confirmed),Existing development baseline; follow prior label-review status,Development only; not an untouched test set,Yes - before new evaluation,,,,,,,,,Classifier development and evaluation
WEB-086,WEB-086,Sexual Bribery / Sextortion complaint,A complainant alleges that an officer requested a sexual favour in exchange for assisting with approval of a state-land lease application in Puttalam. The alleged request was unrelated to any lawful lease requirement.,English,A complainant alleges that an officer requested a sexual favour in exchange for assisting with approval of a state-land lease application in Puttalam. The alleged request was unrelated to any lawful lease requirement.,English text used for model input,Governance complaint narrative,No,Administrative / Procedural / Integrity,Administrative / Procedural / Integrity,State-land lease governance complaint,Existing development baseline; active splits cleared for regrouping,,,Verified,Land Commissioner verification (user-confirmed),,Commissioner-confirmed label (user-confirmed),"Record validity confirmed by the Land Commissioner, as reported by the user.",WEB-GRP-086,,complaint-development-v0.2-draft-530,Existing baseline,Imported unchanged in substance; provenance not revalidated,Unknown - retain baseline provenance status,,,,,,WEB-086,,,,,Commissioner-confirmed label (user-confirmed),Existing development baseline; follow prior label-review status,Development only; not an untouched test set,Yes - before new evaluation,,,,,,,,,Classifier development and evaluation
WEB-087,WEB-087,Sexual Bribery / Sextortion complaint,It is alleged that an official implied that favourable treatment of a land-lease dispute would depend on the complainant providing a sexual favour.,English,It is alleged that an official implied that favourable treatment of a land-lease dispute would depend on the complainant providing a sexual favour.,English text used for model input,Governance complaint narrative,No,Administrative / Procedural / Integrity,Administrative / Procedural / Integrity,State-land lease governance complaint,Existing development baseline; active splits cleared for regrouping,,,Verified,Land Commissioner verification (user-confirmed),,Commissioner-confirmed label (user-confirmed),"Record validity confirmed by the Land Commissioner, as reported by the user.",WEB-GRP-087,,complaint-development-v0.2-draft-530,Existing baseline,Imported unchanged in substance; provenance not revalidated,Unknown - retain baseline provenance status,,,,,,WEB-087,,,,,Commissioner-confirmed label (user-confirmed),Existing development baseline; follow prior label-review status,Development only; not an untouched test set,Yes - before new evaluation,,,,,,,,,Classifier development and evaluation
WEB-088,WEB-088,Sexual Bribery / Sextortion complaint,A complaint states that a lease-renewal applicant was pressured to provide a sexual favour before the file would be recommended for approval.,English,A complaint states that a lease-renewal applicant was pressured to provide a sexual favour before the file would be recommended for approval.,English text used for model input,Governance complaint narrative,No,Administrative / Procedural / Integrity,Administrative / Procedural / Integrity,State-land lease governance complaint,Existing development baseline; active splits cleared for regrouping,,,Verified,Land Commissioner verification (user-confirmed),,Commissioner-confirmed label (user-confirmed),"Record validity confirmed by the Land Commissioner, as reported by the user.",WEB-GRP-088,,complaint-development-v0.2-draft-530,Existing baseline,Imported unchanged in substance; provenance not revalidated,Unknown - retain baseline provenance status,,,,,,WEB-088,,,,,Commissioner-confirmed label (user-confirmed),Existing development baseline; follow prior label-review status,Development only; not an untouched test set,Yes - before new evaluation,,,,,,,,,Classifier development and evaluation
WEB-089,WEB-089,Sexual Bribery / Sextortion complaint,A land applicant alleges that an officer linked progress on a state-land allocation request to an unwanted sexual demand.,English,A land applicant alleges that an officer linked progress on a state-land allocation request to an unwanted sexual demand.,English text used for model input,Governance complaint narrative,No,Administrative / Procedural / Integrity,Administrative / Procedural / Integrity,State-land lease governance complaint,Existing development baseline; active splits cleared for regrouping,,,Verified,Land Commissioner verification (user-confirmed),,Commissioner-confirmed label (user-confirmed),"Record validity confirmed by the Land Commissioner, as reported by the user.",WEB-GRP-089,,complaint-development-v0.2-draft-530,Existing baseline,Imported unchanged in substance; provenance not revalidated,Unknown - retain baseline provenance status,,,,,,WEB-089,,,,,Commissioner-confirmed label (user-confirmed),Existing development baseline; follow prior label-review status,Development only; not an untouched test set,Yes - before new evaluation,,,,,,,,,Classifier development and evaluation
WEB-090,WEB-090,Coercion / Blackmail / Intimidation complaint,A complainant alleges that an officer threatened to obstruct a lease renewal unless the applicant withdrew a complaint about irregular handling of the land file.,English,A complainant alleges that an officer threatened to obstruct a lease renewal unless the applicant withdrew a complaint about irregular handling of the land file.,English text used for model input,Governance complaint narrative,No,Administrative / Procedural / Integrity,Administrative / Procedural / Integrity,State-land lease governance complaint,Existing development baseline; active splits cleared for regrouping,,,Verified,Land Commissioner verification (user-confirmed),,Commissioner-confirmed label (user-confirmed),"Record validity confirmed by the Land Commissioner, as reported by the user.",WEB-GRP-090,,complaint-development-v0.2-draft-530,Existing baseline,Imported unchanged in substance; provenance not revalidated,Unknown - retain baseline provenance status,,,,,,WEB-090,,,,,Commissioner-confirmed label (user-confirmed),Existing development baseline; follow prior label-review status,Development only; not an untouched test set,Yes - before new evaluation,,,,,,,,,Classifier development and evaluation
WEB-091,WEB-091,Coercion / Blackmail / Intimidation complaint,It is alleged that a lessee was pressured to sign an unfavourable document after being threatened with cancellation of the state-land lease.,English,It is alleged that a lessee was pressured to sign an unfavourable document after being threatened with cancellation of the state-land lease.,English text used for model input,Governance complaint narrative,No,Administrative / Procedural / Integrity,Administrative / Procedural / Integrity,State-land lease governance complaint,Existing development baseline; active splits cleared for regrouping,,,Verified,Land Commissioner verification (user-confirmed),,Commissioner-confirmed label (user-confirmed),"Record validity confirmed by the Land Commissioner, as reported by the user.",WEB-GRP-091,,complaint-development-v0.2-draft-530,Existing baseline,Imported unchanged in substance; provenance not revalidated,Unknown - retain baseline provenance status,,,,,,WEB-091,,,,,Commissioner-confirmed label (user-confirmed),Existing development baseline; follow prior label-review status,Development only; not an untouched test set,Yes - before new evaluation,,,,,,,,,Classifier development and evaluation
WEB-092,WEB-092,Coercion / Blackmail / Intimidation complaint,A complaint states that an applicant was told that adverse information would be disclosed unless they abandoned an objection to a contested lease allocation.,English,A complaint states that an applicant was told that adverse information would be disclosed unless they abandoned an objection to a contested lease allocation.,English text used for model input,Governance complaint narrative,No,Administrative / Procedural / Integrity,Administrative / Procedural / Integrity,State-land lease governance complaint,Existing development baseline; active splits cleared for regrouping,,,Verified,Land Commissioner verification (user-confirmed),,Commissioner-confirmed label (user-confirmed),"Record validity confirmed by the Land Commissioner, as reported by the user.",WEB-GRP-092,,complaint-development-v0.2-draft-530,Existing baseline,Imported unchanged in substance; provenance not revalidated,Unknown - retain baseline provenance status,,,,,,WEB-092,,,,,Commissioner-confirmed label (user-confirmed),Existing development baseline; follow prior label-review status,Development only; not an untouched test set,Yes - before new evaluation,,,,,,,,,Classifier development and evaluation
WEB-093,WEB-093,Coercion / Blackmail / Intimidation complaint,A land user alleges intimidation by an official who threatened enforcement action unless the user stopped questioning the lease decision.,English,A land user alleges intimidation by an official who threatened enforcement action unless the user stopped questioning the lease decision.,English text used for model input,Governance complaint narrative,No,Administrative / Procedural / Integrity,Administrative / Procedural / Integrity,State-land lease governance complaint,Existing development baseline; active splits cleared for regrouping,,,Verified,Land Commissioner verification (user-confirmed),,Commissioner-confirmed label (user-confirmed),"Record validity confirmed by the Land Commissioner, as reported by the user.",WEB-GRP-093,,complaint-development-v0.2-draft-530,Existing baseline,Imported unchanged in substance; provenance not revalidated,Unknown - retain baseline provenance status,,,,,,WEB-093,,,,,Commissioner-confirmed label (user-confirmed),Existing development baseline; follow prior label-review status,Development only; not an untouched test set,Yes - before new evaluation,,,,,,,,,Classifier development and evaluation
WEB-094,WEB-094,Conflict of Interest / Favoritism complaint,A lease application for a coastal state land in Kurunegala was allegedly given preferential treatment because the proposed lessee had a personal connection to an officer involved in the recommendation process.,English,A lease application for a coastal state land in Kurunegala was allegedly given preferential treatment because the proposed lessee had a personal connection to an officer involved in the recommendation process.,English text used for model input,Governance complaint narrative,No,Administrative / Procedural / Integrity,Administrative / Procedural / Integrity,State-land lease governance complaint,Existing development baseline; active splits cleared for regrouping,,,Verified,Land Commissioner verification (user-confirmed),,Commissioner-confirmed label (user-confirmed),"Record validity confirmed by the Land Commissioner, as reported by the user.",WEB-GRP-094,,complaint-development-v0.2-draft-530,Existing baseline,Imported unchanged in substance; provenance not revalidated,Unknown - retain baseline provenance status,,,,,,WEB-094,,,,,Commissioner-confirmed label (user-confirmed),Existing development baseline; follow prior label-review status,Development only; not an untouched test set,Yes - before new evaluation,,,,,,,,,Classifier development and evaluation
WEB-095,WEB-095,Conflict of Interest / Favoritism complaint,It is alleged that competing lease applications were not assessed consistently and a related party received favourable treatment without a documented justification.,English,It is alleged that competing lease applications were not assessed consistently and a related party received favourable treatment without a documented justification.,English text used for model input,Governance complaint narrative,No,Administrative / Procedural / Integrity,Administrative / Procedural / Integrity,State-land lease governance complaint,Existing development baseline; active splits cleared for regrouping,,,Verified,Land Commissioner verification (user-confirmed),,Commissioner-confirmed label (user-confirmed),"Record validity confirmed by the Land Commissioner, as reported by the user.",WEB-GRP-095,,complaint-development-v0.2-draft-530,Existing baseline,Imported unchanged in substance; provenance not revalidated,Unknown - retain baseline provenance status,,,,,,WEB-095,,,,,Commissioner-confirmed label (user-confirmed),Existing development baseline; follow prior label-review status,Development only; not an untouched test set,Yes - before new evaluation,,,,,,,,,Classifier development and evaluation
WEB-096,WEB-096,Conflict of Interest / Favoritism complaint,"A complaint alleges that an official participated in a lease decision involving a business linked to a close associate, without declaring a conflict of interest.",English,"A complaint alleges that an official participated in a lease decision involving a business linked to a close associate, without declaring a conflict of interest.",English text used for model input,Governance complaint narrative,No,Administrative / Procedural / Integrity,Administrative / Procedural / Integrity,State-land lease governance complaint,Existing development baseline; active splits cleared for regrouping,,,Verified,Land Commissioner verification (user-confirmed),,Commissioner-confirmed label (user-confirmed),"Record validity confirmed by the Land Commissioner, as reported by the user.",WEB-GRP-096,,complaint-development-v0.2-draft-530,Existing baseline,Imported unchanged in substance; provenance not revalidated,Unknown - retain baseline provenance status,,,,,,WEB-096,,,,,Commissioner-confirmed label (user-confirmed),Existing development baseline; follow prior label-review status,Development only; not an untouched test set,Yes - before new evaluation,,,,,,,,,Classifier development and evaluation
WEB-097,WEB-097,Conflict of Interest / Favoritism complaint,A state-land allocation was allegedly recommended to a favoured applicant even though another applicant had completed the required process earlier.,English,A state-land allocation was allegedly recommended to a favoured applicant even though another applicant had completed the required process earlier.,English text used for model input,Governance complaint narrative,No,Administrative / Procedural / Integrity,Administrative / Procedural / Integrity,State-land lease governance complaint,Existing development baseline; active splits cleared for regrouping,,,Verified,Land Commissioner verification (user-confirmed),,Commissioner-confirmed label (user-confirmed),"Record validity confirmed by the Land Commissioner, as reported by the user.",WEB-GRP-097,,complaint-development-v0.2-draft-530,Existing baseline,Imported unchanged in substance; provenance not revalidated,Unknown - retain baseline provenance status,,,,,,WEB-097,,,,,Commissioner-confirmed label (user-confirmed),Existing development baseline; follow prior label-review status,Development only; not an untouched test set,Yes - before new evaluation,,,,,,,,,Classifier development and evaluation
WEB-098,WEB-098,Approval / Procurement Bypass complaint,A urban development land in Kalutara was allegedly leased without obtaining a required approval or completing the prescribed competitive selection process.,English,A urban development land in Kalutara was allegedly leased without obtaining a required approval or completing the prescribed competitive selection process.,English text used for model input,Governance complaint narrative,No,Administrative / Procedural / Integrity,Administrative / Procedural / Integrity,State-land lease governance complaint,Existing development baseline; active splits cleared for regrouping,,,Verified,Land Commissioner verification (user-confirmed),,Commissioner-confirmed label (user-confirmed),"Record validity confirmed by the Land Commissioner, as reported by the user.",WEB-GRP-098,,complaint-development-v0.2-draft-530,Existing baseline,Imported unchanged in substance; provenance not revalidated,Unknown - retain baseline provenance status,,,,,,WEB-098,,,,,Commissioner-confirmed label (user-confirmed),Existing development baseline; follow prior label-review status,Development only; not an untouched test set,Yes - before new evaluation,,,,,,,,,Classifier development and evaluation
WEB-099,WEB-099,Approval / Procurement Bypass complaint,The lease file allegedly proceeded despite missing mandatory approval from the competent authority and incomplete procurement documentation.,English,The lease file allegedly proceeded despite missing mandatory approval from the competent authority and incomplete procurement documentation.,English text used for model input,Governance complaint narrative,No,Administrative / Procedural / Integrity,Administrative / Procedural / Integrity,State-land lease governance complaint,Existing development baseline; active splits cleared for regrouping,,,Verified,Land Commissioner verification (user-confirmed),,Commissioner-confirmed label (user-confirmed),"Record validity confirmed by the Land Commissioner, as reported by the user.",WEB-GRP-099,,complaint-development-v0.2-draft-530,Existing baseline,Imported unchanged in substance; provenance not revalidated,Unknown - retain baseline provenance status,,,,,,WEB-099,,,,,Commissioner-confirmed label (user-confirmed),Existing development baseline; follow prior label-review status,Development only; not an untouched test set,Yes - before new evaluation,,,,,,,,,Classifier development and evaluation
WEB-100,WEB-100,Approval / Procurement Bypass complaint,A complaint states that a long-term lease was issued before the required valuation and formal approval steps were completed.,English,A complaint states that a long-term lease was issued before the required valuation and formal approval steps were completed.,English text used for model input,Governance complaint narrative,No,Administrative / Procedural / Integrity,Administrative / Procedural / Integrity,State-land lease governance complaint,Existing development baseline; active splits cleared for regrouping,,,Verified,Land Commissioner verification (user-confirmed),,Commissioner-confirmed label (user-confirmed),"Record validity confirmed by the Land Commissioner, as reported by the user.",WEB-GRP-100,,complaint-development-v0.2-draft-530,Existing baseline,Imported unchanged in substance; provenance not revalidated,Unknown - retain baseline provenance status,,,,,,WEB-100,,,,,Commissioner-confirmed label (user-confirmed),Existing development baseline; follow prior label-review status,Development only; not an untouched test set,Yes - before new evaluation,,,,,,,,,Classifier development and evaluation
WEB-101,WEB-101,Approval / Procurement Bypass complaint,It is alleged that the district land administration changed key lease conditions after selection without recording the required authorization.,English,It is alleged that the district land administration changed key lease conditions after selection without recording the required authorization.,English text used for model input,Governance complaint narrative,No,Administrative / Procedural / Integrity,Administrative / Procedural / Integrity,State-land lease governance complaint,Existing development baseline; active splits cleared for regrouping,,,Verified,Land Commissioner verification (user-confirmed),,Commissioner-confirmed label (user-confirmed),"Record validity confirmed by the Land Commissioner, as reported by the user.",WEB-GRP-101,,complaint-development-v0.2-draft-530,Existing baseline,Imported unchanged in substance; provenance not revalidated,Unknown - retain baseline provenance status,,,,,,WEB-101,,,,,Commissioner-confirmed label (user-confirmed),Existing development baseline; follow prior label-review status,Development only; not an untouched test set,Yes - before new evaluation,,,,,,,,,Classifier development and evaluation
WEB-102,WEB-102,Document Tampering / False Certification complaint,A complaint alleges that a lease file contained a certificate stating that an inspection had been completed even though no inspection reportedly occurred.,English,A complaint alleges that a lease file contained a certificate stating that an inspection had been completed even though no inspection reportedly occurred.,English text used for model input,Governance complaint narrative,No,Administrative / Procedural / Integrity,Administrative / Procedural / Integrity,State-land lease governance complaint,Existing development baseline; active splits cleared for regrouping,,,Verified,Land Commissioner verification (user-confirmed),,Commissioner-confirmed label (user-confirmed),"Record validity confirmed by the Land Commissioner, as reported by the user.",WEB-GRP-102,,complaint-development-v0.2-draft-530,Existing baseline,Imported unchanged in substance; provenance not revalidated,Unknown - retain baseline provenance status,,,,,,WEB-102,,,,,Commissioner-confirmed label (user-confirmed),Existing development baseline; follow prior label-review status,Development only; not an untouched test set,Yes - before new evaluation,,,,,,,,,Classifier development and evaluation
WEB-103,WEB-103,Document Tampering / False Certification complaint,It is alleged that dates in a land-lease approval record were altered to make an application appear to have been processed earlier.,English,It is alleged that dates in a land-lease approval record were altered to make an application appear to have been processed earlier.,English text used for model input,Governance complaint narrative,No,Administrative / Procedural / Integrity,Administrative / Procedural / Integrity,State-land lease governance complaint,Existing development baseline; active splits cleared for regrouping,,,Verified,Land Commissioner verification (user-confirmed),,Commissioner-confirmed label (user-confirmed),"Record validity confirmed by the Land Commissioner, as reported by the user.",WEB-GRP-103,,complaint-development-v0.2-draft-530,Existing baseline,Imported unchanged in substance; provenance not revalidated,Unknown - retain baseline provenance status,,,,,,WEB-103,,,,,Commissioner-confirmed label (user-confirmed),Existing development baseline; follow prior label-review status,Development only; not an untouched test set,Yes - before new evaluation,,,,,,,,,Classifier development and evaluation
WEB-104,WEB-104,Document Tampering / False Certification complaint,A complainant states that a supporting document in a lease file contained information that did not match the official land register.,English,A complainant states that a supporting document in a lease file contained information that did not match the official land register.,English text used for model input,Governance complaint narrative,No,Administrative / Procedural / Integrity,Administrative / Procedural / Integrity,State-land lease governance complaint,Existing development baseline; active splits cleared for regrouping,,,Verified,Land Commissioner verification (user-confirmed),,Commissioner-confirmed label (user-confirmed),"Record validity confirmed by the Land Commissioner, as reported by the user.",WEB-GRP-104,,complaint-development-v0.2-draft-530,Existing baseline,Imported unchanged in substance; provenance not revalidated,Unknown - retain baseline provenance status,,,,,,WEB-104,,,,,Commissioner-confirmed label (user-confirmed),Existing development baseline; follow prior label-review status,Development only; not an untouched test set,Yes - before new evaluation,,,,,,,,,Classifier development and evaluation
WEB-105,WEB-105,Document Tampering / False Certification complaint,"A lease recommendation was allegedly supported by an inaccurate certification regarding occupation, development status, or compliance conditions.",English,"A lease recommendation was allegedly supported by an inaccurate certification regarding occupation, development status, or compliance conditions.",English text used for model input,Governance complaint narrative,No,Administrative / Procedural / Integrity,Administrative / Procedural / Integrity,State-land lease governance complaint,Existing development baseline; active splits cleared for regrouping,,,Verified,Land Commissioner verification (user-confirmed),,Commissioner-confirmed label (user-confirmed),"Record validity confirmed by the Land Commissioner, as reported by the user.",WEB-GRP-105,,complaint-development-v0.2-draft-530,Existing baseline,Imported unchanged in substance; provenance not revalidated,Unknown - retain baseline provenance status,,,,,,WEB-105,,,,,Commissioner-confirmed label (user-confirmed),Existing development baseline; follow prior label-review status,Development only; not an untouched test set,Yes - before new evaluation,,,,,,,,,Classifier development and evaluation
WEB-106,WEB-106,Lease Rent Arrears complaint,"The lessee of a coastal state land in Puttalam allegedly failed to pay annual lease rent for four years, while recovery action by the relevant land authority was delayed.",English,"The lessee of a coastal state land in Puttalam allegedly failed to pay annual lease rent for four years, while recovery action by the relevant land authority was delayed.",English text used for model input,Governance complaint narrative,No,Lease Revenue / Payment / Enforcement,Lease Revenue / Payment / Enforcement,State-land lease governance complaint,Existing development baseline; active splits cleared for regrouping,,,Verified,Land Commissioner verification (user-confirmed),,Commissioner-confirmed label (user-confirmed),"Record validity confirmed by the Land Commissioner, as reported by the user.",WEB-GRP-106,,complaint-development-v0.2-draft-530,Existing baseline,Imported unchanged in substance; provenance not revalidated,Unknown - retain baseline provenance status,,,,,,WEB-106,,,,,Commissioner-confirmed label (user-confirmed),Existing development baseline; follow prior label-review status,Development only; not an untouched test set,Yes - before new evaluation,,,,,,,,,Classifier development and evaluation
WEB-107,WEB-107,Lease Rent Arrears complaint,"A government land lease accumulated unpaid rent over four years, but the outstanding balance was not recovered within the expected enforcement period.",English,"A government land lease accumulated unpaid rent over four years, but the outstanding balance was not recovered within the expected enforcement period.",English text used for model input,Governance complaint narrative,No,Lease Revenue / Payment / Enforcement,Lease Revenue / Payment / Enforcement,State-land lease governance complaint,Existing development baseline; active splits cleared for regrouping,,,Verified,Land Commissioner verification (user-confirmed),,Commissioner-confirmed label (user-confirmed),"Record validity confirmed by the Land Commissioner, as reported by the user.",WEB-GRP-107,,complaint-development-v0.2-draft-530,Existing baseline,Imported unchanged in substance; provenance not revalidated,Unknown - retain baseline provenance status,,,,,,WEB-107,,,,,Commissioner-confirmed label (user-confirmed),Existing development baseline; follow prior label-review status,Development only; not an untouched test set,Yes - before new evaluation,,,,,,,,,Classifier development and evaluation
WEB-108,WEB-108,Lease Rent Arrears complaint,"A complaint notes persistent lease-rent arrears on a state property, with no evidence of timely demand notices or recovery proceedings.",English,"A complaint notes persistent lease-rent arrears on a state property, with no evidence of timely demand notices or recovery proceedings.",English text used for model input,Governance complaint narrative,No,Lease Revenue / Payment / Enforcement,Lease Revenue / Payment / Enforcement,State-land lease governance complaint,Existing development baseline; active splits cleared for regrouping,,,Verified,Land Commissioner verification (user-confirmed),,Commissioner-confirmed label (user-confirmed),"Record validity confirmed by the Land Commissioner, as reported by the user.",WEB-GRP-108,,complaint-development-v0.2-draft-530,Existing baseline,Imported unchanged in substance; provenance not revalidated,Unknown - retain baseline provenance status,,,,,,WEB-108,,,,,Commissioner-confirmed label (user-confirmed),Existing development baseline; follow prior label-review status,Development only; not an untouched test set,Yes - before new evaluation,,,,,,,,,Classifier development and evaluation
WEB-109,WEB-109,Lease Rent Arrears complaint,The lease account reportedly remained in arrears despite continued occupation and use of the government land.,English,The lease account reportedly remained in arrears despite continued occupation and use of the government land.,English text used for model input,Governance complaint narrative,No,Lease Revenue / Payment / Enforcement,Lease Revenue / Payment / Enforcement,State-land lease governance complaint,Existing development baseline; active splits cleared for regrouping,,,Verified,Land Commissioner verification (user-confirmed),,Commissioner-confirmed label (user-confirmed),"Record validity confirmed by the Land Commissioner, as reported by the user.",WEB-GRP-109,,complaint-development-v0.2-draft-530,Existing baseline,Imported unchanged in substance; provenance not revalidated,Unknown - retain baseline provenance status,,,,,,WEB-109,,,,,Commissioner-confirmed label (user-confirmed),Existing development baseline; follow prior label-review status,Development only; not an untouched test set,Yes - before new evaluation,,,,,,,,,Classifier development and evaluation
WEB-110,WEB-110,Lease Rent Arrears complaint,"The lessee of a state land parcel in Ampara allegedly failed to pay annual lease rent for four years, while recovery action by the district land administration was delayed. The file reportedly contained no documented approval for the deviation.",English,"The lessee of a state land parcel in Ampara allegedly failed to pay annual lease rent for four years, while recovery action by the district land administration was delayed. The file reportedly contained no documented approval for the deviation.",English text used for model input,Governance complaint narrative,No,Lease Revenue / Payment / Enforcement,Lease Revenue / Payment / Enforcement,State-land lease governance complaint,Existing development baseline; active splits cleared for regrouping,,,Verified,Land Commissioner verification (user-confirmed),,Commissioner-confirmed label (user-confirmed),"Record validity confirmed by the Land Commissioner, as reported by the user.",WEB-GRP-110,,complaint-development-v0.2-draft-530,Existing baseline,Imported unchanged in substance; provenance not revalidated,Unknown - retain baseline provenance status,,,,,,WEB-110,,,,,Commissioner-confirmed label (user-confirmed),Existing development baseline; follow prior label-review status,Development only; not an untouched test set,Yes - before new evaluation,,,,,,,,,Classifier development and evaluation
WEB-111,WEB-111,Lease Rent Arrears complaint,"A government land lease accumulated unpaid rent over four years, but the outstanding balance was not recovered within the expected enforcement period. The matter was raised as a governance concern requiring documentary verification.",English,"A government land lease accumulated unpaid rent over four years, but the outstanding balance was not recovered within the expected enforcement period. The matter was raised as a governance concern requiring documentary verification.",English text used for model input,Governance complaint narrative,No,Lease Revenue / Payment / Enforcement,Lease Revenue / Payment / Enforcement,State-land lease governance complaint,Existing development baseline; active splits cleared for regrouping,,,Verified,Land Commissioner verification (user-confirmed),,Commissioner-confirmed label (user-confirmed),"Record validity confirmed by the Land Commissioner, as reported by the user.",WEB-GRP-111,,complaint-development-v0.2-draft-530,Existing baseline,Imported unchanged in substance; provenance not revalidated,Unknown - retain baseline provenance status,,,,,,WEB-111,,,,,Commissioner-confirmed label (user-confirmed),Existing development baseline; follow prior label-review status,Development only; not an untouched test set,Yes - before new evaluation,,,,,,,,,Classifier development and evaluation
WEB-112,WEB-112,Failure to Revise Rent complaint,"The lease rent for a urban development land was allegedly not revised at the required interval, resulting in continued billing at an outdated rate.",English,"The lease rent for a urban development land was allegedly not revised at the required interval, resulting in continued billing at an outdated rate.",English text used for model input,Governance complaint narrative,No,Lease Revenue / Payment / Enforcement,Lease Revenue / Payment / Enforcement,State-land lease governance complaint,Existing development baseline; active splits cleared for regrouping,,,Verified,Land Commissioner verification (user-confirmed),,Commissioner-confirmed label (user-confirmed),"Record validity confirmed by the Land Commissioner, as reported by the user.",WEB-GRP-112,,complaint-development-v0.2-draft-530,Existing baseline,Imported unchanged in substance; provenance not revalidated,Unknown - retain baseline provenance status,,,,,,WEB-112,,,,,Commissioner-confirmed label (user-confirmed),Existing development baseline; follow prior label-review status,Development only; not an untouched test set,Yes - before new evaluation,,,,,,,,,Classifier development and evaluation
WEB-113,WEB-113,Failure to Revise Rent complaint,A long-term government lease continued under an old rental valuation even though a reassessment should have been completed.,English,A long-term government lease continued under an old rental valuation even though a reassessment should have been completed.,English text used for model input,Governance complaint narrative,No,Lease Revenue / Payment / Enforcement,Lease Revenue / Payment / Enforcement,State-land lease governance complaint,Existing development baseline; active splits cleared for regrouping,,,Verified,Land Commissioner verification (user-confirmed),,Commissioner-confirmed label (user-confirmed),"Record validity confirmed by the Land Commissioner, as reported by the user.",WEB-GRP-113,,complaint-development-v0.2-draft-530,Existing baseline,Imported unchanged in substance; provenance not revalidated,Unknown - retain baseline provenance status,,,,,,WEB-113,,,,,Commissioner-confirmed label (user-confirmed),Existing development baseline; follow prior label-review status,Development only; not an untouched test set,Yes - before new evaluation,,,,,,,,,Classifier development and evaluation
WEB-114,WEB-114,Failure to Revise Rent complaint,The responsible authority allegedly failed to update the annual lease rental after the scheduled valuation review date.,English,The responsible authority allegedly failed to update the annual lease rental after the scheduled valuation review date.,English text used for model input,Governance complaint narrative,No,Lease Revenue / Payment / Enforcement,Lease Revenue / Payment / Enforcement,State-land lease governance complaint,Existing development baseline; active splits cleared for regrouping,,,Verified,Land Commissioner verification (user-confirmed),,Commissioner-confirmed label (user-confirmed),"Record validity confirmed by the Land Commissioner, as reported by the user.",WEB-GRP-114,,complaint-development-v0.2-draft-530,Existing baseline,Imported unchanged in substance; provenance not revalidated,Unknown - retain baseline provenance status,,,,,,WEB-114,,,,,Commissioner-confirmed label (user-confirmed),Existing development baseline; follow prior label-review status,Development only; not an untouched test set,Yes - before new evaluation,,,,,,,,,Classifier development and evaluation
WEB-115,WEB-115,Failure to Revise Rent complaint,A complaint states that market-based rent revision was overdue and the lessee continued paying the earlier lower rate.,English,A complaint states that market-based rent revision was overdue and the lessee continued paying the earlier lower rate.,English text used for model input,Governance complaint narrative,No,Lease Revenue / Payment / Enforcement,Lease Revenue / Payment / Enforcement,State-land lease governance complaint,Existing development baseline; active splits cleared for regrouping,,,Verified,Land Commissioner verification (user-confirmed),,Commissioner-confirmed label (user-confirmed),"Record validity confirmed by the Land Commissioner, as reported by the user.",WEB-GRP-115,,complaint-development-v0.2-draft-530,Existing baseline,Imported unchanged in substance; provenance not revalidated,Unknown - retain baseline provenance status,,,,,,WEB-115,,,,,Commissioner-confirmed label (user-confirmed),Existing development baseline; follow prior label-review status,Development only; not an untouched test set,Yes - before new evaluation,,,,,,,,,Classifier development and evaluation
WEB-116,WEB-116,Premium / Recovery Delay complaint,"A lease premium of LKR 5 million allegedly remained unpaid after the due date, but recovery action was not initiated promptly.",English,"A lease premium of LKR 5 million allegedly remained unpaid after the due date, but recovery action was not initiated promptly.",English text used for model input,Governance complaint narrative,No,Lease Revenue / Payment / Enforcement,Lease Revenue / Payment / Enforcement,State-land lease governance complaint,Existing development baseline; active splits cleared for regrouping,,,Verified,Land Commissioner verification (user-confirmed),,Commissioner-confirmed label (user-confirmed),"Record validity confirmed by the Land Commissioner, as reported by the user.",WEB-GRP-116,,complaint-development-v0.2-draft-530,Existing baseline,Imported unchanged in substance; provenance not revalidated,Unknown - retain baseline provenance status,,,,,,WEB-116,,,,,Commissioner-confirmed label (user-confirmed),Existing development baseline; follow prior label-review status,Development only; not an untouched test set,Yes - before new evaluation,,,,,,,,,Classifier development and evaluation
WEB-117,WEB-117,Premium / Recovery Delay complaint,The institution reportedly allowed possession of the land before full payment of the required lease premium.,English,The institution reportedly allowed possession of the land before full payment of the required lease premium.,English text used for model input,Governance complaint narrative,No,Lease Revenue / Payment / Enforcement,Lease Revenue / Payment / Enforcement,State-land lease governance complaint,Existing development baseline; active splits cleared for regrouping,,,Verified,Land Commissioner verification (user-confirmed),,Commissioner-confirmed label (user-confirmed),"Record validity confirmed by the Land Commissioner, as reported by the user.",WEB-GRP-117,,complaint-development-v0.2-draft-530,Existing baseline,Imported unchanged in substance; provenance not revalidated,Unknown - retain baseline provenance status,,,,,,WEB-117,,,,,Commissioner-confirmed label (user-confirmed),Existing development baseline; follow prior label-review status,Development only; not an untouched test set,Yes - before new evaluation,,,,,,,,,Classifier development and evaluation
WEB-118,WEB-118,Premium / Recovery Delay complaint,A substantial upfront lease payment remained outstanding while the lessee continued development on the property.,English,A substantial upfront lease payment remained outstanding while the lessee continued development on the property.,English text used for model input,Governance complaint narrative,No,Lease Revenue / Payment / Enforcement,Lease Revenue / Payment / Enforcement,State-land lease governance complaint,Existing development baseline; active splits cleared for regrouping,,,Verified,Land Commissioner verification (user-confirmed),,Commissioner-confirmed label (user-confirmed),"Record validity confirmed by the Land Commissioner, as reported by the user.",WEB-GRP-118,,complaint-development-v0.2-draft-530,Existing baseline,Imported unchanged in substance; provenance not revalidated,Unknown - retain baseline provenance status,,,,,,WEB-118,,,,,Commissioner-confirmed label (user-confirmed),Existing development baseline; follow prior label-review status,Development only; not an untouched test set,Yes - before new evaluation,,,,,,,,,Classifier development and evaluation
WEB-119,WEB-119,Premium / Recovery Delay complaint,A complaint alleges delayed recovery of a lease premium and other charges despite repeated internal reminders.,English,A complaint alleges delayed recovery of a lease premium and other charges despite repeated internal reminders.,English text used for model input,Governance complaint narrative,No,Lease Revenue / Payment / Enforcement,Lease Revenue / Payment / Enforcement,State-land lease governance complaint,Existing development baseline; active splits cleared for regrouping,,,Verified,Land Commissioner verification (user-confirmed),,Commissioner-confirmed label (user-confirmed),"Record validity confirmed by the Land Commissioner, as reported by the user.",WEB-GRP-119,,complaint-development-v0.2-draft-530,Existing baseline,Imported unchanged in substance; provenance not revalidated,Unknown - retain baseline provenance status,,,,,,WEB-119,,,,,Commissioner-confirmed label (user-confirmed),Existing development baseline; follow prior label-review status,Development only; not an untouched test set,Yes - before new evaluation,,,,,,,,,Classifier development and evaluation
WEB-120,WEB-120,Penalty / Interest Non-Enforcement complaint,Late-payment penalties on overdue lease rent were allegedly not imposed even though the arrears continued for three years.,English,Late-payment penalties on overdue lease rent were allegedly not imposed even though the arrears continued for three years.,English text used for model input,Governance complaint narrative,No,Lease Revenue / Payment / Enforcement,Lease Revenue / Payment / Enforcement,State-land lease governance complaint,Existing development baseline; active splits cleared for regrouping,,,Verified,Land Commissioner verification (user-confirmed),,Commissioner-confirmed label (user-confirmed),"Record validity confirmed by the Land Commissioner, as reported by the user.",WEB-GRP-120,,complaint-development-v0.2-draft-530,Existing baseline,Imported unchanged in substance; provenance not revalidated,Unknown - retain baseline provenance status,,,,,,WEB-120,,,,,Commissioner-confirmed label (user-confirmed),Existing development baseline; follow prior label-review status,Development only; not an untouched test set,Yes - before new evaluation,,,,,,,,,Classifier development and evaluation
WEB-121,WEB-121,Penalty / Interest Non-Enforcement complaint,The authority reportedly recovered part of the outstanding rent but did not apply the contractual interest or penalty provisions.,English,The authority reportedly recovered part of the outstanding rent but did not apply the contractual interest or penalty provisions.,English text used for model input,Governance complaint narrative,No,Lease Revenue / Payment / Enforcement,Lease Revenue / Payment / Enforcement,State-land lease governance complaint,Existing development baseline; active splits cleared for regrouping,,,Verified,Land Commissioner verification (user-confirmed),,Commissioner-confirmed label (user-confirmed),"Record validity confirmed by the Land Commissioner, as reported by the user.",WEB-GRP-121,,complaint-development-v0.2-draft-530,Existing baseline,Imported unchanged in substance; provenance not revalidated,Unknown - retain baseline provenance status,,,,,,WEB-121,,,,,Commissioner-confirmed label (user-confirmed),Existing development baseline; follow prior label-review status,Development only; not an untouched test set,Yes - before new evaluation,,,,,,,,,Classifier development and evaluation
WEB-122,WEB-122,Penalty / Interest Non-Enforcement complaint,A lessee remained in default while the enforcement of interest and late-payment charges was repeatedly deferred.,English,A lessee remained in default while the enforcement of interest and late-payment charges was repeatedly deferred.,English text used for model input,Governance complaint narrative,No,Lease Revenue / Payment / Enforcement,Lease Revenue / Payment / Enforcement,State-land lease governance complaint,Existing development baseline; active splits cleared for regrouping,,,Verified,Land Commissioner verification (user-confirmed),,Commissioner-confirmed label (user-confirmed),"Record validity confirmed by the Land Commissioner, as reported by the user.",WEB-GRP-122,,complaint-development-v0.2-draft-530,Existing baseline,Imported unchanged in substance; provenance not revalidated,Unknown - retain baseline provenance status,,,,,,WEB-122,,,,,Commissioner-confirmed label (user-confirmed),Existing development baseline; follow prior label-review status,Development only; not an untouched test set,Yes - before new evaluation,,,,,,,,,Classifier development and evaluation
WEB-123,WEB-123,Expired Lease / Revenue Loss complaint,"The lease expired but occupation continued without a renewed agreement or updated rent, creating potential loss of government revenue.",English,"The lease expired but occupation continued without a renewed agreement or updated rent, creating potential loss of government revenue.",English text used for model input,Governance complaint narrative,No,Lease Revenue / Payment / Enforcement,Lease Revenue / Payment / Enforcement,State-land lease governance complaint,Existing development baseline; active splits cleared for regrouping,,,Verified,Land Commissioner verification (user-confirmed),,Commissioner-confirmed label (user-confirmed),"Record validity confirmed by the Land Commissioner, as reported by the user.",WEB-GRP-123,,complaint-development-v0.2-draft-530,Existing baseline,Imported unchanged in substance; provenance not revalidated,Unknown - retain baseline provenance status,,,,,,WEB-123,,,,,Commissioner-confirmed label (user-confirmed),Existing development baseline; follow prior label-review status,Development only; not an untouched test set,Yes - before new evaluation,,,,,,,,,Classifier development and evaluation
WEB-124,WEB-124,Expired Lease / Revenue Loss complaint,A state property remained in use after lease expiry while rent recovery and renewal action were not completed.,English,A state property remained in use after lease expiry while rent recovery and renewal action were not completed.,English text used for model input,Governance complaint narrative,No,Lease Revenue / Payment / Enforcement,Lease Revenue / Payment / Enforcement,State-land lease governance complaint,Existing development baseline; active splits cleared for regrouping,,,Verified,Land Commissioner verification (user-confirmed),,Commissioner-confirmed label (user-confirmed),"Record validity confirmed by the Land Commissioner, as reported by the user.",WEB-GRP-124,,complaint-development-v0.2-draft-530,Existing baseline,Imported unchanged in substance; provenance not revalidated,Unknown - retain baseline provenance status,,,,,,WEB-124,,,,,Commissioner-confirmed label (user-confirmed),Existing development baseline; follow prior label-review status,Development only; not an untouched test set,Yes - before new evaluation,,,,,,,,,Classifier development and evaluation
WEB-125,WEB-125,Expired Lease / Revenue Loss complaint,"The lessee continued occupying the land after the agreement ended, and no revised lease rental was formally established.",English,"The lessee continued occupying the land after the agreement ended, and no revised lease rental was formally established.",English text used for model input,Governance complaint narrative,No,Lease Revenue / Payment / Enforcement,Lease Revenue / Payment / Enforcement,State-land lease governance complaint,Existing development baseline; active splits cleared for regrouping,,,Verified,Land Commissioner verification (user-confirmed),,Commissioner-confirmed label (user-confirmed),"Record validity confirmed by the Land Commissioner, as reported by the user.",WEB-GRP-125,,complaint-development-v0.2-draft-530,Existing baseline,Imported unchanged in substance; provenance not revalidated,Unknown - retain baseline provenance status,,,,,,WEB-125,,,,,Commissioner-confirmed label (user-confirmed),Existing development baseline; follow prior label-review status,Development only; not an untouched test set,Yes - before new evaluation,,,,,,,,,Classifier development and evaluation
WEB-126,WEB-126,Sublease Without Approval complaint,The lessee allegedly subleased part of a urban development land in Hambantota to another party without obtaining the required government approval.,English,The lessee allegedly subleased part of a urban development land in Hambantota to another party without obtaining the required government approval.,English text used for model input,Governance complaint narrative,No,Unauthorized Allocation / Transfer / Use,Unauthorized Allocation / Transfer / Use,State-land lease governance complaint,Existing development baseline; active splits cleared for regrouping,,,Verified,Land Commissioner verification (user-confirmed),,Commissioner-confirmed label (user-confirmed),"Record validity confirmed by the Land Commissioner, as reported by the user.",WEB-GRP-126,,complaint-development-v0.2-draft-530,Existing baseline,Imported unchanged in substance; provenance not revalidated,Unknown - retain baseline provenance status,,,,,,WEB-126,,,,,Commissioner-confirmed label (user-confirmed),Existing development baseline; follow prior label-review status,Development only; not an untouched test set,Yes - before new evaluation,,,,,,,,,Classifier development and evaluation
WEB-127,WEB-127,Sublease Without Approval complaint,A third party was reportedly allowed to occupy leased state land under a private subletting arrangement not authorized by the divisional land office.,English,A third party was reportedly allowed to occupy leased state land under a private subletting arrangement not authorized by the divisional land office.,English text used for model input,Governance complaint narrative,No,Unauthorized Allocation / Transfer / Use,Unauthorized Allocation / Transfer / Use,State-land lease governance complaint,Existing development baseline; active splits cleared for regrouping,,,Verified,Land Commissioner verification (user-confirmed),,Commissioner-confirmed label (user-confirmed),"Record validity confirmed by the Land Commissioner, as reported by the user.",WEB-GRP-127,,complaint-development-v0.2-draft-530,Existing baseline,Imported unchanged in substance; provenance not revalidated,Unknown - retain baseline provenance status,,,,,,WEB-127,,,,,Commissioner-confirmed label (user-confirmed),Existing development baseline; follow prior label-review status,Development only; not an untouched test set,Yes - before new evaluation,,,,,,,,,Classifier development and evaluation
WEB-128,WEB-128,Sublease Without Approval complaint,The original lessee allegedly collected rent from another business using the state property without an approved sublease.,English,The original lessee allegedly collected rent from another business using the state property without an approved sublease.,English text used for model input,Governance complaint narrative,No,Unauthorized Allocation / Transfer / Use,Unauthorized Allocation / Transfer / Use,State-land lease governance complaint,Existing development baseline; active splits cleared for regrouping,,,Verified,Land Commissioner verification (user-confirmed),,Commissioner-confirmed label (user-confirmed),"Record validity confirmed by the Land Commissioner, as reported by the user.",WEB-GRP-128,,complaint-development-v0.2-draft-530,Existing baseline,Imported unchanged in substance; provenance not revalidated,Unknown - retain baseline provenance status,,,,,,WEB-128,,,,,Commissioner-confirmed label (user-confirmed),Existing development baseline; follow prior label-review status,Development only; not an untouched test set,Yes - before new evaluation,,,,,,,,,Classifier development and evaluation
WEB-129,WEB-129,Sublease Without Approval complaint,Part of the government leasehold was allegedly handed to an outside operator without formal consent.,English,Part of the government leasehold was allegedly handed to an outside operator without formal consent.,English text used for model input,Governance complaint narrative,No,Unauthorized Allocation / Transfer / Use,Unauthorized Allocation / Transfer / Use,State-land lease governance complaint,Existing development baseline; active splits cleared for regrouping,,,Verified,Land Commissioner verification (user-confirmed),,Commissioner-confirmed label (user-confirmed),"Record validity confirmed by the Land Commissioner, as reported by the user.",WEB-GRP-129,,complaint-development-v0.2-draft-530,Existing baseline,Imported unchanged in substance; provenance not revalidated,Unknown - retain baseline provenance status,,,,,,WEB-129,,,,,Commissioner-confirmed label (user-confirmed),Existing development baseline; follow prior label-review status,Development only; not an untouched test set,Yes - before new evaluation,,,,,,,,,Classifier development and evaluation
WEB-130,WEB-130,Sublease Without Approval complaint,The lessee allegedly subleased part of a residential leasehold land in Monaragala to another party without obtaining the required government approval. The file reportedly contained no documented approval for the deviation.,English,The lessee allegedly subleased part of a residential leasehold land in Monaragala to another party without obtaining the required government approval. The file reportedly contained no documented approval for the deviation.,English text used for model input,Governance complaint narrative,No,Unauthorized Allocation / Transfer / Use,Unauthorized Allocation / Transfer / Use,State-land lease governance complaint,Existing development baseline; active splits cleared for regrouping,,,Verified,Land Commissioner verification (user-confirmed),,Commissioner-confirmed label (user-confirmed),"Record validity confirmed by the Land Commissioner, as reported by the user.",WEB-GRP-130,,complaint-development-v0.2-draft-530,Existing baseline,Imported unchanged in substance; provenance not revalidated,Unknown - retain baseline provenance status,,,,,,WEB-130,,,,,Commissioner-confirmed label (user-confirmed),Existing development baseline; follow prior label-review status,Development only; not an untouched test set,Yes - before new evaluation,,,,,,,,,Classifier development and evaluation
WEB-131,WEB-131,Sublease Without Approval complaint,A third party was reportedly allowed to occupy leased state land under a private subletting arrangement not authorized by the urban development authority. The matter was raised as a governance concern requiring documentary verification.,English,A third party was reportedly allowed to occupy leased state land under a private subletting arrangement not authorized by the urban development authority. The matter was raised as a governance concern requiring documentary verification.,English text used for model input,Governance complaint narrative,No,Unauthorized Allocation / Transfer / Use,Unauthorized Allocation / Transfer / Use,State-land lease governance complaint,Existing development baseline; active splits cleared for regrouping,,,Verified,Land Commissioner verification (user-confirmed),,Commissioner-confirmed label (user-confirmed),"Record validity confirmed by the Land Commissioner, as reported by the user.",WEB-GRP-131,,complaint-development-v0.2-draft-530,Existing baseline,Imported unchanged in substance; provenance not revalidated,Unknown - retain baseline provenance status,,,,,,WEB-131,,,,,Commissioner-confirmed label (user-confirmed),Existing development baseline; follow prior label-review status,Development only; not an untouched test set,Yes - before new evaluation,,,,,,,,,Classifier development and evaluation
WEB-132,WEB-132,Sublease Without Approval complaint,The original lessee allegedly collected rent from another business using the state property without an approved sublease. The allegation should be checked against the lease agreement and official file history.,English,The original lessee allegedly collected rent from another business using the state property without an approved sublease. The allegation should be checked against the lease agreement and official file history.,English text used for model input,Governance complaint narrative,No,Unauthorized Allocation / Transfer / Use,Unauthorized Allocation / Transfer / Use,State-land lease governance complaint,Existing development baseline; active splits cleared for regrouping,,,Verified,Land Commissioner verification (user-confirmed),,Commissioner-confirmed label (user-confirmed),"Record validity confirmed by the Land Commissioner, as reported by the user.",WEB-GRP-132,,complaint-development-v0.2-draft-530,Existing baseline,Imported unchanged in substance; provenance not revalidated,Unknown - retain baseline provenance status,,,,,,WEB-132,,,,,Commissioner-confirmed label (user-confirmed),Existing development baseline; follow prior label-review status,Development only; not an untouched test set,Yes - before new evaluation,,,,,,,,,Classifier development and evaluation
WEB-133,WEB-133,Sale / Transfer Without Consent complaint,Rights over a state agricultural land were allegedly transferred to another private party without prior approval from the government lessor.,English,Rights over a state agricultural land were allegedly transferred to another private party without prior approval from the government lessor.,English text used for model input,Governance complaint narrative,No,Unauthorized Allocation / Transfer / Use,Unauthorized Allocation / Transfer / Use,State-land lease governance complaint,Existing development baseline; active splits cleared for regrouping,,,Verified,Land Commissioner verification (user-confirmed),,Commissioner-confirmed label (user-confirmed),"Record validity confirmed by the Land Commissioner, as reported by the user.",WEB-GRP-133,,complaint-development-v0.2-draft-530,Existing baseline,Imported unchanged in substance; provenance not revalidated,Unknown - retain baseline provenance status,,,,,,WEB-133,,,,,Commissioner-confirmed label (user-confirmed),Existing development baseline; follow prior label-review status,Development only; not an untouched test set,Yes - before new evaluation,,,,,,,,,Classifier development and evaluation
WEB-134,WEB-134,Sale / Transfer Without Consent complaint,The lessee reportedly attempted to sell or assign the state-land lease to a third party without the required consent.,English,The lessee reportedly attempted to sell or assign the state-land lease to a third party without the required consent.,English text used for model input,Governance complaint narrative,No,Unauthorized Allocation / Transfer / Use,Unauthorized Allocation / Transfer / Use,State-land lease governance complaint,Existing development baseline; active splits cleared for regrouping,,,Verified,Land Commissioner verification (user-confirmed),,Commissioner-confirmed label (user-confirmed),"Record validity confirmed by the Land Commissioner, as reported by the user.",WEB-GRP-134,,complaint-development-v0.2-draft-530,Existing baseline,Imported unchanged in substance; provenance not revalidated,Unknown - retain baseline provenance status,,,,,,WEB-134,,,,,Commissioner-confirmed label (user-confirmed),Existing development baseline; follow prior label-review status,Development only; not an untouched test set,Yes - before new evaluation,,,,,,,,,Classifier development and evaluation
WEB-135,WEB-135,Sale / Transfer Without Consent complaint,A complaint alleges that control of the leased property changed hands through a private agreement not recognized by the lessor.,English,A complaint alleges that control of the leased property changed hands through a private agreement not recognized by the lessor.,English text used for model input,Governance complaint narrative,No,Unauthorized Allocation / Transfer / Use,Unauthorized Allocation / Transfer / Use,State-land lease governance complaint,Existing development baseline; active splits cleared for regrouping,,,Verified,Land Commissioner verification (user-confirmed),,Commissioner-confirmed label (user-confirmed),"Record validity confirmed by the Land Commissioner, as reported by the user.",WEB-GRP-135,,complaint-development-v0.2-draft-530,Existing baseline,Imported unchanged in substance; provenance not revalidated,Unknown - retain baseline provenance status,,,,,,WEB-135,,,,,Commissioner-confirmed label (user-confirmed),Existing development baseline; follow prior label-review status,Development only; not an untouched test set,Yes - before new evaluation,,,,,,,,,Classifier development and evaluation
WEB-136,WEB-136,Sale / Transfer Without Consent complaint,Leasehold interests were allegedly transferred to a related company before approval of the assignment.,English,Leasehold interests were allegedly transferred to a related company before approval of the assignment.,English text used for model input,Governance complaint narrative,No,Unauthorized Allocation / Transfer / Use,Unauthorized Allocation / Transfer / Use,State-land lease governance complaint,Existing development baseline; active splits cleared for regrouping,,,Verified,Land Commissioner verification (user-confirmed),,Commissioner-confirmed label (user-confirmed),"Record validity confirmed by the Land Commissioner, as reported by the user.",WEB-GRP-136,,complaint-development-v0.2-draft-530,Existing baseline,Imported unchanged in substance; provenance not revalidated,Unknown - retain baseline provenance status,,,,,,WEB-136,,,,,Commissioner-confirmed label (user-confirmed),Existing development baseline; follow prior label-review status,Development only; not an untouched test set,Yes - before new evaluation,,,,,,,,,Classifier development and evaluation
WEB-137,WEB-137,Sale / Transfer Without Consent complaint,Rights over a urban development land were allegedly transferred to another private party without prior approval from the government lessor. The file reportedly contained no documented approval for the deviation.,English,Rights over a urban development land were allegedly transferred to another private party without prior approval from the government lessor. The file reportedly contained no documented approval for the deviation.,English text used for model input,Governance complaint narrative,No,Unauthorized Allocation / Transfer / Use,Unauthorized Allocation / Transfer / Use,State-land lease governance complaint,Existing development baseline; active splits cleared for regrouping,,,Verified,Land Commissioner verification (user-confirmed),,Commissioner-confirmed label (user-confirmed),"Record validity confirmed by the Land Commissioner, as reported by the user.",WEB-GRP-137,,complaint-development-v0.2-draft-530,Existing baseline,Imported unchanged in substance; provenance not revalidated,Unknown - retain baseline provenance status,,,,,,WEB-137,,,,,Commissioner-confirmed label (user-confirmed),Existing development baseline; follow prior label-review status,Development only; not an untouched test set,Yes - before new evaluation,,,,,,,,,Classifier development and evaluation
WEB-138,WEB-138,Sale / Transfer Without Consent complaint,The lessee reportedly attempted to sell or assign the state-land lease to a third party without the required consent. The matter was raised as a governance concern requiring documentary verification.,English,The lessee reportedly attempted to sell or assign the state-land lease to a third party without the required consent. The matter was raised as a governance concern requiring documentary verification.,English text used for model input,Governance complaint narrative,No,Unauthorized Allocation / Transfer / Use,Unauthorized Allocation / Transfer / Use,State-land lease governance complaint,Existing development baseline; active splits cleared for regrouping,,,Verified,Land Commissioner verification (user-confirmed),,Commissioner-confirmed label (user-confirmed),"Record validity confirmed by the Land Commissioner, as reported by the user.",WEB-GRP-138,,complaint-development-v0.2-draft-530,Existing baseline,Imported unchanged in substance; provenance not revalidated,Unknown - retain baseline provenance status,,,,,,WEB-138,,,,,Commissioner-confirmed label (user-confirmed),Existing development baseline; follow prior label-review status,Development only; not an untouched test set,Yes - before new evaluation,,,,,,,,,Classifier development and evaluation
WEB-139,WEB-139,Sale / Transfer Without Consent complaint,A complaint alleges that control of the leased property changed hands through a private agreement not recognized by the lessor. The allegation should be checked against the lease agreement and official file history.,English,A complaint alleges that control of the leased property changed hands through a private agreement not recognized by the lessor. The allegation should be checked against the lease agreement and official file history.,English text used for model input,Governance complaint narrative,No,Unauthorized Allocation / Transfer / Use,Unauthorized Allocation / Transfer / Use,State-land lease governance complaint,Existing development baseline; active splits cleared for regrouping,,,Verified,Land Commissioner verification (user-confirmed),,Commissioner-confirmed label (user-confirmed),"Record validity confirmed by the Land Commissioner, as reported by the user.",WEB-GRP-139,,complaint-development-v0.2-draft-530,Existing baseline,Imported unchanged in substance; provenance not revalidated,Unknown - retain baseline provenance status,,,,,,WEB-139,,,,,Commissioner-confirmed label (user-confirmed),Existing development baseline; follow prior label-review status,Development only; not an untouched test set,Yes - before new evaluation,,,,,,,,,Classifier development and evaluation
WEB-140,WEB-140,Unauthorized Change of Use complaint,Land leased for agriculture was allegedly converted to commercial use without approval of the change in purpose.,English,Land leased for agriculture was allegedly converted to commercial use without approval of the change in purpose.,English text used for model input,Governance complaint narrative,No,Unauthorized Allocation / Transfer / Use,Unauthorized Allocation / Transfer / Use,State-land lease governance complaint,Existing development baseline; active splits cleared for regrouping,,,Verified,Land Commissioner verification (user-confirmed),,Commissioner-confirmed label (user-confirmed),"Record validity confirmed by the Land Commissioner, as reported by the user.",WEB-GRP-140,,complaint-development-v0.2-draft-530,Existing baseline,Imported unchanged in substance; provenance not revalidated,Unknown - retain baseline provenance status,,,,,,WEB-140,,,,,Commissioner-confirmed label (user-confirmed),Existing development baseline; follow prior label-review status,Development only; not an untouched test set,Yes - before new evaluation,,,,,,,,,Classifier development and evaluation
WEB-141,WEB-141,Unauthorized Change of Use complaint,A coastal state land granted for one approved purpose was reportedly used for a different business activity without formal authorization.,English,A coastal state land granted for one approved purpose was reportedly used for a different business activity without formal authorization.,English text used for model input,Governance complaint narrative,No,Unauthorized Allocation / Transfer / Use,Unauthorized Allocation / Transfer / Use,State-land lease governance complaint,Existing development baseline; active splits cleared for regrouping,,,Verified,Land Commissioner verification (user-confirmed),,Commissioner-confirmed label (user-confirmed),"Record validity confirmed by the Land Commissioner, as reported by the user.",WEB-GRP-141,,complaint-development-v0.2-draft-530,Existing baseline,Imported unchanged in substance; provenance not revalidated,Unknown - retain baseline provenance status,,,,,,WEB-141,,,,,Commissioner-confirmed label (user-confirmed),Existing development baseline; follow prior label-review status,Development only; not an untouched test set,Yes - before new evaluation,,,,,,,,,Classifier development and evaluation
WEB-142,WEB-142,Unauthorized Change of Use complaint,The lessee allegedly changed the approved use of the state property and continued operations without a revised lease condition.,English,The lessee allegedly changed the approved use of the state property and continued operations without a revised lease condition.,English text used for model input,Governance complaint narrative,No,Unauthorized Allocation / Transfer / Use,Unauthorized Allocation / Transfer / Use,State-land lease governance complaint,Existing development baseline; active splits cleared for regrouping,,,Verified,Land Commissioner verification (user-confirmed),,Commissioner-confirmed label (user-confirmed),"Record validity confirmed by the Land Commissioner, as reported by the user.",WEB-GRP-142,,complaint-development-v0.2-draft-530,Existing baseline,Imported unchanged in substance; provenance not revalidated,Unknown - retain baseline provenance status,,,,,,WEB-142,,,,,Commissioner-confirmed label (user-confirmed),Existing development baseline; follow prior label-review status,Development only; not an untouched test set,Yes - before new evaluation,,,,,,,,,Classifier development and evaluation
WEB-143,WEB-143,Unauthorized Change of Use complaint,A lease intended for residential use was allegedly converted to storage and commercial activity without permission.,English,A lease intended for residential use was allegedly converted to storage and commercial activity without permission.,English text used for model input,Governance complaint narrative,No,Unauthorized Allocation / Transfer / Use,Unauthorized Allocation / Transfer / Use,State-land lease governance complaint,Existing development baseline; active splits cleared for regrouping,,,Verified,Land Commissioner verification (user-confirmed),,Commissioner-confirmed label (user-confirmed),"Record validity confirmed by the Land Commissioner, as reported by the user.",WEB-GRP-143,,complaint-development-v0.2-draft-530,Existing baseline,Imported unchanged in substance; provenance not revalidated,Unknown - retain baseline provenance status,,,,,,WEB-143,,,,,Commissioner-confirmed label (user-confirmed),Existing development baseline; follow prior label-review status,Development only; not an untouched test set,Yes - before new evaluation,,,,,,,,,Classifier development and evaluation
WEB-144,WEB-144,Unauthorized Change of Use complaint,Land leased for agriculture was allegedly converted to commercial use without approval of the change in purpose. The file reportedly contained no documented approval for the deviation.,English,Land leased for agriculture was allegedly converted to commercial use without approval of the change in purpose. The file reportedly contained no documented approval for the deviation.,English text used for model input,Governance complaint narrative,No,Unauthorized Allocation / Transfer / Use,Unauthorized Allocation / Transfer / Use,State-land lease governance complaint,Existing development baseline; active splits cleared for regrouping,,,Verified,Land Commissioner verification (user-confirmed),,Commissioner-confirmed label (user-confirmed),"Record validity confirmed by the Land Commissioner, as reported by the user.",WEB-GRP-144,,complaint-development-v0.2-draft-530,Existing baseline,Imported unchanged in substance; provenance not revalidated,Unknown - retain baseline provenance status,,,,,,WEB-144,,,,,Commissioner-confirmed label (user-confirmed),Existing development baseline; follow prior label-review status,Development only; not an untouched test set,Yes - before new evaluation,,,,,,,,,Classifier development and evaluation
WEB-145,WEB-145,Unauthorized Change of Use complaint,A state land parcel granted for one approved purpose was reportedly used for a different business activity without formal authorization. The matter was raised as a governance concern requiring documentary verification.,English,A state land parcel granted for one approved purpose was reportedly used for a different business activity without formal authorization. The matter was raised as a governance concern requiring documentary verification.,English text used for model input,Governance complaint narrative,No,Unauthorized Allocation / Transfer / Use,Unauthorized Allocation / Transfer / Use,State-land lease governance complaint,Existing development baseline; active splits cleared for regrouping,,,Verified,Land Commissioner verification (user-confirmed),,Commissioner-confirmed label (user-confirmed),"Record validity confirmed by the Land Commissioner, as reported by the user.",WEB-GRP-145,,complaint-development-v0.2-draft-530,Existing baseline,Imported unchanged in substance; provenance not revalidated,Unknown - retain baseline provenance status,,,,,,WEB-145,,,,,Commissioner-confirmed label (user-confirmed),Existing development baseline; follow prior label-review status,Development only; not an untouched test set,Yes - before new evaluation,,,,,,,,,Classifier development and evaluation
WEB-146,WEB-146,Unauthorized Change of Use complaint,The lessee allegedly changed the approved use of the state property and continued operations without a revised lease condition. The allegation should be checked against the lease agreement and official file history.,English,The lessee allegedly changed the approved use of the state property and continued operations without a revised lease condition. The allegation should be checked against the lease agreement and official file history.,English text used for model input,Governance complaint narrative,No,Unauthorized Allocation / Transfer / Use,Unauthorized Allocation / Transfer / Use,State-land lease governance complaint,Existing development baseline; active splits cleared for regrouping,,,Verified,Land Commissioner verification (user-confirmed),,Commissioner-confirmed label (user-confirmed),"Record validity confirmed by the Land Commissioner, as reported by the user.",WEB-GRP-146,,complaint-development-v0.2-draft-530,Existing baseline,Imported unchanged in substance; provenance not revalidated,Unknown - retain baseline provenance status,,,,,,WEB-146,,,,,Commissioner-confirmed label (user-confirmed),Existing development baseline; follow prior label-review status,Development only; not an untouched test set,Yes - before new evaluation,,,,,,,,,Classifier development and evaluation
WEB-147,WEB-147,Encroachment / Occupation Expansion complaint,The lessee allegedly expanded occupation beyond the surveyed lease boundary onto adjoining government land.,English,The lessee allegedly expanded occupation beyond the surveyed lease boundary onto adjoining government land.,English text used for model input,Governance complaint narrative,No,Unauthorized Allocation / Transfer / Use,Unauthorized Allocation / Transfer / Use,State-land lease governance complaint,Existing development baseline; active splits cleared for regrouping,,,Verified,Land Commissioner verification (user-confirmed),,Commissioner-confirmed label (user-confirmed),"Record validity confirmed by the Land Commissioner, as reported by the user.",WEB-GRP-147,,complaint-development-v0.2-draft-530,Existing baseline,Imported unchanged in substance; provenance not revalidated,Unknown - retain baseline provenance status,,,,,,WEB-147,,,,,Commissioner-confirmed label (user-confirmed),Existing development baseline; follow prior label-review status,Development only; not an untouched test set,Yes - before new evaluation,,,,,,,,,Classifier development and evaluation
WEB-148,WEB-148,Encroachment / Occupation Expansion complaint,A complaint states that structures and fencing extended outside the approved lease area onto additional state land.,English,A complaint states that structures and fencing extended outside the approved lease area onto additional state land.,English text used for model input,Governance complaint narrative,No,Unauthorized Allocation / Transfer / Use,Unauthorized Allocation / Transfer / Use,State-land lease governance complaint,Existing development baseline; active splits cleared for regrouping,,,Verified,Land Commissioner verification (user-confirmed),,Commissioner-confirmed label (user-confirmed),"Record validity confirmed by the Land Commissioner, as reported by the user.",WEB-GRP-148,,complaint-development-v0.2-draft-530,Existing baseline,Imported unchanged in substance; provenance not revalidated,Unknown - retain baseline provenance status,,,,,,WEB-148,,,,,Commissioner-confirmed label (user-confirmed),Existing development baseline; follow prior label-review status,Development only; not an untouched test set,Yes - before new evaluation,,,,,,,,,Classifier development and evaluation
WEB-149,WEB-149,Encroachment / Occupation Expansion complaint,Occupation reportedly spread beyond the leased parcel without a supplementary allocation or survey approval.,English,Occupation reportedly spread beyond the leased parcel without a supplementary allocation or survey approval.,English text used for model input,Governance complaint narrative,No,Unauthorized Allocation / Transfer / Use,Unauthorized Allocation / Transfer / Use,State-land lease governance complaint,Existing development baseline; active splits cleared for regrouping,,,Verified,Land Commissioner verification (user-confirmed),,Commissioner-confirmed label (user-confirmed),"Record validity confirmed by the Land Commissioner, as reported by the user.",WEB-GRP-149,,complaint-development-v0.2-draft-530,Existing baseline,Imported unchanged in substance; provenance not revalidated,Unknown - retain baseline provenance status,,,,,,WEB-149,,,,,Commissioner-confirmed label (user-confirmed),Existing development baseline; follow prior label-review status,Development only; not an untouched test set,Yes - before new evaluation,,,,,,,,,Classifier development and evaluation
WEB-150,WEB-150,Encroachment / Occupation Expansion complaint,The user of the leasehold allegedly incorporated neighbouring government land into the site without authorization.,English,The user of the leasehold allegedly incorporated neighbouring government land into the site without authorization.,English text used for model input,Governance complaint narrative,No,Unauthorized Allocation / Transfer / Use,Unauthorized Allocation / Transfer / Use,State-land lease governance complaint,Existing development baseline; active splits cleared for regrouping,,,Verified,Land Commissioner verification (user-confirmed),,Commissioner-confirmed label (user-confirmed),"Record validity confirmed by the Land Commissioner, as reported by the user.",WEB-GRP-150,,complaint-development-v0.2-draft-530,Existing baseline,Imported unchanged in substance; provenance not revalidated,Unknown - retain baseline provenance status,,,,,,WEB-150,,,,,Commissioner-confirmed label (user-confirmed),Existing development baseline; follow prior label-review status,Development only; not an untouched test set,Yes - before new evaluation,,,,,,,,,Classifier development and evaluation
WEB-151,WEB-151,Encroachment / Occupation Expansion complaint,The lessee allegedly expanded occupation beyond the surveyed lease boundary onto adjoining government land. The file reportedly contained no documented approval for the deviation.,English,The lessee allegedly expanded occupation beyond the surveyed lease boundary onto adjoining government land. The file reportedly contained no documented approval for the deviation.,English text used for model input,Governance complaint narrative,No,Unauthorized Allocation / Transfer / Use,Unauthorized Allocation / Transfer / Use,State-land lease governance complaint,Existing development baseline; active splits cleared for regrouping,,,Verified,Land Commissioner verification (user-confirmed),,Commissioner-confirmed label (user-confirmed),"Record validity confirmed by the Land Commissioner, as reported by the user.",WEB-GRP-151,,complaint-development-v0.2-draft-530,Existing baseline,Imported unchanged in substance; provenance not revalidated,Unknown - retain baseline provenance status,,,,,,WEB-151,,,,,Commissioner-confirmed label (user-confirmed),Existing development baseline; follow prior label-review status,Development only; not an untouched test set,Yes - before new evaluation,,,,,,,,,Classifier development and evaluation
WEB-152,WEB-152,Third-Party Use complaint,A third-party enterprise was allegedly operating from the state-leased property even though the lease was granted to a different entity.,English,A third-party enterprise was allegedly operating from the state-leased property even though the lease was granted to a different entity.,English text used for model input,Governance complaint narrative,No,Unauthorized Allocation / Transfer / Use,Unauthorized Allocation / Transfer / Use,State-land lease governance complaint,Existing development baseline; active splits cleared for regrouping,,,Verified,Land Commissioner verification (user-confirmed),,Commissioner-confirmed label (user-confirmed),"Record validity confirmed by the Land Commissioner, as reported by the user.",WEB-GRP-152,,complaint-development-v0.2-draft-530,Existing baseline,Imported unchanged in substance; provenance not revalidated,Unknown - retain baseline provenance status,,,,,,WEB-152,,,,,Commissioner-confirmed label (user-confirmed),Existing development baseline; follow prior label-review status,Development only; not an untouched test set,Yes - before new evaluation,,,,,,,,,Classifier development and evaluation
WEB-153,WEB-153,Third-Party Use complaint,The approved lessee allegedly allowed another company to use the land without recording the arrangement with the lessor.,English,The approved lessee allegedly allowed another company to use the land without recording the arrangement with the lessor.,English text used for model input,Governance complaint narrative,No,Unauthorized Allocation / Transfer / Use,Unauthorized Allocation / Transfer / Use,State-land lease governance complaint,Existing development baseline; active splits cleared for regrouping,,,Verified,Land Commissioner verification (user-confirmed),,Commissioner-confirmed label (user-confirmed),"Record validity confirmed by the Land Commissioner, as reported by the user.",WEB-GRP-153,,complaint-development-v0.2-draft-530,Existing baseline,Imported unchanged in substance; provenance not revalidated,Unknown - retain baseline provenance status,,,,,,WEB-153,,,,,Commissioner-confirmed label (user-confirmed),Existing development baseline; follow prior label-review status,Development only; not an untouched test set,Yes - before new evaluation,,,,,,,,,Classifier development and evaluation
WEB-154,WEB-154,Third-Party Use complaint,A complaint states that the beneficiary named in the lease was no longer the actual operator occupying the property.,English,A complaint states that the beneficiary named in the lease was no longer the actual operator occupying the property.,English text used for model input,Governance complaint narrative,No,Unauthorized Allocation / Transfer / Use,Unauthorized Allocation / Transfer / Use,State-land lease governance complaint,Existing development baseline; active splits cleared for regrouping,,,Verified,Land Commissioner verification (user-confirmed),,Commissioner-confirmed label (user-confirmed),"Record validity confirmed by the Land Commissioner, as reported by the user.",WEB-GRP-154,,complaint-development-v0.2-draft-530,Existing baseline,Imported unchanged in substance; provenance not revalidated,Unknown - retain baseline provenance status,,,,,,WEB-154,,,,,Commissioner-confirmed label (user-confirmed),Existing development baseline; follow prior label-review status,Development only; not an untouched test set,Yes - before new evaluation,,,,,,,,,Classifier development and evaluation
WEB-155,WEB-155,Third-Party Use complaint,The leased land was allegedly used by an unrelated party without an authorized transfer or sublease.,English,The leased land was allegedly used by an unrelated party without an authorized transfer or sublease.,English text used for model input,Governance complaint narrative,No,Unauthorized Allocation / Transfer / Use,Unauthorized Allocation / Transfer / Use,State-land lease governance complaint,Existing development baseline; active splits cleared for regrouping,,,Verified,Land Commissioner verification (user-confirmed),,Commissioner-confirmed label (user-confirmed),"Record validity confirmed by the Land Commissioner, as reported by the user.",WEB-GRP-155,,complaint-development-v0.2-draft-530,Existing baseline,Imported unchanged in substance; provenance not revalidated,Unknown - retain baseline provenance status,,,,,,WEB-155,,,,,Commissioner-confirmed label (user-confirmed),Existing development baseline; follow prior label-review status,Development only; not an untouched test set,Yes - before new evaluation,,,,,,,,,Classifier development and evaluation
WEB-156,WEB-156,Third-Party Use complaint,A third-party enterprise was allegedly operating from the state-leased property even though the lease was granted to a different entity. The file reportedly contained no documented approval for the deviation.,English,A third-party enterprise was allegedly operating from the state-leased property even though the lease was granted to a different entity. The file reportedly contained no documented approval for the deviation.,English text used for model input,Governance complaint narrative,No,Unauthorized Allocation / Transfer / Use,Unauthorized Allocation / Transfer / Use,State-land lease governance complaint,Existing development baseline; active splits cleared for regrouping,,,Verified,Land Commissioner verification (user-confirmed),,Commissioner-confirmed label (user-confirmed),"Record validity confirmed by the Land Commissioner, as reported by the user.",WEB-GRP-156,,complaint-development-v0.2-draft-530,Existing baseline,Imported unchanged in substance; provenance not revalidated,Unknown - retain baseline provenance status,,,,,,WEB-156,,,,,Commissioner-confirmed label (user-confirmed),Existing development baseline; follow prior label-review status,Development only; not an untouched test set,Yes - before new evaluation,,,,,,,,,Classifier development and evaluation
WEB-157,WEB-157,Unauthorized Construction / Development complaint,Permanent structures were allegedly built on the leased government land without the approvals required under the lease conditions.,English,Permanent structures were allegedly built on the leased government land without the approvals required under the lease conditions.,English text used for model input,Governance complaint narrative,No,Unauthorized Allocation / Transfer / Use,Unauthorized Allocation / Transfer / Use,State-land lease governance complaint,Existing development baseline; active splits cleared for regrouping,,,Verified,Land Commissioner verification (user-confirmed),,Commissioner-confirmed label (user-confirmed),"Record validity confirmed by the Land Commissioner, as reported by the user.",WEB-GRP-157,,complaint-development-v0.2-draft-530,Existing baseline,Imported unchanged in substance; provenance not revalidated,Unknown - retain baseline provenance status,,,,,,WEB-157,,,,,Commissioner-confirmed label (user-confirmed),Existing development baseline; follow prior label-review status,Development only; not an untouched test set,Yes - before new evaluation,,,,,,,,,Classifier development and evaluation
WEB-158,WEB-158,Unauthorized Construction / Development complaint,The lessee reportedly carried out major development beyond the approved plan for the state property.,English,The lessee reportedly carried out major development beyond the approved plan for the state property.,English text used for model input,Governance complaint narrative,No,Unauthorized Allocation / Transfer / Use,Unauthorized Allocation / Transfer / Use,State-land lease governance complaint,Existing development baseline; active splits cleared for regrouping,,,Verified,Land Commissioner verification (user-confirmed),,Commissioner-confirmed label (user-confirmed),"Record validity confirmed by the Land Commissioner, as reported by the user.",WEB-GRP-158,,complaint-development-v0.2-draft-530,Existing baseline,Imported unchanged in substance; provenance not revalidated,Unknown - retain baseline provenance status,,,,,,WEB-158,,,,,Commissioner-confirmed label (user-confirmed),Existing development baseline; follow prior label-review status,Development only; not an untouched test set,Yes - before new evaluation,,,,,,,,,Classifier development and evaluation
WEB-159,WEB-159,Unauthorized Construction / Development complaint,Construction allegedly commenced before development permission and lease-condition clearance were obtained.,English,Construction allegedly commenced before development permission and lease-condition clearance were obtained.,English text used for model input,Governance complaint narrative,No,Unauthorized Allocation / Transfer / Use,Unauthorized Allocation / Transfer / Use,State-land lease governance complaint,Existing development baseline; active splits cleared for regrouping,,,Verified,Land Commissioner verification (user-confirmed),,Commissioner-confirmed label (user-confirmed),"Record validity confirmed by the Land Commissioner, as reported by the user.",WEB-GRP-159,,complaint-development-v0.2-draft-530,Existing baseline,Imported unchanged in substance; provenance not revalidated,Unknown - retain baseline provenance status,,,,,,WEB-159,,,,,Commissioner-confirmed label (user-confirmed),Existing development baseline; follow prior label-review status,Development only; not an untouched test set,Yes - before new evaluation,,,,,,,,,Classifier development and evaluation
WEB-160,WEB-160,Unauthorized Construction / Development complaint,A complaint states that additional buildings were erected on the leasehold without formal consent from the responsible authority.,English,A complaint states that additional buildings were erected on the leasehold without formal consent from the responsible authority.,English text used for model input,Governance complaint narrative,No,Unauthorized Allocation / Transfer / Use,Unauthorized Allocation / Transfer / Use,State-land lease governance complaint,Existing development baseline; active splits cleared for regrouping,,,Verified,Land Commissioner verification (user-confirmed),,Commissioner-confirmed label (user-confirmed),"Record validity confirmed by the Land Commissioner, as reported by the user.",WEB-GRP-160,,complaint-development-v0.2-draft-530,Existing baseline,Imported unchanged in substance; provenance not revalidated,Unknown - retain baseline provenance status,,,,,,WEB-160,,,,,Commissioner-confirmed label (user-confirmed),Existing development baseline; follow prior label-review status,Development only; not an untouched test set,Yes - before new evaluation,,,,,,,,,Classifier development and evaluation
WEB-161,WEB-161,Unauthorized Construction / Development complaint,Permanent structures were allegedly built on the leased government land without the approvals required under the lease conditions. The file reportedly contained no documented approval for the deviation.,English,Permanent structures were allegedly built on the leased government land without the approvals required under the lease conditions. The file reportedly contained no documented approval for the deviation.,English text used for model input,Governance complaint narrative,No,Unauthorized Allocation / Transfer / Use,Unauthorized Allocation / Transfer / Use,State-land lease governance complaint,Existing development baseline; active splits cleared for regrouping,,,Verified,Land Commissioner verification (user-confirmed),,Commissioner-confirmed label (user-confirmed),"Record validity confirmed by the Land Commissioner, as reported by the user.",WEB-GRP-161,,complaint-development-v0.2-draft-530,Existing baseline,Imported unchanged in substance; provenance not revalidated,Unknown - retain baseline provenance status,,,,,,WEB-161,,,,,Commissioner-confirmed label (user-confirmed),Existing development baseline; follow prior label-review status,Development only; not an untouched test set,Yes - before new evaluation,,,,,,,,,Classifier development and evaluation
WEB-162,WEB-162,Protected Area Encroachment complaint,A lease-related development allegedly extended into a protected or conservation area adjacent to the approved state-land parcel.,English,A lease-related development allegedly extended into a protected or conservation area adjacent to the approved state-land parcel.,English text used for model input,Governance complaint narrative,No,Protected / Environmental Lease Misuse,Protected / Environmental Lease Misuse,State-land lease governance complaint,Existing development baseline; active splits cleared for regrouping,,,Verified,Land Commissioner verification (user-confirmed),,Commissioner-confirmed label (user-confirmed),"Record validity confirmed by the Land Commissioner, as reported by the user.",WEB-GRP-162,,complaint-development-v0.2-draft-530,Existing baseline,Imported unchanged in substance; provenance not revalidated,Unknown - retain baseline provenance status,,,,,,WEB-162,,,,,Commissioner-confirmed label (user-confirmed),Existing development baseline; follow prior label-review status,Development only; not an untouched test set,Yes - before new evaluation,,,,,,,,,Classifier development and evaluation
WEB-163,WEB-163,Protected Area Encroachment complaint,The lessee reportedly occupied land beyond the lease boundary within an environmentally protected zone.,English,The lessee reportedly occupied land beyond the lease boundary within an environmentally protected zone.,English text used for model input,Governance complaint narrative,No,Protected / Environmental Lease Misuse,Protected / Environmental Lease Misuse,State-land lease governance complaint,Existing development baseline; active splits cleared for regrouping,,,Verified,Land Commissioner verification (user-confirmed),,Commissioner-confirmed label (user-confirmed),"Record validity confirmed by the Land Commissioner, as reported by the user.",WEB-GRP-163,,complaint-development-v0.2-draft-530,Existing baseline,Imported unchanged in substance; provenance not revalidated,Unknown - retain baseline provenance status,,,,,,WEB-163,,,,,Commissioner-confirmed label (user-confirmed),Existing development baseline; follow prior label-review status,Development only; not an untouched test set,Yes - before new evaluation,,,,,,,,,Classifier development and evaluation
WEB-164,WEB-164,Protected Area Encroachment complaint,A complaint alleges that development associated with the lease encroached on land subject to conservation restrictions.,English,A complaint alleges that development associated with the lease encroached on land subject to conservation restrictions.,English text used for model input,Governance complaint narrative,No,Protected / Environmental Lease Misuse,Protected / Environmental Lease Misuse,State-land lease governance complaint,Existing development baseline; active splits cleared for regrouping,,,Verified,Land Commissioner verification (user-confirmed),,Commissioner-confirmed label (user-confirmed),"Record validity confirmed by the Land Commissioner, as reported by the user.",WEB-GRP-164,,complaint-development-v0.2-draft-530,Existing baseline,Imported unchanged in substance; provenance not revalidated,Unknown - retain baseline provenance status,,,,,,WEB-164,,,,,Commissioner-confirmed label (user-confirmed),Existing development baseline; follow prior label-review status,Development only; not an untouched test set,Yes - before new evaluation,,,,,,,,,Classifier development and evaluation
WEB-165,WEB-165,Protected Area Encroachment complaint,Activities on the leased site allegedly expanded into a buffer or protected area without environmental authorization.,English,Activities on the leased site allegedly expanded into a buffer or protected area without environmental authorization.,English text used for model input,Governance complaint narrative,No,Protected / Environmental Lease Misuse,Protected / Environmental Lease Misuse,State-land lease governance complaint,Existing development baseline; active splits cleared for regrouping,,,Verified,Land Commissioner verification (user-confirmed),,Commissioner-confirmed label (user-confirmed),"Record validity confirmed by the Land Commissioner, as reported by the user.",WEB-GRP-165,,complaint-development-v0.2-draft-530,Existing baseline,Imported unchanged in substance; provenance not revalidated,Unknown - retain baseline provenance status,,,,,,WEB-165,,,,,Commissioner-confirmed label (user-confirmed),Existing development baseline; follow prior label-review status,Development only; not an untouched test set,Yes - before new evaluation,,,,,,,,,Classifier development and evaluation
WEB-166,WEB-166,Protected Area Encroachment complaint,A lease-related development allegedly extended into a protected or conservation area adjacent to the approved state-land parcel. The file reportedly contained no documented approval for the deviation.,English,A lease-related development allegedly extended into a protected or conservation area adjacent to the approved state-land parcel. The file reportedly contained no documented approval for the deviation.,English text used for model input,Governance complaint narrative,No,Protected / Environmental Lease Misuse,Protected / Environmental Lease Misuse,State-land lease governance complaint,Existing development baseline; active splits cleared for regrouping,,,Verified,Land Commissioner verification (user-confirmed),,Commissioner-confirmed label (user-confirmed),"Record validity confirmed by the Land Commissioner, as reported by the user.",WEB-GRP-166,,complaint-development-v0.2-draft-530,Existing baseline,Imported unchanged in substance; provenance not revalidated,Unknown - retain baseline provenance status,,,,,,WEB-166,,,,,Commissioner-confirmed label (user-confirmed),Existing development baseline; follow prior label-review status,Development only; not an untouched test set,Yes - before new evaluation,,,,,,,,,Classifier development and evaluation
WEB-167,WEB-167,Protected Area Encroachment complaint,The lessee reportedly occupied land beyond the lease boundary within an environmentally protected zone. The matter was raised as a governance concern requiring documentary verification.,English,The lessee reportedly occupied land beyond the lease boundary within an environmentally protected zone. The matter was raised as a governance concern requiring documentary verification.,English text used for model input,Governance complaint narrative,No,Protected / Environmental Lease Misuse,Protected / Environmental Lease Misuse,State-land lease governance complaint,Existing development baseline; active splits cleared for regrouping,,,Verified,Land Commissioner verification (user-confirmed),,Commissioner-confirmed label (user-confirmed),"Record validity confirmed by the Land Commissioner, as reported by the user.",WEB-GRP-167,,complaint-development-v0.2-draft-530,Existing baseline,Imported unchanged in substance; provenance not revalidated,Unknown - retain baseline provenance status,,,,,,WEB-167,,,,,Commissioner-confirmed label (user-confirmed),Existing development baseline; follow prior label-review status,Development only; not an untouched test set,Yes - before new evaluation,,,,,,,,,Classifier development and evaluation
WEB-168,WEB-168,Protected Area Encroachment complaint,A complaint alleges that development associated with the lease encroached on land subject to conservation restrictions. The allegation should be checked against the lease agreement and official file history.,English,A complaint alleges that development associated with the lease encroached on land subject to conservation restrictions. The allegation should be checked against the lease agreement and official file history.,English text used for model input,Governance complaint narrative,No,Protected / Environmental Lease Misuse,Protected / Environmental Lease Misuse,State-land lease governance complaint,Existing development baseline; active splits cleared for regrouping,,,Verified,Land Commissioner verification (user-confirmed),,Commissioner-confirmed label (user-confirmed),"Record validity confirmed by the Land Commissioner, as reported by the user.",WEB-GRP-168,,complaint-development-v0.2-draft-530,Existing baseline,Imported unchanged in substance; provenance not revalidated,Unknown - retain baseline provenance status,,,,,,WEB-168,,,,,Commissioner-confirmed label (user-confirmed),Existing development baseline; follow prior label-review status,Development only; not an untouched test set,Yes - before new evaluation,,,,,,,,,Classifier development and evaluation
WEB-169,WEB-169,Protected Area Encroachment complaint,Activities on the leased site allegedly expanded into a buffer or protected area without environmental authorization. The complaint does not by itself establish wrongdoing and requires institutional verification.,English,Activities on the leased site allegedly expanded into a buffer or protected area without environmental authorization. The complaint does not by itself establish wrongdoing and requires institutional verification.,English text used for model input,Governance complaint narrative,No,Protected / Environmental Lease Misuse,Protected / Environmental Lease Misuse,State-land lease governance complaint,Existing development baseline; active splits cleared for regrouping,,,Verified,Land Commissioner verification (user-confirmed),,Commissioner-confirmed label (user-confirmed),"Record validity confirmed by the Land Commissioner, as reported by the user.",WEB-GRP-169,,complaint-development-v0.2-draft-530,Existing baseline,Imported unchanged in substance; provenance not revalidated,Unknown - retain baseline provenance status,,,,,,WEB-169,,,,,Commissioner-confirmed label (user-confirmed),Existing development baseline; follow prior label-review status,Development only; not an untouched test set,Yes - before new evaluation,,,,,,,,,Classifier development and evaluation
WEB-170,WEB-170,Wetland / Mangrove Damage complaint,A state-land lease project in Polonnaruwa allegedly involved clearing or filling a wetland area beyond the approved development footprint.,English,A state-land lease project in Polonnaruwa allegedly involved clearing or filling a wetland area beyond the approved development footprint.,English text used for model input,Governance complaint narrative,No,Protected / Environmental Lease Misuse,Protected / Environmental Lease Misuse,State-land lease governance complaint,Existing development baseline; active splits cleared for regrouping,,,Verified,Land Commissioner verification (user-confirmed),,Commissioner-confirmed label (user-confirmed),"Record validity confirmed by the Land Commissioner, as reported by the user.",WEB-GRP-170,,complaint-development-v0.2-draft-530,Existing baseline,Imported unchanged in substance; provenance not revalidated,Unknown - retain baseline provenance status,,,,,,WEB-170,,,,,Commissioner-confirmed label (user-confirmed),Existing development baseline; follow prior label-review status,Development only; not an untouched test set,Yes - before new evaluation,,,,,,,,,Classifier development and evaluation
WEB-171,WEB-171,Wetland / Mangrove Damage complaint,Mangrove vegetation adjacent to the leased property was allegedly removed during site preparation without the required environmental clearance.,English,Mangrove vegetation adjacent to the leased property was allegedly removed during site preparation without the required environmental clearance.,English text used for model input,Governance complaint narrative,No,Protected / Environmental Lease Misuse,Protected / Environmental Lease Misuse,State-land lease governance complaint,Existing development baseline; active splits cleared for regrouping,,,Verified,Land Commissioner verification (user-confirmed),,Commissioner-confirmed label (user-confirmed),"Record validity confirmed by the Land Commissioner, as reported by the user.",WEB-GRP-171,,complaint-development-v0.2-draft-530,Existing baseline,Imported unchanged in substance; provenance not revalidated,Unknown - retain baseline provenance status,,,,,,WEB-171,,,,,Commissioner-confirmed label (user-confirmed),Existing development baseline; follow prior label-review status,Development only; not an untouched test set,Yes - before new evaluation,,,,,,,,,Classifier development and evaluation
WEB-172,WEB-172,Wetland / Mangrove Damage complaint,A complaint states that drainage and filling works on the leasehold affected a nearby wetland protected from unauthorized alteration.,English,A complaint states that drainage and filling works on the leasehold affected a nearby wetland protected from unauthorized alteration.,English text used for model input,Governance complaint narrative,No,Protected / Environmental Lease Misuse,Protected / Environmental Lease Misuse,State-land lease governance complaint,Existing development baseline; active splits cleared for regrouping,,,Verified,Land Commissioner verification (user-confirmed),,Commissioner-confirmed label (user-confirmed),"Record validity confirmed by the Land Commissioner, as reported by the user.",WEB-GRP-172,,complaint-development-v0.2-draft-530,Existing baseline,Imported unchanged in substance; provenance not revalidated,Unknown - retain baseline provenance status,,,,,,WEB-172,,,,,Commissioner-confirmed label (user-confirmed),Existing development baseline; follow prior label-review status,Development only; not an untouched test set,Yes - before new evaluation,,,,,,,,,Classifier development and evaluation
WEB-173,WEB-173,Wetland / Mangrove Damage complaint,Development on the leased state land allegedly caused unauthorized disturbance to mangrove or marsh habitat.,English,Development on the leased state land allegedly caused unauthorized disturbance to mangrove or marsh habitat.,English text used for model input,Governance complaint narrative,No,Protected / Environmental Lease Misuse,Protected / Environmental Lease Misuse,State-land lease governance complaint,Existing development baseline; active splits cleared for regrouping,,,Verified,Land Commissioner verification (user-confirmed),,Commissioner-confirmed label (user-confirmed),"Record validity confirmed by the Land Commissioner, as reported by the user.",WEB-GRP-173,,complaint-development-v0.2-draft-530,Existing baseline,Imported unchanged in substance; provenance not revalidated,Unknown - retain baseline provenance status,,,,,,WEB-173,,,,,Commissioner-confirmed label (user-confirmed),Existing development baseline; follow prior label-review status,Development only; not an untouched test set,Yes - before new evaluation,,,,,,,,,Classifier development and evaluation
WEB-174,WEB-174,Wetland / Mangrove Damage complaint,A state-land lease project in Anuradhapura allegedly involved clearing or filling a wetland area beyond the approved development footprint. The file reportedly contained no documented approval for the deviation.,English,A state-land lease project in Anuradhapura allegedly involved clearing or filling a wetland area beyond the approved development footprint. The file reportedly contained no documented approval for the deviation.,English text used for model input,Governance complaint narrative,No,Protected / Environmental Lease Misuse,Protected / Environmental Lease Misuse,State-land lease governance complaint,Existing development baseline; active splits cleared for regrouping,,,Verified,Land Commissioner verification (user-confirmed),,Commissioner-confirmed label (user-confirmed),"Record validity confirmed by the Land Commissioner, as reported by the user.",WEB-GRP-174,,complaint-development-v0.2-draft-530,Existing baseline,Imported unchanged in substance; provenance not revalidated,Unknown - retain baseline provenance status,,,,,,WEB-174,,,,,Commissioner-confirmed label (user-confirmed),Existing development baseline; follow prior label-review status,Development only; not an untouched test set,Yes - before new evaluation,,,,,,,,,Classifier development and evaluation
WEB-175,WEB-175,Wetland / Mangrove Damage complaint,Mangrove vegetation adjacent to the leased property was allegedly removed during site preparation without the required environmental clearance. The matter was raised as a governance concern requiring documentary verification.,English,Mangrove vegetation adjacent to the leased property was allegedly removed during site preparation without the required environmental clearance. The matter was raised as a governance concern requiring documentary verification.,English text used for model input,Governance complaint narrative,No,Protected / Environmental Lease Misuse,Protected / Environmental Lease Misuse,State-land lease governance complaint,Existing development baseline; active splits cleared for regrouping,,,Verified,Land Commissioner verification (user-confirmed),,Commissioner-confirmed label (user-confirmed),"Record validity confirmed by the Land Commissioner, as reported by the user.",WEB-GRP-175,,complaint-development-v0.2-draft-530,Existing baseline,Imported unchanged in substance; provenance not revalidated,Unknown - retain baseline provenance status,,,,,,WEB-175,,,,,Commissioner-confirmed label (user-confirmed),Existing development baseline; follow prior label-review status,Development only; not an untouched test set,Yes - before new evaluation,,,,,,,,,Classifier development and evaluation
WEB-176,WEB-176,Wetland / Mangrove Damage complaint,A complaint states that drainage and filling works on the leasehold affected a nearby wetland protected from unauthorized alteration. The allegation should be checked against the lease agreement and official file history.,English,A complaint states that drainage and filling works on the leasehold affected a nearby wetland protected from unauthorized alteration. The allegation should be checked against the lease agreement and official file history.,English text used for model input,Governance complaint narrative,No,Protected / Environmental Lease Misuse,Protected / Environmental Lease Misuse,State-land lease governance complaint,Existing development baseline; active splits cleared for regrouping,,,Verified,Land Commissioner verification (user-confirmed),,Commissioner-confirmed label (user-confirmed),"Record validity confirmed by the Land Commissioner, as reported by the user.",WEB-GRP-176,,complaint-development-v0.2-draft-530,Existing baseline,Imported unchanged in substance; provenance not revalidated,Unknown - retain baseline provenance status,,,,,,WEB-176,,,,,Commissioner-confirmed label (user-confirmed),Existing development baseline; follow prior label-review status,Development only; not an untouched test set,Yes - before new evaluation,,,,,,,,,Classifier development and evaluation
WEB-177,WEB-177,Quarry / Sand / Mineral Use complaint,"The lessee allegedly extracted soil, sand, stone, or other material from the state land without authorization under the lease.",English,"The lessee allegedly extracted soil, sand, stone, or other material from the state land without authorization under the lease.",English text used for model input,Governance complaint narrative,No,Protected / Environmental Lease Misuse,Protected / Environmental Lease Misuse,State-land lease governance complaint,Existing development baseline; active splits cleared for regrouping,,,Verified,Land Commissioner verification (user-confirmed),,Commissioner-confirmed label (user-confirmed),"Record validity confirmed by the Land Commissioner, as reported by the user.",WEB-GRP-177,,complaint-development-v0.2-draft-530,Existing baseline,Imported unchanged in substance; provenance not revalidated,Unknown - retain baseline provenance status,,,,,,WEB-177,,,,,Commissioner-confirmed label (user-confirmed),Existing development baseline; follow prior label-review status,Development only; not an untouched test set,Yes - before new evaluation,,,,,,,,,Classifier development and evaluation
WEB-178,WEB-178,Quarry / Sand / Mineral Use complaint,A land parcel leased for another purpose was reportedly used for quarrying or material extraction without the required permit.,English,A land parcel leased for another purpose was reportedly used for quarrying or material extraction without the required permit.,English text used for model input,Governance complaint narrative,No,Protected / Environmental Lease Misuse,Protected / Environmental Lease Misuse,State-land lease governance complaint,Existing development baseline; active splits cleared for regrouping,,,Verified,Land Commissioner verification (user-confirmed),,Commissioner-confirmed label (user-confirmed),"Record validity confirmed by the Land Commissioner, as reported by the user.",WEB-GRP-178,,complaint-development-v0.2-draft-530,Existing baseline,Imported unchanged in substance; provenance not revalidated,Unknown - retain baseline provenance status,,,,,,WEB-178,,,,,Commissioner-confirmed label (user-confirmed),Existing development baseline; follow prior label-review status,Development only; not an untouched test set,Yes - before new evaluation,,,,,,,,,Classifier development and evaluation
WEB-179,WEB-179,Quarry / Sand / Mineral Use complaint,A complaint alleges that commercial extraction activity occurred on the leasehold contrary to its approved use and environmental conditions.,English,A complaint alleges that commercial extraction activity occurred on the leasehold contrary to its approved use and environmental conditions.,English text used for model input,Governance complaint narrative,No,Protected / Environmental Lease Misuse,Protected / Environmental Lease Misuse,State-land lease governance complaint,Existing development baseline; active splits cleared for regrouping,,,Verified,Land Commissioner verification (user-confirmed),,Commissioner-confirmed label (user-confirmed),"Record validity confirmed by the Land Commissioner, as reported by the user.",WEB-GRP-179,,complaint-development-v0.2-draft-530,Existing baseline,Imported unchanged in substance; provenance not revalidated,Unknown - retain baseline provenance status,,,,,,WEB-179,,,,,Commissioner-confirmed label (user-confirmed),Existing development baseline; follow prior label-review status,Development only; not an untouched test set,Yes - before new evaluation,,,,,,,,,Classifier development and evaluation
WEB-180,WEB-180,Quarry / Sand / Mineral Use complaint,Material was allegedly removed from the leased government land beyond what was permitted for site development.,English,Material was allegedly removed from the leased government land beyond what was permitted for site development.,English text used for model input,Governance complaint narrative,No,Protected / Environmental Lease Misuse,Protected / Environmental Lease Misuse,State-land lease governance complaint,Existing development baseline; active splits cleared for regrouping,,,Verified,Land Commissioner verification (user-confirmed),,Commissioner-confirmed label (user-confirmed),"Record validity confirmed by the Land Commissioner, as reported by the user.",WEB-GRP-180,,complaint-development-v0.2-draft-530,Existing baseline,Imported unchanged in substance; provenance not revalidated,Unknown - retain baseline provenance status,,,,,,WEB-180,,,,,Commissioner-confirmed label (user-confirmed),Existing development baseline; follow prior label-review status,Development only; not an untouched test set,Yes - before new evaluation,,,,,,,,,Classifier development and evaluation
WEB-181,WEB-181,Quarry / Sand / Mineral Use complaint,"The lessee allegedly extracted soil, sand, stone, or other material from the state land without authorization under the lease. The file reportedly contained no documented approval for the deviation.",English,"The lessee allegedly extracted soil, sand, stone, or other material from the state land without authorization under the lease. The file reportedly contained no documented approval for the deviation.",English text used for model input,Governance complaint narrative,No,Protected / Environmental Lease Misuse,Protected / Environmental Lease Misuse,State-land lease governance complaint,Existing development baseline; active splits cleared for regrouping,,,Verified,Land Commissioner verification (user-confirmed),,Commissioner-confirmed label (user-confirmed),"Record validity confirmed by the Land Commissioner, as reported by the user.",WEB-GRP-181,,complaint-development-v0.2-draft-530,Existing baseline,Imported unchanged in substance; provenance not revalidated,Unknown - retain baseline provenance status,,,,,,WEB-181,,,,,Commissioner-confirmed label (user-confirmed),Existing development baseline; follow prior label-review status,Development only; not an untouched test set,Yes - before new evaluation,,,,,,,,,Classifier development and evaluation
WEB-182,WEB-182,Quarry / Sand / Mineral Use complaint,A land parcel leased for another purpose was reportedly used for quarrying or material extraction without the required permit. The matter was raised as a governance concern requiring documentary verification.,English,A land parcel leased for another purpose was reportedly used for quarrying or material extraction without the required permit. The matter was raised as a governance concern requiring documentary verification.,English text used for model input,Governance complaint narrative,No,Protected / Environmental Lease Misuse,Protected / Environmental Lease Misuse,State-land lease governance complaint,Existing development baseline; active splits cleared for regrouping,,,Verified,Land Commissioner verification (user-confirmed),,Commissioner-confirmed label (user-confirmed),"Record validity confirmed by the Land Commissioner, as reported by the user.",WEB-GRP-182,,complaint-development-v0.2-draft-530,Existing baseline,Imported unchanged in substance; provenance not revalidated,Unknown - retain baseline provenance status,,,,,,WEB-182,,,,,Commissioner-confirmed label (user-confirmed),Existing development baseline; follow prior label-review status,Development only; not an untouched test set,Yes - before new evaluation,,,,,,,,,Classifier development and evaluation
WEB-183,WEB-183,Forest Clearance complaint,Vegetation and trees on a state-land leasehold were allegedly cleared beyond the area approved for development.,English,Vegetation and trees on a state-land leasehold were allegedly cleared beyond the area approved for development.,English text used for model input,Governance complaint narrative,No,Protected / Environmental Lease Misuse,Protected / Environmental Lease Misuse,State-land lease governance complaint,Existing development baseline; active splits cleared for regrouping,,,Verified,Land Commissioner verification (user-confirmed),,Commissioner-confirmed label (user-confirmed),"Record validity confirmed by the Land Commissioner, as reported by the user.",WEB-GRP-183,,complaint-development-v0.2-draft-530,Existing baseline,Imported unchanged in substance; provenance not revalidated,Unknown - retain baseline provenance status,,,,,,WEB-183,,,,,Commissioner-confirmed label (user-confirmed),Existing development baseline; follow prior label-review status,Development only; not an untouched test set,Yes - before new evaluation,,,,,,,,,Classifier development and evaluation
WEB-184,WEB-184,Forest Clearance complaint,A complaint states that forested land adjoining the approved lease footprint was cleared during project expansion.,English,A complaint states that forested land adjoining the approved lease footprint was cleared during project expansion.,English text used for model input,Governance complaint narrative,No,Protected / Environmental Lease Misuse,Protected / Environmental Lease Misuse,State-land lease governance complaint,Existing development baseline; active splits cleared for regrouping,,,Verified,Land Commissioner verification (user-confirmed),,Commissioner-confirmed label (user-confirmed),"Record validity confirmed by the Land Commissioner, as reported by the user.",WEB-GRP-184,,complaint-development-v0.2-draft-530,Existing baseline,Imported unchanged in substance; provenance not revalidated,Unknown - retain baseline provenance status,,,,,,WEB-184,,,,,Commissioner-confirmed label (user-confirmed),Existing development baseline; follow prior label-review status,Development only; not an untouched test set,Yes - before new evaluation,,,,,,,,,Classifier development and evaluation
WEB-185,WEB-185,Forest Clearance complaint,The lessee allegedly removed protected trees or natural vegetation without the environmental approvals required by the lease.,English,The lessee allegedly removed protected trees or natural vegetation without the environmental approvals required by the lease.,English text used for model input,Governance complaint narrative,No,Protected / Environmental Lease Misuse,Protected / Environmental Lease Misuse,State-land lease governance complaint,Existing development baseline; active splits cleared for regrouping,,,Verified,Land Commissioner verification (user-confirmed),,Commissioner-confirmed label (user-confirmed),"Record validity confirmed by the Land Commissioner, as reported by the user.",WEB-GRP-185,,complaint-development-v0.2-draft-530,Existing baseline,Imported unchanged in substance; provenance not revalidated,Unknown - retain baseline provenance status,,,,,,WEB-185,,,,,Commissioner-confirmed label (user-confirmed),Existing development baseline; follow prior label-review status,Development only; not an untouched test set,Yes - before new evaluation,,,,,,,,,Classifier development and evaluation
WEB-186,WEB-186,Forest Clearance complaint,Site development reportedly involved unauthorized clearing of forest cover on government land.,English,Site development reportedly involved unauthorized clearing of forest cover on government land.,English text used for model input,Governance complaint narrative,No,Protected / Environmental Lease Misuse,Protected / Environmental Lease Misuse,State-land lease governance complaint,Existing development baseline; active splits cleared for regrouping,,,Verified,Land Commissioner verification (user-confirmed),,Commissioner-confirmed label (user-confirmed),"Record validity confirmed by the Land Commissioner, as reported by the user.",WEB-GRP-186,,complaint-development-v0.2-draft-530,Existing baseline,Imported unchanged in substance; provenance not revalidated,Unknown - retain baseline provenance status,,,,,,WEB-186,,,,,Commissioner-confirmed label (user-confirmed),Existing development baseline; follow prior label-review status,Development only; not an untouched test set,Yes - before new evaluation,,,,,,,,,Classifier development and evaluation
WEB-187,WEB-187,Forest Clearance complaint,Vegetation and trees on a state-land leasehold were allegedly cleared beyond the area approved for development. The file reportedly contained no documented approval for the deviation.,English,Vegetation and trees on a state-land leasehold were allegedly cleared beyond the area approved for development. The file reportedly contained no documented approval for the deviation.,English text used for model input,Governance complaint narrative,No,Protected / Environmental Lease Misuse,Protected / Environmental Lease Misuse,State-land lease governance complaint,Existing development baseline; active splits cleared for regrouping,,,Verified,Land Commissioner verification (user-confirmed),,Commissioner-confirmed label (user-confirmed),"Record validity confirmed by the Land Commissioner, as reported by the user.",WEB-GRP-187,,complaint-development-v0.2-draft-530,Existing baseline,Imported unchanged in substance; provenance not revalidated,Unknown - retain baseline provenance status,,,,,,WEB-187,,,,,Commissioner-confirmed label (user-confirmed),Existing development baseline; follow prior label-review status,Development only; not an untouched test set,Yes - before new evaluation,,,,,,,,,Classifier development and evaluation
WEB-188,WEB-188,Forest Clearance complaint,A complaint states that forested land adjoining the approved lease footprint was cleared during project expansion. The matter was raised as a governance concern requiring documentary verification.,English,A complaint states that forested land adjoining the approved lease footprint was cleared during project expansion. The matter was raised as a governance concern requiring documentary verification.,English text used for model input,Governance complaint narrative,No,Protected / Environmental Lease Misuse,Protected / Environmental Lease Misuse,State-land lease governance complaint,Existing development baseline; active splits cleared for regrouping,,,Verified,Land Commissioner verification (user-confirmed),,Commissioner-confirmed label (user-confirmed),"Record validity confirmed by the Land Commissioner, as reported by the user.",WEB-GRP-188,,complaint-development-v0.2-draft-530,Existing baseline,Imported unchanged in substance; provenance not revalidated,Unknown - retain baseline provenance status,,,,,,WEB-188,,,,,Commissioner-confirmed label (user-confirmed),Existing development baseline; follow prior label-review status,Development only; not an untouched test set,Yes - before new evaluation,,,,,,,,,Classifier development and evaluation
WEB-189,WEB-189,Coastal / Island Misuse complaint,Development on coastal state land allegedly extended into a restricted shoreline area outside the approved lease boundary.,English,Development on coastal state land allegedly extended into a restricted shoreline area outside the approved lease boundary.,English text used for model input,Governance complaint narrative,No,Protected / Environmental Lease Misuse,Protected / Environmental Lease Misuse,State-land lease governance complaint,Existing development baseline; active splits cleared for regrouping,,,Verified,Land Commissioner verification (user-confirmed),,Commissioner-confirmed label (user-confirmed),"Record validity confirmed by the Land Commissioner, as reported by the user.",WEB-GRP-189,,complaint-development-v0.2-draft-530,Existing baseline,Imported unchanged in substance; provenance not revalidated,Unknown - retain baseline provenance status,,,,,,WEB-189,,,,,Commissioner-confirmed label (user-confirmed),Existing development baseline; follow prior label-review status,Development only; not an untouched test set,Yes - before new evaluation,,,,,,,,,Classifier development and evaluation
WEB-190,WEB-190,Coastal / Island Misuse complaint,A tourism lease on an island or coastal parcel allegedly involved construction in an area subject to environmental restrictions.,English,A tourism lease on an island or coastal parcel allegedly involved construction in an area subject to environmental restrictions.,English text used for model input,Governance complaint narrative,No,Protected / Environmental Lease Misuse,Protected / Environmental Lease Misuse,State-land lease governance complaint,Existing development baseline; active splits cleared for regrouping,,,Verified,Land Commissioner verification (user-confirmed),,Commissioner-confirmed label (user-confirmed),"Record validity confirmed by the Land Commissioner, as reported by the user.",WEB-GRP-190,,complaint-development-v0.2-draft-530,Existing baseline,Imported unchanged in substance; provenance not revalidated,Unknown - retain baseline provenance status,,,,,,WEB-190,,,,,Commissioner-confirmed label (user-confirmed),Existing development baseline; follow prior label-review status,Development only; not an untouched test set,Yes - before new evaluation,,,,,,,,,Classifier development and evaluation
WEB-191,WEB-191,Coastal / Island Misuse complaint,"A complaint alleges unauthorized alteration of dunes, beach frontage, or coastal vegetation associated with a state-land lease.",English,"A complaint alleges unauthorized alteration of dunes, beach frontage, or coastal vegetation associated with a state-land lease.",English text used for model input,Governance complaint narrative,No,Protected / Environmental Lease Misuse,Protected / Environmental Lease Misuse,State-land lease governance complaint,Existing development baseline; active splits cleared for regrouping,,,Verified,Land Commissioner verification (user-confirmed),,Commissioner-confirmed label (user-confirmed),"Record validity confirmed by the Land Commissioner, as reported by the user.",WEB-GRP-191,,complaint-development-v0.2-draft-530,Existing baseline,Imported unchanged in substance; provenance not revalidated,Unknown - retain baseline provenance status,,,,,,WEB-191,,,,,Commissioner-confirmed label (user-confirmed),Existing development baseline; follow prior label-review status,Development only; not an untouched test set,Yes - before new evaluation,,,,,,,,,Classifier development and evaluation
WEB-192,WEB-192,Coastal / Island Misuse complaint,The lessee reportedly expanded tourism facilities into environmentally sensitive coastal land without approval.,English,The lessee reportedly expanded tourism facilities into environmentally sensitive coastal land without approval.,English text used for model input,Governance complaint narrative,No,Protected / Environmental Lease Misuse,Protected / Environmental Lease Misuse,State-land lease governance complaint,Existing development baseline; active splits cleared for regrouping,,,Verified,Land Commissioner verification (user-confirmed),,Commissioner-confirmed label (user-confirmed),"Record validity confirmed by the Land Commissioner, as reported by the user.",WEB-GRP-192,,complaint-development-v0.2-draft-530,Existing baseline,Imported unchanged in substance; provenance not revalidated,Unknown - retain baseline provenance status,,,,,,WEB-192,,,,,Commissioner-confirmed label (user-confirmed),Existing development baseline; follow prior label-review status,Development only; not an untouched test set,Yes - before new evaluation,,,,,,,,,Classifier development and evaluation
WEB-193,WEB-193,Coastal / Island Misuse complaint,Development on coastal state land allegedly extended into a restricted shoreline area outside the approved lease boundary. The file reportedly contained no documented approval for the deviation.,English,Development on coastal state land allegedly extended into a restricted shoreline area outside the approved lease boundary. The file reportedly contained no documented approval for the deviation.,English text used for model input,Governance complaint narrative,No,Protected / Environmental Lease Misuse,Protected / Environmental Lease Misuse,State-land lease governance complaint,Existing development baseline; active splits cleared for regrouping,,,Verified,Land Commissioner verification (user-confirmed),,Commissioner-confirmed label (user-confirmed),"Record validity confirmed by the Land Commissioner, as reported by the user.",WEB-GRP-193,,complaint-development-v0.2-draft-530,Existing baseline,Imported unchanged in substance; provenance not revalidated,Unknown - retain baseline provenance status,,,,,,WEB-193,,,,,Commissioner-confirmed label (user-confirmed),Existing development baseline; follow prior label-review status,Development only; not an untouched test set,Yes - before new evaluation,,,,,,,,,Classifier development and evaluation
WEB-194,WEB-194,Coastal / Island Misuse complaint,A tourism lease on an island or coastal parcel allegedly involved construction in an area subject to environmental restrictions. The matter was raised as a governance concern requiring documentary verification.,English,A tourism lease on an island or coastal parcel allegedly involved construction in an area subject to environmental restrictions. The matter was raised as a governance concern requiring documentary verification.,English text used for model input,Governance complaint narrative,No,Protected / Environmental Lease Misuse,Protected / Environmental Lease Misuse,State-land lease governance complaint,Existing development baseline; active splits cleared for regrouping,,,Verified,Land Commissioner verification (user-confirmed),,Commissioner-confirmed label (user-confirmed),"Record validity confirmed by the Land Commissioner, as reported by the user.",WEB-GRP-194,,complaint-development-v0.2-draft-530,Existing baseline,Imported unchanged in substance; provenance not revalidated,Unknown - retain baseline provenance status,,,,,,WEB-194,,,,,Commissioner-confirmed label (user-confirmed),Existing development baseline; follow prior label-review status,Development only; not an untouched test set,Yes - before new evaluation,,,,,,,,,Classifier development and evaluation
WEB-195,WEB-195,Pollution / Waste / Hazardous Use complaint,A state-land leasehold was allegedly used for dumping waste or discharging pollutants contrary to the approved land use.,English,A state-land leasehold was allegedly used for dumping waste or discharging pollutants contrary to the approved land use.,English text used for model input,Governance complaint narrative,No,Protected / Environmental Lease Misuse,Protected / Environmental Lease Misuse,State-land lease governance complaint,Existing development baseline; active splits cleared for regrouping,,,Verified,Land Commissioner verification (user-confirmed),,Commissioner-confirmed label (user-confirmed),"Record validity confirmed by the Land Commissioner, as reported by the user.",WEB-GRP-195,,complaint-development-v0.2-draft-530,Existing baseline,Imported unchanged in substance; provenance not revalidated,Unknown - retain baseline provenance status,,,,,,WEB-195,,,,,Commissioner-confirmed label (user-confirmed),Existing development baseline; follow prior label-review status,Development only; not an untouched test set,Yes - before new evaluation,,,,,,,,,Classifier development and evaluation
WEB-196,WEB-196,Pollution / Waste / Hazardous Use complaint,Industrial activity on the leased government land allegedly caused contamination without the required environmental controls.,English,Industrial activity on the leased government land allegedly caused contamination without the required environmental controls.,English text used for model input,Governance complaint narrative,No,Protected / Environmental Lease Misuse,Protected / Environmental Lease Misuse,State-land lease governance complaint,Existing development baseline; active splits cleared for regrouping,,,Verified,Land Commissioner verification (user-confirmed),,Commissioner-confirmed label (user-confirmed),"Record validity confirmed by the Land Commissioner, as reported by the user.",WEB-GRP-196,,complaint-development-v0.2-draft-530,Existing baseline,Imported unchanged in substance; provenance not revalidated,Unknown - retain baseline provenance status,,,,,,WEB-196,,,,,Commissioner-confirmed label (user-confirmed),Existing development baseline; follow prior label-review status,Development only; not an untouched test set,Yes - before new evaluation,,,,,,,,,Classifier development and evaluation
WEB-197,WEB-197,Pollution / Waste / Hazardous Use complaint,A complaint states that waste was stored or disposed of on the leasehold in a manner inconsistent with lease and environmental conditions.,English,A complaint states that waste was stored or disposed of on the leasehold in a manner inconsistent with lease and environmental conditions.,English text used for model input,Governance complaint narrative,No,Protected / Environmental Lease Misuse,Protected / Environmental Lease Misuse,State-land lease governance complaint,Existing development baseline; active splits cleared for regrouping,,,Verified,Land Commissioner verification (user-confirmed),,Commissioner-confirmed label (user-confirmed),"Record validity confirmed by the Land Commissioner, as reported by the user.",WEB-GRP-197,,complaint-development-v0.2-draft-530,Existing baseline,Imported unchanged in substance; provenance not revalidated,Unknown - retain baseline provenance status,,,,,,WEB-197,,,,,Commissioner-confirmed label (user-confirmed),Existing development baseline; follow prior label-review status,Development only; not an untouched test set,Yes - before new evaluation,,,,,,,,,Classifier development and evaluation
WEB-198,WEB-198,Pollution / Waste / Hazardous Use complaint,The lessee allegedly used part of the state property for hazardous or polluting activity that had not been approved.,English,The lessee allegedly used part of the state property for hazardous or polluting activity that had not been approved.,English text used for model input,Governance complaint narrative,No,Protected / Environmental Lease Misuse,Protected / Environmental Lease Misuse,State-land lease governance complaint,Existing development baseline; active splits cleared for regrouping,,,Verified,Land Commissioner verification (user-confirmed),,Commissioner-confirmed label (user-confirmed),"Record validity confirmed by the Land Commissioner, as reported by the user.",WEB-GRP-198,,complaint-development-v0.2-draft-530,Existing baseline,Imported unchanged in substance; provenance not revalidated,Unknown - retain baseline provenance status,,,,,,WEB-198,,,,,Commissioner-confirmed label (user-confirmed),Existing development baseline; follow prior label-review status,Development only; not an untouched test set,Yes - before new evaluation,,,,,,,,,Classifier development and evaluation
WEB-199,WEB-199,Pollution / Waste / Hazardous Use complaint,A state-land leasehold was allegedly used for dumping waste or discharging pollutants contrary to the approved land use. The file reportedly contained no documented approval for the deviation.,English,A state-land leasehold was allegedly used for dumping waste or discharging pollutants contrary to the approved land use. The file reportedly contained no documented approval for the deviation.,English text used for model input,Governance complaint narrative,No,Protected / Environmental Lease Misuse,Protected / Environmental Lease Misuse,State-land lease governance complaint,Existing development baseline; active splits cleared for regrouping,,,Verified,Land Commissioner verification (user-confirmed),,Commissioner-confirmed label (user-confirmed),"Record validity confirmed by the Land Commissioner, as reported by the user.",WEB-GRP-199,,complaint-development-v0.2-draft-530,Existing baseline,Imported unchanged in substance; provenance not revalidated,Unknown - retain baseline provenance status,,,,,,WEB-199,,,,,Commissioner-confirmed label (user-confirmed),Existing development baseline; follow prior label-review status,Development only; not an untouched test set,Yes - before new evaluation,,,,,,,,,Classifier development and evaluation
WEB-200,WEB-200,Pollution / Waste / Hazardous Use complaint,Industrial activity on the leased government land allegedly caused contamination without the required environmental controls. The matter was raised as a governance concern requiring documentary verification.,English,Industrial activity on the leased government land allegedly caused contamination without the required environmental controls. The matter was raised as a governance concern requiring documentary verification.,English text used for model input,Governance complaint narrative,No,Protected / Environmental Lease Misuse,Protected / Environmental Lease Misuse,State-land lease governance complaint,Existing development baseline; active splits cleared for regrouping,,,Verified,Land Commissioner verification (user-confirmed),,Commissioner-confirmed label (user-confirmed),"Record validity confirmed by the Land Commissioner, as reported by the user.",WEB-GRP-200,,complaint-development-v0.2-draft-530,Existing baseline,Imported unchanged in substance; provenance not revalidated,Unknown - retain baseline provenance status,,,,,,WEB-200,,,,,Commissioner-confirmed label (user-confirmed),Existing development baseline; follow prior label-review status,Development only; not an untouched test set,Yes - before new evaluation,,,,,,,,,Classifier development and evaluation
SRC-001,CAND-001,Ganewatta rent revision,Audit reported that rent for 50 acres at Ganewatta remained Rs.761 annually despite a 2014 assessment of Rs.37 million.,English,Audit reported that rent for 50 acres at Ganewatta remained Rs.761 annually despite a 2014 assessment of Rs.37 million.,No translation; concise English paraphrase,Source-derived audit summary,No,,Lease Revenue / Payment / Enforcement,Candidate - human review required,Hold pending review; not approved training or test data,,,Primary-source passage inspected; finding attributed to source,Passage reviewed in prior source-collection batch; human adjudication pending,https://auditorgeneral.gov.lk/web/images/audit-reports/upload/2024/Annual_Report/Annual-Report-2024-English-Web_compressed.pdf,Proposed by AI - domain review pending,,annual2024,,complaint-development-v0.2-draft-530,New source-derived candidate,Source passage inspected; incident independence and scope review pending,"No - source-derived paraphrase, not verbatim complaint",,,,,Official-source paraphrase,CAND-001,annual2024,Printed p.638; PDF p.656,4b50355f19f62b23a1724b08de00eaaeb4d8904fcc1b46c5840e06256489538a,WEB-063;WEB-064,Proposed by AI - domain review pending,"Hold until human label, scope and duplicate review",Not allocated; collection is development-oriented,Yes - before new evaluation,,,,,,,,,
SRC-002,CAND-002,Pothuwila lease undercollection,"Audit reported that a 75-acre Pothuwila farming lease attracted Rs.0.3 million annually instead of Rs.1.5 million, with a reported Rs.30 million shortfall.",English,"Audit reported that a 75-acre Pothuwila farming lease attracted Rs.0.3 million annually instead of Rs.1.5 million, with a reported Rs.30 million shortfall.",No translation; concise English paraphrase,Source-derived audit summary,No,,Lease Revenue / Payment / Enforcement,Candidate - human review required,Hold pending review; not approved training or test data,,,Primary-source passage inspected; finding attributed to source,Passage reviewed in prior source-collection batch; human adjudication pending,https://auditorgeneral.gov.lk/web/images/audit-reports/upload/2024/Annual_Report/Annual-Report-2024-English-Web_compressed.pdf,Proposed by AI - domain review pending,Cross-source incident corroboration is listed in the review log.,annual2024,,complaint-development-v0.2-draft-530,New source-derived candidate,Source passage inspected; incident independence and scope review pending,"No - source-derived paraphrase, not verbatim complaint",,,,,Official-source paraphrase,CAND-002,annual2024,Printed p.639; PDF p.657,4b50355f19f62b23a1724b08de00eaaeb4d8904fcc1b46c5840e06256489538a,WEB-063;WEB-064,Proposed by AI - domain review pending,"Hold until human label, scope and duplicate review",Not allocated; collection is development-oriented,Yes - before new evaluation,,,,,,,,,
SRC-003,CAND-003,Panahaduwa mining allocation,"Audit reported that rights over 94.6174 hectares at Panahaduwa were transferred for mining without the required feasibility report, archaeological identification or lease agreement.",English,"Audit reported that rights over 94.6174 hectares at Panahaduwa were transferred for mining without the required feasibility report, archaeological identification or lease agreement.",No translation; concise English paraphrase,Source-derived audit summary,No,,Administrative / Procedural / Integrity,Candidate - human review required,Hold pending review; not approved training or test data,,,Primary-source passage inspected; finding attributed to source,Passage reviewed in prior source-collection batch; human adjudication pending,https://auditorgeneral.gov.lk/web/images/audit-reports/upload/2024/Annual_Report/Annual-Report-2024-English-Web_compressed.pdf,Proposed by AI - domain review pending,,annual2024,,complaint-development-v0.2-draft-530,New source-derived candidate,Source passage inspected; incident independence and scope review pending,"No - source-derived paraphrase, not verbatim complaint",,,,,Official-source paraphrase,CAND-003,annual2024,Printed p.453; PDF p.471,4b50355f19f62b23a1724b08de00eaaeb4d8904fcc1b46c5840e06256489538a,WEB-063;WEB-064,Proposed by AI - domain review pending,"Hold until human label, scope and duplicate review",Not allocated; collection is development-oriented,Yes - before new evaluation,,,,,,,,,
SRC-004,CAND-004,Mirishena communications lease,Audit reported that long-term rent had not been collected for Mirishena Mukalana land released in 1995 for a commercial communications centre.,English,Audit reported that long-term rent had not been collected for Mirishena Mukalana land released in 1995 for a commercial communications centre.,No translation; concise English paraphrase,Source-derived audit summary,No,,Lease Revenue / Payment / Enforcement,Candidate - human review required,Hold pending review; not approved training or test data,,,Primary-source passage inspected; finding attributed to source,Passage reviewed in prior source-collection batch; human adjudication pending,https://auditorgeneral.gov.lk/web/images/audit-reports/upload/2024/Annual_Report/Annual-Report-2024-English-Web_compressed.pdf,Proposed by AI - domain review pending,,annual2024,,complaint-development-v0.2-draft-530,New source-derived candidate,Source passage inspected; incident independence and scope review pending,"No - source-derived paraphrase, not verbatim complaint",,,,,Official-source paraphrase,CAND-004,annual2024,Printed p.643; PDF p.661,4b50355f19f62b23a1724b08de00eaaeb4d8904fcc1b46c5840e06256489538a,WEB-063;WEB-064,Proposed by AI - domain review pending,"Hold until human label, scope and duplicate review",Not allocated; collection is development-oriented,Yes - before new evaluation,,,,,,,,,
SRC-005,CAND-005,Yatiyanthota broadcasting arrears,"Audit reported Rs.10.2 million arrears by December 2024 for a 2.161-hectare Yatiyanthota broadcasting-site lease, with defaults dating from 2008.",English,"Audit reported Rs.10.2 million arrears by December 2024 for a 2.161-hectare Yatiyanthota broadcasting-site lease, with defaults dating from 2008.",No translation; concise English paraphrase,Source-derived audit summary,No,,Lease Revenue / Payment / Enforcement,Candidate - human review required,Hold pending review; not approved training or test data,,,Primary-source passage inspected; finding attributed to source,Passage reviewed in prior source-collection batch; human adjudication pending,https://auditorgeneral.gov.lk/web/images/audit-reports/upload/2024/Annual_Report/Annual-Report-2024-English-Web_compressed.pdf,Proposed by AI - domain review pending,,annual2024,,complaint-development-v0.2-draft-530,New source-derived candidate,Source passage inspected; incident independence and scope review pending,"No - source-derived paraphrase, not verbatim complaint",,,,,Official-source paraphrase,CAND-005,annual2024,Printed pp.643-644; PDF pp.661-662,4b50355f19f62b23a1724b08de00eaaeb4d8904fcc1b46c5840e06256489538a,WEB-063;WEB-064,Proposed by AI - domain review pending,"Hold until human label, scope and duplicate review",Not allocated; collection is development-oriented,Yes - before new evaluation,,,,,,,,,
SRC-006,CAND-006,Lechchami B Estate rent arrears,"Audit reported unrecovered rent of Rs.6,998,800 for eight acres leased to a foundation at Lechchami B Estate, Akmeemana. Management described recovery and repossession steps after the foundation head died.",English,"Audit reported unrecovered rent of Rs.6,998,800 for eight acres leased to a foundation at Lechchami B Estate, Akmeemana. Management described recovery and repossession steps after the foundation head died.",No translation; concise English paraphrase,Source-derived audit summary,No,,Lease Revenue / Payment / Enforcement,Candidate - human review required,Hold pending review; not approved training or test data,,,Primary-source passage inspected; finding attributed to source,Passage reviewed in prior source-collection batch; human adjudication pending,https://auditorgeneral.gov.lk/web/images/audit-reports/upload/2023/State-Corporations/2-XXIII/Land-Reform-Commission--E.pdf,Proposed by AI - domain review pending,,lrc2023,,complaint-development-v0.2-draft-530,New source-derived candidate,Source passage inspected; incident independence and scope review pending,"No - source-derived paraphrase, not verbatim complaint",,,,,Official-source paraphrase,CAND-006,lrc2023,"PDF/printed pp.20-21, observation (j)",1469c568126d56a02c6d16ccae74969973ce3cea25309016f08b5df5ab6d8543,STATE-LEASE-033;STATE-LEASE-052,Proposed by AI - domain review pending,"Hold until human label, scope and duplicate review",Not allocated; collection is development-oriented,Yes - before new evaluation,,,,,,,,,
SRC-007,CAND-007,Ragedara graphite lease valuation,Audit reported that the 70-acre Ragedara graphite lease lacked a finalized valuation and rent agreement after twelve years. Payments received were treated as advances.,English,Audit reported that the 70-acre Ragedara graphite lease lacked a finalized valuation and rent agreement after twelve years. Payments received were treated as advances.,No translation; concise English paraphrase,Source-derived audit summary,No,,Lease Revenue / Payment / Enforcement,Candidate - human review required,Hold pending review; not approved training or test data,,,Primary-source passage inspected; finding attributed to source,Passage reviewed in prior source-collection batch; human adjudication pending,https://auditorgeneral.gov.lk/web/images/audit-reports/upload/2023/State-Corporations/2-XXIII/Land-Reform-Commission--E.pdf,Proposed by AI - domain review pending,,lrc2023,,complaint-development-v0.2-draft-530,New source-derived candidate,Source passage inspected; incident independence and scope review pending,"No - source-derived paraphrase, not verbatim complaint",,,,,Official-source paraphrase,CAND-007,lrc2023,"PDF/printed pp.22-23, observation (m)",1469c568126d56a02c6d16ccae74969973ce3cea25309016f08b5df5ab6d8543,STATE-LEASE-033;STATE-LEASE-052,Proposed by AI - domain review pending,"Hold until human label, scope and duplicate review",Not allocated; collection is development-oriented,Yes - before new evaluation,,,,,,,,,
SRC-008,CAND-008,Ambalanwatta silica lease payments,Audit reported missing payments for several years on the 25-acre Ambalanwatta silica lease. Required valuation and mineral-assessment information had not been obtained to determine rent.,English,Audit reported missing payments for several years on the 25-acre Ambalanwatta silica lease. Required valuation and mineral-assessment information had not been obtained to determine rent.,No translation; concise English paraphrase,Source-derived audit summary,No,,Lease Revenue / Payment / Enforcement,Candidate - human review required,Hold pending review; not approved training or test data,,,Primary-source passage inspected; finding attributed to source,Passage reviewed in prior source-collection batch; human adjudication pending,https://auditorgeneral.gov.lk/web/images/audit-reports/upload/2023/State-Corporations/2-XXIII/Land-Reform-Commission--E.pdf,Proposed by AI - domain review pending,,lrc2023,,complaint-development-v0.2-draft-530,New source-derived candidate,Source passage inspected; incident independence and scope review pending,"No - source-derived paraphrase, not verbatim complaint",,,,,Official-source paraphrase,CAND-008,lrc2023,"PDF/printed p.24, observation (n)",1469c568126d56a02c6d16ccae74969973ce3cea25309016f08b5df5ab6d8543,STATE-LEASE-033;STATE-LEASE-052,Proposed by AI - domain review pending,"Hold until human label, scope and duplicate review",Not allocated; collection is development-oriented,Yes - before new evaluation,,,,,,,,,
SRC-009,CAND-009,Thalpitiya quartz lease receivable,"Audit reported Rs.5,653,566 receivable for the Thalpitiya quartz lease and deficiencies in revenue recognition. Management recorded installment payments and proposed legal advice following the lessee’s death.",English,"Audit reported Rs.5,653,566 receivable for the Thalpitiya quartz lease and deficiencies in revenue recognition. Management recorded installment payments and proposed legal advice following the lessee’s death.",No translation; concise English paraphrase,Source-derived audit summary,No,,Lease Revenue / Payment / Enforcement,Candidate - human review required,Hold pending review; not approved training or test data,,,Primary-source passage inspected; finding attributed to source,Passage reviewed in prior source-collection batch; human adjudication pending,https://auditorgeneral.gov.lk/web/images/audit-reports/upload/2024/2-State_Corporations/2-XIII/Land--Reform--Commission--E.pdf,Proposed by AI - domain review pending,,lrc2024,,complaint-development-v0.2-draft-530,New source-derived candidate,Source passage inspected; incident independence and scope review pending,"No - source-derived paraphrase, not verbatim complaint",,,,,Official-source paraphrase,CAND-009,lrc2024,"PDF/printed pp.20-21, observation (p)",d6b71957df87bc9e84b4d74e703df2b3934ccfecaaeff7a0598e18c823a37cc4,STATE-LEASE-034,Proposed by AI - domain review pending,"Hold until human label, scope and duplicate review",Not allocated; collection is development-oriented,Yes - before new evaluation,,,,,,,,,
SRC-010,CAND-010,Athhodagala lease arrears after litigation,"Audit reported Rs.5,604,252 due at March 2024 on Athhodagala Nindagama land, despite earlier arrears litigation and settlement. The land had also been subleased.",English,"Audit reported Rs.5,604,252 due at March 2024 on Athhodagala Nindagama land, despite earlier arrears litigation and settlement. The land had also been subleased.",No translation; concise English paraphrase,Source-derived audit summary,No,,Lease Revenue / Payment / Enforcement,Candidate - human review required,Hold pending review; not approved training or test data,,,Primary-source passage inspected; finding attributed to source,Passage reviewed in prior source-collection batch; human adjudication pending,https://auditorgeneral.gov.lk/web/images/audit-reports/upload/2024/2-State_Corporations/2-XIII/Land--Reform--Commission--E.pdf,Proposed by AI - domain review pending,,lrc2024,,complaint-development-v0.2-draft-530,New source-derived candidate,Source passage inspected; incident independence and scope review pending,"No - source-derived paraphrase, not verbatim complaint",,,,,Official-source paraphrase,CAND-010,lrc2024,"PDF/printed pp.23-24, observation (t)",d6b71957df87bc9e84b4d74e703df2b3934ccfecaaeff7a0598e18c823a37cc4,STATE-LEASE-034,Proposed by AI - domain review pending,"Hold until human label, scope and duplicate review",Not allocated; collection is development-oriented,Yes - before new evaluation,,,,,,,,,
SRC-011,CAND-011,Sasakawa lease renewal and valuation,Audit questioned reducing the assessed annual rent for the Sasakawa cultural-centre land from Rs.12.68 million to Rs.1.59 million and the absence of a renewed agreement. Management cited diplomatic considerations.,English,Audit questioned reducing the assessed annual rent for the Sasakawa cultural-centre land from Rs.12.68 million to Rs.1.59 million and the absence of a renewed agreement. Management cited diplomatic considerations.,No translation; concise English paraphrase,Source-derived audit summary,No,,Lease Revenue / Payment / Enforcement,Candidate - human review required,Hold pending review; not approved training or test data,,,Primary-source passage inspected; finding attributed to source,Passage reviewed in prior source-collection batch; human adjudication pending,https://auditorgeneral.gov.lk/web/images/audit-reports/upload/2023/State-Corporations/2-xxx/Sri-Lanka-Land-Development-Corporation--E.pdf,Proposed by AI - domain review pending,,slldc2023,,complaint-development-v0.2-draft-530,New source-derived candidate,Source passage inspected; incident independence and scope review pending,"No - source-derived paraphrase, not verbatim complaint",,,,,Official-source paraphrase,CAND-011,slldc2023,"PDF/printed pp.23-24, observation 3.2(d)",add207ed11421f743fa1457a682f6a409cc3f70dc18e7eb86b5786d6dc7ac28d,,Proposed by AI - domain review pending,"Hold until human label, scope and duplicate review",Not allocated; collection is development-oriented,Yes - before new evaluation,,,,,,,,,
SRC-012,CAND-012,Wedamulla lease extension valuation,Audit questioned extending the Wedamulla land lease from fifty to ninety-nine years using the earlier valuation with a small addition. Management defended the valuation and board approval.,English,Audit questioned extending the Wedamulla land lease from fifty to ninety-nine years using the earlier valuation with a small addition. Management defended the valuation and board approval.,No translation; concise English paraphrase,Source-derived audit summary,No,,Lease Revenue / Payment / Enforcement,Candidate - human review required,Hold pending review; not approved training or test data,,,Primary-source passage inspected; finding attributed to source,Passage reviewed in prior source-collection batch; human adjudication pending,https://auditorgeneral.gov.lk/web/images/audit-reports/upload/2023/State-Corporations/2-xxx/Sri-Lanka-Land-Development-Corporation--E.pdf,Proposed by AI - domain review pending,Audit and management positions differ; no legal conclusion inferred.,slldc2023,,complaint-development-v0.2-draft-530,New source-derived candidate,Source passage inspected; incident independence and scope review pending,"No - source-derived paraphrase, not verbatim complaint",,,,,Official-source paraphrase,CAND-012,slldc2023,"PDF/printed pp.20-21, observation 3.1(d)",add207ed11421f743fa1457a682f6a409cc3f70dc18e7eb86b5786d6dc7ac28d,,Proposed by AI - domain review pending,"Hold until human label, scope and duplicate review",Not allocated; collection is development-oriented,Yes - before new evaluation,,,,,,,,,
SRC-013,CAND-013,Uduwela factory lease default,"Audit reported Rs.17,960,000 in arrears on the Uduwela factory lease by December 2023, unpaid delay penalties and no operational commencement. Management proposed recovery and repossession action.",English,"Audit reported Rs.17,960,000 in arrears on the Uduwela factory lease by December 2023, unpaid delay penalties and no operational commencement. Management proposed recovery and repossession action.",No translation; concise English paraphrase,Source-derived audit summary,No,,Lease Revenue / Payment / Enforcement,Candidate - public-estate factory lease scope review required,Hold pending review; not approved training or test data,,,Primary-source passage inspected; finding attributed to source,Passage reviewed in prior source-collection batch; human adjudication pending,https://auditorgeneral.gov.lk/web/images/audit-reports/upload/2023/State-Corporations/2-XLI/Transactions-Report-of-the-Janatha-Estates-Development-Board--E.pdf,Proposed by AI - domain review pending,,jedb2023,,complaint-development-v0.2-draft-530,New source-derived candidate,Source passage inspected; incident independence and scope review pending,"No - source-derived paraphrase, not verbatim complaint",,,,,Official-source paraphrase,CAND-013,jedb2023,"PDF/printed p.12, observation (e)",14a2b3010b1fd4fad55bfde60142068362e90dd32644bfd7540ac12e58e80c69,,Proposed by AI - domain review pending,"Hold until human label, scope and duplicate review",Not allocated; collection is development-oriented,Yes - before new evaluation,,,,,,,,,
SRC-014,CAND-014,Great Valley Estate lease default,Audit reported unpaid rent after 2015 for a 20.5-hectare Great Valley lease and delayed repossession. The company had reportedly been liquidated in 2014; management described ongoing litigation.,English,Audit reported unpaid rent after 2015 for a 20.5-hectare Great Valley lease and delayed repossession. The company had reportedly been liquidated in 2014; management described ongoing litigation.,No translation; concise English paraphrase,Source-derived audit summary,No,,Lease Revenue / Payment / Enforcement,Candidate - human review required,Hold pending review; not approved training or test data,,,Primary-source passage inspected; finding attributed to source,Passage reviewed in prior source-collection batch; human adjudication pending,https://auditorgeneral.gov.lk/web/images/audit-reports/upload/2023/State-Corporations/2-XLI/Transactions-Report-of-the-Janatha-Estates-Development-Board--E.pdf,Proposed by AI - domain review pending,,jedb2023,,complaint-development-v0.2-draft-530,New source-derived candidate,Source passage inspected; incident independence and scope review pending,"No - source-derived paraphrase, not verbatim complaint",,,,,Official-source paraphrase,CAND-014,jedb2023,"PDF/printed p.13, observation (f)",14a2b3010b1fd4fad55bfde60142068362e90dd32644bfd7540ac12e58e80c69,,Proposed by AI - domain review pending,"Hold until human label, scope and duplicate review",Not allocated; collection is development-oriented,Yes - before new evaluation,,,,,,,,,
SRC-015,CAND-015,Kurunegala Lions Club commercial use,"Audit reported commercial stalls on land leased to Kurunegala Lions Club for society purposes, without collecting rent on a commercial basis.",English,"Audit reported commercial stalls on land leased to Kurunegala Lions Club for society purposes, without collecting rent on a commercial basis.",No translation; concise English paraphrase,Source-derived audit summary,No,,Unauthorized Allocation / Transfer / Use,Candidate - human review required,Hold pending review; not approved training or test data,,,Primary-source passage inspected; finding attributed to source,Passage reviewed in prior source-collection batch; human adjudication pending,https://auditorgeneral.gov.lk/web/images/audit-reports/upload/2023/Provincial_Council/5-vi/North-Western-Provincial-CouncilE.pdf,Proposed by AI - domain review pending,,nw2023,,complaint-development-v0.2-draft-530,New source-derived candidate,Source passage inspected; incident independence and scope review pending,"No - source-derived paraphrase, not verbatim complaint",,,,,Official-source paraphrase,CAND-015,nw2023,"PDF/printed p.36, section 1.5.19.6(a)",99d52b310a8244b2062c63f9b1b289a84b668b51e1317f4829f8a9045a14c86e,WEB-070;WEB-071;WEB-072,Proposed by AI - domain review pending,"Hold until human label, scope and duplicate review",Not allocated; collection is development-oriented,Yes - before new evaluation,,,,,,,,,
SRC-016,CAND-016,Kurunegala textile corporation sublease,Audit reported that the Textile Corporation’s Kurunegala land lacked a formal lease and rental payments while part of the premises was sublet privately.,English,Audit reported that the Textile Corporation’s Kurunegala land lacked a formal lease and rental payments while part of the premises was sublet privately.,No translation; concise English paraphrase,Source-derived audit summary,No,,Unauthorized Allocation / Transfer / Use,Candidate - human review required,Hold pending review; not approved training or test data,,,Primary-source passage inspected; finding attributed to source,Passage reviewed in prior source-collection batch; human adjudication pending,https://auditorgeneral.gov.lk/web/images/audit-reports/upload/2023/Provincial_Council/5-vi/North-Western-Provincial-CouncilE.pdf,Proposed by AI - domain review pending,,nw2023,,complaint-development-v0.2-draft-530,New source-derived candidate,Source passage inspected; incident independence and scope review pending,"No - source-derived paraphrase, not verbatim complaint",,,,,Official-source paraphrase,CAND-016,nw2023,"PDF/printed pp.36-37, section 1.5.19.6(b)",99d52b310a8244b2062c63f9b1b289a84b668b51e1317f4829f8a9045a14c86e,WEB-070;WEB-071;WEB-072,Proposed by AI - domain review pending,"Hold until human label, scope and duplicate review",Not allocated; collection is development-oriented,Yes - before new evaluation,,,,,,,,,
SRC-017,CAND-017,Ninogama retrospective lease revenue,"Audit reported that a commercial lease at Ninogama commenced in 2021 without addressing the company’s occupation since 2007, losing fourteen years of revenue.",English,"Audit reported that a commercial lease at Ninogama commenced in 2021 without addressing the company’s occupation since 2007, losing fourteen years of revenue.",No translation; concise English paraphrase,Source-derived audit summary,No,,Lease Revenue / Payment / Enforcement,Candidate - human review required,Hold pending review; not approved training or test data,,,Primary-source passage inspected; finding attributed to source,Passage reviewed in prior source-collection batch; human adjudication pending,https://auditorgeneral.gov.lk/web/images/audit-reports/upload/2023/Provincial_Council/5-vi/North-Western-Provincial-CouncilE.pdf,Proposed by AI - domain review pending,,nw2023,,complaint-development-v0.2-draft-530,New source-derived candidate,Source passage inspected; incident independence and scope review pending,"No - source-derived paraphrase, not verbatim complaint",,,,,Official-source paraphrase,CAND-017,nw2023,"PDF/printed p.40, observation (c)",99d52b310a8244b2062c63f9b1b289a84b668b51e1317f4829f8a9045a14c86e,WEB-070;WEB-071;WEB-072,Proposed by AI - domain review pending,"Hold until human label, scope and duplicate review",Not allocated; collection is development-oriented,Yes - before new evaluation,,,,,,,,,
SRC-018,CAND-018,Badabedda occupancy rent gap,Audit reported nine years of uncollected rent for occupied Badabedda Wattha land between the earlier annual arrangement and a later long-term lease.,English,Audit reported nine years of uncollected rent for occupied Badabedda Wattha land between the earlier annual arrangement and a later long-term lease.,No translation; concise English paraphrase,Source-derived audit summary,No,,Lease Revenue / Payment / Enforcement,Candidate - human review required,Hold pending review; not approved training or test data,,,Primary-source passage inspected; finding attributed to source,Passage reviewed in prior source-collection batch; human adjudication pending,https://auditorgeneral.gov.lk/web/images/audit-reports/upload/2023/Provincial_Council/5-vi/North-Western-Provincial-CouncilE.pdf,Proposed by AI - domain review pending,,nw2023,,complaint-development-v0.2-draft-530,New source-derived candidate,Source passage inspected; incident independence and scope review pending,"No - source-derived paraphrase, not verbatim complaint",,,,,Official-source paraphrase,CAND-018,nw2023,"PDF/printed p.41, observation (e)",99d52b310a8244b2062c63f9b1b289a84b668b51e1317f4829f8a9045a14c86e,WEB-070;WEB-071;WEB-072,Proposed by AI - domain review pending,"Hold until human label, scope and duplicate review",Not allocated; collection is development-oriented,Yes - before new evaluation,,,,,,,,,
SRC-019,CAND-019,Thalalla factory land arrears,"Audit reported unrecovered rent of Rs.8,910,000 on the Thalalla factory land and building lease. Management said the agreement had been terminated and recovery referred for legal action.",English,"Audit reported unrecovered rent of Rs.8,910,000 on the Thalalla factory land and building lease. Management said the agreement had been terminated and recovery referred for legal action.",No translation; concise English paraphrase,Source-derived audit summary,No,,Lease Revenue / Payment / Enforcement,Candidate - public-estate factory lease scope review required,Hold pending review; not approved training or test data,,,Primary-source passage inspected; finding attributed to source,Passage reviewed in prior source-collection batch; human adjudication pending,https://auditorgeneral.gov.lk/web/images/audit-reports/upload/2022/mindepart/1-XXII/Head303Department-of-Textile-IndustriesE.pdf,Proposed by AI - domain review pending,,textiles2022,,complaint-development-v0.2-draft-530,New source-derived candidate,Source passage inspected; incident independence and scope review pending,"No - source-derived paraphrase, not verbatim complaint",,,,,Official-source paraphrase,CAND-019,textiles2022,"PDF/printed pp.4-5, section 2.1(a)",af637529edf221e87faf9a0029f9e0632fb505a56651c0688b15d62d9548acf1,,Proposed by AI - domain review pending,"Hold until human label, scope and duplicate review",Not allocated; collection is development-oriented,Yes - before new evaluation,,,,,,,,,
SRC-020,CAND-020,Yatinuwara possession dispute and arrears,"Audit linked unpaid rent on the Yatinuwara factory lease to unresolved occupation affecting clear possession. It reported Rs.2,756,000 outstanding and delayed action on the occupant.",English,"Audit linked unpaid rent on the Yatinuwara factory lease to unresolved occupation affecting clear possession. It reported Rs.2,756,000 outstanding and delayed action on the occupant.",No translation; concise English paraphrase,Source-derived audit summary,No,,Lease Revenue / Payment / Enforcement,Candidate - public-estate factory lease scope review required,Hold pending review; not approved training or test data,,,Primary-source passage inspected; finding attributed to source,Passage reviewed in prior source-collection batch; human adjudication pending,https://auditorgeneral.gov.lk/web/images/audit-reports/upload/2022/mindepart/1-XXII/Head303Department-of-Textile-IndustriesE.pdf,Proposed by AI - domain review pending,,textiles2022,,complaint-development-v0.2-draft-530,New source-derived candidate,Source passage inspected; incident independence and scope review pending,"No - source-derived paraphrase, not verbatim complaint",,,,,Official-source paraphrase,CAND-020,textiles2022,"PDF/printed p.5, section 2.1(b)",af637529edf221e87faf9a0029f9e0632fb505a56651c0688b15d62d9548acf1,,Proposed by AI - domain review pending,"Hold until human label, scope and duplicate review",Not allocated; collection is development-oriented,Yes - before new evaluation,,,,,,,,,
SRC-021,CAND-021,Bibile Nimhala unpaid arbitration award,"Audit reported that the Bibile Nimhala lessee had not paid Rs.1,681,250 plus interest directed through arbitration in September 2022. Management had referred documents for legal proceedings.",English,"Audit reported that the Bibile Nimhala lessee had not paid Rs.1,681,250 plus interest directed through arbitration in September 2022. Management had referred documents for legal proceedings.",No translation; concise English paraphrase,Source-derived audit summary,No,,Lease Revenue / Payment / Enforcement,Candidate - public-estate factory lease scope review required,Hold pending review; not approved training or test data,,,Primary-source passage inspected; finding attributed to source,Passage reviewed in prior source-collection batch; human adjudication pending,https://auditorgeneral.gov.lk/web/images/audit-reports/upload/2022/mindepart/1-XXII/Head303Department-of-Textile-IndustriesE.pdf,Proposed by AI - domain review pending,,textiles2022,,complaint-development-v0.2-draft-530,New source-derived candidate,Source passage inspected; incident independence and scope review pending,"No - source-derived paraphrase, not verbatim complaint",,,,,Official-source paraphrase,CAND-021,textiles2022,"PDF/printed p.5, section 2.1(c)",af637529edf221e87faf9a0029f9e0632fb505a56651c0688b15d62d9548acf1,,Proposed by AI - domain review pending,"Hold until human label, scope and duplicate review",Not allocated; collection is development-oriented,Yes - before new evaluation,,,,,,,,,
SRC-022,CAND-022,Hakmana cooperative lease documentation,Audit reported lost rent from cooperative occupation of Hakmana state land where the long-term deed remained incomplete. Encroachments affected the site and the file had become inactive.,English,Audit reported lost rent from cooperative occupation of Hakmana state land where the long-term deed remained incomplete. Encroachments affected the site and the file had become inactive.,No translation; concise English paraphrase,Source-derived audit summary,No,,Administrative / Procedural / Integrity,Candidate - human review required,Hold pending review; not approved training or test data,,,Primary-source passage inspected; finding attributed to source,Passage reviewed in prior source-collection batch; human adjudication pending,https://auditorgeneral.gov.lk/web/images/audit-reports/upload/2018-2020/vol-11-01/district_secretariat/District-sec-English.pdf,Proposed by AI - domain review pending,,district2018_2020,,complaint-development-v0.2-draft-530,New source-derived candidate,Source passage inspected; incident independence and scope review pending,"No - source-derived paraphrase, not verbatim complaint",,,,,Official-source paraphrase,CAND-022,district2018_2020,"Printed p.51; PDF p.54, item 08",6a683b535a1fd442464ad1758a2357deea72f96e653c2f78ec16db4de7b89579,,Proposed by AI - domain review pending,"Hold until human label, scope and duplicate review",Not allocated; collection is development-oriented,Yes - before new evaluation,,,,,,,,,
SRC-023,CAND-023,Devinuwara cooperative lease arrears,"Audit reported Rs.6,910,183 arrears by March 2019 on the former Devinuwara secretariat premises leased to a cooperative. The long-term deed and recovery remained unresolved at follow-up.",English,"Audit reported Rs.6,910,183 arrears by March 2019 on the former Devinuwara secretariat premises leased to a cooperative. The long-term deed and recovery remained unresolved at follow-up.",No translation; concise English paraphrase,Source-derived audit summary,No,,Lease Revenue / Payment / Enforcement,Candidate - human review required,Hold pending review; not approved training or test data,,,Primary-source passage inspected; finding attributed to source,Passage reviewed in prior source-collection batch; human adjudication pending,https://auditorgeneral.gov.lk/web/images/audit-reports/upload/2018-2020/vol-11-01/district_secretariat/District-sec-English.pdf,Proposed by AI - domain review pending,,district2018_2020,,complaint-development-v0.2-draft-530,New source-derived candidate,Source passage inspected; incident independence and scope review pending,"No - source-derived paraphrase, not verbatim complaint",,,,,Official-source paraphrase,CAND-023,district2018_2020,"Printed pp.51-52; PDF pp.54-55, item 09",6a683b535a1fd442464ad1758a2357deea72f96e653c2f78ec16db4de7b89579,,Proposed by AI - domain review pending,"Hold until human label, scope and duplicate review",Not allocated; collection is development-oriented,Yes - before new evaluation,,,,,,,,,
SRC-024,CAND-024,Weraduwa school land change of use,Audit questioned transferring former Weraduwa school premises for vocational training that did not materialize and subsequent leasing arrangements. Follow-up reported arrears recovered and changed occupancy arrangements.,English,Audit questioned transferring former Weraduwa school premises for vocational training that did not materialize and subsequent leasing arrangements. Follow-up reported arrears recovered and changed occupancy arrangements.,No translation; concise English paraphrase,Source-derived audit summary,No,,Unauthorized Allocation / Transfer / Use,Candidate - human review required,Hold pending review; not approved training or test data,,,Primary-source passage inspected; finding attributed to source,Passage reviewed in prior source-collection batch; human adjudication pending,https://auditorgeneral.gov.lk/web/images/audit-reports/upload/2018-2020/vol-11-01/district_secretariat/District-sec-English.pdf,Proposed by AI - domain review pending,Historical issue with reported corrective action; not a current unresolved complaint.,district2018_2020,,complaint-development-v0.2-draft-530,New source-derived candidate,Source passage inspected; incident independence and scope review pending,"No - source-derived paraphrase, not verbatim complaint",,,,,Official-source paraphrase,CAND-024,district2018_2020,"Printed pp.53-54; PDF pp.56-57, item 11",6a683b535a1fd442464ad1758a2357deea72f96e653c2f78ec16db4de7b89579,,Proposed by AI - domain review pending,"Hold until human label, scope and duplicate review",Not allocated; collection is development-oriented,Yes - before new evaluation,,,,,,,,,
SRC-025,CAND-025,Tennis Association expired municipal lease,"Audit reported continued Tennis Association use of Marcus Fernando Mawatha land after lease expiry, additional unleased occupation and Rs.30,075,662 rent arrears by June 2022. Council officials described renewal approval steps.",English,"Audit reported continued Tennis Association use of Marcus Fernando Mawatha land after lease expiry, additional unleased occupation and Rs.30,075,662 rent arrears by June 2022. Council officials described renewal approval steps.",No translation; concise English paraphrase,Source-derived audit summary,No,,Unauthorized Allocation / Transfer / Use,Candidate - municipal-land scope review required,Hold pending review; not approved training or test data,,,Primary-source passage inspected; finding attributed to source,Passage reviewed in prior source-collection batch; human adjudication pending,https://auditorgeneral.gov.lk/web/images/audit-reports/upload/2021/local_authorities/6-xxi/01ColomboMCE.pdf,Proposed by AI - domain review pending,,cmc2021,,complaint-development-v0.2-draft-530,New source-derived candidate,Source passage inspected; incident independence and scope review pending,"No - source-derived paraphrase, not verbatim complaint",,,,,Official-source paraphrase,CAND-025,cmc2021,"PDF/printed pp.19-20, section 3.3(a)",1df460f3d49c13e9ce441e66de1648d31dcd54c7fe1dee9446a6239719f71351,,Proposed by AI - domain review pending,"Hold until human label, scope and duplicate review",Not allocated; collection is development-oriented,Yes - before new evaluation,,,,,,,,,
SRC-026,CAND-026,Elie House lease and occupation,COPA discussed Elie House occupation beyond the leased area and a lease that expired in 2022. Officials reported pending recovery of arrears and fines and steps to reclaim unleased land.,English,COPA discussed Elie House occupation beyond the leased area and a lease that expired in 2022. Officials reported pending recovery of arrears and fines and steps to reclaim unleased land.,No translation; concise English paraphrase,Source-derived committee report summary,No,,Unauthorized Allocation / Transfer / Use,Candidate - municipal-land scope review required,Hold pending review; not approved training or test data,,,Primary-source passage inspected; finding attributed to source,Passage reviewed in prior source-collection batch; human adjudication pending,https://www.parliament.lk/en/home/parliament-news/view/4854,Proposed by AI - domain review pending,Article gives differing extents; no reconstructed area calculation.,parl4854,,complaint-development-v0.2-draft-530,New source-derived candidate,Source passage inspected; incident independence and scope review pending,"No - source-derived paraphrase, not verbatim complaint",,,,,Official-source paraphrase,CAND-026,parl4854,"Dated article, paragraphs on Elie House; web lines 271-275",,,Proposed by AI - domain review pending,"Hold until human label, scope and duplicate review",Not allocated; collection is development-oriented,Yes - before new evaluation,,,,,,,,,
SRC-027,CAND-027,Gatambe protected-zone restaurant,Audit reported a restaurant remaining within the Hakkinda protected zone. Management stated that it predated protection and that conditional leasing had board approval.,English,Audit reported a restaurant remaining within the Hakkinda protected zone. Management stated that it predated protection and that conditional leasing had board approval.,No translation; concise English paraphrase,Source-derived audit summary,No,,Protected / Environmental Lease Misuse,Candidate - human review required,Hold pending review; not approved training or test data,,,Primary-source passage inspected; finding attributed to source,Passage reviewed in prior source-collection batch; human adjudication pending,https://auditorgeneral.gov.lk/web/images/audit-reports/upload/2023/State-Corporations/2-XXXVI/Mahaweli-Authority-of-Sri-Lanka-and-Group--E.pdf,Proposed by AI - domain review pending,Competing source positions retained; no finding of guilt inferred.,mahaweli2023,,complaint-development-v0.2-draft-530,New source-derived candidate,Source passage inspected; incident independence and scope review pending,"No - source-derived paraphrase, not verbatim complaint",,,,,Official-source paraphrase,CAND-027,mahaweli2023,"PDF/printed p.42, observation (vii)",ec588433199f910605be4434c6c732cb326ecc7c39243996b38fd8213dce4a26,,Proposed by AI - domain review pending,"Hold until human label, scope and duplicate review",Not allocated; collection is development-oriented,Yes - before new evaluation,,,,,,,,,
SRC-028,CAND-028,Mahaweli lots 03 and 05 alienation,"Audit reported unauthorized transfer of lots 03 and 05, plan I.P. maha 4971, to a biscuit company, unpaid rent and cancellation in 2019.",English,"Audit reported unauthorized transfer of lots 03 and 05, plan I.P. maha 4971, to a biscuit company, unpaid rent and cancellation in 2019.",No translation; concise English paraphrase,Source-derived audit summary,No,,Unauthorized Allocation / Transfer / Use,Candidate - human review required,Hold pending review; not approved training or test data,,,Primary-source passage inspected; finding attributed to source,Passage reviewed in prior source-collection batch; human adjudication pending,https://auditorgeneral.gov.lk/web/images/audit-reports/upload/2023/State-Corporations/2-XXXVI/Mahaweli-Authority-of-Sri-Lanka-and-Group--E.pdf,Proposed by AI - domain review pending,,mahaweli2023,,complaint-development-v0.2-draft-530,New source-derived candidate,Source passage inspected; incident independence and scope review pending,"No - source-derived paraphrase, not verbatim complaint",,,,,Official-source paraphrase,CAND-028,mahaweli2023,"PDF/printed p.60, observation (f)",ec588433199f910605be4434c6c732cb326ecc7c39243996b38fd8213dce4a26,,Proposed by AI - domain review pending,"Hold until human label, scope and duplicate review",Not allocated; collection is development-oriented,Yes - before new evaluation,,,,,,,,,
SRC-029,CAND-029,Rambakanoya CECB lease documentation,"Audit reported that 150 acres allocated to CECB in 2020 lacked a proper survey and agreement, with lease-related revenue unaccounted for.",English,"Audit reported that 150 acres allocated to CECB in 2020 lacked a proper survey and agreement, with lease-related revenue unaccounted for.",No translation; concise English paraphrase,Source-derived audit summary,No,,Administrative / Procedural / Integrity,Candidate - human review required,Hold pending review; not approved training or test data,,,Primary-source passage inspected; finding attributed to source,Passage reviewed in prior source-collection batch; human adjudication pending,https://auditorgeneral.gov.lk/web/images/audit-reports/upload/2023/State-Corporations/2-XXXVI/Mahaweli-Authority-of-Sri-Lanka-and-Group--E.pdf,Proposed by AI - domain review pending,,mahaweli2023,,complaint-development-v0.2-draft-530,New source-derived candidate,Source passage inspected; incident independence and scope review pending,"No - source-derived paraphrase, not verbatim complaint",,,,,Official-source paraphrase,CAND-029,mahaweli2023,"PDF/printed p.61, observation (h)(i)",ec588433199f910605be4434c6c732cb326ecc7c39243996b38fd8213dce4a26,,Proposed by AI - domain review pending,"Hold until human label, scope and duplicate review",Not allocated; collection is development-oriented,Yes - before new evaluation,,,,,,,,,
SRC-030,CAND-030,Aluthwewa misplaced lease file,Audit reported a missing original file and valuation for a 100-acre Aluthwewa coconut lease whose initial term had expired. Management explained subsequent rent calculations.,English,Audit reported a missing original file and valuation for a 100-acre Aluthwewa coconut lease whose initial term had expired. Management explained subsequent rent calculations.,No translation; concise English paraphrase,Source-derived audit summary,No,,Administrative / Procedural / Integrity,Candidate - human review required,Hold pending review; not approved training or test data,,,Primary-source passage inspected; finding attributed to source,Passage reviewed in prior source-collection batch; human adjudication pending,https://auditorgeneral.gov.lk/web/images/audit-reports/upload/2023/State-Corporations/2-XXXVI/Mahaweli-Authority-of-Sri-Lanka-and-Group--E.pdf,Proposed by AI - domain review pending,,mahaweli2023,,complaint-development-v0.2-draft-530,New source-derived candidate,Source passage inspected; incident independence and scope review pending,"No - source-derived paraphrase, not verbatim complaint",,,,,Official-source paraphrase,CAND-030,mahaweli2023,"PDF/printed pp.62-63, observation (i)",ec588433199f910605be4434c6c732cb326ecc7c39243996b38fd8213dce4a26,,Proposed by AI - domain review pending,"Hold until human label, scope and duplicate review",Not allocated; collection is development-oriented,Yes - before new evaluation,,,,,,,,,
SYN-0001,SYN-FAM-001,Unofficial processing payment,The officer handling my state-land lease application asked for cash without a receipt before moving the file forward.,English,The officer handling my state-land lease application asked for cash without a receipt before moving the file forward.,AI-authored English; no translation,AI-generated synthetic complaint scenario variant,No,,Administrative / Procedural / Integrity,Hypothetical state/public-land lease complaint; in-scope by scenario construction,Training augmentation candidate only; human label review required,,,Synthetic - not a real incident,Authored hypothetical scenario; no external incident asserted,,Scenario-author-assigned label; not expert-confirmed gold,"Fictional conditions are scenario assumptions, not statements of Sri Lankan law. Three variants share one scenario family.",SYN-FAM-001,,complaint-development-v0.2-draft-530,New synthetic scenario,Explicitly synthetic,Yes,SYN-FAM-001,1,ChatGPT,2026-09-30,Hypothetical; not derived from a specific baseline or source incident,,,,,,Proposed scenario label - human review required,Training-only candidate after label review,Exclude from primary evaluation; optional separate synthetic diagnostic only,Yes - before new evaluation,,,,,,,,,
SYN-0002,SYN-FAM-001,Unofficial processing payment,My lease application has stopped at the desk where an officer requested an unreceipted payment to process it.,English,My lease application has stopped at the desk where an officer requested an unreceipted payment to process it.,AI-authored English; no translation,AI-generated synthetic complaint scenario variant,No,,Administrative / Procedural / Integrity,Hypothetical state/public-land lease complaint; in-scope by scenario construction,Training augmentation candidate only; human label review required,,,Synthetic - not a real incident,Authored hypothetical scenario; no external incident asserted,,Scenario-author-assigned label; not expert-confirmed gold,"Fictional conditions are scenario assumptions, not statements of Sri Lankan law. Three variants share one scenario family.",SYN-FAM-001,,complaint-development-v0.2-draft-530,New synthetic scenario,Explicitly synthetic,Yes,SYN-FAM-001,2,ChatGPT,2026-09-30,Hypothetical; not derived from a specific baseline or source incident,,,,,,Proposed scenario label - human review required,Training-only candidate after label review,Exclude from primary evaluation; optional separate synthetic diagnostic only,Yes - before new evaluation,,,,,,,,,
SYN-0003,SYN-FAM-001,Unofficial processing payment,An applicant reports being asked to pay the reviewing officer personally before a pending government-land lease file would proceed.,English,An applicant reports being asked to pay the reviewing officer personally before a pending government-land lease file would proceed.,AI-authored English; no translation,AI-generated synthetic complaint scenario variant,No,,Administrative / Procedural / Integrity,Hypothetical state/public-land lease complaint; in-scope by scenario construction,Training augmentation candidate only; human label review required,,,Synthetic - not a real incident,Authored hypothetical scenario; no external incident asserted,,Scenario-author-assigned label; not expert-confirmed gold,"Fictional conditions are scenario assumptions, not statements of Sri Lankan law. Three variants share one scenario family.",SYN-FAM-001,,complaint-development-v0.2-draft-530,New synthetic scenario,Explicitly synthetic,Yes,SYN-FAM-001,3,ChatGPT,2026-09-30,Hypothetical; not derived from a specific baseline or source incident,,,,,,Proposed scenario label - human review required,Training-only candidate after label review,Exclude from primary evaluation; optional separate synthetic diagnostic only,Yes - before new evaluation,,,,,,,,,
SYN-0004,SYN-FAM-002,Sexual favour linked to approval,An officer suggested that my state-land lease would be approved only if I agreed to a sexual favour.,English,An officer suggested that my state-land lease would be approved only if I agreed to a sexual favour.,AI-authored English; no translation,AI-generated synthetic complaint scenario variant,No,,Administrative / Procedural / Integrity,Hypothetical state/public-land lease complaint; in-scope by scenario construction,Training augmentation candidate only; human label review required,,,Synthetic - not a real incident,Authored hypothetical scenario; no external incident asserted,,Scenario-author-assigned label; not expert-confirmed gold,"Fictional conditions are scenario assumptions, not statements of Sri Lankan law. Three variants share one scenario family.",SYN-FAM-002,,complaint-development-v0.2-draft-530,New synthetic scenario,Explicitly synthetic,Yes,SYN-FAM-002,1,ChatGPT,2026-09-30,Hypothetical; not derived from a specific baseline or source incident,,,,,,Proposed scenario label - human review required,Training-only candidate after label review,Exclude from primary evaluation; optional separate synthetic diagnostic only,Yes - before new evaluation,,,,,,,,,
SYN-0005,SYN-FAM-002,Sexual favour linked to approval,The applicant says an official linked approval of the government-land lease to an unwanted request for sexual contact.,English,The applicant says an official linked approval of the government-land lease to an unwanted request for sexual contact.,AI-authored English; no translation,AI-generated synthetic complaint scenario variant,No,,Administrative / Procedural / Integrity,Hypothetical state/public-land lease complaint; in-scope by scenario construction,Training augmentation candidate only; human label review required,,,Synthetic - not a real incident,Authored hypothetical scenario; no external incident asserted,,Scenario-author-assigned label; not expert-confirmed gold,"Fictional conditions are scenario assumptions, not statements of Sri Lankan law. Three variants share one scenario family.",SYN-FAM-002,,complaint-development-v0.2-draft-530,New synthetic scenario,Explicitly synthetic,Yes,SYN-FAM-002,2,ChatGPT,2026-09-30,Hypothetical; not derived from a specific baseline or source incident,,,,,,Proposed scenario label - human review required,Training-only candidate after label review,Exclude from primary evaluation; optional separate synthetic diagnostic only,Yes - before new evaluation,,,,,,,,,
SYN-0006,SYN-FAM-002,Sexual favour linked to approval,"I received an unwanted sexual proposition from the official reviewing my land lease, with approval presented as conditional on accepting.",English,"I received an unwanted sexual proposition from the official reviewing my land lease, with approval presented as conditional on accepting.",AI-authored English; no translation,AI-generated synthetic complaint scenario variant,No,,Administrative / Procedural / Integrity,Hypothetical state/public-land lease complaint; in-scope by scenario construction,Training augmentation candidate only; human label review required,,,Synthetic - not a real incident,Authored hypothetical scenario; no external incident asserted,,Scenario-author-assigned label; not expert-confirmed gold,"Fictional conditions are scenario assumptions, not statements of Sri Lankan law. Three variants share one scenario family.",SYN-FAM-002,,complaint-development-v0.2-draft-530,New synthetic scenario,Explicitly synthetic,Yes,SYN-FAM-002,3,ChatGPT,2026-09-30,Hypothetical; not derived from a specific baseline or source incident,,,,,,Proposed scenario label - human review required,Training-only candidate after label review,Exclude from primary evaluation; optional separate synthetic diagnostic only,Yes - before new evaluation,,,,,,,,,
SYN-0007,SYN-FAM-003,Threat over reporting misconduct,"After I reported an unofficial payment request, the officer threatened to cancel my state-land lease application unless I withdrew the complaint.",English,"After I reported an unofficial payment request, the officer threatened to cancel my state-land lease application unless I withdrew the complaint.",AI-authored English; no translation,AI-generated synthetic complaint scenario variant,No,,Administrative / Procedural / Integrity,Hypothetical state/public-land lease complaint; in-scope by scenario construction,Training augmentation candidate only; human label review required,,,Synthetic - not a real incident,Authored hypothetical scenario; no external incident asserted,,Scenario-author-assigned label; not expert-confirmed gold,"Fictional conditions are scenario assumptions, not statements of Sri Lankan law. Three variants share one scenario family.",SYN-FAM-003,,complaint-development-v0.2-draft-530,New synthetic scenario,Explicitly synthetic,Yes,SYN-FAM-003,1,ChatGPT,2026-09-30,Hypothetical; not derived from a specific baseline or source incident,,,,,,Proposed scenario label - human review required,Training-only candidate after label review,Exclude from primary evaluation; optional separate synthetic diagnostic only,Yes - before new evaluation,,,,,,,,,
SYN-0008,SYN-FAM-003,Threat over reporting misconduct,A lease applicant alleges that an official used cancellation threats to pressure them into withdrawing a complaint about that official.,English,A lease applicant alleges that an official used cancellation threats to pressure them into withdrawing a complaint about that official.,AI-authored English; no translation,AI-generated synthetic complaint scenario variant,No,,Administrative / Procedural / Integrity,Hypothetical state/public-land lease complaint; in-scope by scenario construction,Training augmentation candidate only; human label review required,,,Synthetic - not a real incident,Authored hypothetical scenario; no external incident asserted,,Scenario-author-assigned label; not expert-confirmed gold,"Fictional conditions are scenario assumptions, not statements of Sri Lankan law. Three variants share one scenario family.",SYN-FAM-003,,complaint-development-v0.2-draft-530,New synthetic scenario,Explicitly synthetic,Yes,SYN-FAM-003,2,ChatGPT,2026-09-30,Hypothetical; not derived from a specific baseline or source incident,,,,,,Proposed scenario label - human review required,Training-only candidate after label review,Exclude from primary evaluation; optional separate synthetic diagnostic only,Yes - before new evaluation,,,,,,,,,
SYN-0009,SYN-FAM-003,Threat over reporting misconduct,My complaint about the lease officer was followed by a warning that my application would be rejected if I continued.,English,My complaint about the lease officer was followed by a warning that my application would be rejected if I continued.,AI-authored English; no translation,AI-generated synthetic complaint scenario variant,No,,Administrative / Procedural / Integrity,Hypothetical state/public-land lease complaint; in-scope by scenario construction,Training augmentation candidate only; human label review required,,,Synthetic - not a real incident,Authored hypothetical scenario; no external incident asserted,,Scenario-author-assigned label; not expert-confirmed gold,"Fictional conditions are scenario assumptions, not statements of Sri Lankan law. Three variants share one scenario family.",SYN-FAM-003,,complaint-development-v0.2-draft-530,New synthetic scenario,Explicitly synthetic,Yes,SYN-FAM-003,3,ChatGPT,2026-09-30,Hypothetical; not derived from a specific baseline or source incident,,,,,,Proposed scenario label - human review required,Training-only candidate after label review,Exclude from primary evaluation; optional separate synthetic diagnostic only,Yes - before new evaluation,,,,,,,,,
SYN-0010,SYN-FAM-004,Personal relationship concealed,The officer assessing government-land lease applications did not disclose that the selected applicant was their business partner.,English,The officer assessing government-land lease applications did not disclose that the selected applicant was their business partner.,AI-authored English; no translation,AI-generated synthetic complaint scenario variant,No,,Administrative / Procedural / Integrity,Hypothetical state/public-land lease complaint; in-scope by scenario construction,Training augmentation candidate only; human label review required,,,Synthetic - not a real incident,Authored hypothetical scenario; no external incident asserted,,Scenario-author-assigned label; not expert-confirmed gold,"Fictional conditions are scenario assumptions, not statements of Sri Lankan law. Three variants share one scenario family.",SYN-FAM-004,,complaint-development-v0.2-draft-530,New synthetic scenario,Explicitly synthetic,Yes,SYN-FAM-004,1,ChatGPT,2026-09-30,Hypothetical; not derived from a specific baseline or source incident,,,,,,Proposed scenario label - human review required,Training-only candidate after label review,Exclude from primary evaluation; optional separate synthetic diagnostic only,Yes - before new evaluation,,,,,,,,,
SYN-0011,SYN-FAM-004,Personal relationship concealed,"A competing lease applicant reports that the reviewer and the successful applicant jointly own a business, but the assessment records omit this relationship.",English,"A competing lease applicant reports that the reviewer and the successful applicant jointly own a business, but the assessment records omit this relationship.",AI-authored English; no translation,AI-generated synthetic complaint scenario variant,No,,Administrative / Procedural / Integrity,Hypothetical state/public-land lease complaint; in-scope by scenario construction,Training augmentation candidate only; human label review required,,,Synthetic - not a real incident,Authored hypothetical scenario; no external incident asserted,,Scenario-author-assigned label; not expert-confirmed gold,"Fictional conditions are scenario assumptions, not statements of Sri Lankan law. Three variants share one scenario family.",SYN-FAM-004,,complaint-development-v0.2-draft-530,New synthetic scenario,Explicitly synthetic,Yes,SYN-FAM-004,2,ChatGPT,2026-09-30,Hypothetical; not derived from a specific baseline or source incident,,,,,,Proposed scenario label - human review required,Training-only candidate after label review,Exclude from primary evaluation; optional separate synthetic diagnostic only,Yes - before new evaluation,,,,,,,,,
SYN-0012,SYN-FAM-004,Personal relationship concealed,The selection file for a state parcel contains no disclosure of the reviewing officer's business partnership with the successful applicant.,English,The selection file for a state parcel contains no disclosure of the reviewing officer's business partnership with the successful applicant.,AI-authored English; no translation,AI-generated synthetic complaint scenario variant,No,,Administrative / Procedural / Integrity,Hypothetical state/public-land lease complaint; in-scope by scenario construction,Training augmentation candidate only; human label review required,,,Synthetic - not a real incident,Authored hypothetical scenario; no external incident asserted,,Scenario-author-assigned label; not expert-confirmed gold,"Fictional conditions are scenario assumptions, not statements of Sri Lankan law. Three variants share one scenario family.",SYN-FAM-004,,complaint-development-v0.2-draft-530,New synthetic scenario,Explicitly synthetic,Yes,SYN-FAM-004,3,ChatGPT,2026-09-30,Hypothetical; not derived from a specific baseline or source incident,,,,,,Proposed scenario label - human review required,Training-only candidate after label review,Exclude from primary evaluation; optional separate synthetic diagnostic only,Yes - before new evaluation,,,,,,,,,
SYN-0013,SYN-FAM-005,Altered approval signature,The approval letter in my government-land lease file carries my signature even though I never signed that version.,English,The approval letter in my government-land lease file carries my signature even though I never signed that version.,AI-authored English; no translation,AI-generated synthetic complaint scenario variant,No,,Administrative / Procedural / Integrity,Hypothetical state/public-land lease complaint; in-scope by scenario construction,Training augmentation candidate only; human label review required,,,Synthetic - not a real incident,Authored hypothetical scenario; no external incident asserted,,Scenario-author-assigned label; not expert-confirmed gold,"Fictional conditions are scenario assumptions, not statements of Sri Lankan law. Three variants share one scenario family.",SYN-FAM-005,,complaint-development-v0.2-draft-530,New synthetic scenario,Explicitly synthetic,Yes,SYN-FAM-005,1,ChatGPT,2026-09-30,Hypothetical; not derived from a specific baseline or source incident,,,,,,Proposed scenario label - human review required,Training-only candidate after label review,Exclude from primary evaluation; optional separate synthetic diagnostic only,Yes - before new evaluation,,,,,,,,,
SYN-0014,SYN-FAM-005,Altered approval signature,I dispute the signature attributed to me on a revised state-land lease approval document that I did not receive.,English,I dispute the signature attributed to me on a revised state-land lease approval document that I did not receive.,AI-authored English; no translation,AI-generated synthetic complaint scenario variant,No,,Administrative / Procedural / Integrity,Hypothetical state/public-land lease complaint; in-scope by scenario construction,Training augmentation candidate only; human label review required,,,Synthetic - not a real incident,Authored hypothetical scenario; no external incident asserted,,Scenario-author-assigned label; not expert-confirmed gold,"Fictional conditions are scenario assumptions, not statements of Sri Lankan law. Three variants share one scenario family.",SYN-FAM-005,,complaint-development-v0.2-draft-530,New synthetic scenario,Explicitly synthetic,Yes,SYN-FAM-005,2,ChatGPT,2026-09-30,Hypothetical; not derived from a specific baseline or source incident,,,,,,Proposed scenario label - human review required,Training-only candidate after label review,Exclude from primary evaluation; optional separate synthetic diagnostic only,Yes - before new evaluation,,,,,,,,,
SYN-0015,SYN-FAM-005,Altered approval signature,A lease applicant says their signature was copied onto an amended approval letter without their knowledge or agreement.,English,A lease applicant says their signature was copied onto an amended approval letter without their knowledge or agreement.,AI-authored English; no translation,AI-generated synthetic complaint scenario variant,No,,Administrative / Procedural / Integrity,Hypothetical state/public-land lease complaint; in-scope by scenario construction,Training augmentation candidate only; human label review required,,,Synthetic - not a real incident,Authored hypothetical scenario; no external incident asserted,,Scenario-author-assigned label; not expert-confirmed gold,"Fictional conditions are scenario assumptions, not statements of Sri Lankan law. Three variants share one scenario family.",SYN-FAM-005,,complaint-development-v0.2-draft-530,New synthetic scenario,Explicitly synthetic,Yes,SYN-FAM-005,3,ChatGPT,2026-09-30,Hypothetical; not derived from a specific baseline or source incident,,,,,,Proposed scenario label - human review required,Training-only candidate after label review,Exclude from primary evaluation; optional separate synthetic diagnostic only,Yes - before new evaluation,,,,,,,,,
SYN-0016,SYN-FAM-006,Backdated inspection record,"The inspection report for a state-land lease was dated before the visit, and the listed officer was absent on that date.",English,"The inspection report for a state-land lease was dated before the visit, and the listed officer was absent on that date.",AI-authored English; no translation,AI-generated synthetic complaint scenario variant,No,,Administrative / Procedural / Integrity,Hypothetical state/public-land lease complaint; in-scope by scenario construction,Training augmentation candidate only; human label review required,,,Synthetic - not a real incident,Authored hypothetical scenario; no external incident asserted,,Scenario-author-assigned label; not expert-confirmed gold,"Fictional conditions are scenario assumptions, not statements of Sri Lankan law. Three variants share one scenario family.",SYN-FAM-006,,complaint-development-v0.2-draft-530,New synthetic scenario,Explicitly synthetic,Yes,SYN-FAM-006,1,ChatGPT,2026-09-30,Hypothetical; not derived from a specific baseline or source incident,,,,,,Proposed scenario label - human review required,Training-only candidate after label review,Exclude from primary evaluation; optional separate synthetic diagnostic only,Yes - before new evaluation,,,,,,,,,
SYN-0017,SYN-FAM-006,Backdated inspection record,"A lease review relies on an inspection dated last month, although the site visit occurred yesterday and involved different staff.",English,"A lease review relies on an inspection dated last month, although the site visit occurred yesterday and involved different staff.",AI-authored English; no translation,AI-generated synthetic complaint scenario variant,No,,Administrative / Procedural / Integrity,Hypothetical state/public-land lease complaint; in-scope by scenario construction,Training augmentation candidate only; human label review required,,,Synthetic - not a real incident,Authored hypothetical scenario; no external incident asserted,,Scenario-author-assigned label; not expert-confirmed gold,"Fictional conditions are scenario assumptions, not statements of Sri Lankan law. Three variants share one scenario family.",SYN-FAM-006,,complaint-development-v0.2-draft-530,New synthetic scenario,Explicitly synthetic,Yes,SYN-FAM-006,2,ChatGPT,2026-09-30,Hypothetical; not derived from a specific baseline or source incident,,,,,,Proposed scenario label - human review required,Training-only candidate after label review,Exclude from primary evaluation; optional separate synthetic diagnostic only,Yes - before new evaluation,,,,,,,,,
SYN-0018,SYN-FAM-006,Backdated inspection record,The recorded date and officer for the lease-site inspection do not match the visit witnessed by the applicant.,English,The recorded date and officer for the lease-site inspection do not match the visit witnessed by the applicant.,AI-authored English; no translation,AI-generated synthetic complaint scenario variant,No,,Administrative / Procedural / Integrity,Hypothetical state/public-land lease complaint; in-scope by scenario construction,Training augmentation candidate only; human label review required,,,Synthetic - not a real incident,Authored hypothetical scenario; no external incident asserted,,Scenario-author-assigned label; not expert-confirmed gold,"Fictional conditions are scenario assumptions, not statements of Sri Lankan law. Three variants share one scenario family.",SYN-FAM-006,,complaint-development-v0.2-draft-530,New synthetic scenario,Explicitly synthetic,Yes,SYN-FAM-006,3,ChatGPT,2026-09-30,Hypothetical; not derived from a specific baseline or source incident,,,,,,Proposed scenario label - human review required,Training-only candidate after label review,Exclude from primary evaluation; optional separate synthetic diagnostic only,Yes - before new evaluation,,,,,,,,,
SYN-0019,SYN-FAM-007,Missing mandatory concurrence,"The case checklist required another institution's concurrence before approving the state-land lease, but approval was recorded while that response was still pending.",English,"The case checklist required another institution's concurrence before approving the state-land lease, but approval was recorded while that response was still pending.",AI-authored English; no translation,AI-generated synthetic complaint scenario variant,No,,Administrative / Procedural / Integrity,Hypothetical state/public-land lease complaint; in-scope by scenario construction,Training augmentation candidate only; human label review required,,,Synthetic - not a real incident,Authored hypothetical scenario; no external incident asserted,,Scenario-author-assigned label; not expert-confirmed gold,"Fictional conditions are scenario assumptions, not statements of Sri Lankan law. Three variants share one scenario family.",SYN-FAM-007,,complaint-development-v0.2-draft-530,New synthetic scenario,Explicitly synthetic,Yes,SYN-FAM-007,1,ChatGPT,2026-09-30,Hypothetical; not derived from a specific baseline or source incident,,,,,,Proposed scenario label - human review required,Training-only candidate after label review,Exclude from primary evaluation; optional separate synthetic diagnostic only,Yes - before new evaluation,,,,,,,,,
SYN-0020,SYN-FAM-007,Missing mandatory concurrence,A lease file was marked approved despite its own checklist showing an outstanding institutional clearance required before the decision.,English,A lease file was marked approved despite its own checklist showing an outstanding institutional clearance required before the decision.,AI-authored English; no translation,AI-generated synthetic complaint scenario variant,No,,Administrative / Procedural / Integrity,Hypothetical state/public-land lease complaint; in-scope by scenario construction,Training augmentation candidate only; human label review required,,,Synthetic - not a real incident,Authored hypothetical scenario; no external incident asserted,,Scenario-author-assigned label; not expert-confirmed gold,"Fictional conditions are scenario assumptions, not statements of Sri Lankan law. Three variants share one scenario family.",SYN-FAM-007,,complaint-development-v0.2-draft-530,New synthetic scenario,Explicitly synthetic,Yes,SYN-FAM-007,2,ChatGPT,2026-09-30,Hypothetical; not derived from a specific baseline or source incident,,,,,,Proposed scenario label - human review required,Training-only candidate after label review,Exclude from primary evaluation; optional separate synthetic diagnostic only,Yes - before new evaluation,,,,,,,,,
SYN-0021,SYN-FAM-007,Missing mandatory concurrence,The applicant received approval although the government-land lease checklist still showed an unreceived concurrence as a prerequisite.,English,The applicant received approval although the government-land lease checklist still showed an unreceived concurrence as a prerequisite.,AI-authored English; no translation,AI-generated synthetic complaint scenario variant,No,,Administrative / Procedural / Integrity,Hypothetical state/public-land lease complaint; in-scope by scenario construction,Training augmentation candidate only; human label review required,,,Synthetic - not a real incident,Authored hypothetical scenario; no external incident asserted,,Scenario-author-assigned label; not expert-confirmed gold,"Fictional conditions are scenario assumptions, not statements of Sri Lankan law. Three variants share one scenario family.",SYN-FAM-007,,complaint-development-v0.2-draft-530,New synthetic scenario,Explicitly synthetic,Yes,SYN-FAM-007,3,ChatGPT,2026-09-30,Hypothetical; not derived from a specific baseline or source incident,,,,,,Proposed scenario label - human review required,Training-only candidate after label review,Exclude from primary evaluation; optional separate synthetic diagnostic only,Yes - before new evaluation,,,,,,,,,
SYN-0022,SYN-FAM-008,Undocumented score alteration,"The selection score for my state-land lease application changed after assessment, with no explanation or signed amendment in the file.",English,"The selection score for my state-land lease application changed after assessment, with no explanation or signed amendment in the file.",AI-authored English; no translation,AI-generated synthetic complaint scenario variant,No,,Administrative / Procedural / Integrity,Hypothetical state/public-land lease complaint; in-scope by scenario construction,Training augmentation candidate only; human label review required,,,Synthetic - not a real incident,Authored hypothetical scenario; no external incident asserted,,Scenario-author-assigned label; not expert-confirmed gold,"Fictional conditions are scenario assumptions, not statements of Sri Lankan law. Three variants share one scenario family.",SYN-FAM-008,,complaint-development-v0.2-draft-530,New synthetic scenario,Explicitly synthetic,Yes,SYN-FAM-008,1,ChatGPT,2026-09-30,Hypothetical; not derived from a specific baseline or source incident,,,,,,Proposed scenario label - human review required,Training-only candidate after label review,Exclude from primary evaluation; optional separate synthetic diagnostic only,Yes - before new evaluation,,,,,,,,,
SYN-0023,SYN-FAM-008,Undocumented score alteration,"Two copies of the lease assessment show different scores for the same application, and the decision log contains no authorized revision.",English,"Two copies of the lease assessment show different scores for the same application, and the decision log contains no authorized revision.",AI-authored English; no translation,AI-generated synthetic complaint scenario variant,No,,Administrative / Procedural / Integrity,Hypothetical state/public-land lease complaint; in-scope by scenario construction,Training augmentation candidate only; human label review required,,,Synthetic - not a real incident,Authored hypothetical scenario; no external incident asserted,,Scenario-author-assigned label; not expert-confirmed gold,"Fictional conditions are scenario assumptions, not statements of Sri Lankan law. Three variants share one scenario family.",SYN-FAM-008,,complaint-development-v0.2-draft-530,New synthetic scenario,Explicitly synthetic,Yes,SYN-FAM-008,2,ChatGPT,2026-09-30,Hypothetical; not derived from a specific baseline or source incident,,,,,,Proposed scenario label - human review required,Training-only candidate after label review,Exclude from primary evaluation; optional separate synthetic diagnostic only,Yes - before new evaluation,,,,,,,,,
SYN-0024,SYN-FAM-008,Undocumented score alteration,My government-land lease assessment was downgraded between versions without any recorded reason or reviewer sign-off.,English,My government-land lease assessment was downgraded between versions without any recorded reason or reviewer sign-off.,AI-authored English; no translation,AI-generated synthetic complaint scenario variant,No,,Administrative / Procedural / Integrity,Hypothetical state/public-land lease complaint; in-scope by scenario construction,Training augmentation candidate only; human label review required,,,Synthetic - not a real incident,Authored hypothetical scenario; no external incident asserted,,Scenario-author-assigned label; not expert-confirmed gold,"Fictional conditions are scenario assumptions, not statements of Sri Lankan law. Three variants share one scenario family.",SYN-FAM-008,,complaint-development-v0.2-draft-530,New synthetic scenario,Explicitly synthetic,Yes,SYN-FAM-008,3,ChatGPT,2026-09-30,Hypothetical; not derived from a specific baseline or source incident,,,,,,Proposed scenario label - human review required,Training-only candidate after label review,Exclude from primary evaluation; optional separate synthetic diagnostic only,Yes - before new evaluation,,,,,,,,,
SYN-0025,SYN-FAM-009,Lost submission records,"I have an acknowledgment for the documents submitted with my state-land lease request, but the office says they were never received.",English,"I have an acknowledgment for the documents submitted with my state-land lease request, but the office says they were never received.",AI-authored English; no translation,AI-generated synthetic complaint scenario variant,No,,Administrative / Procedural / Integrity,Hypothetical state/public-land lease complaint; in-scope by scenario construction,Training augmentation candidate only; human label review required,,,Synthetic - not a real incident,Authored hypothetical scenario; no external incident asserted,,Scenario-author-assigned label; not expert-confirmed gold,"Fictional conditions are scenario assumptions, not statements of Sri Lankan law. Three variants share one scenario family.",SYN-FAM-009,,complaint-development-v0.2-draft-530,New synthetic scenario,Explicitly synthetic,Yes,SYN-FAM-009,1,ChatGPT,2026-09-30,Hypothetical; not derived from a specific baseline or source incident,,,,,,Proposed scenario label - human review required,Training-only candidate after label review,Exclude from primary evaluation; optional separate synthetic diagnostic only,Yes - before new evaluation,,,,,,,,,
SYN-0026,SYN-FAM-009,Lost submission records,The lease office is treating my application as incomplete even though its receipt lists the documents now missing from the file.,English,The lease office is treating my application as incomplete even though its receipt lists the documents now missing from the file.,AI-authored English; no translation,AI-generated synthetic complaint scenario variant,No,,Administrative / Procedural / Integrity,Hypothetical state/public-land lease complaint; in-scope by scenario construction,Training augmentation candidate only; human label review required,,,Synthetic - not a real incident,Authored hypothetical scenario; no external incident asserted,,Scenario-author-assigned label; not expert-confirmed gold,"Fictional conditions are scenario assumptions, not statements of Sri Lankan law. Three variants share one scenario family.",SYN-FAM-009,,complaint-development-v0.2-draft-530,New synthetic scenario,Explicitly synthetic,Yes,SYN-FAM-009,2,ChatGPT,2026-09-30,Hypothetical; not derived from a specific baseline or source incident,,,,,,Proposed scenario label - human review required,Training-only candidate after label review,Exclude from primary evaluation; optional separate synthetic diagnostic only,Yes - before new evaluation,,,,,,,,,
SYN-0027,SYN-FAM-009,Lost submission records,"Documents acknowledged by the government-land lease office cannot be located, and the applicant has been asked to submit everything again.",English,"Documents acknowledged by the government-land lease office cannot be located, and the applicant has been asked to submit everything again.",AI-authored English; no translation,AI-generated synthetic complaint scenario variant,No,,Administrative / Procedural / Integrity,Hypothetical state/public-land lease complaint; in-scope by scenario construction,Training augmentation candidate only; human label review required,,,Synthetic - not a real incident,Authored hypothetical scenario; no external incident asserted,,Scenario-author-assigned label; not expert-confirmed gold,"Fictional conditions are scenario assumptions, not statements of Sri Lankan law. Three variants share one scenario family.",SYN-FAM-009,,complaint-development-v0.2-draft-530,New synthetic scenario,Explicitly synthetic,Yes,SYN-FAM-009,3,ChatGPT,2026-09-30,Hypothetical; not derived from a specific baseline or source incident,,,,,,Proposed scenario label - human review required,Training-only candidate after label review,Exclude from primary evaluation; optional separate synthetic diagnostic only,Yes - before new evaluation,,,,,,,,,
SYN-0028,SYN-FAM-010,Duplicate official fee demand,The officer demanded the application processing fee again despite my receipt and the ledger confirming payment for the same lease application.,English,The officer demanded the application processing fee again despite my receipt and the ledger confirming payment for the same lease application.,AI-authored English; no translation,AI-generated synthetic complaint scenario variant,No,,Administrative / Procedural / Integrity,Hypothetical state/public-land lease complaint; in-scope by scenario construction,Training augmentation candidate only; human label review required,,,Synthetic - not a real incident,Authored hypothetical scenario; no external incident asserted,,Scenario-author-assigned label; not expert-confirmed gold,"Fictional conditions are scenario assumptions, not statements of Sri Lankan law. Three variants share one scenario family.",SYN-FAM-010,,complaint-development-v0.2-draft-530,New synthetic scenario,Explicitly synthetic,Yes,SYN-FAM-010,1,ChatGPT,2026-09-30,Hypothetical; not derived from a specific baseline or source incident,,,,,,Proposed scenario label - human review required,Training-only candidate after label review,Exclude from primary evaluation; optional separate synthetic diagnostic only,Yes - before new evaluation,,,,,,,,,
SYN-0029,SYN-FAM-010,Duplicate official fee demand,My state-land lease file is being withheld until I repay a processing charge already recorded as settled in the office ledger.,English,My state-land lease file is being withheld until I repay a processing charge already recorded as settled in the office ledger.,AI-authored English; no translation,AI-generated synthetic complaint scenario variant,No,,Administrative / Procedural / Integrity,Hypothetical state/public-land lease complaint; in-scope by scenario construction,Training augmentation candidate only; human label review required,,,Synthetic - not a real incident,Authored hypothetical scenario; no external incident asserted,,Scenario-author-assigned label; not expert-confirmed gold,"Fictional conditions are scenario assumptions, not statements of Sri Lankan law. Three variants share one scenario family.",SYN-FAM-010,,complaint-development-v0.2-draft-530,New synthetic scenario,Explicitly synthetic,Yes,SYN-FAM-010,2,ChatGPT,2026-09-30,Hypothetical; not derived from a specific baseline or source incident,,,,,,Proposed scenario label - human review required,Training-only candidate after label review,Exclude from primary evaluation; optional separate synthetic diagnostic only,Yes - before new evaluation,,,,,,,,,
SYN-0030,SYN-FAM-010,Duplicate official fee demand,"An applicant presents matching receipt and ledger evidence, but an official still insists on a second processing fee for the same application.",English,"An applicant presents matching receipt and ledger evidence, but an official still insists on a second processing fee for the same application.",AI-authored English; no translation,AI-generated synthetic complaint scenario variant,No,,Administrative / Procedural / Integrity,Hypothetical state/public-land lease complaint; in-scope by scenario construction,Training augmentation candidate only; human label review required,,,Synthetic - not a real incident,Authored hypothetical scenario; no external incident asserted,,Scenario-author-assigned label; not expert-confirmed gold,"Fictional conditions are scenario assumptions, not statements of Sri Lankan law. Three variants share one scenario family.",SYN-FAM-010,,complaint-development-v0.2-draft-530,New synthetic scenario,Explicitly synthetic,Yes,SYN-FAM-010,3,ChatGPT,2026-09-30,Hypothetical; not derived from a specific baseline or source incident,,,,,,Proposed scenario label - human review required,Training-only candidate after label review,Exclude from primary evaluation; optional separate synthetic diagnostic only,Yes - before new evaluation,,,,,,,,,
SYN-0031,SYN-FAM-011,Unauthorized disclosure of application,Details from my confidential government-land lease application were sent to a competing applicant without my permission or a recorded disclosure reason.,English,Details from my confidential government-land lease application were sent to a competing applicant without my permission or a recorded disclosure reason.,AI-authored English; no translation,AI-generated synthetic complaint scenario variant,No,,Administrative / Procedural / Integrity,Hypothetical state/public-land lease complaint; in-scope by scenario construction,Training augmentation candidate only; human label review required,,,Synthetic - not a real incident,Authored hypothetical scenario; no external incident asserted,,Scenario-author-assigned label; not expert-confirmed gold,"Fictional conditions are scenario assumptions, not statements of Sri Lankan law. Three variants share one scenario family.",SYN-FAM-011,,complaint-development-v0.2-draft-530,New synthetic scenario,Explicitly synthetic,Yes,SYN-FAM-011,1,ChatGPT,2026-09-30,Hypothetical; not derived from a specific baseline or source incident,,,,,,Proposed scenario label - human review required,Training-only candidate after label review,Exclude from primary evaluation; optional separate synthetic diagnostic only,Yes - before new evaluation,,,,,,,,,
SYN-0032,SYN-FAM-011,Unauthorized disclosure of application,"A competitor received the applicant's private financial documents from the state-land lease file, and no authorized release is recorded.",English,"A competitor received the applicant's private financial documents from the state-land lease file, and no authorized release is recorded.",AI-authored English; no translation,AI-generated synthetic complaint scenario variant,No,,Administrative / Procedural / Integrity,Hypothetical state/public-land lease complaint; in-scope by scenario construction,Training augmentation candidate only; human label review required,,,Synthetic - not a real incident,Authored hypothetical scenario; no external incident asserted,,Scenario-author-assigned label; not expert-confirmed gold,"Fictional conditions are scenario assumptions, not statements of Sri Lankan law. Three variants share one scenario family.",SYN-FAM-011,,complaint-development-v0.2-draft-530,New synthetic scenario,Explicitly synthetic,Yes,SYN-FAM-011,2,ChatGPT,2026-09-30,Hypothetical; not derived from a specific baseline or source incident,,,,,,Proposed scenario label - human review required,Training-only candidate after label review,Exclude from primary evaluation; optional separate synthetic diagnostic only,Yes - before new evaluation,,,,,,,,,
SYN-0033,SYN-FAM-011,Unauthorized disclosure of application,I learned that the lease office shared my application attachments with a competing applicant without explaining the authority for doing so.,English,I learned that the lease office shared my application attachments with a competing applicant without explaining the authority for doing so.,AI-authored English; no translation,AI-generated synthetic complaint scenario variant,No,,Administrative / Procedural / Integrity,Hypothetical state/public-land lease complaint; in-scope by scenario construction,Training augmentation candidate only; human label review required,,,Synthetic - not a real incident,Authored hypothetical scenario; no external incident asserted,,Scenario-author-assigned label; not expert-confirmed gold,"Fictional conditions are scenario assumptions, not statements of Sri Lankan law. Three variants share one scenario family.",SYN-FAM-011,,complaint-development-v0.2-draft-530,New synthetic scenario,Explicitly synthetic,Yes,SYN-FAM-011,3,ChatGPT,2026-09-30,Hypothetical; not derived from a specific baseline or source incident,,,,,,Proposed scenario label - human review required,Training-only candidate after label review,Exclude from primary evaluation; optional separate synthetic diagnostic only,Yes - before new evaluation,,,,,,,,,
SYN-0034,SYN-FAM-012,Conflict hidden in review minutes,Meeting minutes for a state-land lease decision omit an objection about the chair's relationship with the selected applicant.,English,Meeting minutes for a state-land lease decision omit an objection about the chair's relationship with the selected applicant.,AI-authored English; no translation,AI-generated synthetic complaint scenario variant,No,,Administrative / Procedural / Integrity,Hypothetical state/public-land lease complaint; in-scope by scenario construction,Training augmentation candidate only; human label review required,,,Synthetic - not a real incident,Authored hypothetical scenario; no external incident asserted,,Scenario-author-assigned label; not expert-confirmed gold,"Fictional conditions are scenario assumptions, not statements of Sri Lankan law. Three variants share one scenario family.",SYN-FAM-012,,complaint-development-v0.2-draft-530,New synthetic scenario,Explicitly synthetic,Yes,SYN-FAM-012,1,ChatGPT,2026-09-30,Hypothetical; not derived from a specific baseline or source incident,,,,,,Proposed scenario label - human review required,Training-only candidate after label review,Exclude from primary evaluation; optional separate synthetic diagnostic only,Yes - before new evaluation,,,,,,,,,
SYN-0035,SYN-FAM-012,Conflict hidden in review minutes,The signed lease review minutes do not contain the conflict-of-interest objection that attendees say was raised during the meeting.,English,The signed lease review minutes do not contain the conflict-of-interest objection that attendees say was raised during the meeting.,AI-authored English; no translation,AI-generated synthetic complaint scenario variant,No,,Administrative / Procedural / Integrity,Hypothetical state/public-land lease complaint; in-scope by scenario construction,Training augmentation candidate only; human label review required,,,Synthetic - not a real incident,Authored hypothetical scenario; no external incident asserted,,Scenario-author-assigned label; not expert-confirmed gold,"Fictional conditions are scenario assumptions, not statements of Sri Lankan law. Three variants share one scenario family.",SYN-FAM-012,,complaint-development-v0.2-draft-530,New synthetic scenario,Explicitly synthetic,Yes,SYN-FAM-012,2,ChatGPT,2026-09-30,Hypothetical; not derived from a specific baseline or source incident,,,,,,Proposed scenario label - human review required,Training-only candidate after label review,Exclude from primary evaluation; optional separate synthetic diagnostic only,Yes - before new evaluation,,,,,,,,,
SYN-0036,SYN-FAM-012,Conflict hidden in review minutes,A participant reports that an objection concerning the selection chair's personal connection was removed from the government-land lease decision minutes.,English,A participant reports that an objection concerning the selection chair's personal connection was removed from the government-land lease decision minutes.,AI-authored English; no translation,AI-generated synthetic complaint scenario variant,No,,Administrative / Procedural / Integrity,Hypothetical state/public-land lease complaint; in-scope by scenario construction,Training augmentation candidate only; human label review required,,,Synthetic - not a real incident,Authored hypothetical scenario; no external incident asserted,,Scenario-author-assigned label; not expert-confirmed gold,"Fictional conditions are scenario assumptions, not statements of Sri Lankan law. Three variants share one scenario family.",SYN-FAM-012,,complaint-development-v0.2-draft-530,New synthetic scenario,Explicitly synthetic,Yes,SYN-FAM-012,3,ChatGPT,2026-09-30,Hypothetical; not derived from a specific baseline or source incident,,,,,,Proposed scenario label - human review required,Training-only candidate after label review,Exclude from primary evaluation; optional separate synthetic diagnostic only,Yes - before new evaluation,,,,,,,,,
SYN-0037,SYN-FAM-013,Impersonated institutional response,"A lease clearance email appears to come from the required institution, but that institution denies sending it or approving the application.",English,"A lease clearance email appears to come from the required institution, but that institution denies sending it or approving the application.",AI-authored English; no translation,AI-generated synthetic complaint scenario variant,No,,Administrative / Procedural / Integrity,Hypothetical state/public-land lease complaint; in-scope by scenario construction,Training augmentation candidate only; human label review required,,,Synthetic - not a real incident,Authored hypothetical scenario; no external incident asserted,,Scenario-author-assigned label; not expert-confirmed gold,"Fictional conditions are scenario assumptions, not statements of Sri Lankan law. Three variants share one scenario family.",SYN-FAM-013,,complaint-development-v0.2-draft-530,New synthetic scenario,Explicitly synthetic,Yes,SYN-FAM-013,1,ChatGPT,2026-09-30,Hypothetical; not derived from a specific baseline or source incident,,,,,,Proposed scenario label - human review required,Training-only candidate after label review,Exclude from primary evaluation; optional separate synthetic diagnostic only,Yes - before new evaluation,,,,,,,,,
SYN-0038,SYN-FAM-013,Impersonated institutional response,The government-land lease file contains an emailed approval that the supposed issuing office says is not authentic.,English,The government-land lease file contains an emailed approval that the supposed issuing office says is not authentic.,AI-authored English; no translation,AI-generated synthetic complaint scenario variant,No,,Administrative / Procedural / Integrity,Hypothetical state/public-land lease complaint; in-scope by scenario construction,Training augmentation candidate only; human label review required,,,Synthetic - not a real incident,Authored hypothetical scenario; no external incident asserted,,Scenario-author-assigned label; not expert-confirmed gold,"Fictional conditions are scenario assumptions, not statements of Sri Lankan law. Three variants share one scenario family.",SYN-FAM-013,,complaint-development-v0.2-draft-530,New synthetic scenario,Explicitly synthetic,Yes,SYN-FAM-013,2,ChatGPT,2026-09-30,Hypothetical; not derived from a specific baseline or source incident,,,,,,Proposed scenario label - human review required,Training-only candidate after label review,Exclude from primary evaluation; optional separate synthetic diagnostic only,Yes - before new evaluation,,,,,,,,,
SYN-0039,SYN-FAM-013,Impersonated institutional response,An institutional clearance used to approve a lease is disputed by the institution whose name appears on the message.,English,An institutional clearance used to approve a lease is disputed by the institution whose name appears on the message.,AI-authored English; no translation,AI-generated synthetic complaint scenario variant,No,,Administrative / Procedural / Integrity,Hypothetical state/public-land lease complaint; in-scope by scenario construction,Training augmentation candidate only; human label review required,,,Synthetic - not a real incident,Authored hypothetical scenario; no external incident asserted,,Scenario-author-assigned label; not expert-confirmed gold,"Fictional conditions are scenario assumptions, not statements of Sri Lankan law. Three variants share one scenario family.",SYN-FAM-013,,complaint-development-v0.2-draft-530,New synthetic scenario,Explicitly synthetic,Yes,SYN-FAM-013,3,ChatGPT,2026-09-30,Hypothetical; not derived from a specific baseline or source incident,,,,,,Proposed scenario label - human review required,Training-only candidate after label review,Exclude from primary evaluation; optional separate synthetic diagnostic only,Yes - before new evaluation,,,,,,,,,
SYN-0040,SYN-FAM-014,Application notice suppressed,"The case procedure required a public application notice, but the lease file records publication without a copy or confirmation from the publisher.",English,"The case procedure required a public application notice, but the lease file records publication without a copy or confirmation from the publisher.",AI-authored English; no translation,AI-generated synthetic complaint scenario variant,No,,Administrative / Procedural / Integrity,Hypothetical state/public-land lease complaint; in-scope by scenario construction,Training augmentation candidate only; human label review required,,,Synthetic - not a real incident,Authored hypothetical scenario; no external incident asserted,,Scenario-author-assigned label; not expert-confirmed gold,"Fictional conditions are scenario assumptions, not statements of Sri Lankan law. Three variants share one scenario family.",SYN-FAM-014,,complaint-development-v0.2-draft-530,New synthetic scenario,Explicitly synthetic,Yes,SYN-FAM-014,1,ChatGPT,2026-09-30,Hypothetical; not derived from a specific baseline or source incident,,,,,,Proposed scenario label - human review required,Training-only candidate after label review,Exclude from primary evaluation; optional separate synthetic diagnostic only,Yes - before new evaluation,,,,,,,,,
SYN-0041,SYN-FAM-014,Application notice suppressed,A government-land allocation was processed using a claimed public notice that the named publisher says it never issued.,English,A government-land allocation was processed using a claimed public notice that the named publisher says it never issued.,AI-authored English; no translation,AI-generated synthetic complaint scenario variant,No,,Administrative / Procedural / Integrity,Hypothetical state/public-land lease complaint; in-scope by scenario construction,Training augmentation candidate only; human label review required,,,Synthetic - not a real incident,Authored hypothetical scenario; no external incident asserted,,Scenario-author-assigned label; not expert-confirmed gold,"Fictional conditions are scenario assumptions, not statements of Sri Lankan law. Three variants share one scenario family.",SYN-FAM-014,,complaint-development-v0.2-draft-530,New synthetic scenario,Explicitly synthetic,Yes,SYN-FAM-014,2,ChatGPT,2026-09-30,Hypothetical; not derived from a specific baseline or source incident,,,,,,Proposed scenario label - human review required,Training-only candidate after label review,Exclude from primary evaluation; optional separate synthetic diagnostic only,Yes - before new evaluation,,,,,,,,,
SYN-0042,SYN-FAM-014,Application notice suppressed,"The stated publication of the lease opportunity cannot be confirmed, although the decision relied on the notice period being completed.",English,"The stated publication of the lease opportunity cannot be confirmed, although the decision relied on the notice period being completed.",AI-authored English; no translation,AI-generated synthetic complaint scenario variant,No,,Administrative / Procedural / Integrity,Hypothetical state/public-land lease complaint; in-scope by scenario construction,Training augmentation candidate only; human label review required,,,Synthetic - not a real incident,Authored hypothetical scenario; no external incident asserted,,Scenario-author-assigned label; not expert-confirmed gold,"Fictional conditions are scenario assumptions, not statements of Sri Lankan law. Three variants share one scenario family.",SYN-FAM-014,,complaint-development-v0.2-draft-530,New synthetic scenario,Explicitly synthetic,Yes,SYN-FAM-014,3,ChatGPT,2026-09-30,Hypothetical; not derived from a specific baseline or source incident,,,,,,Proposed scenario label - human review required,Training-only candidate after label review,Exclude from primary evaluation; optional separate synthetic diagnostic only,Yes - before new evaluation,,,,,,,,,
SYN-0043,SYN-FAM-015,Unrecorded private selection meeting,"The official selection minutes name an unsuccessful applicant, but a later private meeting produced a different lease decision without recorded authority.",English,"The official selection minutes name an unsuccessful applicant, but a later private meeting produced a different lease decision without recorded authority.",AI-authored English; no translation,AI-generated synthetic complaint scenario variant,No,,Administrative / Procedural / Integrity,Hypothetical state/public-land lease complaint; in-scope by scenario construction,Training augmentation candidate only; human label review required,,,Synthetic - not a real incident,Authored hypothetical scenario; no external incident asserted,,Scenario-author-assigned label; not expert-confirmed gold,"Fictional conditions are scenario assumptions, not statements of Sri Lankan law. Three variants share one scenario family.",SYN-FAM-015,,complaint-development-v0.2-draft-530,New synthetic scenario,Explicitly synthetic,Yes,SYN-FAM-015,1,ChatGPT,2026-09-30,Hypothetical; not derived from a specific baseline or source incident,,,,,,Proposed scenario label - human review required,Training-only candidate after label review,Exclude from primary evaluation; optional separate synthetic diagnostic only,Yes - before new evaluation,,,,,,,,,
SYN-0044,SYN-FAM-015,Unrecorded private selection meeting,"A state-land lease award changed after an undocumented meeting, contradicting the signed selection record supplied to applicants.",English,"A state-land lease award changed after an undocumented meeting, contradicting the signed selection record supplied to applicants.",AI-authored English; no translation,AI-generated synthetic complaint scenario variant,No,,Administrative / Procedural / Integrity,Hypothetical state/public-land lease complaint; in-scope by scenario construction,Training augmentation candidate only; human label review required,,,Synthetic - not a real incident,Authored hypothetical scenario; no external incident asserted,,Scenario-author-assigned label; not expert-confirmed gold,"Fictional conditions are scenario assumptions, not statements of Sri Lankan law. Three variants share one scenario family.",SYN-FAM-015,,complaint-development-v0.2-draft-530,New synthetic scenario,Explicitly synthetic,Yes,SYN-FAM-015,2,ChatGPT,2026-09-30,Hypothetical; not derived from a specific baseline or source incident,,,,,,Proposed scenario label - human review required,Training-only candidate after label review,Exclude from primary evaluation; optional separate synthetic diagnostic only,Yes - before new evaluation,,,,,,,,,
SYN-0045,SYN-FAM-015,Unrecorded private selection meeting,"Applicants received a government-land lease decision that conflicts with the recorded selection meeting, with no approved replacement decision available.",English,"Applicants received a government-land lease decision that conflicts with the recorded selection meeting, with no approved replacement decision available.",AI-authored English; no translation,AI-generated synthetic complaint scenario variant,No,,Administrative / Procedural / Integrity,Hypothetical state/public-land lease complaint; in-scope by scenario construction,Training augmentation candidate only; human label review required,,,Synthetic - not a real incident,Authored hypothetical scenario; no external incident asserted,,Scenario-author-assigned label; not expert-confirmed gold,"Fictional conditions are scenario assumptions, not statements of Sri Lankan law. Three variants share one scenario family.",SYN-FAM-015,,complaint-development-v0.2-draft-530,New synthetic scenario,Explicitly synthetic,Yes,SYN-FAM-015,3,ChatGPT,2026-09-30,Hypothetical; not derived from a specific baseline or source incident,,,,,,Proposed scenario label - human review required,Training-only candidate after label review,Exclude from primary evaluation; optional separate synthetic diagnostic only,Yes - before new evaluation,,,,,,,,,
SYN-0046,SYN-FAM-016,Translation changes application meaning,"The English translation in my lease file says I withdrew my objection, but my original Sinhala statement says I maintained it.",English,"The English translation in my lease file says I withdrew my objection, but my original Sinhala statement says I maintained it.",AI-authored English; no translation,AI-generated synthetic complaint scenario variant,No,,Administrative / Procedural / Integrity,Hypothetical state/public-land lease complaint; in-scope by scenario construction,Training augmentation candidate only; human label review required,,,Synthetic - not a real incident,Authored hypothetical scenario; no external incident asserted,,Scenario-author-assigned label; not expert-confirmed gold,"Fictional conditions are scenario assumptions, not statements of Sri Lankan law. Three variants share one scenario family.",SYN-FAM-016,,complaint-development-v0.2-draft-530,New synthetic scenario,Explicitly synthetic,Yes,SYN-FAM-016,1,ChatGPT,2026-09-30,Hypothetical; not derived from a specific baseline or source incident,,,,,,Proposed scenario label - human review required,Training-only candidate after label review,Exclude from primary evaluation; optional separate synthetic diagnostic only,Yes - before new evaluation,,,,,,,,,
SYN-0047,SYN-FAM-016,Translation changes application meaning,A lease decision relied on a translated withdrawal that contradicts the applicant's original statement retaining the objection.,English,A lease decision relied on a translated withdrawal that contradicts the applicant's original statement retaining the objection.,AI-authored English; no translation,AI-generated synthetic complaint scenario variant,No,,Administrative / Procedural / Integrity,Hypothetical state/public-land lease complaint; in-scope by scenario construction,Training augmentation candidate only; human label review required,,,Synthetic - not a real incident,Authored hypothetical scenario; no external incident asserted,,Scenario-author-assigned label; not expert-confirmed gold,"Fictional conditions are scenario assumptions, not statements of Sri Lankan law. Three variants share one scenario family.",SYN-FAM-016,,complaint-development-v0.2-draft-530,New synthetic scenario,Explicitly synthetic,Yes,SYN-FAM-016,2,ChatGPT,2026-09-30,Hypothetical; not derived from a specific baseline or source incident,,,,,,Proposed scenario label - human review required,Training-only candidate after label review,Exclude from primary evaluation; optional separate synthetic diagnostic only,Yes - before new evaluation,,,,,,,,,
SYN-0048,SYN-FAM-016,Translation changes application meaning,My objection to the state-land lease was treated as withdrawn because the translation reversed the meaning of my signed original.,English,My objection to the state-land lease was treated as withdrawn because the translation reversed the meaning of my signed original.,AI-authored English; no translation,AI-generated synthetic complaint scenario variant,No,,Administrative / Procedural / Integrity,Hypothetical state/public-land lease complaint; in-scope by scenario construction,Training augmentation candidate only; human label review required,,,Synthetic - not a real incident,Authored hypothetical scenario; no external incident asserted,,Scenario-author-assigned label; not expert-confirmed gold,"Fictional conditions are scenario assumptions, not statements of Sri Lankan law. Three variants share one scenario family.",SYN-FAM-016,,complaint-development-v0.2-draft-530,New synthetic scenario,Explicitly synthetic,Yes,SYN-FAM-016,3,ChatGPT,2026-09-30,Hypothetical; not derived from a specific baseline or source incident,,,,,,Proposed scenario label - human review required,Training-only candidate after label review,Exclude from primary evaluation; optional separate synthetic diagnostic only,Yes - before new evaluation,,,,,,,,,
SYN-0049,SYN-FAM-017,False attendance at review,"The lease review record lists my attendance and consent, although I was not invited and did not participate.",English,"The lease review record lists my attendance and consent, although I was not invited and did not participate.",AI-authored English; no translation,AI-generated synthetic complaint scenario variant,No,,Administrative / Procedural / Integrity,Hypothetical state/public-land lease complaint; in-scope by scenario construction,Training augmentation candidate only; human label review required,,,Synthetic - not a real incident,Authored hypothetical scenario; no external incident asserted,,Scenario-author-assigned label; not expert-confirmed gold,"Fictional conditions are scenario assumptions, not statements of Sri Lankan law. Three variants share one scenario family.",SYN-FAM-017,,complaint-development-v0.2-draft-530,New synthetic scenario,Explicitly synthetic,Yes,SYN-FAM-017,1,ChatGPT,2026-09-30,Hypothetical; not derived from a specific baseline or source incident,,,,,,Proposed scenario label - human review required,Training-only candidate after label review,Exclude from primary evaluation; optional separate synthetic diagnostic only,Yes - before new evaluation,,,,,,,,,
SYN-0050,SYN-FAM-017,False attendance at review,An applicant disputes minutes stating that they attended the government-land lease hearing and accepted the proposed conditions.,English,An applicant disputes minutes stating that they attended the government-land lease hearing and accepted the proposed conditions.,AI-authored English; no translation,AI-generated synthetic complaint scenario variant,No,,Administrative / Procedural / Integrity,Hypothetical state/public-land lease complaint; in-scope by scenario construction,Training augmentation candidate only; human label review required,,,Synthetic - not a real incident,Authored hypothetical scenario; no external incident asserted,,Scenario-author-assigned label; not expert-confirmed gold,"Fictional conditions are scenario assumptions, not statements of Sri Lankan law. Three variants share one scenario family.",SYN-FAM-017,,complaint-development-v0.2-draft-530,New synthetic scenario,Explicitly synthetic,Yes,SYN-FAM-017,2,ChatGPT,2026-09-30,Hypothetical; not derived from a specific baseline or source incident,,,,,,Proposed scenario label - human review required,Training-only candidate after label review,Exclude from primary evaluation; optional separate synthetic diagnostic only,Yes - before new evaluation,,,,,,,,,
SYN-0051,SYN-FAM-017,False attendance at review,"My name was recorded as consenting at a lease hearing that I did not attend, and the office has not corrected it.",English,"My name was recorded as consenting at a lease hearing that I did not attend, and the office has not corrected it.",AI-authored English; no translation,AI-generated synthetic complaint scenario variant,No,,Administrative / Procedural / Integrity,Hypothetical state/public-land lease complaint; in-scope by scenario construction,Training augmentation candidate only; human label review required,,,Synthetic - not a real incident,Authored hypothetical scenario; no external incident asserted,,Scenario-author-assigned label; not expert-confirmed gold,"Fictional conditions are scenario assumptions, not statements of Sri Lankan law. Three variants share one scenario family.",SYN-FAM-017,,complaint-development-v0.2-draft-530,New synthetic scenario,Explicitly synthetic,Yes,SYN-FAM-017,3,ChatGPT,2026-09-30,Hypothetical; not derived from a specific baseline or source incident,,,,,,Proposed scenario label - human review required,Training-only candidate after label review,Exclude from primary evaluation; optional separate synthetic diagnostic only,Yes - before new evaluation,,,,,,,,,
SYN-0052,SYN-FAM-018,Personal account for application charge,An officer instructed me to send the state-land lease application charge to a personal bank account rather than the designated collection account.,English,An officer instructed me to send the state-land lease application charge to a personal bank account rather than the designated collection account.,AI-authored English; no translation,AI-generated synthetic complaint scenario variant,No,,Administrative / Procedural / Integrity,Hypothetical state/public-land lease complaint; in-scope by scenario construction,Training augmentation candidate only; human label review required,,,Synthetic - not a real incident,Authored hypothetical scenario; no external incident asserted,,Scenario-author-assigned label; not expert-confirmed gold,"Fictional conditions are scenario assumptions, not statements of Sri Lankan law. Three variants share one scenario family.",SYN-FAM-018,,complaint-development-v0.2-draft-530,New synthetic scenario,Explicitly synthetic,Yes,SYN-FAM-018,1,ChatGPT,2026-09-30,Hypothetical; not derived from a specific baseline or source incident,,,,,,Proposed scenario label - human review required,Training-only candidate after label review,Exclude from primary evaluation; optional separate synthetic diagnostic only,Yes - before new evaluation,,,,,,,,,
SYN-0053,SYN-FAM-018,Personal account for application charge,"Payment instructions for a government-land lease application name the reviewing officer as the account holder, unlike the official payment notice.",English,"Payment instructions for a government-land lease application name the reviewing officer as the account holder, unlike the official payment notice.",AI-authored English; no translation,AI-generated synthetic complaint scenario variant,No,,Administrative / Procedural / Integrity,Hypothetical state/public-land lease complaint; in-scope by scenario construction,Training augmentation candidate only; human label review required,,,Synthetic - not a real incident,Authored hypothetical scenario; no external incident asserted,,Scenario-author-assigned label; not expert-confirmed gold,"Fictional conditions are scenario assumptions, not statements of Sri Lankan law. Three variants share one scenario family.",SYN-FAM-018,,complaint-development-v0.2-draft-530,New synthetic scenario,Explicitly synthetic,Yes,SYN-FAM-018,2,ChatGPT,2026-09-30,Hypothetical; not derived from a specific baseline or source incident,,,,,,Proposed scenario label - human review required,Training-only candidate after label review,Exclude from primary evaluation; optional separate synthetic diagnostic only,Yes - before new evaluation,,,,,,,,,
SYN-0054,SYN-FAM-018,Personal account for application charge,The applicant received a personal-account payment request from the lease officer that conflicts with the institution's written collection instructions.,English,The applicant received a personal-account payment request from the lease officer that conflicts with the institution's written collection instructions.,AI-authored English; no translation,AI-generated synthetic complaint scenario variant,No,,Administrative / Procedural / Integrity,Hypothetical state/public-land lease complaint; in-scope by scenario construction,Training augmentation candidate only; human label review required,,,Synthetic - not a real incident,Authored hypothetical scenario; no external incident asserted,,Scenario-author-assigned label; not expert-confirmed gold,"Fictional conditions are scenario assumptions, not statements of Sri Lankan law. Three variants share one scenario family.",SYN-FAM-018,,complaint-development-v0.2-draft-530,New synthetic scenario,Explicitly synthetic,Yes,SYN-FAM-018,3,ChatGPT,2026-09-30,Hypothetical; not derived from a specific baseline or source incident,,,,,,Proposed scenario label - human review required,Training-only candidate after label review,Exclude from primary evaluation; optional separate synthetic diagnostic only,Yes - before new evaluation,,,,,,,,,
SYN-0055,SYN-FAM-019,Document date changed after submission,"The submission date on my acknowledged lease application was changed to a later date, making it appear to have missed the closing date.",English,"The submission date on my acknowledged lease application was changed to a later date, making it appear to have missed the closing date.",AI-authored English; no translation,AI-generated synthetic complaint scenario variant,No,,Administrative / Procedural / Integrity,Hypothetical state/public-land lease complaint; in-scope by scenario construction,Training augmentation candidate only; human label review required,,,Synthetic - not a real incident,Authored hypothetical scenario; no external incident asserted,,Scenario-author-assigned label; not expert-confirmed gold,"Fictional conditions are scenario assumptions, not statements of Sri Lankan law. Three variants share one scenario family.",SYN-FAM-019,,complaint-development-v0.2-draft-530,New synthetic scenario,Explicitly synthetic,Yes,SYN-FAM-019,1,ChatGPT,2026-09-30,Hypothetical; not derived from a specific baseline or source incident,,,,,,Proposed scenario label - human review required,Training-only candidate after label review,Exclude from primary evaluation; optional separate synthetic diagnostic only,Yes - before new evaluation,,,,,,,,,
SYN-0056,SYN-FAM-019,Document date changed after submission,"My receipt shows that I applied for the state-land lease on time, but the file now records a date after applications closed.",English,"My receipt shows that I applied for the state-land lease on time, but the file now records a date after applications closed.",AI-authored English; no translation,AI-generated synthetic complaint scenario variant,No,,Administrative / Procedural / Integrity,Hypothetical state/public-land lease complaint; in-scope by scenario construction,Training augmentation candidate only; human label review required,,,Synthetic - not a real incident,Authored hypothetical scenario; no external incident asserted,,Scenario-author-assigned label; not expert-confirmed gold,"Fictional conditions are scenario assumptions, not statements of Sri Lankan law. Three variants share one scenario family.",SYN-FAM-019,,complaint-development-v0.2-draft-530,New synthetic scenario,Explicitly synthetic,Yes,SYN-FAM-019,2,ChatGPT,2026-09-30,Hypothetical; not derived from a specific baseline or source incident,,,,,,Proposed scenario label - human review required,Training-only candidate after label review,Exclude from primary evaluation; optional separate synthetic diagnostic only,Yes - before new evaluation,,,,,,,,,
SYN-0057,SYN-FAM-019,Document date changed after submission,A lease applicant reports that the office altered the recorded receipt date despite an earlier stamped acknowledgment.,English,A lease applicant reports that the office altered the recorded receipt date despite an earlier stamped acknowledgment.,AI-authored English; no translation,AI-generated synthetic complaint scenario variant,No,,Administrative / Procedural / Integrity,Hypothetical state/public-land lease complaint; in-scope by scenario construction,Training augmentation candidate only; human label review required,,,Synthetic - not a real incident,Authored hypothetical scenario; no external incident asserted,,Scenario-author-assigned label; not expert-confirmed gold,"Fictional conditions are scenario assumptions, not statements of Sri Lankan law. Three variants share one scenario family.",SYN-FAM-019,,complaint-development-v0.2-draft-530,New synthetic scenario,Explicitly synthetic,Yes,SYN-FAM-019,3,ChatGPT,2026-09-30,Hypothetical; not derived from a specific baseline or source incident,,,,,,Proposed scenario label - human review required,Training-only candidate after label review,Exclude from primary evaluation; optional separate synthetic diagnostic only,Yes - before new evaluation,,,,,,,,,
SYN-0058,SYN-FAM-020,Undocumented override of rejection,A rejected state-land lease application was later marked approved without a new assessment or any recorded authority for overriding the rejection.,English,A rejected state-land lease application was later marked approved without a new assessment or any recorded authority for overriding the rejection.,AI-authored English; no translation,AI-generated synthetic complaint scenario variant,No,,Administrative / Procedural / Integrity,Hypothetical state/public-land lease complaint; in-scope by scenario construction,Training augmentation candidate only; human label review required,,,Synthetic - not a real incident,Authored hypothetical scenario; no external incident asserted,,Scenario-author-assigned label; not expert-confirmed gold,"Fictional conditions are scenario assumptions, not statements of Sri Lankan law. Three variants share one scenario family.",SYN-FAM-020,,complaint-development-v0.2-draft-530,New synthetic scenario,Explicitly synthetic,Yes,SYN-FAM-020,1,ChatGPT,2026-09-30,Hypothetical; not derived from a specific baseline or source incident,,,,,,Proposed scenario label - human review required,Training-only candidate after label review,Exclude from primary evaluation; optional separate synthetic diagnostic only,Yes - before new evaluation,,,,,,,,,
SYN-0059,SYN-FAM-020,Undocumented override of rejection,"The decision history jumps from rejection to approval on a government-land lease file with no explanation, reconsideration record or authorized override.",English,"The decision history jumps from rejection to approval on a government-land lease file with no explanation, reconsideration record or authorized override.",AI-authored English; no translation,AI-generated synthetic complaint scenario variant,No,,Administrative / Procedural / Integrity,Hypothetical state/public-land lease complaint; in-scope by scenario construction,Training augmentation candidate only; human label review required,,,Synthetic - not a real incident,Authored hypothetical scenario; no external incident asserted,,Scenario-author-assigned label; not expert-confirmed gold,"Fictional conditions are scenario assumptions, not statements of Sri Lankan law. Three variants share one scenario family.",SYN-FAM-020,,complaint-development-v0.2-draft-530,New synthetic scenario,Explicitly synthetic,Yes,SYN-FAM-020,2,ChatGPT,2026-09-30,Hypothetical; not derived from a specific baseline or source incident,,,,,,Proposed scenario label - human review required,Training-only candidate after label review,Exclude from primary evaluation; optional separate synthetic diagnostic only,Yes - before new evaluation,,,,,,,,,
SYN-0060,SYN-FAM-020,Undocumented override of rejection,An officer reviewing the lease record cannot find the decision that supposedly reversed the earlier rejection.,English,An officer reviewing the lease record cannot find the decision that supposedly reversed the earlier rejection.,AI-authored English; no translation,AI-generated synthetic complaint scenario variant,No,,Administrative / Procedural / Integrity,Hypothetical state/public-land lease complaint; in-scope by scenario construction,Training augmentation candidate only; human label review required,,,Synthetic - not a real incident,Authored hypothetical scenario; no external incident asserted,,Scenario-author-assigned label; not expert-confirmed gold,"Fictional conditions are scenario assumptions, not statements of Sri Lankan law. Three variants share one scenario family.",SYN-FAM-020,,complaint-development-v0.2-draft-530,New synthetic scenario,Explicitly synthetic,Yes,SYN-FAM-020,3,ChatGPT,2026-09-30,Hypothetical; not derived from a specific baseline or source incident,,,,,,Proposed scenario label - human review required,Training-only candidate after label review,Exclude from primary evaluation; optional separate synthetic diagnostic only,Yes - before new evaluation,,,,,,,,,
SYN-0061,SYN-FAM-021,Approval by inactive account,A state-land lease approval was entered under the account of an officer who had already left the office and denied making the decision.,English,A state-land lease approval was entered under the account of an officer who had already left the office and denied making the decision.,AI-authored English; no translation,AI-generated synthetic complaint scenario variant,No,,Administrative / Procedural / Integrity,Hypothetical state/public-land lease complaint; in-scope by scenario construction,Training augmentation candidate only; human label review required,,,Synthetic - not a real incident,Authored hypothetical scenario; no external incident asserted,,Scenario-author-assigned label; not expert-confirmed gold,"Fictional conditions are scenario assumptions, not statements of Sri Lankan law. Three variants share one scenario family.",SYN-FAM-021,,complaint-development-v0.2-draft-530,New synthetic scenario,Explicitly synthetic,Yes,SYN-FAM-021,1,ChatGPT,2026-09-30,Hypothetical; not derived from a specific baseline or source incident,,,,,,Proposed scenario label - human review required,Training-only candidate after label review,Exclude from primary evaluation; optional separate synthetic diagnostic only,Yes - before new evaluation,,,,,,,,,
SYN-0062,SYN-FAM-021,Approval by inactive account,The audit trail attributes a lease approval to a former employee whose departure preceded the recorded decision.,English,The audit trail attributes a lease approval to a former employee whose departure preceded the recorded decision.,AI-authored English; no translation,AI-generated synthetic complaint scenario variant,No,,Administrative / Procedural / Integrity,Hypothetical state/public-land lease complaint; in-scope by scenario construction,Training augmentation candidate only; human label review required,,,Synthetic - not a real incident,Authored hypothetical scenario; no external incident asserted,,Scenario-author-assigned label; not expert-confirmed gold,"Fictional conditions are scenario assumptions, not statements of Sri Lankan law. Three variants share one scenario family.",SYN-FAM-021,,complaint-development-v0.2-draft-530,New synthetic scenario,Explicitly synthetic,Yes,SYN-FAM-021,2,ChatGPT,2026-09-30,Hypothetical; not derived from a specific baseline or source incident,,,,,,Proposed scenario label - human review required,Training-only candidate after label review,Exclude from primary evaluation; optional separate synthetic diagnostic only,Yes - before new evaluation,,,,,,,,,
SYN-0063,SYN-FAM-021,Approval by inactive account,The person named as approving the government-land lease says their old account was used after they stopped working there.,English,The person named as approving the government-land lease says their old account was used after they stopped working there.,AI-authored English; no translation,AI-generated synthetic complaint scenario variant,No,,Administrative / Procedural / Integrity,Hypothetical state/public-land lease complaint; in-scope by scenario construction,Training augmentation candidate only; human label review required,,,Synthetic - not a real incident,Authored hypothetical scenario; no external incident asserted,,Scenario-author-assigned label; not expert-confirmed gold,"Fictional conditions are scenario assumptions, not statements of Sri Lankan law. Three variants share one scenario family.",SYN-FAM-021,,complaint-development-v0.2-draft-530,New synthetic scenario,Explicitly synthetic,Yes,SYN-FAM-021,3,ChatGPT,2026-09-30,Hypothetical; not derived from a specific baseline or source incident,,,,,,Proposed scenario label - human review required,Training-only candidate after label review,Exclude from primary evaluation; optional separate synthetic diagnostic only,Yes - before new evaluation,,,,,,,,,
SYN-0064,SYN-FAM-022,Different conditions in signed version,"The signed state-land lease contains conditions absent from the version approved by the committee, with no recorded authorization for the changes.",English,"The signed state-land lease contains conditions absent from the version approved by the committee, with no recorded authorization for the changes.",AI-authored English; no translation,AI-generated synthetic complaint scenario variant,No,,Administrative / Procedural / Integrity,Hypothetical state/public-land lease complaint; in-scope by scenario construction,Training augmentation candidate only; human label review required,,,Synthetic - not a real incident,Authored hypothetical scenario; no external incident asserted,,Scenario-author-assigned label; not expert-confirmed gold,"Fictional conditions are scenario assumptions, not statements of Sri Lankan law. Three variants share one scenario family.",SYN-FAM-022,,complaint-development-v0.2-draft-530,New synthetic scenario,Explicitly synthetic,Yes,SYN-FAM-022,1,ChatGPT,2026-09-30,Hypothetical; not derived from a specific baseline or source incident,,,,,,Proposed scenario label - human review required,Training-only candidate after label review,Exclude from primary evaluation; optional separate synthetic diagnostic only,Yes - before new evaluation,,,,,,,,,
SYN-0065,SYN-FAM-022,Different conditions in signed version,A comparison of the committee-approved lease and the executed copy shows material changes that were not submitted for further approval.,English,A comparison of the committee-approved lease and the executed copy shows material changes that were not submitted for further approval.,AI-authored English; no translation,AI-generated synthetic complaint scenario variant,No,,Administrative / Procedural / Integrity,Hypothetical state/public-land lease complaint; in-scope by scenario construction,Training augmentation candidate only; human label review required,,,Synthetic - not a real incident,Authored hypothetical scenario; no external incident asserted,,Scenario-author-assigned label; not expert-confirmed gold,"Fictional conditions are scenario assumptions, not statements of Sri Lankan law. Three variants share one scenario family.",SYN-FAM-022,,complaint-development-v0.2-draft-530,New synthetic scenario,Explicitly synthetic,Yes,SYN-FAM-022,2,ChatGPT,2026-09-30,Hypothetical; not derived from a specific baseline or source incident,,,,,,Proposed scenario label - human review required,Training-only candidate after label review,Exclude from primary evaluation; optional separate synthetic diagnostic only,Yes - before new evaluation,,,,,,,,,
SYN-0066,SYN-FAM-022,Different conditions in signed version,"The final government-land lease was signed with altered conditions, but the decision file contains approval only for the earlier version.",English,"The final government-land lease was signed with altered conditions, but the decision file contains approval only for the earlier version.",AI-authored English; no translation,AI-generated synthetic complaint scenario variant,No,,Administrative / Procedural / Integrity,Hypothetical state/public-land lease complaint; in-scope by scenario construction,Training augmentation candidate only; human label review required,,,Synthetic - not a real incident,Authored hypothetical scenario; no external incident asserted,,Scenario-author-assigned label; not expert-confirmed gold,"Fictional conditions are scenario assumptions, not statements of Sri Lankan law. Three variants share one scenario family.",SYN-FAM-022,,complaint-development-v0.2-draft-530,New synthetic scenario,Explicitly synthetic,Yes,SYN-FAM-022,3,ChatGPT,2026-09-30,Hypothetical; not derived from a specific baseline or source incident,,,,,,Proposed scenario label - human review required,Training-only candidate after label review,Exclude from primary evaluation; optional separate synthetic diagnostic only,Yes - before new evaluation,,,,,,,,,
SYN-0067,SYN-FAM-023,Unexplained selective correction window,"Two lease applicants had the same missing attachment, but only one received a chance to correct it and no reason for the difference was recorded.",English,"Two lease applicants had the same missing attachment, but only one received a chance to correct it and no reason for the difference was recorded.",AI-authored English; no translation,AI-generated synthetic complaint scenario variant,No,,Administrative / Procedural / Integrity,Hypothetical state/public-land lease complaint; in-scope by scenario construction,Training augmentation candidate only; human label review required,,,Synthetic - not a real incident,Authored hypothetical scenario; no external incident asserted,,Scenario-author-assigned label; not expert-confirmed gold,"Fictional conditions are scenario assumptions, not statements of Sri Lankan law. Three variants share one scenario family.",SYN-FAM-023,,complaint-development-v0.2-draft-530,New synthetic scenario,Explicitly synthetic,Yes,SYN-FAM-023,1,ChatGPT,2026-09-30,Hypothetical; not derived from a specific baseline or source incident,,,,,,Proposed scenario label - human review required,Training-only candidate after label review,Exclude from primary evaluation; optional separate synthetic diagnostic only,Yes - before new evaluation,,,,,,,,,
SYN-0068,SYN-FAM-023,Unexplained selective correction window,My state-land lease application was rejected for an omission that another applicant was invited to remedy under the same process.,English,My state-land lease application was rejected for an omission that another applicant was invited to remedy under the same process.,AI-authored English; no translation,AI-generated synthetic complaint scenario variant,No,,Administrative / Procedural / Integrity,Hypothetical state/public-land lease complaint; in-scope by scenario construction,Training augmentation candidate only; human label review required,,,Synthetic - not a real incident,Authored hypothetical scenario; no external incident asserted,,Scenario-author-assigned label; not expert-confirmed gold,"Fictional conditions are scenario assumptions, not statements of Sri Lankan law. Three variants share one scenario family.",SYN-FAM-023,,complaint-development-v0.2-draft-530,New synthetic scenario,Explicitly synthetic,Yes,SYN-FAM-023,2,ChatGPT,2026-09-30,Hypothetical; not derived from a specific baseline or source incident,,,,,,Proposed scenario label - human review required,Training-only candidate after label review,Exclude from primary evaluation; optional separate synthetic diagnostic only,Yes - before new evaluation,,,,,,,,,
SYN-0069,SYN-FAM-023,Unexplained selective correction window,"A reviewer reports inconsistent correction opportunities for comparable government-land lease applications, without documented grounds for the different treatment.",English,"A reviewer reports inconsistent correction opportunities for comparable government-land lease applications, without documented grounds for the different treatment.",AI-authored English; no translation,AI-generated synthetic complaint scenario variant,No,,Administrative / Procedural / Integrity,Hypothetical state/public-land lease complaint; in-scope by scenario construction,Training augmentation candidate only; human label review required,,,Synthetic - not a real incident,Authored hypothetical scenario; no external incident asserted,,Scenario-author-assigned label; not expert-confirmed gold,"Fictional conditions are scenario assumptions, not statements of Sri Lankan law. Three variants share one scenario family.",SYN-FAM-023,,complaint-development-v0.2-draft-530,New synthetic scenario,Explicitly synthetic,Yes,SYN-FAM-023,3,ChatGPT,2026-09-30,Hypothetical; not derived from a specific baseline or source incident,,,,,,Proposed scenario label - human review required,Training-only candidate after label review,Exclude from primary evaluation; optional separate synthetic diagnostic only,Yes - before new evaluation,,,,,,,,,
SYN-0070,SYN-FAM-024,Substituted valuation document,"The valuation attached to the lease decision differs from the issuing office's certified copy, including a changed amount and reference number.",English,"The valuation attached to the lease decision differs from the issuing office's certified copy, including a changed amount and reference number.",AI-authored English; no translation,AI-generated synthetic complaint scenario variant,No,,Administrative / Procedural / Integrity,Hypothetical state/public-land lease complaint; in-scope by scenario construction,Training augmentation candidate only; human label review required,,,Synthetic - not a real incident,Authored hypothetical scenario; no external incident asserted,,Scenario-author-assigned label; not expert-confirmed gold,"Fictional conditions are scenario assumptions, not statements of Sri Lankan law. Three variants share one scenario family.",SYN-FAM-024,,complaint-development-v0.2-draft-530,New synthetic scenario,Explicitly synthetic,Yes,SYN-FAM-024,1,ChatGPT,2026-09-30,Hypothetical; not derived from a specific baseline or source incident,,,,,,Proposed scenario label - human review required,Training-only candidate after label review,Exclude from primary evaluation; optional separate synthetic diagnostic only,Yes - before new evaluation,,,,,,,,,
SYN-0071,SYN-FAM-024,Substituted valuation document,The valuation office disputes the document used in a state-land lease approval because its amount does not match the issued report.,English,The valuation office disputes the document used in a state-land lease approval because its amount does not match the issued report.,AI-authored English; no translation,AI-generated synthetic complaint scenario variant,No,,Administrative / Procedural / Integrity,Hypothetical state/public-land lease complaint; in-scope by scenario construction,Training augmentation candidate only; human label review required,,,Synthetic - not a real incident,Authored hypothetical scenario; no external incident asserted,,Scenario-author-assigned label; not expert-confirmed gold,"Fictional conditions are scenario assumptions, not statements of Sri Lankan law. Three variants share one scenario family.",SYN-FAM-024,,complaint-development-v0.2-draft-530,New synthetic scenario,Explicitly synthetic,Yes,SYN-FAM-024,2,ChatGPT,2026-09-30,Hypothetical; not derived from a specific baseline or source incident,,,,,,Proposed scenario label - human review required,Training-only candidate after label review,Exclude from primary evaluation; optional separate synthetic diagnostic only,Yes - before new evaluation,,,,,,,,,
SYN-0072,SYN-FAM-024,Substituted valuation document,A government-land lease file appears to contain a substituted valuation report rather than the certified document supplied by the valuer.,English,A government-land lease file appears to contain a substituted valuation report rather than the certified document supplied by the valuer.,AI-authored English; no translation,AI-generated synthetic complaint scenario variant,No,,Administrative / Procedural / Integrity,Hypothetical state/public-land lease complaint; in-scope by scenario construction,Training augmentation candidate only; human label review required,,,Synthetic - not a real incident,Authored hypothetical scenario; no external incident asserted,,Scenario-author-assigned label; not expert-confirmed gold,"Fictional conditions are scenario assumptions, not statements of Sri Lankan law. Three variants share one scenario family.",SYN-FAM-024,,complaint-development-v0.2-draft-530,New synthetic scenario,Explicitly synthetic,Yes,SYN-FAM-024,3,ChatGPT,2026-09-30,Hypothetical; not derived from a specific baseline or source incident,,,,,,Proposed scenario label - human review required,Training-only candidate after label review,Exclude from primary evaluation; optional separate synthetic diagnostic only,Yes - before new evaluation,,,,,,,,,
SYN-0073,SYN-FAM-025,Objection removed from case file,"An acknowledged objection to a proposed state-land lease is missing from the decision pack, which says no objections were received.",English,"An acknowledged objection to a proposed state-land lease is missing from the decision pack, which says no objections were received.",AI-authored English; no translation,AI-generated synthetic complaint scenario variant,No,,Administrative / Procedural / Integrity,Hypothetical state/public-land lease complaint; in-scope by scenario construction,Training augmentation candidate only; human label review required,,,Synthetic - not a real incident,Authored hypothetical scenario; no external incident asserted,,Scenario-author-assigned label; not expert-confirmed gold,"Fictional conditions are scenario assumptions, not statements of Sri Lankan law. Three variants share one scenario family.",SYN-FAM-025,,complaint-development-v0.2-draft-530,New synthetic scenario,Explicitly synthetic,Yes,SYN-FAM-025,1,ChatGPT,2026-09-30,Hypothetical; not derived from a specific baseline or source incident,,,,,,Proposed scenario label - human review required,Training-only candidate after label review,Exclude from primary evaluation; optional separate synthetic diagnostic only,Yes - before new evaluation,,,,,,,,,
SYN-0074,SYN-FAM-025,Objection removed from case file,"The lease approval report declares that nobody objected, but a dated office receipt confirms an objection was submitted before the deadline.",English,"The lease approval report declares that nobody objected, but a dated office receipt confirms an objection was submitted before the deadline.",AI-authored English; no translation,AI-generated synthetic complaint scenario variant,No,,Administrative / Procedural / Integrity,Hypothetical state/public-land lease complaint; in-scope by scenario construction,Training augmentation candidate only; human label review required,,,Synthetic - not a real incident,Authored hypothetical scenario; no external incident asserted,,Scenario-author-assigned label; not expert-confirmed gold,"Fictional conditions are scenario assumptions, not statements of Sri Lankan law. Three variants share one scenario family.",SYN-FAM-025,,complaint-development-v0.2-draft-530,New synthetic scenario,Explicitly synthetic,Yes,SYN-FAM-025,2,ChatGPT,2026-09-30,Hypothetical; not derived from a specific baseline or source incident,,,,,,Proposed scenario label - human review required,Training-only candidate after label review,Exclude from primary evaluation; optional separate synthetic diagnostic only,Yes - before new evaluation,,,,,,,,,
SYN-0075,SYN-FAM-025,Objection removed from case file,A resident's receipted objection was omitted from the government-land lease review papers and was not addressed in the recorded decision.,English,A resident's receipted objection was omitted from the government-land lease review papers and was not addressed in the recorded decision.,AI-authored English; no translation,AI-generated synthetic complaint scenario variant,No,,Administrative / Procedural / Integrity,Hypothetical state/public-land lease complaint; in-scope by scenario construction,Training augmentation candidate only; human label review required,,,Synthetic - not a real incident,Authored hypothetical scenario; no external incident asserted,,Scenario-author-assigned label; not expert-confirmed gold,"Fictional conditions are scenario assumptions, not statements of Sri Lankan law. Three variants share one scenario family.",SYN-FAM-025,,complaint-development-v0.2-draft-530,New synthetic scenario,Explicitly synthetic,Yes,SYN-FAM-025,3,ChatGPT,2026-09-30,Hypothetical; not derived from a specific baseline or source incident,,,,,,Proposed scenario label - human review required,Training-only candidate after label review,Exclude from primary evaluation; optional separate synthetic diagnostic only,Yes - before new evaluation,,,,,,,,,
SYN-0076,SYN-FAM-026,Unpaid annual installments,"The government-land lessee continues operating, but the ledger shows three annual installments unpaid and no recovery notice recorded.",English,"The government-land lessee continues operating, but the ledger shows three annual installments unpaid and no recovery notice recorded.",AI-authored English; no translation,AI-generated synthetic complaint scenario variant,No,,Lease Revenue / Payment / Enforcement,Hypothetical state/public-land lease complaint; in-scope by scenario construction,Training augmentation candidate only; human label review required,,,Synthetic - not a real incident,Authored hypothetical scenario; no external incident asserted,,Scenario-author-assigned label; not expert-confirmed gold,"Fictional conditions are scenario assumptions, not statements of Sri Lankan law. Three variants share one scenario family.",SYN-FAM-026,,complaint-development-v0.2-draft-530,New synthetic scenario,Explicitly synthetic,Yes,SYN-FAM-026,1,ChatGPT,2026-09-30,Hypothetical; not derived from a specific baseline or source incident,,,,,,Proposed scenario label - human review required,Training-only candidate after label review,Exclude from primary evaluation; optional separate synthetic diagnostic only,Yes - before new evaluation,,,,,,,,,
SYN-0077,SYN-FAM-026,Unpaid annual installments,"Three years of rent remain outstanding on an active state-land lease, with no documented demand sent to the occupier.",English,"Three years of rent remain outstanding on an active state-land lease, with no documented demand sent to the occupier.",AI-authored English; no translation,AI-generated synthetic complaint scenario variant,No,,Lease Revenue / Payment / Enforcement,Hypothetical state/public-land lease complaint; in-scope by scenario construction,Training augmentation candidate only; human label review required,,,Synthetic - not a real incident,Authored hypothetical scenario; no external incident asserted,,Scenario-author-assigned label; not expert-confirmed gold,"Fictional conditions are scenario assumptions, not statements of Sri Lankan law. Three variants share one scenario family.",SYN-FAM-026,,complaint-development-v0.2-draft-530,New synthetic scenario,Explicitly synthetic,Yes,SYN-FAM-026,2,ChatGPT,2026-09-30,Hypothetical; not derived from a specific baseline or source incident,,,,,,Proposed scenario label - human review required,Training-only candidate after label review,Exclude from primary evaluation; optional separate synthetic diagnostic only,Yes - before new evaluation,,,,,,,,,
SYN-0078,SYN-FAM-026,Unpaid annual installments,A review of the occupied leasehold found unpaid annual rent across three periods and no recorded collection action.,English,A review of the occupied leasehold found unpaid annual rent across three periods and no recorded collection action.,AI-authored English; no translation,AI-generated synthetic complaint scenario variant,No,,Lease Revenue / Payment / Enforcement,Hypothetical state/public-land lease complaint; in-scope by scenario construction,Training augmentation candidate only; human label review required,,,Synthetic - not a real incident,Authored hypothetical scenario; no external incident asserted,,Scenario-author-assigned label; not expert-confirmed gold,"Fictional conditions are scenario assumptions, not statements of Sri Lankan law. Three variants share one scenario family.",SYN-FAM-026,,complaint-development-v0.2-draft-530,New synthetic scenario,Explicitly synthetic,Yes,SYN-FAM-026,3,ChatGPT,2026-09-30,Hypothetical; not derived from a specific baseline or source incident,,,,,,Proposed scenario label - human review required,Training-only candidate after label review,Exclude from primary evaluation; optional separate synthetic diagnostic only,Yes - before new evaluation,,,,,,,,,
SYN-0079,SYN-FAM-027,Rent revision not applied,"The lease requires a periodic rent review, but the approved revised amount has not been applied to the lessee's invoices.",English,"The lease requires a periodic rent review, but the approved revised amount has not been applied to the lessee's invoices.",AI-authored English; no translation,AI-generated synthetic complaint scenario variant,No,,Lease Revenue / Payment / Enforcement,Hypothetical state/public-land lease complaint; in-scope by scenario construction,Training augmentation candidate only; human label review required,,,Synthetic - not a real incident,Authored hypothetical scenario; no external incident asserted,,Scenario-author-assigned label; not expert-confirmed gold,"Fictional conditions are scenario assumptions, not statements of Sri Lankan law. Three variants share one scenario family.",SYN-FAM-027,,complaint-development-v0.2-draft-530,New synthetic scenario,Explicitly synthetic,Yes,SYN-FAM-027,1,ChatGPT,2026-09-30,Hypothetical; not derived from a specific baseline or source incident,,,,,,Proposed scenario label - human review required,Training-only candidate after label review,Exclude from primary evaluation; optional separate synthetic diagnostic only,Yes - before new evaluation,,,,,,,,,
SYN-0080,SYN-FAM-027,Rent revision not applied,Invoices for the state parcel still use the old rent despite an approved revision applicable to the current billing period.,English,Invoices for the state parcel still use the old rent despite an approved revision applicable to the current billing period.,AI-authored English; no translation,AI-generated synthetic complaint scenario variant,No,,Lease Revenue / Payment / Enforcement,Hypothetical state/public-land lease complaint; in-scope by scenario construction,Training augmentation candidate only; human label review required,,,Synthetic - not a real incident,Authored hypothetical scenario; no external incident asserted,,Scenario-author-assigned label; not expert-confirmed gold,"Fictional conditions are scenario assumptions, not statements of Sri Lankan law. Three variants share one scenario family.",SYN-FAM-027,,complaint-development-v0.2-draft-530,New synthetic scenario,Explicitly synthetic,Yes,SYN-FAM-027,2,ChatGPT,2026-09-30,Hypothetical; not derived from a specific baseline or source incident,,,,,,Proposed scenario label - human review required,Training-only candidate after label review,Exclude from primary evaluation; optional separate synthetic diagnostic only,Yes - before new evaluation,,,,,,,,,
SYN-0081,SYN-FAM-027,Rent revision not applied,The government-land lease account has not been updated to the revised rent already authorized for collection.,English,The government-land lease account has not been updated to the revised rent already authorized for collection.,AI-authored English; no translation,AI-generated synthetic complaint scenario variant,No,,Lease Revenue / Payment / Enforcement,Hypothetical state/public-land lease complaint; in-scope by scenario construction,Training augmentation candidate only; human label review required,,,Synthetic - not a real incident,Authored hypothetical scenario; no external incident asserted,,Scenario-author-assigned label; not expert-confirmed gold,"Fictional conditions are scenario assumptions, not statements of Sri Lankan law. Three variants share one scenario family.",SYN-FAM-027,,complaint-development-v0.2-draft-530,New synthetic scenario,Explicitly synthetic,Yes,SYN-FAM-027,3,ChatGPT,2026-09-30,Hypothetical; not derived from a specific baseline or source incident,,,,,,Proposed scenario label - human review required,Training-only candidate after label review,Exclude from primary evaluation; optional separate synthetic diagnostic only,Yes - before new evaluation,,,,,,,,,
SYN-0082,SYN-FAM-028,Unpaid initial premium,"The company took possession of the state leasehold before paying the agreed initial premium, which remains outstanding after the specified due date.",English,"The company took possession of the state leasehold before paying the agreed initial premium, which remains outstanding after the specified due date.",AI-authored English; no translation,AI-generated synthetic complaint scenario variant,No,,Lease Revenue / Payment / Enforcement,Hypothetical state/public-land lease complaint; in-scope by scenario construction,Training augmentation candidate only; human label review required,,,Synthetic - not a real incident,Authored hypothetical scenario; no external incident asserted,,Scenario-author-assigned label; not expert-confirmed gold,"Fictional conditions are scenario assumptions, not statements of Sri Lankan law. Three variants share one scenario family.",SYN-FAM-028,,complaint-development-v0.2-draft-530,New synthetic scenario,Explicitly synthetic,Yes,SYN-FAM-028,1,ChatGPT,2026-09-30,Hypothetical; not derived from a specific baseline or source incident,,,,,,Proposed scenario label - human review required,Training-only candidate after label review,Exclude from primary evaluation; optional separate synthetic diagnostic only,Yes - before new evaluation,,,,,,,,,
SYN-0083,SYN-FAM-028,Unpaid initial premium,"Possession was handed over under the government-land lease, but the premium required by the payment schedule has not been received.",English,"Possession was handed over under the government-land lease, but the premium required by the payment schedule has not been received.",AI-authored English; no translation,AI-generated synthetic complaint scenario variant,No,,Lease Revenue / Payment / Enforcement,Hypothetical state/public-land lease complaint; in-scope by scenario construction,Training augmentation candidate only; human label review required,,,Synthetic - not a real incident,Authored hypothetical scenario; no external incident asserted,,Scenario-author-assigned label; not expert-confirmed gold,"Fictional conditions are scenario assumptions, not statements of Sri Lankan law. Three variants share one scenario family.",SYN-FAM-028,,complaint-development-v0.2-draft-530,New synthetic scenario,Explicitly synthetic,Yes,SYN-FAM-028,2,ChatGPT,2026-09-30,Hypothetical; not derived from a specific baseline or source incident,,,,,,Proposed scenario label - human review required,Training-only candidate after label review,Exclude from primary evaluation; optional separate synthetic diagnostic only,Yes - before new evaluation,,,,,,,,,
SYN-0084,SYN-FAM-028,Unpaid initial premium,The leaseholder is using the parcel while the initial premium shown in the signed agreement remains unpaid.,English,The leaseholder is using the parcel while the initial premium shown in the signed agreement remains unpaid.,AI-authored English; no translation,AI-generated synthetic complaint scenario variant,No,,Lease Revenue / Payment / Enforcement,Hypothetical state/public-land lease complaint; in-scope by scenario construction,Training augmentation candidate only; human label review required,,,Synthetic - not a real incident,Authored hypothetical scenario; no external incident asserted,,Scenario-author-assigned label; not expert-confirmed gold,"Fictional conditions are scenario assumptions, not statements of Sri Lankan law. Three variants share one scenario family.",SYN-FAM-028,,complaint-development-v0.2-draft-530,New synthetic scenario,Explicitly synthetic,Yes,SYN-FAM-028,3,ChatGPT,2026-09-30,Hypothetical; not derived from a specific baseline or source incident,,,,,,Proposed scenario label - human review required,Training-only candidate after label review,Exclude from primary evaluation; optional separate synthetic diagnostic only,Yes - before new evaluation,,,,,,,,,
SYN-0085,SYN-FAM-029,Late-payment charge omitted,The lease account records overdue installments but omits the late-payment charges required by its signed payment terms.,English,The lease account records overdue installments but omits the late-payment charges required by its signed payment terms.,AI-authored English; no translation,AI-generated synthetic complaint scenario variant,No,,Lease Revenue / Payment / Enforcement,Hypothetical state/public-land lease complaint; in-scope by scenario construction,Training augmentation candidate only; human label review required,,,Synthetic - not a real incident,Authored hypothetical scenario; no external incident asserted,,Scenario-author-assigned label; not expert-confirmed gold,"Fictional conditions are scenario assumptions, not statements of Sri Lankan law. Three variants share one scenario family.",SYN-FAM-029,,complaint-development-v0.2-draft-530,New synthetic scenario,Explicitly synthetic,Yes,SYN-FAM-029,1,ChatGPT,2026-09-30,Hypothetical; not derived from a specific baseline or source incident,,,,,,Proposed scenario label - human review required,Training-only candidate after label review,Exclude from primary evaluation; optional separate synthetic diagnostic only,Yes - before new evaluation,,,,,,,,,
SYN-0086,SYN-FAM-029,Late-payment charge omitted,"Rent was received late for the government parcel, yet the account contains no charge under the agreement's delay provision.",English,"Rent was received late for the government parcel, yet the account contains no charge under the agreement's delay provision.",AI-authored English; no translation,AI-generated synthetic complaint scenario variant,No,,Lease Revenue / Payment / Enforcement,Hypothetical state/public-land lease complaint; in-scope by scenario construction,Training augmentation candidate only; human label review required,,,Synthetic - not a real incident,Authored hypothetical scenario; no external incident asserted,,Scenario-author-assigned label; not expert-confirmed gold,"Fictional conditions are scenario assumptions, not statements of Sri Lankan law. Three variants share one scenario family.",SYN-FAM-029,,complaint-development-v0.2-draft-530,New synthetic scenario,Explicitly synthetic,Yes,SYN-FAM-029,2,ChatGPT,2026-09-30,Hypothetical; not derived from a specific baseline or source incident,,,,,,Proposed scenario label - human review required,Training-only candidate after label review,Exclude from primary evaluation; optional separate synthetic diagnostic only,Yes - before new evaluation,,,,,,,,,
SYN-0087,SYN-FAM-029,Late-payment charge omitted,A revenue reviewer found that contractual late fees were not billed despite recorded delays in paying the state-land rent.,English,A revenue reviewer found that contractual late fees were not billed despite recorded delays in paying the state-land rent.,AI-authored English; no translation,AI-generated synthetic complaint scenario variant,No,,Lease Revenue / Payment / Enforcement,Hypothetical state/public-land lease complaint; in-scope by scenario construction,Training augmentation candidate only; human label review required,,,Synthetic - not a real incident,Authored hypothetical scenario; no external incident asserted,,Scenario-author-assigned label; not expert-confirmed gold,"Fictional conditions are scenario assumptions, not statements of Sri Lankan law. Three variants share one scenario family.",SYN-FAM-029,,complaint-development-v0.2-draft-530,New synthetic scenario,Explicitly synthetic,Yes,SYN-FAM-029,3,ChatGPT,2026-09-30,Hypothetical; not derived from a specific baseline or source incident,,,,,,Proposed scenario label - human review required,Training-only candidate after label review,Exclude from primary evaluation; optional separate synthetic diagnostic only,Yes - before new evaluation,,,,,,,,,
SYN-0088,SYN-FAM-030,Payment credited to wrong case,"I paid the rent for my state-land lease, but the receipt was posted to another lease account and mine still shows arrears.",English,"I paid the rent for my state-land lease, but the receipt was posted to another lease account and mine still shows arrears.",AI-authored English; no translation,AI-generated synthetic complaint scenario variant,No,,Lease Revenue / Payment / Enforcement,Hypothetical state/public-land lease complaint; in-scope by scenario construction,Training augmentation candidate only; human label review required,,,Synthetic - not a real incident,Authored hypothetical scenario; no external incident asserted,,Scenario-author-assigned label; not expert-confirmed gold,"Fictional conditions are scenario assumptions, not statements of Sri Lankan law. Three variants share one scenario family.",SYN-FAM-030,,complaint-development-v0.2-draft-530,New synthetic scenario,Explicitly synthetic,Yes,SYN-FAM-030,1,ChatGPT,2026-09-30,Hypothetical; not derived from a specific baseline or source incident,,,,,,Proposed scenario label - human review required,Training-only candidate after label review,Exclude from primary evaluation; optional separate synthetic diagnostic only,Yes - before new evaluation,,,,,,,,,
SYN-0089,SYN-FAM-030,Payment credited to wrong case,"The lessee's bank reference matches the rent payment, although the office allocated it to an unrelated government-land lease.",English,"The lessee's bank reference matches the rent payment, although the office allocated it to an unrelated government-land lease.",AI-authored English; no translation,AI-generated synthetic complaint scenario variant,No,,Lease Revenue / Payment / Enforcement,Hypothetical state/public-land lease complaint; in-scope by scenario construction,Training augmentation candidate only; human label review required,,,Synthetic - not a real incident,Authored hypothetical scenario; no external incident asserted,,Scenario-author-assigned label; not expert-confirmed gold,"Fictional conditions are scenario assumptions, not statements of Sri Lankan law. Three variants share one scenario family.",SYN-FAM-030,,complaint-development-v0.2-draft-530,New synthetic scenario,Explicitly synthetic,Yes,SYN-FAM-030,2,ChatGPT,2026-09-30,Hypothetical; not derived from a specific baseline or source incident,,,,,,Proposed scenario label - human review required,Training-only candidate after label review,Exclude from primary evaluation; optional separate synthetic diagnostic only,Yes - before new evaluation,,,,,,,,,
SYN-0090,SYN-FAM-030,Payment credited to wrong case,A leaseholder is receiving arrears notices because the office credited their payment to the wrong parcel account.,English,A leaseholder is receiving arrears notices because the office credited their payment to the wrong parcel account.,AI-authored English; no translation,AI-generated synthetic complaint scenario variant,No,,Lease Revenue / Payment / Enforcement,Hypothetical state/public-land lease complaint; in-scope by scenario construction,Training augmentation candidate only; human label review required,,,Synthetic - not a real incident,Authored hypothetical scenario; no external incident asserted,,Scenario-author-assigned label; not expert-confirmed gold,"Fictional conditions are scenario assumptions, not statements of Sri Lankan law. Three variants share one scenario family.",SYN-FAM-030,,complaint-development-v0.2-draft-530,New synthetic scenario,Explicitly synthetic,Yes,SYN-FAM-030,3,ChatGPT,2026-09-30,Hypothetical; not derived from a specific baseline or source incident,,,,,,Proposed scenario label - human review required,Training-only candidate after label review,Exclude from primary evaluation; optional separate synthetic diagnostic only,Yes - before new evaluation,,,,,,,,,
SYN-0091,SYN-FAM-031,Partial payment treated as settlement,"Only part of the outstanding rent was paid, but the state-land lease ledger was marked fully settled without an adjustment record.",English,"Only part of the outstanding rent was paid, but the state-land lease ledger was marked fully settled without an adjustment record.",AI-authored English; no translation,AI-generated synthetic complaint scenario variant,No,,Lease Revenue / Payment / Enforcement,Hypothetical state/public-land lease complaint; in-scope by scenario construction,Training augmentation candidate only; human label review required,,,Synthetic - not a real incident,Authored hypothetical scenario; no external incident asserted,,Scenario-author-assigned label; not expert-confirmed gold,"Fictional conditions are scenario assumptions, not statements of Sri Lankan law. Three variants share one scenario family.",SYN-FAM-031,,complaint-development-v0.2-draft-530,New synthetic scenario,Explicitly synthetic,Yes,SYN-FAM-031,1,ChatGPT,2026-09-30,Hypothetical; not derived from a specific baseline or source incident,,,,,,Proposed scenario label - human review required,Training-only candidate after label review,Exclude from primary evaluation; optional separate synthetic diagnostic only,Yes - before new evaluation,,,,,,,,,
SYN-0092,SYN-FAM-031,Partial payment treated as settlement,"The receipt covers one overdue installment while the lease account shows all arrears cleared, with no approved waiver available.",English,"The receipt covers one overdue installment while the lease account shows all arrears cleared, with no approved waiver available.",AI-authored English; no translation,AI-generated synthetic complaint scenario variant,No,,Lease Revenue / Payment / Enforcement,Hypothetical state/public-land lease complaint; in-scope by scenario construction,Training augmentation candidate only; human label review required,,,Synthetic - not a real incident,Authored hypothetical scenario; no external incident asserted,,Scenario-author-assigned label; not expert-confirmed gold,"Fictional conditions are scenario assumptions, not statements of Sri Lankan law. Three variants share one scenario family.",SYN-FAM-031,,complaint-development-v0.2-draft-530,New synthetic scenario,Explicitly synthetic,Yes,SYN-FAM-031,2,ChatGPT,2026-09-30,Hypothetical; not derived from a specific baseline or source incident,,,,,,Proposed scenario label - human review required,Training-only candidate after label review,Exclude from primary evaluation; optional separate synthetic diagnostic only,Yes - before new evaluation,,,,,,,,,
SYN-0093,SYN-FAM-031,Partial payment treated as settlement,A revenue check found that a partial lease payment had incorrectly removed the entire outstanding balance.,English,A revenue check found that a partial lease payment had incorrectly removed the entire outstanding balance.,AI-authored English; no translation,AI-generated synthetic complaint scenario variant,No,,Lease Revenue / Payment / Enforcement,Hypothetical state/public-land lease complaint; in-scope by scenario construction,Training augmentation candidate only; human label review required,,,Synthetic - not a real incident,Authored hypothetical scenario; no external incident asserted,,Scenario-author-assigned label; not expert-confirmed gold,"Fictional conditions are scenario assumptions, not statements of Sri Lankan law. Three variants share one scenario family.",SYN-FAM-031,,complaint-development-v0.2-draft-530,New synthetic scenario,Explicitly synthetic,Yes,SYN-FAM-031,3,ChatGPT,2026-09-30,Hypothetical; not derived from a specific baseline or source incident,,,,,,Proposed scenario label - human review required,Training-only candidate after label review,Exclude from primary evaluation; optional separate synthetic diagnostic only,Yes - before new evaluation,,,,,,,,,
SYN-0094,SYN-FAM-032,Expired lease continued billing gap,"The state-land lease expired while the occupier remained, but neither renewal rent nor an occupation charge has been recorded for the later period.",English,"The state-land lease expired while the occupier remained, but neither renewal rent nor an occupation charge has been recorded for the later period.",AI-authored English; no translation,AI-generated synthetic complaint scenario variant,No,,Lease Revenue / Payment / Enforcement,Hypothetical state/public-land lease complaint; in-scope by scenario construction,Training augmentation candidate only; human label review required,,,Synthetic - not a real incident,Authored hypothetical scenario; no external incident asserted,,Scenario-author-assigned label; not expert-confirmed gold,"Fictional conditions are scenario assumptions, not statements of Sri Lankan law. Three variants share one scenario family.",SYN-FAM-032,,complaint-development-v0.2-draft-530,New synthetic scenario,Explicitly synthetic,Yes,SYN-FAM-032,1,ChatGPT,2026-09-30,Hypothetical; not derived from a specific baseline or source incident,,,,,,Proposed scenario label - human review required,Training-only candidate after label review,Exclude from primary evaluation; optional separate synthetic diagnostic only,Yes - before new evaluation,,,,,,,,,
SYN-0095,SYN-FAM-032,Expired lease continued billing gap,The office stopped billing when the lease term ended even though the company continued using the government parcel.,English,The office stopped billing when the lease term ended even though the company continued using the government parcel.,AI-authored English; no translation,AI-generated synthetic complaint scenario variant,No,,Lease Revenue / Payment / Enforcement,Hypothetical state/public-land lease complaint; in-scope by scenario construction,Training augmentation candidate only; human label review required,,,Synthetic - not a real incident,Authored hypothetical scenario; no external incident asserted,,Scenario-author-assigned label; not expert-confirmed gold,"Fictional conditions are scenario assumptions, not statements of Sri Lankan law. Three variants share one scenario family.",SYN-FAM-032,,complaint-development-v0.2-draft-530,New synthetic scenario,Explicitly synthetic,Yes,SYN-FAM-032,2,ChatGPT,2026-09-30,Hypothetical; not derived from a specific baseline or source incident,,,,,,Proposed scenario label - human review required,Training-only candidate after label review,Exclude from primary evaluation; optional separate synthetic diagnostic only,Yes - before new evaluation,,,,,,,,,
SYN-0096,SYN-FAM-032,Expired lease continued billing gap,Continued use of the expired leasehold has not generated any recorded post-expiry charge or renewal payment.,English,Continued use of the expired leasehold has not generated any recorded post-expiry charge or renewal payment.,AI-authored English; no translation,AI-generated synthetic complaint scenario variant,No,,Lease Revenue / Payment / Enforcement,Hypothetical state/public-land lease complaint; in-scope by scenario construction,Training augmentation candidate only; human label review required,,,Synthetic - not a real incident,Authored hypothetical scenario; no external incident asserted,,Scenario-author-assigned label; not expert-confirmed gold,"Fictional conditions are scenario assumptions, not statements of Sri Lankan law. Three variants share one scenario family.",SYN-FAM-032,,complaint-development-v0.2-draft-530,New synthetic scenario,Explicitly synthetic,Yes,SYN-FAM-032,3,ChatGPT,2026-09-30,Hypothetical; not derived from a specific baseline or source incident,,,,,,Proposed scenario label - human review required,Training-only candidate after label review,Exclude from primary evaluation; optional separate synthetic diagnostic only,Yes - before new evaluation,,,,,,,,,
SYN-0097,SYN-FAM-033,Unreconciled cash receipt,"A receipt shows that cash rent was collected for the state parcel, but the corresponding amount is absent from the bank reconciliation.",English,"A receipt shows that cash rent was collected for the state parcel, but the corresponding amount is absent from the bank reconciliation.",AI-authored English; no translation,AI-generated synthetic complaint scenario variant,No,,Lease Revenue / Payment / Enforcement,Hypothetical state/public-land lease complaint; in-scope by scenario construction,Training augmentation candidate only; human label review required,,,Synthetic - not a real incident,Authored hypothetical scenario; no external incident asserted,,Scenario-author-assigned label; not expert-confirmed gold,"Fictional conditions are scenario assumptions, not statements of Sri Lankan law. Three variants share one scenario family.",SYN-FAM-033,,complaint-development-v0.2-draft-530,New synthetic scenario,Explicitly synthetic,Yes,SYN-FAM-033,1,ChatGPT,2026-09-30,Hypothetical; not derived from a specific baseline or source incident,,,,,,Proposed scenario label - human review required,Training-only candidate after label review,Exclude from primary evaluation; optional separate synthetic diagnostic only,Yes - before new evaluation,,,,,,,,,
SYN-0098,SYN-FAM-033,Unreconciled cash receipt,"The leaseholder has an official rent receipt, while the collection register and bank deposit records do not reconcile that payment.",English,"The leaseholder has an official rent receipt, while the collection register and bank deposit records do not reconcile that payment.",AI-authored English; no translation,AI-generated synthetic complaint scenario variant,No,,Lease Revenue / Payment / Enforcement,Hypothetical state/public-land lease complaint; in-scope by scenario construction,Training augmentation candidate only; human label review required,,,Synthetic - not a real incident,Authored hypothetical scenario; no external incident asserted,,Scenario-author-assigned label; not expert-confirmed gold,"Fictional conditions are scenario assumptions, not statements of Sri Lankan law. Three variants share one scenario family.",SYN-FAM-033,,complaint-development-v0.2-draft-530,New synthetic scenario,Explicitly synthetic,Yes,SYN-FAM-033,2,ChatGPT,2026-09-30,Hypothetical; not derived from a specific baseline or source incident,,,,,,Proposed scenario label - human review required,Training-only candidate after label review,Exclude from primary evaluation; optional separate synthetic diagnostic only,Yes - before new evaluation,,,,,,,,,
SYN-0099,SYN-FAM-033,Unreconciled cash receipt,An internal review cannot match the receipted government-land rent to any deposit or documented reconciliation adjustment.,English,An internal review cannot match the receipted government-land rent to any deposit or documented reconciliation adjustment.,AI-authored English; no translation,AI-generated synthetic complaint scenario variant,No,,Lease Revenue / Payment / Enforcement,Hypothetical state/public-land lease complaint; in-scope by scenario construction,Training augmentation candidate only; human label review required,,,Synthetic - not a real incident,Authored hypothetical scenario; no external incident asserted,,Scenario-author-assigned label; not expert-confirmed gold,"Fictional conditions are scenario assumptions, not statements of Sri Lankan law. Three variants share one scenario family.",SYN-FAM-033,,complaint-development-v0.2-draft-530,New synthetic scenario,Explicitly synthetic,Yes,SYN-FAM-033,3,ChatGPT,2026-09-30,Hypothetical; not derived from a specific baseline or source incident,,,,,,Proposed scenario label - human review required,Training-only candidate after label review,Exclude from primary evaluation; optional separate synthetic diagnostic only,Yes - before new evaluation,,,,,,,,,
SYN-0100,SYN-FAM-034,Arrears carried at outdated amount,The current lease statement repeats last year's arrears balance without adding the unpaid installment that became due this year.,English,The current lease statement repeats last year's arrears balance without adding the unpaid installment that became due this year.,AI-authored English; no translation,AI-generated synthetic complaint scenario variant,No,,Lease Revenue / Payment / Enforcement,Hypothetical state/public-land lease complaint; in-scope by scenario construction,Training augmentation candidate only; human label review required,,,Synthetic - not a real incident,Authored hypothetical scenario; no external incident asserted,,Scenario-author-assigned label; not expert-confirmed gold,"Fictional conditions are scenario assumptions, not statements of Sri Lankan law. Three variants share one scenario family.",SYN-FAM-034,,complaint-development-v0.2-draft-530,New synthetic scenario,Explicitly synthetic,Yes,SYN-FAM-034,1,ChatGPT,2026-09-30,Hypothetical; not derived from a specific baseline or source incident,,,,,,Proposed scenario label - human review required,Training-only candidate after label review,Exclude from primary evaluation; optional separate synthetic diagnostic only,Yes - before new evaluation,,,,,,,,,
SYN-0101,SYN-FAM-034,Arrears carried at outdated amount,"Another annual rent payment is overdue, but the government-land account still shows only the previous period's debt.",English,"Another annual rent payment is overdue, but the government-land account still shows only the previous period's debt.",AI-authored English; no translation,AI-generated synthetic complaint scenario variant,No,,Lease Revenue / Payment / Enforcement,Hypothetical state/public-land lease complaint; in-scope by scenario construction,Training augmentation candidate only; human label review required,,,Synthetic - not a real incident,Authored hypothetical scenario; no external incident asserted,,Scenario-author-assigned label; not expert-confirmed gold,"Fictional conditions are scenario assumptions, not statements of Sri Lankan law. Three variants share one scenario family.",SYN-FAM-034,,complaint-development-v0.2-draft-530,New synthetic scenario,Explicitly synthetic,Yes,SYN-FAM-034,2,ChatGPT,2026-09-30,Hypothetical; not derived from a specific baseline or source incident,,,,,,Proposed scenario label - human review required,Training-only candidate after label review,Exclude from primary evaluation; optional separate synthetic diagnostic only,Yes - before new evaluation,,,,,,,,,
SYN-0102,SYN-FAM-034,Arrears carried at outdated amount,The receivable balance for the leasehold excludes a newly unpaid installment identified in the payment schedule.,English,The receivable balance for the leasehold excludes a newly unpaid installment identified in the payment schedule.,AI-authored English; no translation,AI-generated synthetic complaint scenario variant,No,,Lease Revenue / Payment / Enforcement,Hypothetical state/public-land lease complaint; in-scope by scenario construction,Training augmentation candidate only; human label review required,,,Synthetic - not a real incident,Authored hypothetical scenario; no external incident asserted,,Scenario-author-assigned label; not expert-confirmed gold,"Fictional conditions are scenario assumptions, not statements of Sri Lankan law. Three variants share one scenario family.",SYN-FAM-034,,complaint-development-v0.2-draft-530,New synthetic scenario,Explicitly synthetic,Yes,SYN-FAM-034,3,ChatGPT,2026-09-30,Hypothetical; not derived from a specific baseline or source incident,,,,,,Proposed scenario label - human review required,Training-only candidate after label review,Exclude from primary evaluation; optional separate synthetic diagnostic only,Yes - before new evaluation,,,,,,,,,
SYN-0103,SYN-FAM-035,Deposit not recovered,"The state-land lease requires a refundable security deposit before occupation, but possession was given and the deposit remains unpaid.",English,"The state-land lease requires a refundable security deposit before occupation, but possession was given and the deposit remains unpaid.",AI-authored English; no translation,AI-generated synthetic complaint scenario variant,No,,Lease Revenue / Payment / Enforcement,Hypothetical state/public-land lease complaint; in-scope by scenario construction,Training augmentation candidate only; human label review required,,,Synthetic - not a real incident,Authored hypothetical scenario; no external incident asserted,,Scenario-author-assigned label; not expert-confirmed gold,"Fictional conditions are scenario assumptions, not statements of Sri Lankan law. Three variants share one scenario family.",SYN-FAM-035,,complaint-development-v0.2-draft-530,New synthetic scenario,Explicitly synthetic,Yes,SYN-FAM-035,1,ChatGPT,2026-09-30,Hypothetical; not derived from a specific baseline or source incident,,,,,,Proposed scenario label - human review required,Training-only candidate after label review,Exclude from primary evaluation; optional separate synthetic diagnostic only,Yes - before new evaluation,,,,,,,,,
SYN-0104,SYN-FAM-035,Deposit not recovered,The company occupies the government parcel without having paid the security deposit specified in its lease agreement.,English,The company occupies the government parcel without having paid the security deposit specified in its lease agreement.,AI-authored English; no translation,AI-generated synthetic complaint scenario variant,No,,Lease Revenue / Payment / Enforcement,Hypothetical state/public-land lease complaint; in-scope by scenario construction,Training augmentation candidate only; human label review required,,,Synthetic - not a real incident,Authored hypothetical scenario; no external incident asserted,,Scenario-author-assigned label; not expert-confirmed gold,"Fictional conditions are scenario assumptions, not statements of Sri Lankan law. Three variants share one scenario family.",SYN-FAM-035,,complaint-development-v0.2-draft-530,New synthetic scenario,Explicitly synthetic,Yes,SYN-FAM-035,2,ChatGPT,2026-09-30,Hypothetical; not derived from a specific baseline or source incident,,,,,,Proposed scenario label - human review required,Training-only candidate after label review,Exclude from primary evaluation; optional separate synthetic diagnostic only,Yes - before new evaluation,,,,,,,,,
SYN-0105,SYN-FAM-035,Deposit not recovered,A file check found no receipt for the required lease security deposit despite the recorded handover of possession.,English,A file check found no receipt for the required lease security deposit despite the recorded handover of possession.,AI-authored English; no translation,AI-generated synthetic complaint scenario variant,No,,Lease Revenue / Payment / Enforcement,Hypothetical state/public-land lease complaint; in-scope by scenario construction,Training augmentation candidate only; human label review required,,,Synthetic - not a real incident,Authored hypothetical scenario; no external incident asserted,,Scenario-author-assigned label; not expert-confirmed gold,"Fictional conditions are scenario assumptions, not statements of Sri Lankan law. Three variants share one scenario family.",SYN-FAM-035,,complaint-development-v0.2-draft-530,New synthetic scenario,Explicitly synthetic,Yes,SYN-FAM-035,3,ChatGPT,2026-09-30,Hypothetical; not derived from a specific baseline or source incident,,,,,,Proposed scenario label - human review required,Training-only candidate after label review,Exclude from primary evaluation; optional separate synthetic diagnostic only,Yes - before new evaluation,,,,,,,,,
SYN-0106,SYN-FAM-036,Rent charged for wrong area,"The signed lease covers a larger area than the area used on rent invoices, and no approved reduction in the leased extent is recorded.",English,"The signed lease covers a larger area than the area used on rent invoices, and no approved reduction in the leased extent is recorded.",AI-authored English; no translation,AI-generated synthetic complaint scenario variant,No,,Lease Revenue / Payment / Enforcement,Hypothetical state/public-land lease complaint; in-scope by scenario construction,Training augmentation candidate only; human label review required,,,Synthetic - not a real incident,Authored hypothetical scenario; no external incident asserted,,Scenario-author-assigned label; not expert-confirmed gold,"Fictional conditions are scenario assumptions, not statements of Sri Lankan law. Three variants share one scenario family.",SYN-FAM-036,,complaint-development-v0.2-draft-530,New synthetic scenario,Explicitly synthetic,Yes,SYN-FAM-036,1,ChatGPT,2026-09-30,Hypothetical; not derived from a specific baseline or source incident,,,,,,Proposed scenario label - human review required,Training-only candidate after label review,Exclude from primary evaluation; optional separate synthetic diagnostic only,Yes - before new evaluation,,,,,,,,,
SYN-0107,SYN-FAM-036,Rent charged for wrong area,Invoices calculate government-land rent for only part of the parcel described in the executed lease.,English,Invoices calculate government-land rent for only part of the parcel described in the executed lease.,AI-authored English; no translation,AI-generated synthetic complaint scenario variant,No,,Lease Revenue / Payment / Enforcement,Hypothetical state/public-land lease complaint; in-scope by scenario construction,Training augmentation candidate only; human label review required,,,Synthetic - not a real incident,Authored hypothetical scenario; no external incident asserted,,Scenario-author-assigned label; not expert-confirmed gold,"Fictional conditions are scenario assumptions, not statements of Sri Lankan law. Three variants share one scenario family.",SYN-FAM-036,,complaint-development-v0.2-draft-530,New synthetic scenario,Explicitly synthetic,Yes,SYN-FAM-036,2,ChatGPT,2026-09-30,Hypothetical; not derived from a specific baseline or source incident,,,,,,Proposed scenario label - human review required,Training-only candidate after label review,Exclude from primary evaluation; optional separate synthetic diagnostic only,Yes - before new evaluation,,,,,,,,,
SYN-0108,SYN-FAM-036,Rent charged for wrong area,A survey comparison shows the lease account has been billed using a smaller extent than the signed agreement provides.,English,A survey comparison shows the lease account has been billed using a smaller extent than the signed agreement provides.,AI-authored English; no translation,AI-generated synthetic complaint scenario variant,No,,Lease Revenue / Payment / Enforcement,Hypothetical state/public-land lease complaint; in-scope by scenario construction,Training augmentation candidate only; human label review required,,,Synthetic - not a real incident,Authored hypothetical scenario; no external incident asserted,,Scenario-author-assigned label; not expert-confirmed gold,"Fictional conditions are scenario assumptions, not statements of Sri Lankan law. Three variants share one scenario family.",SYN-FAM-036,,complaint-development-v0.2-draft-530,New synthetic scenario,Explicitly synthetic,Yes,SYN-FAM-036,3,ChatGPT,2026-09-30,Hypothetical; not derived from a specific baseline or source incident,,,,,,Proposed scenario label - human review required,Training-only candidate after label review,Exclude from primary evaluation; optional separate synthetic diagnostic only,Yes - before new evaluation,,,,,,,,,
SYN-0109,SYN-FAM-037,Installment concession exceeded,"The approved repayment plan allowed six installments, but collection stopped after two payments without any revised concession being recorded.",English,"The approved repayment plan allowed six installments, but collection stopped after two payments without any revised concession being recorded.",AI-authored English; no translation,AI-generated synthetic complaint scenario variant,No,,Lease Revenue / Payment / Enforcement,Hypothetical state/public-land lease complaint; in-scope by scenario construction,Training augmentation candidate only; human label review required,,,Synthetic - not a real incident,Authored hypothetical scenario; no external incident asserted,,Scenario-author-assigned label; not expert-confirmed gold,"Fictional conditions are scenario assumptions, not statements of Sri Lankan law. Three variants share one scenario family.",SYN-FAM-037,,complaint-development-v0.2-draft-530,New synthetic scenario,Explicitly synthetic,Yes,SYN-FAM-037,1,ChatGPT,2026-09-30,Hypothetical; not derived from a specific baseline or source incident,,,,,,Proposed scenario label - human review required,Training-only candidate after label review,Exclude from primary evaluation; optional separate synthetic diagnostic only,Yes - before new evaluation,,,,,,,,,
SYN-0110,SYN-FAM-037,Installment concession exceeded,"A state-land lessee stopped following the agreed arrears repayment schedule, and the office has not pursued the remaining installments.",English,"A state-land lessee stopped following the agreed arrears repayment schedule, and the office has not pursued the remaining installments.",AI-authored English; no translation,AI-generated synthetic complaint scenario variant,No,,Lease Revenue / Payment / Enforcement,Hypothetical state/public-land lease complaint; in-scope by scenario construction,Training augmentation candidate only; human label review required,,,Synthetic - not a real incident,Authored hypothetical scenario; no external incident asserted,,Scenario-author-assigned label; not expert-confirmed gold,"Fictional conditions are scenario assumptions, not statements of Sri Lankan law. Three variants share one scenario family.",SYN-FAM-037,,complaint-development-v0.2-draft-530,New synthetic scenario,Explicitly synthetic,Yes,SYN-FAM-037,2,ChatGPT,2026-09-30,Hypothetical; not derived from a specific baseline or source incident,,,,,,Proposed scenario label - human review required,Training-only candidate after label review,Exclude from primary evaluation; optional separate synthetic diagnostic only,Yes - before new evaluation,,,,,,,,,
SYN-0111,SYN-FAM-037,Installment concession exceeded,The rent recovery file contains two payments against a six-payment settlement plan and no action on the unpaid balance.,English,The rent recovery file contains two payments against a six-payment settlement plan and no action on the unpaid balance.,AI-authored English; no translation,AI-generated synthetic complaint scenario variant,No,,Lease Revenue / Payment / Enforcement,Hypothetical state/public-land lease complaint; in-scope by scenario construction,Training augmentation candidate only; human label review required,,,Synthetic - not a real incident,Authored hypothetical scenario; no external incident asserted,,Scenario-author-assigned label; not expert-confirmed gold,"Fictional conditions are scenario assumptions, not statements of Sri Lankan law. Three variants share one scenario family.",SYN-FAM-037,,complaint-development-v0.2-draft-530,New synthetic scenario,Explicitly synthetic,Yes,SYN-FAM-037,3,ChatGPT,2026-09-30,Hypothetical; not derived from a specific baseline or source incident,,,,,,Proposed scenario label - human review required,Training-only candidate after label review,Exclude from primary evaluation; optional separate synthetic diagnostic only,Yes - before new evaluation,,,,,,,,,
SYN-0112,SYN-FAM-038,Recovery order not acted on,"The file records an order to recover outstanding lease rent, but the collection office has taken no documented steps to obtain payment.",English,"The file records an order to recover outstanding lease rent, but the collection office has taken no documented steps to obtain payment.",AI-authored English; no translation,AI-generated synthetic complaint scenario variant,No,,Lease Revenue / Payment / Enforcement,Hypothetical state/public-land lease complaint; in-scope by scenario construction,Training augmentation candidate only; human label review required,,,Synthetic - not a real incident,Authored hypothetical scenario; no external incident asserted,,Scenario-author-assigned label; not expert-confirmed gold,"Fictional conditions are scenario assumptions, not statements of Sri Lankan law. Three variants share one scenario family.",SYN-FAM-038,,complaint-development-v0.2-draft-530,New synthetic scenario,Explicitly synthetic,Yes,SYN-FAM-038,1,ChatGPT,2026-09-30,Hypothetical; not derived from a specific baseline or source incident,,,,,,Proposed scenario label - human review required,Training-only candidate after label review,Exclude from primary evaluation; optional separate synthetic diagnostic only,Yes - before new evaluation,,,,,,,,,
SYN-0113,SYN-FAM-038,Recovery order not acted on,An outstanding state-land rent amount remains unpaid despite a recorded recovery direction that has not been implemented.,English,An outstanding state-land rent amount remains unpaid despite a recorded recovery direction that has not been implemented.,AI-authored English; no translation,AI-generated synthetic complaint scenario variant,No,,Lease Revenue / Payment / Enforcement,Hypothetical state/public-land lease complaint; in-scope by scenario construction,Training augmentation candidate only; human label review required,,,Synthetic - not a real incident,Authored hypothetical scenario; no external incident asserted,,Scenario-author-assigned label; not expert-confirmed gold,"Fictional conditions are scenario assumptions, not statements of Sri Lankan law. Three variants share one scenario family.",SYN-FAM-038,,complaint-development-v0.2-draft-530,New synthetic scenario,Explicitly synthetic,Yes,SYN-FAM-038,2,ChatGPT,2026-09-30,Hypothetical; not derived from a specific baseline or source incident,,,,,,Proposed scenario label - human review required,Training-only candidate after label review,Exclude from primary evaluation; optional separate synthetic diagnostic only,Yes - before new evaluation,,,,,,,,,
SYN-0114,SYN-FAM-038,Recovery order not acted on,"The lease arrears case reached a recovery decision, yet no follow-up collection activity appears in the subsequent records.",English,"The lease arrears case reached a recovery decision, yet no follow-up collection activity appears in the subsequent records.",AI-authored English; no translation,AI-generated synthetic complaint scenario variant,No,,Lease Revenue / Payment / Enforcement,Hypothetical state/public-land lease complaint; in-scope by scenario construction,Training augmentation candidate only; human label review required,,,Synthetic - not a real incident,Authored hypothetical scenario; no external incident asserted,,Scenario-author-assigned label; not expert-confirmed gold,"Fictional conditions are scenario assumptions, not statements of Sri Lankan law. Three variants share one scenario family.",SYN-FAM-038,,complaint-development-v0.2-draft-530,New synthetic scenario,Explicitly synthetic,Yes,SYN-FAM-038,3,ChatGPT,2026-09-30,Hypothetical; not derived from a specific baseline or source incident,,,,,,Proposed scenario label - human review required,Training-only candidate after label review,Exclude from primary evaluation; optional separate synthetic diagnostic only,Yes - before new evaluation,,,,,,,,,
SYN-0115,SYN-FAM-039,Rent omitted during renewal delay,The office is processing renewal of the state lease but has left the occupied months between terms out of its rent calculation.,English,The office is processing renewal of the state lease but has left the occupied months between terms out of its rent calculation.,AI-authored English; no translation,AI-generated synthetic complaint scenario variant,No,,Lease Revenue / Payment / Enforcement,Hypothetical state/public-land lease complaint; in-scope by scenario construction,Training augmentation candidate only; human label review required,,,Synthetic - not a real incident,Authored hypothetical scenario; no external incident asserted,,Scenario-author-assigned label; not expert-confirmed gold,"Fictional conditions are scenario assumptions, not statements of Sri Lankan law. Three variants share one scenario family.",SYN-FAM-039,,complaint-development-v0.2-draft-530,New synthetic scenario,Explicitly synthetic,Yes,SYN-FAM-039,1,ChatGPT,2026-09-30,Hypothetical; not derived from a specific baseline or source incident,,,,,,Proposed scenario label - human review required,Training-only candidate after label review,Exclude from primary evaluation; optional separate synthetic diagnostic only,Yes - before new evaluation,,,,,,,,,
SYN-0116,SYN-FAM-039,Rent omitted during renewal delay,A renewal statement starts charging from the new signature date and ignores the lessee's uninterrupted occupation during the preceding gap.,English,A renewal statement starts charging from the new signature date and ignores the lessee's uninterrupted occupation during the preceding gap.,AI-authored English; no translation,AI-generated synthetic complaint scenario variant,No,,Lease Revenue / Payment / Enforcement,Hypothetical state/public-land lease complaint; in-scope by scenario construction,Training augmentation candidate only; human label review required,,,Synthetic - not a real incident,Authored hypothetical scenario; no external incident asserted,,Scenario-author-assigned label; not expert-confirmed gold,"Fictional conditions are scenario assumptions, not statements of Sri Lankan law. Three variants share one scenario family.",SYN-FAM-039,,complaint-development-v0.2-draft-530,New synthetic scenario,Explicitly synthetic,Yes,SYN-FAM-039,2,ChatGPT,2026-09-30,Hypothetical; not derived from a specific baseline or source incident,,,,,,Proposed scenario label - human review required,Training-only candidate after label review,Exclude from primary evaluation; optional separate synthetic diagnostic only,Yes - before new evaluation,,,,,,,,,
SYN-0117,SYN-FAM-039,Rent omitted during renewal delay,"The company remained on the government land throughout renewal processing, but the interim period has not been included in billing.",English,"The company remained on the government land throughout renewal processing, but the interim period has not been included in billing.",AI-authored English; no translation,AI-generated synthetic complaint scenario variant,No,,Lease Revenue / Payment / Enforcement,Hypothetical state/public-land lease complaint; in-scope by scenario construction,Training augmentation candidate only; human label review required,,,Synthetic - not a real incident,Authored hypothetical scenario; no external incident asserted,,Scenario-author-assigned label; not expert-confirmed gold,"Fictional conditions are scenario assumptions, not statements of Sri Lankan law. Three variants share one scenario family.",SYN-FAM-039,,complaint-development-v0.2-draft-530,New synthetic scenario,Explicitly synthetic,Yes,SYN-FAM-039,3,ChatGPT,2026-09-30,Hypothetical; not derived from a specific baseline or source incident,,,,,,Proposed scenario label - human review required,Training-only candidate after label review,Exclude from primary evaluation; optional separate synthetic diagnostic only,Yes - before new evaluation,,,,,,,,,
SYN-0118,SYN-FAM-040,Revised rent challenged but unpaid,"The lessee disputes a revised rent assessment and has stopped all payments, although the file contains no approved suspension of the payment obligation.",English,"The lessee disputes a revised rent assessment and has stopped all payments, although the file contains no approved suspension of the payment obligation.",AI-authored English; no translation,AI-generated synthetic complaint scenario variant,No,,Lease Revenue / Payment / Enforcement,Hypothetical state/public-land lease complaint; in-scope by scenario construction,Training augmentation candidate only; human label review required,,,Synthetic - not a real incident,Authored hypothetical scenario; no external incident asserted,,Scenario-author-assigned label; not expert-confirmed gold,"Fictional conditions are scenario assumptions, not statements of Sri Lankan law. Three variants share one scenario family.",SYN-FAM-040,,complaint-development-v0.2-draft-530,New synthetic scenario,Explicitly synthetic,Yes,SYN-FAM-040,1,ChatGPT,2026-09-30,Hypothetical; not derived from a specific baseline or source incident,,,,,,Proposed scenario label - human review required,Training-only candidate after label review,Exclude from primary evaluation; optional separate synthetic diagnostic only,Yes - before new evaluation,,,,,,,,,
SYN-0119,SYN-FAM-040,Revised rent challenged but unpaid,"An appeal against the state-land valuation is pending, and the leaseholder has withheld rent without any recorded temporary payment arrangement.",English,"An appeal against the state-land valuation is pending, and the leaseholder has withheld rent without any recorded temporary payment arrangement.",AI-authored English; no translation,AI-generated synthetic complaint scenario variant,No,,Lease Revenue / Payment / Enforcement,Hypothetical state/public-land lease complaint; in-scope by scenario construction,Training augmentation candidate only; human label review required,,,Synthetic - not a real incident,Authored hypothetical scenario; no external incident asserted,,Scenario-author-assigned label; not expert-confirmed gold,"Fictional conditions are scenario assumptions, not statements of Sri Lankan law. Three variants share one scenario family.",SYN-FAM-040,,complaint-development-v0.2-draft-530,New synthetic scenario,Explicitly synthetic,Yes,SYN-FAM-040,2,ChatGPT,2026-09-30,Hypothetical; not derived from a specific baseline or source incident,,,,,,Proposed scenario label - human review required,Training-only candidate after label review,Exclude from primary evaluation; optional separate synthetic diagnostic only,Yes - before new evaluation,,,,,,,,,
SYN-0120,SYN-FAM-040,Revised rent challenged but unpaid,The lease account shows no payments during a valuation dispute and no documented decision allowing payment to be suspended.,English,The lease account shows no payments during a valuation dispute and no documented decision allowing payment to be suspended.,AI-authored English; no translation,AI-generated synthetic complaint scenario variant,No,,Lease Revenue / Payment / Enforcement,Hypothetical state/public-land lease complaint; in-scope by scenario construction,Training augmentation candidate only; human label review required,,,Synthetic - not a real incident,Authored hypothetical scenario; no external incident asserted,,Scenario-author-assigned label; not expert-confirmed gold,"Fictional conditions are scenario assumptions, not statements of Sri Lankan law. Three variants share one scenario family.",SYN-FAM-040,,complaint-development-v0.2-draft-530,New synthetic scenario,Explicitly synthetic,Yes,SYN-FAM-040,3,ChatGPT,2026-09-30,Hypothetical; not derived from a specific baseline or source incident,,,,,,Proposed scenario label - human review required,Training-only candidate after label review,Exclude from primary evaluation; optional separate synthetic diagnostic only,Yes - before new evaluation,,,,,,,,,
SYN-0121,SYN-FAM-041,Returned payment not reinstated,"A rent payment was reversed by the bank, but the government-land lease account still treats the returned amount as received.",English,"A rent payment was reversed by the bank, but the government-land lease account still treats the returned amount as received.",AI-authored English; no translation,AI-generated synthetic complaint scenario variant,No,,Lease Revenue / Payment / Enforcement,Hypothetical state/public-land lease complaint; in-scope by scenario construction,Training augmentation candidate only; human label review required,,,Synthetic - not a real incident,Authored hypothetical scenario; no external incident asserted,,Scenario-author-assigned label; not expert-confirmed gold,"Fictional conditions are scenario assumptions, not statements of Sri Lankan law. Three variants share one scenario family.",SYN-FAM-041,,complaint-development-v0.2-draft-530,New synthetic scenario,Explicitly synthetic,Yes,SYN-FAM-041,1,ChatGPT,2026-09-30,Hypothetical; not derived from a specific baseline or source incident,,,,,,Proposed scenario label - human review required,Training-only candidate after label review,Exclude from primary evaluation; optional separate synthetic diagnostic only,Yes - before new evaluation,,,,,,,,,
SYN-0122,SYN-FAM-041,Returned payment not reinstated,The bank returned the lessee's payment while the office left the corresponding rent installment marked paid.,English,The bank returned the lessee's payment while the office left the corresponding rent installment marked paid.,AI-authored English; no translation,AI-generated synthetic complaint scenario variant,No,,Lease Revenue / Payment / Enforcement,Hypothetical state/public-land lease complaint; in-scope by scenario construction,Training augmentation candidate only; human label review required,,,Synthetic - not a real incident,Authored hypothetical scenario; no external incident asserted,,Scenario-author-assigned label; not expert-confirmed gold,"Fictional conditions are scenario assumptions, not statements of Sri Lankan law. Three variants share one scenario family.",SYN-FAM-041,,complaint-development-v0.2-draft-530,New synthetic scenario,Explicitly synthetic,Yes,SYN-FAM-041,2,ChatGPT,2026-09-30,Hypothetical; not derived from a specific baseline or source incident,,,,,,Proposed scenario label - human review required,Training-only candidate after label review,Exclude from primary evaluation; optional separate synthetic diagnostic only,Yes - before new evaluation,,,,,,,,,
SYN-0123,SYN-FAM-041,Returned payment not reinstated,A reconciler found that an unsuccessful lease-rent transfer had not been restored to the outstanding balance.,English,A reconciler found that an unsuccessful lease-rent transfer had not been restored to the outstanding balance.,AI-authored English; no translation,AI-generated synthetic complaint scenario variant,No,,Lease Revenue / Payment / Enforcement,Hypothetical state/public-land lease complaint; in-scope by scenario construction,Training augmentation candidate only; human label review required,,,Synthetic - not a real incident,Authored hypothetical scenario; no external incident asserted,,Scenario-author-assigned label; not expert-confirmed gold,"Fictional conditions are scenario assumptions, not statements of Sri Lankan law. Three variants share one scenario family.",SYN-FAM-041,,complaint-development-v0.2-draft-530,New synthetic scenario,Explicitly synthetic,Yes,SYN-FAM-041,3,ChatGPT,2026-09-30,Hypothetical; not derived from a specific baseline or source incident,,,,,,Proposed scenario label - human review required,Training-only candidate after label review,Exclude from primary evaluation; optional separate synthetic diagnostic only,Yes - before new evaluation,,,,,,,,,
SYN-0124,SYN-FAM-042,Approved reduction not reflected,"A documented rent reduction applies to my government-land lease, but the office keeps issuing arrears notices using the unreduced amount.",English,"A documented rent reduction applies to my government-land lease, but the office keeps issuing arrears notices using the unreduced amount.",AI-authored English; no translation,AI-generated synthetic complaint scenario variant,No,,Lease Revenue / Payment / Enforcement,Hypothetical state/public-land lease complaint; in-scope by scenario construction,Training augmentation candidate only; human label review required,,,Synthetic - not a real incident,Authored hypothetical scenario; no external incident asserted,,Scenario-author-assigned label; not expert-confirmed gold,"Fictional conditions are scenario assumptions, not statements of Sri Lankan law. Three variants share one scenario family.",SYN-FAM-042,,complaint-development-v0.2-draft-530,New synthetic scenario,Explicitly synthetic,Yes,SYN-FAM-042,1,ChatGPT,2026-09-30,Hypothetical; not derived from a specific baseline or source incident,,,,,,Proposed scenario label - human review required,Training-only candidate after label review,Exclude from primary evaluation; optional separate synthetic diagnostic only,Yes - before new evaluation,,,,,,,,,
SYN-0125,SYN-FAM-042,Approved reduction not reflected,"The leaseholder's approved concession is missing from the billing system, causing the account to show an overstated debt.",English,"The leaseholder's approved concession is missing from the billing system, causing the account to show an overstated debt.",AI-authored English; no translation,AI-generated synthetic complaint scenario variant,No,,Lease Revenue / Payment / Enforcement,Hypothetical state/public-land lease complaint; in-scope by scenario construction,Training augmentation candidate only; human label review required,,,Synthetic - not a real incident,Authored hypothetical scenario; no external incident asserted,,Scenario-author-assigned label; not expert-confirmed gold,"Fictional conditions are scenario assumptions, not statements of Sri Lankan law. Three variants share one scenario family.",SYN-FAM-042,,complaint-development-v0.2-draft-530,New synthetic scenario,Explicitly synthetic,Yes,SYN-FAM-042,2,ChatGPT,2026-09-30,Hypothetical; not derived from a specific baseline or source incident,,,,,,Proposed scenario label - human review required,Training-only candidate after label review,Exclude from primary evaluation; optional separate synthetic diagnostic only,Yes - before new evaluation,,,,,,,,,
SYN-0126,SYN-FAM-042,Approved reduction not reflected,The rent statement conflicts with the signed reduction decision and continues demanding the earlier higher charge.,English,The rent statement conflicts with the signed reduction decision and continues demanding the earlier higher charge.,AI-authored English; no translation,AI-generated synthetic complaint scenario variant,No,,Lease Revenue / Payment / Enforcement,Hypothetical state/public-land lease complaint; in-scope by scenario construction,Training augmentation candidate only; human label review required,,,Synthetic - not a real incident,Authored hypothetical scenario; no external incident asserted,,Scenario-author-assigned label; not expert-confirmed gold,"Fictional conditions are scenario assumptions, not statements of Sri Lankan law. Three variants share one scenario family.",SYN-FAM-042,,complaint-development-v0.2-draft-530,New synthetic scenario,Explicitly synthetic,Yes,SYN-FAM-042,3,ChatGPT,2026-09-30,Hypothetical; not derived from a specific baseline or source incident,,,,,,Proposed scenario label - human review required,Training-only candidate after label review,Exclude from primary evaluation; optional separate synthetic diagnostic only,Yes - before new evaluation,,,,,,,,,
SYN-0127,SYN-FAM-043,Unapproved debt write-off,A lease arrears balance disappeared from the government account without a payment receipt or a recorded decision authorizing its write-off.,English,A lease arrears balance disappeared from the government account without a payment receipt or a recorded decision authorizing its write-off.,AI-authored English; no translation,AI-generated synthetic complaint scenario variant,No,,Lease Revenue / Payment / Enforcement,Hypothetical state/public-land lease complaint; in-scope by scenario construction,Training augmentation candidate only; human label review required,,,Synthetic - not a real incident,Authored hypothetical scenario; no external incident asserted,,Scenario-author-assigned label; not expert-confirmed gold,"Fictional conditions are scenario assumptions, not statements of Sri Lankan law. Three variants share one scenario family.",SYN-FAM-043,,complaint-development-v0.2-draft-530,New synthetic scenario,Explicitly synthetic,Yes,SYN-FAM-043,1,ChatGPT,2026-09-30,Hypothetical; not derived from a specific baseline or source incident,,,,,,Proposed scenario label - human review required,Training-only candidate after label review,Exclude from primary evaluation; optional separate synthetic diagnostic only,Yes - before new evaluation,,,,,,,,,
SYN-0128,SYN-FAM-043,Unapproved debt write-off,"The office removed overdue state-land rent from the ledger, but the supporting collection or waiver documents cannot be found.",English,"The office removed overdue state-land rent from the ledger, but the supporting collection or waiver documents cannot be found.",AI-authored English; no translation,AI-generated synthetic complaint scenario variant,No,,Lease Revenue / Payment / Enforcement,Hypothetical state/public-land lease complaint; in-scope by scenario construction,Training augmentation candidate only; human label review required,,,Synthetic - not a real incident,Authored hypothetical scenario; no external incident asserted,,Scenario-author-assigned label; not expert-confirmed gold,"Fictional conditions are scenario assumptions, not statements of Sri Lankan law. Three variants share one scenario family.",SYN-FAM-043,,complaint-development-v0.2-draft-530,New synthetic scenario,Explicitly synthetic,Yes,SYN-FAM-043,2,ChatGPT,2026-09-30,Hypothetical; not derived from a specific baseline or source incident,,,,,,Proposed scenario label - human review required,Training-only candidate after label review,Exclude from primary evaluation; optional separate synthetic diagnostic only,Yes - before new evaluation,,,,,,,,,
SYN-0129,SYN-FAM-043,Unapproved debt write-off,An account review found lease debt cleared without evidence of payment or an authorized adjustment.,English,An account review found lease debt cleared without evidence of payment or an authorized adjustment.,AI-authored English; no translation,AI-generated synthetic complaint scenario variant,No,,Lease Revenue / Payment / Enforcement,Hypothetical state/public-land lease complaint; in-scope by scenario construction,Training augmentation candidate only; human label review required,,,Synthetic - not a real incident,Authored hypothetical scenario; no external incident asserted,,Scenario-author-assigned label; not expert-confirmed gold,"Fictional conditions are scenario assumptions, not statements of Sri Lankan law. Three variants share one scenario family.",SYN-FAM-043,,complaint-development-v0.2-draft-530,New synthetic scenario,Explicitly synthetic,Yes,SYN-FAM-043,3,ChatGPT,2026-09-30,Hypothetical; not derived from a specific baseline or source incident,,,,,,Proposed scenario label - human review required,Training-only candidate after label review,Exclude from primary evaluation; optional separate synthetic diagnostic only,Yes - before new evaluation,,,,,,,,,
SYN-0130,SYN-FAM-044,Sublease fee not billed,The approved sublease permits third-party occupation but requires an additional payment that has never been included in the government lease account.,English,The approved sublease permits third-party occupation but requires an additional payment that has never been included in the government lease account.,AI-authored English; no translation,AI-generated synthetic complaint scenario variant,No,,Lease Revenue / Payment / Enforcement,Hypothetical state/public-land lease complaint; in-scope by scenario construction,Training augmentation candidate only; human label review required,,,Synthetic - not a real incident,Authored hypothetical scenario; no external incident asserted,,Scenario-author-assigned label; not expert-confirmed gold,"Fictional conditions are scenario assumptions, not statements of Sri Lankan law. Three variants share one scenario family.",SYN-FAM-044,,complaint-development-v0.2-draft-530,New synthetic scenario,Explicitly synthetic,Yes,SYN-FAM-044,1,ChatGPT,2026-09-30,Hypothetical; not derived from a specific baseline or source incident,,,,,,Proposed scenario label - human review required,Training-only candidate after label review,Exclude from primary evaluation; optional separate synthetic diagnostic only,Yes - before new evaluation,,,,,,,,,
SYN-0131,SYN-FAM-044,Sublease fee not billed,"A consented sublease is operating on the parcel, while the extra charge specified in the approval remains unbilled.",English,"A consented sublease is operating on the parcel, while the extra charge specified in the approval remains unbilled.",AI-authored English; no translation,AI-generated synthetic complaint scenario variant,No,,Lease Revenue / Payment / Enforcement,Hypothetical state/public-land lease complaint; in-scope by scenario construction,Training augmentation candidate only; human label review required,,,Synthetic - not a real incident,Authored hypothetical scenario; no external incident asserted,,Scenario-author-assigned label; not expert-confirmed gold,"Fictional conditions are scenario assumptions, not statements of Sri Lankan law. Three variants share one scenario family.",SYN-FAM-044,,complaint-development-v0.2-draft-530,New synthetic scenario,Explicitly synthetic,Yes,SYN-FAM-044,2,ChatGPT,2026-09-30,Hypothetical; not derived from a specific baseline or source incident,,,,,,Proposed scenario label - human review required,Training-only candidate after label review,Exclude from primary evaluation; optional separate synthetic diagnostic only,Yes - before new evaluation,,,,,,,,,
SYN-0132,SYN-FAM-044,Sublease fee not billed,"The file authorizes the sublease subject to an additional fee, but collection records show only the original annual rent.",English,"The file authorizes the sublease subject to an additional fee, but collection records show only the original annual rent.",AI-authored English; no translation,AI-generated synthetic complaint scenario variant,No,,Lease Revenue / Payment / Enforcement,Hypothetical state/public-land lease complaint; in-scope by scenario construction,Training augmentation candidate only; human label review required,,,Synthetic - not a real incident,Authored hypothetical scenario; no external incident asserted,,Scenario-author-assigned label; not expert-confirmed gold,"Fictional conditions are scenario assumptions, not statements of Sri Lankan law. Three variants share one scenario family.",SYN-FAM-044,,complaint-development-v0.2-draft-530,New synthetic scenario,Explicitly synthetic,Yes,SYN-FAM-044,3,ChatGPT,2026-09-30,Hypothetical; not derived from a specific baseline or source incident,,,,,,Proposed scenario label - human review required,Training-only candidate after label review,Exclude from primary evaluation; optional separate synthetic diagnostic only,Yes - before new evaluation,,,,,,,,,
SYN-0133,SYN-FAM-045,Incorrect payment period allocation,My rent payment was assigned to a future period while the installment it was intended to settle still attracts arrears notices.,English,My rent payment was assigned to a future period while the installment it was intended to settle still attracts arrears notices.,AI-authored English; no translation,AI-generated synthetic complaint scenario variant,No,,Lease Revenue / Payment / Enforcement,Hypothetical state/public-land lease complaint; in-scope by scenario construction,Training augmentation candidate only; human label review required,,,Synthetic - not a real incident,Authored hypothetical scenario; no external incident asserted,,Scenario-author-assigned label; not expert-confirmed gold,"Fictional conditions are scenario assumptions, not statements of Sri Lankan law. Three variants share one scenario family.",SYN-FAM-045,,complaint-development-v0.2-draft-530,New synthetic scenario,Explicitly synthetic,Yes,SYN-FAM-045,1,ChatGPT,2026-09-30,Hypothetical; not derived from a specific baseline or source incident,,,,,,Proposed scenario label - human review required,Training-only candidate after label review,Exclude from primary evaluation; optional separate synthetic diagnostic only,Yes - before new evaluation,,,,,,,,,
SYN-0134,SYN-FAM-045,Incorrect payment period allocation,"The lease office applied a clearly referenced payment to the wrong year, leaving the correct year's government-land rent outstanding.",English,"The lease office applied a clearly referenced payment to the wrong year, leaving the correct year's government-land rent outstanding.",AI-authored English; no translation,AI-generated synthetic complaint scenario variant,No,,Lease Revenue / Payment / Enforcement,Hypothetical state/public-land lease complaint; in-scope by scenario construction,Training augmentation candidate only; human label review required,,,Synthetic - not a real incident,Authored hypothetical scenario; no external incident asserted,,Scenario-author-assigned label; not expert-confirmed gold,"Fictional conditions are scenario assumptions, not statements of Sri Lankan law. Three variants share one scenario family.",SYN-FAM-045,,complaint-development-v0.2-draft-530,New synthetic scenario,Explicitly synthetic,Yes,SYN-FAM-045,2,ChatGPT,2026-09-30,Hypothetical; not derived from a specific baseline or source incident,,,,,,Proposed scenario label - human review required,Training-only candidate after label review,Exclude from primary evaluation; optional separate synthetic diagnostic only,Yes - before new evaluation,,,,,,,,,
SYN-0135,SYN-FAM-045,Incorrect payment period allocation,A payment covering the overdue lease year was posted to next year's account rather than clearing the named installment.,English,A payment covering the overdue lease year was posted to next year's account rather than clearing the named installment.,AI-authored English; no translation,AI-generated synthetic complaint scenario variant,No,,Lease Revenue / Payment / Enforcement,Hypothetical state/public-land lease complaint; in-scope by scenario construction,Training augmentation candidate only; human label review required,,,Synthetic - not a real incident,Authored hypothetical scenario; no external incident asserted,,Scenario-author-assigned label; not expert-confirmed gold,"Fictional conditions are scenario assumptions, not statements of Sri Lankan law. Three variants share one scenario family.",SYN-FAM-045,,complaint-development-v0.2-draft-530,New synthetic scenario,Explicitly synthetic,Yes,SYN-FAM-045,3,ChatGPT,2026-09-30,Hypothetical; not derived from a specific baseline or source incident,,,,,,Proposed scenario label - human review required,Training-only candidate after label review,Exclude from primary evaluation; optional separate synthetic diagnostic only,Yes - before new evaluation,,,,,,,,,
SYN-0136,SYN-FAM-046,Unreturned excess payment,"The lease account confirms an overpayment of rent, but the office has neither refunded it nor credited the next installment.",English,"The lease account confirms an overpayment of rent, but the office has neither refunded it nor credited the next installment.",AI-authored English; no translation,AI-generated synthetic complaint scenario variant,No,,Lease Revenue / Payment / Enforcement,Hypothetical state/public-land lease complaint; in-scope by scenario construction,Training augmentation candidate only; human label review required,,,Synthetic - not a real incident,Authored hypothetical scenario; no external incident asserted,,Scenario-author-assigned label; not expert-confirmed gold,"Fictional conditions are scenario assumptions, not statements of Sri Lankan law. Three variants share one scenario family.",SYN-FAM-046,,complaint-development-v0.2-draft-530,New synthetic scenario,Explicitly synthetic,Yes,SYN-FAM-046,1,ChatGPT,2026-09-30,Hypothetical; not derived from a specific baseline or source incident,,,,,,Proposed scenario label - human review required,Training-only candidate after label review,Exclude from primary evaluation; optional separate synthetic diagnostic only,Yes - before new evaluation,,,,,,,,,
SYN-0137,SYN-FAM-046,Unreturned excess payment,An acknowledged surplus remains in the government-land rent account while the lessee continues receiving invoices without a credit.,English,An acknowledged surplus remains in the government-land rent account while the lessee continues receiving invoices without a credit.,AI-authored English; no translation,AI-generated synthetic complaint scenario variant,No,,Lease Revenue / Payment / Enforcement,Hypothetical state/public-land lease complaint; in-scope by scenario construction,Training augmentation candidate only; human label review required,,,Synthetic - not a real incident,Authored hypothetical scenario; no external incident asserted,,Scenario-author-assigned label; not expert-confirmed gold,"Fictional conditions are scenario assumptions, not statements of Sri Lankan law. Three variants share one scenario family.",SYN-FAM-046,,complaint-development-v0.2-draft-530,New synthetic scenario,Explicitly synthetic,Yes,SYN-FAM-046,2,ChatGPT,2026-09-30,Hypothetical; not derived from a specific baseline or source incident,,,,,,Proposed scenario label - human review required,Training-only candidate after label review,Exclude from primary evaluation; optional separate synthetic diagnostic only,Yes - before new evaluation,,,,,,,,,
SYN-0138,SYN-FAM-046,Unreturned excess payment,The lessee's verified excess rent payment has not been applied or returned despite an account correction request.,English,The lessee's verified excess rent payment has not been applied or returned despite an account correction request.,AI-authored English; no translation,AI-generated synthetic complaint scenario variant,No,,Lease Revenue / Payment / Enforcement,Hypothetical state/public-land lease complaint; in-scope by scenario construction,Training augmentation candidate only; human label review required,,,Synthetic - not a real incident,Authored hypothetical scenario; no external incident asserted,,Scenario-author-assigned label; not expert-confirmed gold,"Fictional conditions are scenario assumptions, not statements of Sri Lankan law. Three variants share one scenario family.",SYN-FAM-046,,complaint-development-v0.2-draft-530,New synthetic scenario,Explicitly synthetic,Yes,SYN-FAM-046,3,ChatGPT,2026-09-30,Hypothetical; not derived from a specific baseline or source incident,,,,,,Proposed scenario label - human review required,Training-only candidate after label review,Exclude from primary evaluation; optional separate synthetic diagnostic only,Yes - before new evaluation,,,,,,,,,
SYN-0139,SYN-FAM-047,No billing after approved handover,"The new government-land leaseholder received possession under an approved agreement, but the revenue office never opened a rent account.",English,"The new government-land leaseholder received possession under an approved agreement, but the revenue office never opened a rent account.",AI-authored English; no translation,AI-generated synthetic complaint scenario variant,No,,Lease Revenue / Payment / Enforcement,Hypothetical state/public-land lease complaint; in-scope by scenario construction,Training augmentation candidate only; human label review required,,,Synthetic - not a real incident,Authored hypothetical scenario; no external incident asserted,,Scenario-author-assigned label; not expert-confirmed gold,"Fictional conditions are scenario assumptions, not statements of Sri Lankan law. Three variants share one scenario family.",SYN-FAM-047,,complaint-development-v0.2-draft-530,New synthetic scenario,Explicitly synthetic,Yes,SYN-FAM-047,1,ChatGPT,2026-09-30,Hypothetical; not derived from a specific baseline or source incident,,,,,,Proposed scenario label - human review required,Training-only candidate after label review,Exclude from primary evaluation; optional separate synthetic diagnostic only,Yes - before new evaluation,,,,,,,,,
SYN-0140,SYN-FAM-047,No billing after approved handover,"Rent became due after the recorded lease handover, yet no invoices or collection account were created for the parcel.",English,"Rent became due after the recorded lease handover, yet no invoices or collection account were created for the parcel.",AI-authored English; no translation,AI-generated synthetic complaint scenario variant,No,,Lease Revenue / Payment / Enforcement,Hypothetical state/public-land lease complaint; in-scope by scenario construction,Training augmentation candidate only; human label review required,,,Synthetic - not a real incident,Authored hypothetical scenario; no external incident asserted,,Scenario-author-assigned label; not expert-confirmed gold,"Fictional conditions are scenario assumptions, not statements of Sri Lankan law. Three variants share one scenario family.",SYN-FAM-047,,complaint-development-v0.2-draft-530,New synthetic scenario,Explicitly synthetic,Yes,SYN-FAM-047,2,ChatGPT,2026-09-30,Hypothetical; not derived from a specific baseline or source incident,,,,,,Proposed scenario label - human review required,Training-only candidate after label review,Exclude from primary evaluation; optional separate synthetic diagnostic only,Yes - before new evaluation,,,,,,,,,
SYN-0141,SYN-FAM-047,No billing after approved handover,A signed and occupied state-land lease has been omitted entirely from the office's rent billing register.,English,A signed and occupied state-land lease has been omitted entirely from the office's rent billing register.,AI-authored English; no translation,AI-generated synthetic complaint scenario variant,No,,Lease Revenue / Payment / Enforcement,Hypothetical state/public-land lease complaint; in-scope by scenario construction,Training augmentation candidate only; human label review required,,,Synthetic - not a real incident,Authored hypothetical scenario; no external incident asserted,,Scenario-author-assigned label; not expert-confirmed gold,"Fictional conditions are scenario assumptions, not statements of Sri Lankan law. Three variants share one scenario family.",SYN-FAM-047,,complaint-development-v0.2-draft-530,New synthetic scenario,Explicitly synthetic,Yes,SYN-FAM-047,3,ChatGPT,2026-09-30,Hypothetical; not derived from a specific baseline or source incident,,,,,,Proposed scenario label - human review required,Training-only candidate after label review,Exclude from primary evaluation; optional separate synthetic diagnostic only,Yes - before new evaluation,,,,,,,,,
SYN-0142,SYN-FAM-048,Arrears before approved transfer,"An approved change of leaseholder left the outgoing party's rent debt unresolved, and the office did not assign responsibility for recovering it.",English,"An approved change of leaseholder left the outgoing party's rent debt unresolved, and the office did not assign responsibility for recovering it.",AI-authored English; no translation,AI-generated synthetic complaint scenario variant,No,,Lease Revenue / Payment / Enforcement,Hypothetical state/public-land lease complaint; in-scope by scenario construction,Training augmentation candidate only; human label review required,,,Synthetic - not a real incident,Authored hypothetical scenario; no external incident asserted,,Scenario-author-assigned label; not expert-confirmed gold,"Fictional conditions are scenario assumptions, not statements of Sri Lankan law. Three variants share one scenario family.",SYN-FAM-048,,complaint-development-v0.2-draft-530,New synthetic scenario,Explicitly synthetic,Yes,SYN-FAM-048,1,ChatGPT,2026-09-30,Hypothetical; not derived from a specific baseline or source incident,,,,,,Proposed scenario label - human review required,Training-only candidate after label review,Exclude from primary evaluation; optional separate synthetic diagnostic only,Yes - before new evaluation,,,,,,,,,
SYN-0143,SYN-FAM-048,Arrears before approved transfer,"The lease transfer was authorized, but the accrued rent balance was dropped during the account handover between holders.",English,"The lease transfer was authorized, but the accrued rent balance was dropped during the account handover between holders.",AI-authored English; no translation,AI-generated synthetic complaint scenario variant,No,,Lease Revenue / Payment / Enforcement,Hypothetical state/public-land lease complaint; in-scope by scenario construction,Training augmentation candidate only; human label review required,,,Synthetic - not a real incident,Authored hypothetical scenario; no external incident asserted,,Scenario-author-assigned label; not expert-confirmed gold,"Fictional conditions are scenario assumptions, not statements of Sri Lankan law. Three variants share one scenario family.",SYN-FAM-048,,complaint-development-v0.2-draft-530,New synthetic scenario,Explicitly synthetic,Yes,SYN-FAM-048,2,ChatGPT,2026-09-30,Hypothetical; not derived from a specific baseline or source incident,,,,,,Proposed scenario label - human review required,Training-only candidate after label review,Exclude from primary evaluation; optional separate synthetic diagnostic only,Yes - before new evaluation,,,,,,,,,
SYN-0144,SYN-FAM-048,Arrears before approved transfer,A government-land lease changed hands through approval while the existing arrears were left without a documented recovery arrangement.,English,A government-land lease changed hands through approval while the existing arrears were left without a documented recovery arrangement.,AI-authored English; no translation,AI-generated synthetic complaint scenario variant,No,,Lease Revenue / Payment / Enforcement,Hypothetical state/public-land lease complaint; in-scope by scenario construction,Training augmentation candidate only; human label review required,,,Synthetic - not a real incident,Authored hypothetical scenario; no external incident asserted,,Scenario-author-assigned label; not expert-confirmed gold,"Fictional conditions are scenario assumptions, not statements of Sri Lankan law. Three variants share one scenario family.",SYN-FAM-048,,complaint-development-v0.2-draft-530,New synthetic scenario,Explicitly synthetic,Yes,SYN-FAM-048,3,ChatGPT,2026-09-30,Hypothetical; not derived from a specific baseline or source incident,,,,,,Proposed scenario label - human review required,Training-only candidate after label review,Exclude from primary evaluation; optional separate synthetic diagnostic only,Yes - before new evaluation,,,,,,,,,
SYN-0145,SYN-FAM-049,Rent on terminated lease disputed,The office continued charging ordinary lease rent after the documented surrender and accepted handover of the government parcel.,English,The office continued charging ordinary lease rent after the documented surrender and accepted handover of the government parcel.,AI-authored English; no translation,AI-generated synthetic complaint scenario variant,No,,Lease Revenue / Payment / Enforcement,Hypothetical state/public-land lease complaint; in-scope by scenario construction,Training augmentation candidate only; human label review required,,,Synthetic - not a real incident,Authored hypothetical scenario; no external incident asserted,,Scenario-author-assigned label; not expert-confirmed gold,"Fictional conditions are scenario assumptions, not statements of Sri Lankan law. Three variants share one scenario family.",SYN-FAM-049,,complaint-development-v0.2-draft-530,New synthetic scenario,Explicitly synthetic,Yes,SYN-FAM-049,1,ChatGPT,2026-09-30,Hypothetical; not derived from a specific baseline or source incident,,,,,,Proposed scenario label - human review required,Training-only candidate after label review,Exclude from primary evaluation; optional separate synthetic diagnostic only,Yes - before new evaluation,,,,,,,,,
SYN-0146,SYN-FAM-049,Rent on terminated lease disputed,A former leaseholder disputes new rent invoices because the authority had already accepted surrender and regained possession.,English,A former leaseholder disputes new rent invoices because the authority had already accepted surrender and regained possession.,AI-authored English; no translation,AI-generated synthetic complaint scenario variant,No,,Lease Revenue / Payment / Enforcement,Hypothetical state/public-land lease complaint; in-scope by scenario construction,Training augmentation candidate only; human label review required,,,Synthetic - not a real incident,Authored hypothetical scenario; no external incident asserted,,Scenario-author-assigned label; not expert-confirmed gold,"Fictional conditions are scenario assumptions, not statements of Sri Lankan law. Three variants share one scenario family.",SYN-FAM-049,,complaint-development-v0.2-draft-530,New synthetic scenario,Explicitly synthetic,Yes,SYN-FAM-049,2,ChatGPT,2026-09-30,Hypothetical; not derived from a specific baseline or source incident,,,,,,Proposed scenario label - human review required,Training-only candidate after label review,Exclude from primary evaluation; optional separate synthetic diagnostic only,Yes - before new evaluation,,,,,,,,,
SYN-0147,SYN-FAM-049,Rent on terminated lease disputed,"Billing records extend beyond the recorded termination and handback date, with no explanation for the additional rent charged.",English,"Billing records extend beyond the recorded termination and handback date, with no explanation for the additional rent charged.",AI-authored English; no translation,AI-generated synthetic complaint scenario variant,No,,Lease Revenue / Payment / Enforcement,Hypothetical state/public-land lease complaint; in-scope by scenario construction,Training augmentation candidate only; human label review required,,,Synthetic - not a real incident,Authored hypothetical scenario; no external incident asserted,,Scenario-author-assigned label; not expert-confirmed gold,"Fictional conditions are scenario assumptions, not statements of Sri Lankan law. Three variants share one scenario family.",SYN-FAM-049,,complaint-development-v0.2-draft-530,New synthetic scenario,Explicitly synthetic,Yes,SYN-FAM-049,3,ChatGPT,2026-09-30,Hypothetical; not derived from a specific baseline or source incident,,,,,,Proposed scenario label - human review required,Training-only candidate after label review,Exclude from primary evaluation; optional separate synthetic diagnostic only,Yes - before new evaluation,,,,,,,,,
SYN-0148,SYN-FAM-050,Revenue registers disagree,"The land register and finance ledger show different arrears for the same state lease, and no reconciliation explains the difference.",English,"The land register and finance ledger show different arrears for the same state lease, and no reconciliation explains the difference.",AI-authored English; no translation,AI-generated synthetic complaint scenario variant,No,,Lease Revenue / Payment / Enforcement,Hypothetical state/public-land lease complaint; in-scope by scenario construction,Training augmentation candidate only; human label review required,,,Synthetic - not a real incident,Authored hypothetical scenario; no external incident asserted,,Scenario-author-assigned label; not expert-confirmed gold,"Fictional conditions are scenario assumptions, not statements of Sri Lankan law. Three variants share one scenario family.",SYN-FAM-050,,complaint-development-v0.2-draft-530,New synthetic scenario,Explicitly synthetic,Yes,SYN-FAM-050,1,ChatGPT,2026-09-30,Hypothetical; not derived from a specific baseline or source incident,,,,,,Proposed scenario label - human review required,Training-only candidate after label review,Exclude from primary evaluation; optional separate synthetic diagnostic only,Yes - before new evaluation,,,,,,,,,
SYN-0149,SYN-FAM-050,Revenue registers disagree,Two government offices report conflicting rent balances for one leaseholder despite using the same agreement and billing period.,English,Two government offices report conflicting rent balances for one leaseholder despite using the same agreement and billing period.,AI-authored English; no translation,AI-generated synthetic complaint scenario variant,No,,Lease Revenue / Payment / Enforcement,Hypothetical state/public-land lease complaint; in-scope by scenario construction,Training augmentation candidate only; human label review required,,,Synthetic - not a real incident,Authored hypothetical scenario; no external incident asserted,,Scenario-author-assigned label; not expert-confirmed gold,"Fictional conditions are scenario assumptions, not statements of Sri Lankan law. Three variants share one scenario family.",SYN-FAM-050,,complaint-development-v0.2-draft-530,New synthetic scenario,Explicitly synthetic,Yes,SYN-FAM-050,2,ChatGPT,2026-09-30,Hypothetical; not derived from a specific baseline or source incident,,,,,,Proposed scenario label - human review required,Training-only candidate after label review,Exclude from primary evaluation; optional separate synthetic diagnostic only,Yes - before new evaluation,,,,,,,,,
SYN-0150,SYN-FAM-050,Revenue registers disagree,A lease account cannot be reliably settled because the parcel register and revenue records disagree on the outstanding amount.,English,A lease account cannot be reliably settled because the parcel register and revenue records disagree on the outstanding amount.,AI-authored English; no translation,AI-generated synthetic complaint scenario variant,No,,Lease Revenue / Payment / Enforcement,Hypothetical state/public-land lease complaint; in-scope by scenario construction,Training augmentation candidate only; human label review required,,,Synthetic - not a real incident,Authored hypothetical scenario; no external incident asserted,,Scenario-author-assigned label; not expert-confirmed gold,"Fictional conditions are scenario assumptions, not statements of Sri Lankan law. Three variants share one scenario family.",SYN-FAM-050,,complaint-development-v0.2-draft-530,New synthetic scenario,Explicitly synthetic,Yes,SYN-FAM-050,3,ChatGPT,2026-09-30,Hypothetical; not derived from a specific baseline or source incident,,,,,,Proposed scenario label - human review required,Training-only candidate after label review,Exclude from primary evaluation; optional separate synthetic diagnostic only,Yes - before new evaluation,,,,,,,,,
SYN-0151,SYN-FAM-051,Unapproved subletting,The state-land lessee has handed the parcel to another operator for monthly payment without the consent required by the lease.,English,The state-land lessee has handed the parcel to another operator for monthly payment without the consent required by the lease.,AI-authored English; no translation,AI-generated synthetic complaint scenario variant,No,,Unauthorized Allocation / Transfer / Use,Hypothetical state/public-land lease complaint; in-scope by scenario construction,Training augmentation candidate only; human label review required,,,Synthetic - not a real incident,Authored hypothetical scenario; no external incident asserted,,Scenario-author-assigned label; not expert-confirmed gold,"Fictional conditions are scenario assumptions, not statements of Sri Lankan law. Three variants share one scenario family.",SYN-FAM-051,,complaint-development-v0.2-draft-530,New synthetic scenario,Explicitly synthetic,Yes,SYN-FAM-051,1,ChatGPT,2026-09-30,Hypothetical; not derived from a specific baseline or source incident,,,,,,Proposed scenario label - human review required,Training-only candidate after label review,Exclude from primary evaluation; optional separate synthetic diagnostic only,Yes - before new evaluation,,,,,,,,,
SYN-0152,SYN-FAM-051,Unapproved subletting,A third party operates the entire government leasehold under a private rental arrangement that the lessor did not approve.,English,A third party operates the entire government leasehold under a private rental arrangement that the lessor did not approve.,AI-authored English; no translation,AI-generated synthetic complaint scenario variant,No,,Unauthorized Allocation / Transfer / Use,Hypothetical state/public-land lease complaint; in-scope by scenario construction,Training augmentation candidate only; human label review required,,,Synthetic - not a real incident,Authored hypothetical scenario; no external incident asserted,,Scenario-author-assigned label; not expert-confirmed gold,"Fictional conditions are scenario assumptions, not statements of Sri Lankan law. Three variants share one scenario family.",SYN-FAM-051,,complaint-development-v0.2-draft-530,New synthetic scenario,Explicitly synthetic,Yes,SYN-FAM-051,2,ChatGPT,2026-09-30,Hypothetical; not derived from a specific baseline or source incident,,,,,,Proposed scenario label - human review required,Training-only candidate after label review,Exclude from primary evaluation; optional separate synthetic diagnostic only,Yes - before new evaluation,,,,,,,,,
SYN-0153,SYN-FAM-051,Unapproved subletting,"The original holder is collecting rent from another business using the state parcel, with no recorded permission to sublet.",English,"The original holder is collecting rent from another business using the state parcel, with no recorded permission to sublet.",AI-authored English; no translation,AI-generated synthetic complaint scenario variant,No,,Unauthorized Allocation / Transfer / Use,Hypothetical state/public-land lease complaint; in-scope by scenario construction,Training augmentation candidate only; human label review required,,,Synthetic - not a real incident,Authored hypothetical scenario; no external incident asserted,,Scenario-author-assigned label; not expert-confirmed gold,"Fictional conditions are scenario assumptions, not statements of Sri Lankan law. Three variants share one scenario family.",SYN-FAM-051,,complaint-development-v0.2-draft-530,New synthetic scenario,Explicitly synthetic,Yes,SYN-FAM-051,3,ChatGPT,2026-09-30,Hypothetical; not derived from a specific baseline or source incident,,,,,,Proposed scenario label - human review required,Training-only candidate after label review,Exclude from primary evaluation; optional separate synthetic diagnostic only,Yes - before new evaluation,,,,,,,,,
SYN-0154,SYN-FAM-052,Sale of lease interest without consent,The leaseholder sold their interest in the government parcel to another person despite the agreement requiring prior approval for assignment.,English,The leaseholder sold their interest in the government parcel to another person despite the agreement requiring prior approval for assignment.,AI-authored English; no translation,AI-generated synthetic complaint scenario variant,No,,Unauthorized Allocation / Transfer / Use,Hypothetical state/public-land lease complaint; in-scope by scenario construction,Training augmentation candidate only; human label review required,,,Synthetic - not a real incident,Authored hypothetical scenario; no external incident asserted,,Scenario-author-assigned label; not expert-confirmed gold,"Fictional conditions are scenario assumptions, not statements of Sri Lankan law. Three variants share one scenario family.",SYN-FAM-052,,complaint-development-v0.2-draft-530,New synthetic scenario,Explicitly synthetic,Yes,SYN-FAM-052,1,ChatGPT,2026-09-30,Hypothetical; not derived from a specific baseline or source incident,,,,,,Proposed scenario label - human review required,Training-only candidate after label review,Exclude from primary evaluation; optional separate synthetic diagnostic only,Yes - before new evaluation,,,,,,,,,
SYN-0155,SYN-FAM-052,Sale of lease interest without consent,"A buyer now claims the state leasehold under a private sale document, but no authorized transfer is recorded.",English,"A buyer now claims the state leasehold under a private sale document, but no authorized transfer is recorded.",AI-authored English; no translation,AI-generated synthetic complaint scenario variant,No,,Unauthorized Allocation / Transfer / Use,Hypothetical state/public-land lease complaint; in-scope by scenario construction,Training augmentation candidate only; human label review required,,,Synthetic - not a real incident,Authored hypothetical scenario; no external incident asserted,,Scenario-author-assigned label; not expert-confirmed gold,"Fictional conditions are scenario assumptions, not statements of Sri Lankan law. Three variants share one scenario family.",SYN-FAM-052,,complaint-development-v0.2-draft-530,New synthetic scenario,Explicitly synthetic,Yes,SYN-FAM-052,2,ChatGPT,2026-09-30,Hypothetical; not derived from a specific baseline or source incident,,,,,,Proposed scenario label - human review required,Training-only candidate after label review,Exclude from primary evaluation; optional separate synthetic diagnostic only,Yes - before new evaluation,,,,,,,,,
SYN-0156,SYN-FAM-052,Sale of lease interest without consent,The government-land lease rights were privately sold and possession passed to a buyer without the required assignment consent.,English,The government-land lease rights were privately sold and possession passed to a buyer without the required assignment consent.,AI-authored English; no translation,AI-generated synthetic complaint scenario variant,No,,Unauthorized Allocation / Transfer / Use,Hypothetical state/public-land lease complaint; in-scope by scenario construction,Training augmentation candidate only; human label review required,,,Synthetic - not a real incident,Authored hypothetical scenario; no external incident asserted,,Scenario-author-assigned label; not expert-confirmed gold,"Fictional conditions are scenario assumptions, not statements of Sri Lankan law. Three variants share one scenario family.",SYN-FAM-052,,complaint-development-v0.2-draft-530,New synthetic scenario,Explicitly synthetic,Yes,SYN-FAM-052,3,ChatGPT,2026-09-30,Hypothetical; not derived from a specific baseline or source incident,,,,,,Proposed scenario label - human review required,Training-only candidate after label review,Exclude from primary evaluation; optional separate synthetic diagnostic only,Yes - before new evaluation,,,,,,,,,
SYN-0157,SYN-FAM-053,Agricultural parcel converted to storage,"The lease permits crop cultivation only, but the holder has converted the government parcel into a commercial vehicle-storage yard without approval.",English,"The lease permits crop cultivation only, but the holder has converted the government parcel into a commercial vehicle-storage yard without approval.",AI-authored English; no translation,AI-generated synthetic complaint scenario variant,No,,Unauthorized Allocation / Transfer / Use,Hypothetical state/public-land lease complaint; in-scope by scenario construction,Training augmentation candidate only; human label review required,,,Synthetic - not a real incident,Authored hypothetical scenario; no external incident asserted,,Scenario-author-assigned label; not expert-confirmed gold,"Fictional conditions are scenario assumptions, not statements of Sri Lankan law. Three variants share one scenario family.",SYN-FAM-053,,complaint-development-v0.2-draft-530,New synthetic scenario,Explicitly synthetic,Yes,SYN-FAM-053,1,ChatGPT,2026-09-30,Hypothetical; not derived from a specific baseline or source incident,,,,,,Proposed scenario label - human review required,Training-only candidate after label review,Exclude from primary evaluation; optional separate synthetic diagnostic only,Yes - before new evaluation,,,,,,,,,
SYN-0158,SYN-FAM-053,Agricultural parcel converted to storage,"Vehicles are stored for payment on a state leasehold allocated for cultivation, with no accepted change of use in the file.",English,"Vehicles are stored for payment on a state leasehold allocated for cultivation, with no accepted change of use in the file.",AI-authored English; no translation,AI-generated synthetic complaint scenario variant,No,,Unauthorized Allocation / Transfer / Use,Hypothetical state/public-land lease complaint; in-scope by scenario construction,Training augmentation candidate only; human label review required,,,Synthetic - not a real incident,Authored hypothetical scenario; no external incident asserted,,Scenario-author-assigned label; not expert-confirmed gold,"Fictional conditions are scenario assumptions, not statements of Sri Lankan law. Three variants share one scenario family.",SYN-FAM-053,,complaint-development-v0.2-draft-530,New synthetic scenario,Explicitly synthetic,Yes,SYN-FAM-053,2,ChatGPT,2026-09-30,Hypothetical; not derived from a specific baseline or source incident,,,,,,Proposed scenario label - human review required,Training-only candidate after label review,Exclude from primary evaluation; optional separate synthetic diagnostic only,Yes - before new evaluation,,,,,,,,,
SYN-0159,SYN-FAM-053,Agricultural parcel converted to storage,The lessee replaced the agreed agricultural activity with a storage business on the government land without obtaining permission.,English,The lessee replaced the agreed agricultural activity with a storage business on the government land without obtaining permission.,AI-authored English; no translation,AI-generated synthetic complaint scenario variant,No,,Unauthorized Allocation / Transfer / Use,Hypothetical state/public-land lease complaint; in-scope by scenario construction,Training augmentation candidate only; human label review required,,,Synthetic - not a real incident,Authored hypothetical scenario; no external incident asserted,,Scenario-author-assigned label; not expert-confirmed gold,"Fictional conditions are scenario assumptions, not statements of Sri Lankan law. Three variants share one scenario family.",SYN-FAM-053,,complaint-development-v0.2-draft-530,New synthetic scenario,Explicitly synthetic,Yes,SYN-FAM-053,3,ChatGPT,2026-09-30,Hypothetical; not derived from a specific baseline or source incident,,,,,,Proposed scenario label - human review required,Training-only candidate after label review,Exclude from primary evaluation; optional separate synthetic diagnostic only,Yes - before new evaluation,,,,,,,,,
SYN-0160,SYN-FAM-054,Boundary extension onto adjoining land,The leaseholder moved the fence beyond the surveyed lease boundary and enclosed adjoining government land without an additional allocation.,English,The leaseholder moved the fence beyond the surveyed lease boundary and enclosed adjoining government land without an additional allocation.,AI-authored English; no translation,AI-generated synthetic complaint scenario variant,No,,Unauthorized Allocation / Transfer / Use,Hypothetical state/public-land lease complaint; in-scope by scenario construction,Training augmentation candidate only; human label review required,,,Synthetic - not a real incident,Authored hypothetical scenario; no external incident asserted,,Scenario-author-assigned label; not expert-confirmed gold,"Fictional conditions are scenario assumptions, not statements of Sri Lankan law. Three variants share one scenario family.",SYN-FAM-054,,complaint-development-v0.2-draft-530,New synthetic scenario,Explicitly synthetic,Yes,SYN-FAM-054,1,ChatGPT,2026-09-30,Hypothetical; not derived from a specific baseline or source incident,,,,,,Proposed scenario label - human review required,Training-only candidate after label review,Exclude from primary evaluation; optional separate synthetic diagnostic only,Yes - before new evaluation,,,,,,,,,
SYN-0161,SYN-FAM-054,Boundary extension onto adjoining land,A survey comparison shows the occupier has fenced state land outside the parcel granted under the lease.,English,A survey comparison shows the occupier has fenced state land outside the parcel granted under the lease.,AI-authored English; no translation,AI-generated synthetic complaint scenario variant,No,,Unauthorized Allocation / Transfer / Use,Hypothetical state/public-land lease complaint; in-scope by scenario construction,Training augmentation candidate only; human label review required,,,Synthetic - not a real incident,Authored hypothetical scenario; no external incident asserted,,Scenario-author-assigned label; not expert-confirmed gold,"Fictional conditions are scenario assumptions, not statements of Sri Lankan law. Three variants share one scenario family.",SYN-FAM-054,,complaint-development-v0.2-draft-530,New synthetic scenario,Explicitly synthetic,Yes,SYN-FAM-054,2,ChatGPT,2026-09-30,Hypothetical; not derived from a specific baseline or source incident,,,,,,Proposed scenario label - human review required,Training-only candidate after label review,Exclude from primary evaluation; optional separate synthetic diagnostic only,Yes - before new evaluation,,,,,,,,,
SYN-0162,SYN-FAM-054,Boundary extension onto adjoining land,The government leasehold's fence now includes an extra adjoining strip that does not appear in the approved plan.,English,The government leasehold's fence now includes an extra adjoining strip that does not appear in the approved plan.,AI-authored English; no translation,AI-generated synthetic complaint scenario variant,No,,Unauthorized Allocation / Transfer / Use,Hypothetical state/public-land lease complaint; in-scope by scenario construction,Training augmentation candidate only; human label review required,,,Synthetic - not a real incident,Authored hypothetical scenario; no external incident asserted,,Scenario-author-assigned label; not expert-confirmed gold,"Fictional conditions are scenario assumptions, not statements of Sri Lankan law. Three variants share one scenario family.",SYN-FAM-054,,complaint-development-v0.2-draft-530,New synthetic scenario,Explicitly synthetic,Yes,SYN-FAM-054,3,ChatGPT,2026-09-30,Hypothetical; not derived from a specific baseline or source incident,,,,,,Proposed scenario label - human review required,Training-only candidate after label review,Exclude from primary evaluation; optional separate synthetic diagnostic only,Yes - before new evaluation,,,,,,,,,
SYN-0163,SYN-FAM-055,Permanent building outside consent,"The state-land lease allows temporary structures, but the holder built a permanent shop without obtaining the separate written consent specified in the agreement.",English,"The state-land lease allows temporary structures, but the holder built a permanent shop without obtaining the separate written consent specified in the agreement.",AI-authored English; no translation,AI-generated synthetic complaint scenario variant,No,,Unauthorized Allocation / Transfer / Use,Hypothetical state/public-land lease complaint; in-scope by scenario construction,Training augmentation candidate only; human label review required,,,Synthetic - not a real incident,Authored hypothetical scenario; no external incident asserted,,Scenario-author-assigned label; not expert-confirmed gold,"Fictional conditions are scenario assumptions, not statements of Sri Lankan law. Three variants share one scenario family.",SYN-FAM-055,,complaint-development-v0.2-draft-530,New synthetic scenario,Explicitly synthetic,Yes,SYN-FAM-055,1,ChatGPT,2026-09-30,Hypothetical; not derived from a specific baseline or source incident,,,,,,Proposed scenario label - human review required,Training-only candidate after label review,Exclude from primary evaluation; optional separate synthetic diagnostic only,Yes - before new evaluation,,,,,,,,,
SYN-0164,SYN-FAM-055,Permanent building outside consent,A concrete shop has replaced the permitted temporary shelter on the government leasehold without recorded building consent from the lessor.,English,A concrete shop has replaced the permitted temporary shelter on the government leasehold without recorded building consent from the lessor.,AI-authored English; no translation,AI-generated synthetic complaint scenario variant,No,,Unauthorized Allocation / Transfer / Use,Hypothetical state/public-land lease complaint; in-scope by scenario construction,Training augmentation candidate only; human label review required,,,Synthetic - not a real incident,Authored hypothetical scenario; no external incident asserted,,Scenario-author-assigned label; not expert-confirmed gold,"Fictional conditions are scenario assumptions, not statements of Sri Lankan law. Three variants share one scenario family.",SYN-FAM-055,,complaint-development-v0.2-draft-530,New synthetic scenario,Explicitly synthetic,Yes,SYN-FAM-055,2,ChatGPT,2026-09-30,Hypothetical; not derived from a specific baseline or source incident,,,,,,Proposed scenario label - human review required,Training-only candidate after label review,Exclude from primary evaluation; optional separate synthetic diagnostic only,Yes - before new evaluation,,,,,,,,,
SYN-0165,SYN-FAM-055,Permanent building outside consent,The lessee constructed a permanent commercial building contrary to the temporary-structure restriction in the signed lease.,English,The lessee constructed a permanent commercial building contrary to the temporary-structure restriction in the signed lease.,AI-authored English; no translation,AI-generated synthetic complaint scenario variant,No,,Unauthorized Allocation / Transfer / Use,Hypothetical state/public-land lease complaint; in-scope by scenario construction,Training augmentation candidate only; human label review required,,,Synthetic - not a real incident,Authored hypothetical scenario; no external incident asserted,,Scenario-author-assigned label; not expert-confirmed gold,"Fictional conditions are scenario assumptions, not statements of Sri Lankan law. Three variants share one scenario family.",SYN-FAM-055,,complaint-development-v0.2-draft-530,New synthetic scenario,Explicitly synthetic,Yes,SYN-FAM-055,3,ChatGPT,2026-09-30,Hypothetical; not derived from a specific baseline or source incident,,,,,,Proposed scenario label - human review required,Training-only candidate after label review,Exclude from primary evaluation; optional separate synthetic diagnostic only,Yes - before new evaluation,,,,,,,,,
SYN-0166,SYN-FAM-056,Subdivision among private occupants,The lessee divided the government parcel into smaller plots and handed them to several occupants without approval to subdivide or assign the lease.,English,The lessee divided the government parcel into smaller plots and handed them to several occupants without approval to subdivide or assign the lease.,AI-authored English; no translation,AI-generated synthetic complaint scenario variant,No,,Unauthorized Allocation / Transfer / Use,Hypothetical state/public-land lease complaint; in-scope by scenario construction,Training augmentation candidate only; human label review required,,,Synthetic - not a real incident,Authored hypothetical scenario; no external incident asserted,,Scenario-author-assigned label; not expert-confirmed gold,"Fictional conditions are scenario assumptions, not statements of Sri Lankan law. Three variants share one scenario family.",SYN-FAM-056,,complaint-development-v0.2-draft-530,New synthetic scenario,Explicitly synthetic,Yes,SYN-FAM-056,1,ChatGPT,2026-09-30,Hypothetical; not derived from a specific baseline or source incident,,,,,,Proposed scenario label - human review required,Training-only candidate after label review,Exclude from primary evaluation; optional separate synthetic diagnostic only,Yes - before new evaluation,,,,,,,,,
SYN-0167,SYN-FAM-056,Subdivision among private occupants,Private plot boundaries and new occupants have appeared within the state leasehold despite no authorized subdivision of the parcel.,English,Private plot boundaries and new occupants have appeared within the state leasehold despite no authorized subdivision of the parcel.,AI-authored English; no translation,AI-generated synthetic complaint scenario variant,No,,Unauthorized Allocation / Transfer / Use,Hypothetical state/public-land lease complaint; in-scope by scenario construction,Training augmentation candidate only; human label review required,,,Synthetic - not a real incident,Authored hypothetical scenario; no external incident asserted,,Scenario-author-assigned label; not expert-confirmed gold,"Fictional conditions are scenario assumptions, not statements of Sri Lankan law. Three variants share one scenario family.",SYN-FAM-056,,complaint-development-v0.2-draft-530,New synthetic scenario,Explicitly synthetic,Yes,SYN-FAM-056,2,ChatGPT,2026-09-30,Hypothetical; not derived from a specific baseline or source incident,,,,,,Proposed scenario label - human review required,Training-only candidate after label review,Exclude from primary evaluation; optional separate synthetic diagnostic only,Yes - before new evaluation,,,,,,,,,
SYN-0168,SYN-FAM-056,Subdivision among private occupants,Several parties were given separate portions of one government-land lease through arrangements made solely by the original holder.,English,Several parties were given separate portions of one government-land lease through arrangements made solely by the original holder.,AI-authored English; no translation,AI-generated synthetic complaint scenario variant,No,,Unauthorized Allocation / Transfer / Use,Hypothetical state/public-land lease complaint; in-scope by scenario construction,Training augmentation candidate only; human label review required,,,Synthetic - not a real incident,Authored hypothetical scenario; no external incident asserted,,Scenario-author-assigned label; not expert-confirmed gold,"Fictional conditions are scenario assumptions, not statements of Sri Lankan law. Three variants share one scenario family.",SYN-FAM-056,,complaint-development-v0.2-draft-530,New synthetic scenario,Explicitly synthetic,Yes,SYN-FAM-056,3,ChatGPT,2026-09-30,Hypothetical; not derived from a specific baseline or source incident,,,,,,Proposed scenario label - human review required,Training-only candidate after label review,Exclude from primary evaluation; optional separate synthetic diagnostic only,Yes - before new evaluation,,,,,,,,,
SYN-0169,SYN-FAM-057,Commercial use of society land,"A society's state-land lease is limited to community activities, but it has let the site to a private commercial outlet without permission.",English,"A society's state-land lease is limited to community activities, but it has let the site to a private commercial outlet without permission.",AI-authored English; no translation,AI-generated synthetic complaint scenario variant,No,,Unauthorized Allocation / Transfer / Use,Hypothetical state/public-land lease complaint; in-scope by scenario construction,Training augmentation candidate only; human label review required,,,Synthetic - not a real incident,Authored hypothetical scenario; no external incident asserted,,Scenario-author-assigned label; not expert-confirmed gold,"Fictional conditions are scenario assumptions, not statements of Sri Lankan law. Three variants share one scenario family.",SYN-FAM-057,,complaint-development-v0.2-draft-530,New synthetic scenario,Explicitly synthetic,Yes,SYN-FAM-057,1,ChatGPT,2026-09-30,Hypothetical; not derived from a specific baseline or source incident,,,,,,Proposed scenario label - human review required,Training-only candidate after label review,Exclude from primary evaluation; optional separate synthetic diagnostic only,Yes - before new evaluation,,,,,,,,,
SYN-0170,SYN-FAM-057,Commercial use of society land,The government parcel granted for the society's activities is being operated as a private business under an unapproved arrangement.,English,The government parcel granted for the society's activities is being operated as a private business under an unapproved arrangement.,AI-authored English; no translation,AI-generated synthetic complaint scenario variant,No,,Unauthorized Allocation / Transfer / Use,Hypothetical state/public-land lease complaint; in-scope by scenario construction,Training augmentation candidate only; human label review required,,,Synthetic - not a real incident,Authored hypothetical scenario; no external incident asserted,,Scenario-author-assigned label; not expert-confirmed gold,"Fictional conditions are scenario assumptions, not statements of Sri Lankan law. Three variants share one scenario family.",SYN-FAM-057,,complaint-development-v0.2-draft-530,New synthetic scenario,Explicitly synthetic,Yes,SYN-FAM-057,2,ChatGPT,2026-09-30,Hypothetical; not derived from a specific baseline or source incident,,,,,,Proposed scenario label - human review required,Training-only candidate after label review,Exclude from primary evaluation; optional separate synthetic diagnostic only,Yes - before new evaluation,,,,,,,,,
SYN-0171,SYN-FAM-057,Commercial use of society land,"Community-use land held on lease has been handed to a retailer, and the case file contains no consent for that use.",English,"Community-use land held on lease has been handed to a retailer, and the case file contains no consent for that use.",AI-authored English; no translation,AI-generated synthetic complaint scenario variant,No,,Unauthorized Allocation / Transfer / Use,Hypothetical state/public-land lease complaint; in-scope by scenario construction,Training augmentation candidate only; human label review required,,,Synthetic - not a real incident,Authored hypothetical scenario; no external incident asserted,,Scenario-author-assigned label; not expert-confirmed gold,"Fictional conditions are scenario assumptions, not statements of Sri Lankan law. Three variants share one scenario family.",SYN-FAM-057,,complaint-development-v0.2-draft-530,New synthetic scenario,Explicitly synthetic,Yes,SYN-FAM-057,3,ChatGPT,2026-09-30,Hypothetical; not derived from a specific baseline or source incident,,,,,,Proposed scenario label - human review required,Training-only candidate after label review,Exclude from primary evaluation; optional separate synthetic diagnostic only,Yes - before new evaluation,,,,,,,,,
SYN-0172,SYN-FAM-058,Unapproved leaseholder substitution,The original state-land lessee ceased operating and another company took over possession without an approved assignment or replacement lease.,English,The original state-land lessee ceased operating and another company took over possession without an approved assignment or replacement lease.,AI-authored English; no translation,AI-generated synthetic complaint scenario variant,No,,Unauthorized Allocation / Transfer / Use,Hypothetical state/public-land lease complaint; in-scope by scenario construction,Training augmentation candidate only; human label review required,,,Synthetic - not a real incident,Authored hypothetical scenario; no external incident asserted,,Scenario-author-assigned label; not expert-confirmed gold,"Fictional conditions are scenario assumptions, not statements of Sri Lankan law. Three variants share one scenario family.",SYN-FAM-058,,complaint-development-v0.2-draft-530,New synthetic scenario,Explicitly synthetic,Yes,SYN-FAM-058,1,ChatGPT,2026-09-30,Hypothetical; not derived from a specific baseline or source incident,,,,,,Proposed scenario label - human review required,Training-only candidate after label review,Exclude from primary evaluation; optional separate synthetic diagnostic only,Yes - before new evaluation,,,,,,,,,
SYN-0173,SYN-FAM-058,Unapproved leaseholder substitution,"A different company now controls the government parcel, although the lease register still names the former operator and contains no transfer consent.",English,"A different company now controls the government parcel, although the lease register still names the former operator and contains no transfer consent.",AI-authored English; no translation,AI-generated synthetic complaint scenario variant,No,,Unauthorized Allocation / Transfer / Use,Hypothetical state/public-land lease complaint; in-scope by scenario construction,Training augmentation candidate only; human label review required,,,Synthetic - not a real incident,Authored hypothetical scenario; no external incident asserted,,Scenario-author-assigned label; not expert-confirmed gold,"Fictional conditions are scenario assumptions, not statements of Sri Lankan law. Three variants share one scenario family.",SYN-FAM-058,,complaint-development-v0.2-draft-530,New synthetic scenario,Explicitly synthetic,Yes,SYN-FAM-058,2,ChatGPT,2026-09-30,Hypothetical; not derived from a specific baseline or source incident,,,,,,Proposed scenario label - human review required,Training-only candidate after label review,Exclude from primary evaluation; optional separate synthetic diagnostic only,Yes - before new evaluation,,,,,,,,,
SYN-0174,SYN-FAM-058,Unapproved leaseholder substitution,An unrelated business replaced the registered leaseholder on site without completing the required government approval process.,English,An unrelated business replaced the registered leaseholder on site without completing the required government approval process.,AI-authored English; no translation,AI-generated synthetic complaint scenario variant,No,,Unauthorized Allocation / Transfer / Use,Hypothetical state/public-land lease complaint; in-scope by scenario construction,Training augmentation candidate only; human label review required,,,Synthetic - not a real incident,Authored hypothetical scenario; no external incident asserted,,Scenario-author-assigned label; not expert-confirmed gold,"Fictional conditions are scenario assumptions, not statements of Sri Lankan law. Three variants share one scenario family.",SYN-FAM-058,,complaint-development-v0.2-draft-530,New synthetic scenario,Explicitly synthetic,Yes,SYN-FAM-058,3,ChatGPT,2026-09-30,Hypothetical; not derived from a specific baseline or source incident,,,,,,Proposed scenario label - human review required,Training-only candidate after label review,Exclude from primary evaluation; optional separate synthetic diagnostic only,Yes - before new evaluation,,,,,,,,,
SYN-0175,SYN-FAM-059,Occupation after repossession notice,"The lease was terminated and possession was demanded, but the former holder continues operating on the government parcel without renewed authority.",English,"The lease was terminated and possession was demanded, but the former holder continues operating on the government parcel without renewed authority.",AI-authored English; no translation,AI-generated synthetic complaint scenario variant,No,,Unauthorized Allocation / Transfer / Use,Hypothetical state/public-land lease complaint; in-scope by scenario construction,Training augmentation candidate only; human label review required,,,Synthetic - not a real incident,Authored hypothetical scenario; no external incident asserted,,Scenario-author-assigned label; not expert-confirmed gold,"Fictional conditions are scenario assumptions, not statements of Sri Lankan law. Three variants share one scenario family.",SYN-FAM-059,,complaint-development-v0.2-draft-530,New synthetic scenario,Explicitly synthetic,Yes,SYN-FAM-059,1,ChatGPT,2026-09-30,Hypothetical; not derived from a specific baseline or source incident,,,,,,Proposed scenario label - human review required,Training-only candidate after label review,Exclude from primary evaluation; optional separate synthetic diagnostic only,Yes - before new evaluation,,,,,,,,,
SYN-0176,SYN-FAM-059,Occupation after repossession notice,"A former lessee remains on state land after the recorded termination and handback notice, with no replacement permission identified.",English,"A former lessee remains on state land after the recorded termination and handback notice, with no replacement permission identified.",AI-authored English; no translation,AI-generated synthetic complaint scenario variant,No,,Unauthorized Allocation / Transfer / Use,Hypothetical state/public-land lease complaint; in-scope by scenario construction,Training augmentation candidate only; human label review required,,,Synthetic - not a real incident,Authored hypothetical scenario; no external incident asserted,,Scenario-author-assigned label; not expert-confirmed gold,"Fictional conditions are scenario assumptions, not statements of Sri Lankan law. Three variants share one scenario family.",SYN-FAM-059,,complaint-development-v0.2-draft-530,New synthetic scenario,Explicitly synthetic,Yes,SYN-FAM-059,2,ChatGPT,2026-09-30,Hypothetical; not derived from a specific baseline or source incident,,,,,,Proposed scenario label - human review required,Training-only candidate after label review,Exclude from primary evaluation; optional separate synthetic diagnostic only,Yes - before new evaluation,,,,,,,,,
SYN-0177,SYN-FAM-059,Occupation after repossession notice,The government parcel is still occupied by the previous leaseholder despite withdrawal of their permission and a demand to return it.,English,The government parcel is still occupied by the previous leaseholder despite withdrawal of their permission and a demand to return it.,AI-authored English; no translation,AI-generated synthetic complaint scenario variant,No,,Unauthorized Allocation / Transfer / Use,Hypothetical state/public-land lease complaint; in-scope by scenario construction,Training augmentation candidate only; human label review required,,,Synthetic - not a real incident,Authored hypothetical scenario; no external incident asserted,,Scenario-author-assigned label; not expert-confirmed gold,"Fictional conditions are scenario assumptions, not statements of Sri Lankan law. Three variants share one scenario family.",SYN-FAM-059,,complaint-development-v0.2-draft-530,New synthetic scenario,Explicitly synthetic,Yes,SYN-FAM-059,3,ChatGPT,2026-09-30,Hypothetical; not derived from a specific baseline or source incident,,,,,,Proposed scenario label - human review required,Training-only candidate after label review,Exclude from primary evaluation; optional separate synthetic diagnostic only,Yes - before new evaluation,,,,,,,,,
SYN-0178,SYN-FAM-060,Unapproved mortgage of lease rights,The lessee pledged the state-land lease rights to a lender without the written consent required by the agreement.,English,The lessee pledged the state-land lease rights to a lender without the written consent required by the agreement.,AI-authored English; no translation,AI-generated synthetic complaint scenario variant,No,,Unauthorized Allocation / Transfer / Use,Hypothetical state/public-land lease complaint; in-scope by scenario construction,Training augmentation candidate only; human label review required,,,Synthetic - not a real incident,Authored hypothetical scenario; no external incident asserted,,Scenario-author-assigned label; not expert-confirmed gold,"Fictional conditions are scenario assumptions, not statements of Sri Lankan law. Three variants share one scenario family.",SYN-FAM-060,,complaint-development-v0.2-draft-530,New synthetic scenario,Explicitly synthetic,Yes,SYN-FAM-060,1,ChatGPT,2026-09-30,Hypothetical; not derived from a specific baseline or source incident,,,,,,Proposed scenario label - human review required,Training-only candidate after label review,Exclude from primary evaluation; optional separate synthetic diagnostic only,Yes - before new evaluation,,,,,,,,,
SYN-0179,SYN-FAM-060,Unapproved mortgage of lease rights,"A lender claims security over the government leasehold, but the lessor's file contains no approval for the mortgage.",English,"A lender claims security over the government leasehold, but the lessor's file contains no approval for the mortgage.",AI-authored English; no translation,AI-generated synthetic complaint scenario variant,No,,Unauthorized Allocation / Transfer / Use,Hypothetical state/public-land lease complaint; in-scope by scenario construction,Training augmentation candidate only; human label review required,,,Synthetic - not a real incident,Authored hypothetical scenario; no external incident asserted,,Scenario-author-assigned label; not expert-confirmed gold,"Fictional conditions are scenario assumptions, not statements of Sri Lankan law. Three variants share one scenario family.",SYN-FAM-060,,complaint-development-v0.2-draft-530,New synthetic scenario,Explicitly synthetic,Yes,SYN-FAM-060,2,ChatGPT,2026-09-30,Hypothetical; not derived from a specific baseline or source incident,,,,,,Proposed scenario label - human review required,Training-only candidate after label review,Exclude from primary evaluation; optional separate synthetic diagnostic only,Yes - before new evaluation,,,,,,,,,
SYN-0180,SYN-FAM-060,Unapproved mortgage of lease rights,The holder used the state parcel's lease interest as loan security despite a consent condition that was not satisfied.,English,The holder used the state parcel's lease interest as loan security despite a consent condition that was not satisfied.,AI-authored English; no translation,AI-generated synthetic complaint scenario variant,No,,Unauthorized Allocation / Transfer / Use,Hypothetical state/public-land lease complaint; in-scope by scenario construction,Training augmentation candidate only; human label review required,,,Synthetic - not a real incident,Authored hypothetical scenario; no external incident asserted,,Scenario-author-assigned label; not expert-confirmed gold,"Fictional conditions are scenario assumptions, not statements of Sri Lankan law. Three variants share one scenario family.",SYN-FAM-060,,complaint-development-v0.2-draft-530,New synthetic scenario,Explicitly synthetic,Yes,SYN-FAM-060,3,ChatGPT,2026-09-30,Hypothetical; not derived from a specific baseline or source incident,,,,,,Proposed scenario label - human review required,Training-only candidate after label review,Exclude from primary evaluation; optional separate synthetic diagnostic only,Yes - before new evaluation,,,,,,,,,
SYN-0181,SYN-FAM-061,Residential lease used as workshop,"The government parcel was leased for a residence, but the holder has opened a commercial workshop without an approved change of purpose.",English,"The government parcel was leased for a residence, but the holder has opened a commercial workshop without an approved change of purpose.",AI-authored English; no translation,AI-generated synthetic complaint scenario variant,No,,Unauthorized Allocation / Transfer / Use,Hypothetical state/public-land lease complaint; in-scope by scenario construction,Training augmentation candidate only; human label review required,,,Synthetic - not a real incident,Authored hypothetical scenario; no external incident asserted,,Scenario-author-assigned label; not expert-confirmed gold,"Fictional conditions are scenario assumptions, not statements of Sri Lankan law. Three variants share one scenario family.",SYN-FAM-061,,complaint-development-v0.2-draft-530,New synthetic scenario,Explicitly synthetic,Yes,SYN-FAM-061,1,ChatGPT,2026-09-30,Hypothetical; not derived from a specific baseline or source incident,,,,,,Proposed scenario label - human review required,Training-only candidate after label review,Exclude from primary evaluation; optional separate synthetic diagnostic only,Yes - before new evaluation,,,,,,,,,
SYN-0182,SYN-FAM-061,Residential lease used as workshop,A workshop is operating on the state leasehold even though the signed allocation permits residential occupation only.,English,A workshop is operating on the state leasehold even though the signed allocation permits residential occupation only.,AI-authored English; no translation,AI-generated synthetic complaint scenario variant,No,,Unauthorized Allocation / Transfer / Use,Hypothetical state/public-land lease complaint; in-scope by scenario construction,Training augmentation candidate only; human label review required,,,Synthetic - not a real incident,Authored hypothetical scenario; no external incident asserted,,Scenario-author-assigned label; not expert-confirmed gold,"Fictional conditions are scenario assumptions, not statements of Sri Lankan law. Three variants share one scenario family.",SYN-FAM-061,,complaint-development-v0.2-draft-530,New synthetic scenario,Explicitly synthetic,Yes,SYN-FAM-061,2,ChatGPT,2026-09-30,Hypothetical; not derived from a specific baseline or source incident,,,,,,Proposed scenario label - human review required,Training-only candidate after label review,Exclude from primary evaluation; optional separate synthetic diagnostic only,Yes - before new evaluation,,,,,,,,,
SYN-0183,SYN-FAM-061,Residential lease used as workshop,The residential lessee converted the premises into a business site without obtaining the change-of-use approval required by the lease.,English,The residential lessee converted the premises into a business site without obtaining the change-of-use approval required by the lease.,AI-authored English; no translation,AI-generated synthetic complaint scenario variant,No,,Unauthorized Allocation / Transfer / Use,Hypothetical state/public-land lease complaint; in-scope by scenario construction,Training augmentation candidate only; human label review required,,,Synthetic - not a real incident,Authored hypothetical scenario; no external incident asserted,,Scenario-author-assigned label; not expert-confirmed gold,"Fictional conditions are scenario assumptions, not statements of Sri Lankan law. Three variants share one scenario family.",SYN-FAM-061,,complaint-development-v0.2-draft-530,New synthetic scenario,Explicitly synthetic,Yes,SYN-FAM-061,3,ChatGPT,2026-09-30,Hypothetical; not derived from a specific baseline or source incident,,,,,,Proposed scenario label - human review required,Training-only candidate after label review,Exclude from primary evaluation; optional separate synthetic diagnostic only,Yes - before new evaluation,,,,,,,,,
SYN-0184,SYN-FAM-062,Transfer beyond inherited entitlement,One successor to a state-land lease privately transferred the entire leasehold despite approval covering only that successor's share.,English,One successor to a state-land lease privately transferred the entire leasehold despite approval covering only that successor's share.,AI-authored English; no translation,AI-generated synthetic complaint scenario variant,No,,Unauthorized Allocation / Transfer / Use,Hypothetical state/public-land lease complaint; in-scope by scenario construction,Training augmentation candidate only; human label review required,,,Synthetic - not a real incident,Authored hypothetical scenario; no external incident asserted,,Scenario-author-assigned label; not expert-confirmed gold,"Fictional conditions are scenario assumptions, not statements of Sri Lankan law. Three variants share one scenario family.",SYN-FAM-062,,complaint-development-v0.2-draft-530,New synthetic scenario,Explicitly synthetic,Yes,SYN-FAM-062,1,ChatGPT,2026-09-30,Hypothetical; not derived from a specific baseline or source incident,,,,,,Proposed scenario label - human review required,Training-only candidate after label review,Exclude from primary evaluation; optional separate synthetic diagnostic only,Yes - before new evaluation,,,,,,,,,
SYN-0185,SYN-FAM-062,Transfer beyond inherited entitlement,The family reports that a beneficiary sold more lease rights than the authority had approved for inheritance transfer.,English,The family reports that a beneficiary sold more lease rights than the authority had approved for inheritance transfer.,AI-authored English; no translation,AI-generated synthetic complaint scenario variant,No,,Unauthorized Allocation / Transfer / Use,Hypothetical state/public-land lease complaint; in-scope by scenario construction,Training augmentation candidate only; human label review required,,,Synthetic - not a real incident,Authored hypothetical scenario; no external incident asserted,,Scenario-author-assigned label; not expert-confirmed gold,"Fictional conditions are scenario assumptions, not statements of Sri Lankan law. Three variants share one scenario family.",SYN-FAM-062,,complaint-development-v0.2-draft-530,New synthetic scenario,Explicitly synthetic,Yes,SYN-FAM-062,2,ChatGPT,2026-09-30,Hypothetical; not derived from a specific baseline or source incident,,,,,,Proposed scenario label - human review required,Training-only candidate after label review,Exclude from primary evaluation; optional separate synthetic diagnostic only,Yes - before new evaluation,,,,,,,,,
SYN-0186,SYN-FAM-062,Transfer beyond inherited entitlement,A person authorized to receive only part of the government lease interest purported to assign the whole parcel to a buyer.,English,A person authorized to receive only part of the government lease interest purported to assign the whole parcel to a buyer.,AI-authored English; no translation,AI-generated synthetic complaint scenario variant,No,,Unauthorized Allocation / Transfer / Use,Hypothetical state/public-land lease complaint; in-scope by scenario construction,Training augmentation candidate only; human label review required,,,Synthetic - not a real incident,Authored hypothetical scenario; no external incident asserted,,Scenario-author-assigned label; not expert-confirmed gold,"Fictional conditions are scenario assumptions, not statements of Sri Lankan law. Three variants share one scenario family.",SYN-FAM-062,,complaint-development-v0.2-draft-530,New synthetic scenario,Explicitly synthetic,Yes,SYN-FAM-062,3,ChatGPT,2026-09-30,Hypothetical; not derived from a specific baseline or source incident,,,,,,Proposed scenario label - human review required,Training-only candidate after label review,Exclude from primary evaluation; optional separate synthetic diagnostic only,Yes - before new evaluation,,,,,,,,,
SYN-0187,SYN-FAM-063,Unauthorized occupation during vacancy,"After the state-land lessee vacated, an unrelated person entered the parcel and claimed tenancy without any allocation from the authority.",English,"After the state-land lessee vacated, an unrelated person entered the parcel and claimed tenancy without any allocation from the authority.",AI-authored English; no translation,AI-generated synthetic complaint scenario variant,No,,Unauthorized Allocation / Transfer / Use,Hypothetical state/public-land lease complaint; in-scope by scenario construction,Training augmentation candidate only; human label review required,,,Synthetic - not a real incident,Authored hypothetical scenario; no external incident asserted,,Scenario-author-assigned label; not expert-confirmed gold,"Fictional conditions are scenario assumptions, not statements of Sri Lankan law. Three variants share one scenario family.",SYN-FAM-063,,complaint-development-v0.2-draft-530,New synthetic scenario,Explicitly synthetic,Yes,SYN-FAM-063,1,ChatGPT,2026-09-30,Hypothetical; not derived from a specific baseline or source incident,,,,,,Proposed scenario label - human review required,Training-only candidate after label review,Exclude from primary evaluation; optional separate synthetic diagnostic only,Yes - before new evaluation,,,,,,,,,
SYN-0188,SYN-FAM-063,Unauthorized occupation during vacancy,A vacant government leasehold has been occupied by someone who cannot produce a lease or approved assignment.,English,A vacant government leasehold has been occupied by someone who cannot produce a lease or approved assignment.,AI-authored English; no translation,AI-generated synthetic complaint scenario variant,No,,Unauthorized Allocation / Transfer / Use,Hypothetical state/public-land lease complaint; in-scope by scenario construction,Training augmentation candidate only; human label review required,,,Synthetic - not a real incident,Authored hypothetical scenario; no external incident asserted,,Scenario-author-assigned label; not expert-confirmed gold,"Fictional conditions are scenario assumptions, not statements of Sri Lankan law. Three variants share one scenario family.",SYN-FAM-063,,complaint-development-v0.2-draft-530,New synthetic scenario,Explicitly synthetic,Yes,SYN-FAM-063,2,ChatGPT,2026-09-30,Hypothetical; not derived from a specific baseline or source incident,,,,,,Proposed scenario label - human review required,Training-only candidate after label review,Exclude from primary evaluation; optional separate synthetic diagnostic only,Yes - before new evaluation,,,,,,,,,
SYN-0189,SYN-FAM-063,Unauthorized occupation during vacancy,"The new occupant took control of the former lease site while the authority was arranging reallocation, without receiving permission.",English,"The new occupant took control of the former lease site while the authority was arranging reallocation, without receiving permission.",AI-authored English; no translation,AI-generated synthetic complaint scenario variant,No,,Unauthorized Allocation / Transfer / Use,Hypothetical state/public-land lease complaint; in-scope by scenario construction,Training augmentation candidate only; human label review required,,,Synthetic - not a real incident,Authored hypothetical scenario; no external incident asserted,,Scenario-author-assigned label; not expert-confirmed gold,"Fictional conditions are scenario assumptions, not statements of Sri Lankan law. Three variants share one scenario family.",SYN-FAM-063,,complaint-development-v0.2-draft-530,New synthetic scenario,Explicitly synthetic,Yes,SYN-FAM-063,3,ChatGPT,2026-09-30,Hypothetical; not derived from a specific baseline or source incident,,,,,,Proposed scenario label - human review required,Training-only candidate after label review,Exclude from primary evaluation; optional separate synthetic diagnostic only,Yes - before new evaluation,,,,,,,,,
SYN-0190,SYN-FAM-064,Use of reserved access strip,The lessee fenced off an access strip explicitly excluded from the government-land lease plan and incorporated it into the business premises.,English,The lessee fenced off an access strip explicitly excluded from the government-land lease plan and incorporated it into the business premises.,AI-authored English; no translation,AI-generated synthetic complaint scenario variant,No,,Unauthorized Allocation / Transfer / Use,Hypothetical state/public-land lease complaint; in-scope by scenario construction,Training augmentation candidate only; human label review required,,,Synthetic - not a real incident,Authored hypothetical scenario; no external incident asserted,,Scenario-author-assigned label; not expert-confirmed gold,"Fictional conditions are scenario assumptions, not statements of Sri Lankan law. Three variants share one scenario family.",SYN-FAM-064,,complaint-development-v0.2-draft-530,New synthetic scenario,Explicitly synthetic,Yes,SYN-FAM-064,1,ChatGPT,2026-09-30,Hypothetical; not derived from a specific baseline or source incident,,,,,,Proposed scenario label - human review required,Training-only candidate after label review,Exclude from primary evaluation; optional separate synthetic diagnostic only,Yes - before new evaluation,,,,,,,,,
SYN-0191,SYN-FAM-064,Use of reserved access strip,A public access strip outside the leased extent has been blocked and used by the state-land occupier without authorization.,English,A public access strip outside the leased extent has been blocked and used by the state-land occupier without authorization.,AI-authored English; no translation,AI-generated synthetic complaint scenario variant,No,,Unauthorized Allocation / Transfer / Use,Hypothetical state/public-land lease complaint; in-scope by scenario construction,Training augmentation candidate only; human label review required,,,Synthetic - not a real incident,Authored hypothetical scenario; no external incident asserted,,Scenario-author-assigned label; not expert-confirmed gold,"Fictional conditions are scenario assumptions, not statements of Sri Lankan law. Three variants share one scenario family.",SYN-FAM-064,,complaint-development-v0.2-draft-530,New synthetic scenario,Explicitly synthetic,Yes,SYN-FAM-064,2,ChatGPT,2026-09-30,Hypothetical; not derived from a specific baseline or source incident,,,,,,Proposed scenario label - human review required,Training-only candidate after label review,Exclude from primary evaluation; optional separate synthetic diagnostic only,Yes - before new evaluation,,,,,,,,,
SYN-0192,SYN-FAM-064,Use of reserved access strip,"The leaseholder extended operations onto the excluded access route, preventing the access retained in the approved parcel plan.",English,"The leaseholder extended operations onto the excluded access route, preventing the access retained in the approved parcel plan.",AI-authored English; no translation,AI-generated synthetic complaint scenario variant,No,,Unauthorized Allocation / Transfer / Use,Hypothetical state/public-land lease complaint; in-scope by scenario construction,Training augmentation candidate only; human label review required,,,Synthetic - not a real incident,Authored hypothetical scenario; no external incident asserted,,Scenario-author-assigned label; not expert-confirmed gold,"Fictional conditions are scenario assumptions, not statements of Sri Lankan law. Three variants share one scenario family.",SYN-FAM-064,,complaint-development-v0.2-draft-530,New synthetic scenario,Explicitly synthetic,Yes,SYN-FAM-064,3,ChatGPT,2026-09-30,Hypothetical; not derived from a specific baseline or source incident,,,,,,Proposed scenario label - human review required,Training-only candidate after label review,Exclude from primary evaluation; optional separate synthetic diagnostic only,Yes - before new evaluation,,,,,,,,,
SYN-0193,SYN-FAM-065,Training site converted to event venue,Land leased for a training centre is being rented out solely as an event venue without the government's approval to change the agreed purpose.,English,Land leased for a training centre is being rented out solely as an event venue without the government's approval to change the agreed purpose.,AI-authored English; no translation,AI-generated synthetic complaint scenario variant,No,,Unauthorized Allocation / Transfer / Use,Hypothetical state/public-land lease complaint; in-scope by scenario construction,Training augmentation candidate only; human label review required,,,Synthetic - not a real incident,Authored hypothetical scenario; no external incident asserted,,Scenario-author-assigned label; not expert-confirmed gold,"Fictional conditions are scenario assumptions, not statements of Sri Lankan law. Three variants share one scenario family.",SYN-FAM-065,,complaint-development-v0.2-draft-530,New synthetic scenario,Explicitly synthetic,Yes,SYN-FAM-065,1,ChatGPT,2026-09-30,Hypothetical; not derived from a specific baseline or source incident,,,,,,Proposed scenario label - human review required,Training-only candidate after label review,Exclude from primary evaluation; optional separate synthetic diagnostic only,Yes - before new evaluation,,,,,,,,,
SYN-0194,SYN-FAM-065,Training site converted to event venue,The lessee abandoned the approved training activity and operates a paid event venue on the state parcel without consent.,English,The lessee abandoned the approved training activity and operates a paid event venue on the state parcel without consent.,AI-authored English; no translation,AI-generated synthetic complaint scenario variant,No,,Unauthorized Allocation / Transfer / Use,Hypothetical state/public-land lease complaint; in-scope by scenario construction,Training augmentation candidate only; human label review required,,,Synthetic - not a real incident,Authored hypothetical scenario; no external incident asserted,,Scenario-author-assigned label; not expert-confirmed gold,"Fictional conditions are scenario assumptions, not statements of Sri Lankan law. Three variants share one scenario family.",SYN-FAM-065,,complaint-development-v0.2-draft-530,New synthetic scenario,Explicitly synthetic,Yes,SYN-FAM-065,2,ChatGPT,2026-09-30,Hypothetical; not derived from a specific baseline or source incident,,,,,,Proposed scenario label - human review required,Training-only candidate after label review,Exclude from primary evaluation; optional separate synthetic diagnostic only,Yes - before new evaluation,,,,,,,,,
SYN-0195,SYN-FAM-065,Training site converted to event venue,"A government leasehold intended for instruction has become an events business, with no authorized variation of the lease purpose.",English,"A government leasehold intended for instruction has become an events business, with no authorized variation of the lease purpose.",AI-authored English; no translation,AI-generated synthetic complaint scenario variant,No,,Unauthorized Allocation / Transfer / Use,Hypothetical state/public-land lease complaint; in-scope by scenario construction,Training augmentation candidate only; human label review required,,,Synthetic - not a real incident,Authored hypothetical scenario; no external incident asserted,,Scenario-author-assigned label; not expert-confirmed gold,"Fictional conditions are scenario assumptions, not statements of Sri Lankan law. Three variants share one scenario family.",SYN-FAM-065,,complaint-development-v0.2-draft-530,New synthetic scenario,Explicitly synthetic,Yes,SYN-FAM-065,3,ChatGPT,2026-09-30,Hypothetical; not derived from a specific baseline or source incident,,,,,,Proposed scenario label - human review required,Training-only candidate after label review,Exclude from primary evaluation; optional separate synthetic diagnostic only,Yes - before new evaluation,,,,,,,,,
SYN-0196,SYN-FAM-066,Additional parcel claimed under old lease,The holder presents a lease for one government parcel as authority to occupy a separate neighboring parcel that was never included.,English,The holder presents a lease for one government parcel as authority to occupy a separate neighboring parcel that was never included.,AI-authored English; no translation,AI-generated synthetic complaint scenario variant,No,,Unauthorized Allocation / Transfer / Use,Hypothetical state/public-land lease complaint; in-scope by scenario construction,Training augmentation candidate only; human label review required,,,Synthetic - not a real incident,Authored hypothetical scenario; no external incident asserted,,Scenario-author-assigned label; not expert-confirmed gold,"Fictional conditions are scenario assumptions, not statements of Sri Lankan law. Three variants share one scenario family.",SYN-FAM-066,,complaint-development-v0.2-draft-530,New synthetic scenario,Explicitly synthetic,Yes,SYN-FAM-066,1,ChatGPT,2026-09-30,Hypothetical; not derived from a specific baseline or source incident,,,,,,Proposed scenario label - human review required,Training-only candidate after label review,Exclude from primary evaluation; optional separate synthetic diagnostic only,Yes - before new evaluation,,,,,,,,,
SYN-0197,SYN-FAM-066,Additional parcel claimed under old lease,A lessee has occupied a second state plot using documents that identify only the original leased plot.,English,A lessee has occupied a second state plot using documents that identify only the original leased plot.,AI-authored English; no translation,AI-generated synthetic complaint scenario variant,No,,Unauthorized Allocation / Transfer / Use,Hypothetical state/public-land lease complaint; in-scope by scenario construction,Training augmentation candidate only; human label review required,,,Synthetic - not a real incident,Authored hypothetical scenario; no external incident asserted,,Scenario-author-assigned label; not expert-confirmed gold,"Fictional conditions are scenario assumptions, not statements of Sri Lankan law. Three variants share one scenario family.",SYN-FAM-066,,complaint-development-v0.2-draft-530,New synthetic scenario,Explicitly synthetic,Yes,SYN-FAM-066,2,ChatGPT,2026-09-30,Hypothetical; not derived from a specific baseline or source incident,,,,,,Proposed scenario label - human review required,Training-only candidate after label review,Exclude from primary evaluation; optional separate synthetic diagnostic only,Yes - before new evaluation,,,,,,,,,
SYN-0198,SYN-FAM-066,Additional parcel claimed under old lease,The leaseholder's claimed right to the neighboring land is unsupported by the parcel numbers in the executed agreement.,English,The leaseholder's claimed right to the neighboring land is unsupported by the parcel numbers in the executed agreement.,AI-authored English; no translation,AI-generated synthetic complaint scenario variant,No,,Unauthorized Allocation / Transfer / Use,Hypothetical state/public-land lease complaint; in-scope by scenario construction,Training augmentation candidate only; human label review required,,,Synthetic - not a real incident,Authored hypothetical scenario; no external incident asserted,,Scenario-author-assigned label; not expert-confirmed gold,"Fictional conditions are scenario assumptions, not statements of Sri Lankan law. Three variants share one scenario family.",SYN-FAM-066,,complaint-development-v0.2-draft-530,New synthetic scenario,Explicitly synthetic,Yes,SYN-FAM-066,3,ChatGPT,2026-09-30,Hypothetical; not derived from a specific baseline or source incident,,,,,,Proposed scenario label - human review required,Training-only candidate after label review,Exclude from primary evaluation; optional separate synthetic diagnostic only,Yes - before new evaluation,,,,,,,,,
SYN-0199,SYN-FAM-067,Unapproved warehouse on farm lease,The holder constructed and rented out a warehouse on a cultivation lease without permission for either the building or commercial tenancy.,English,The holder constructed and rented out a warehouse on a cultivation lease without permission for either the building or commercial tenancy.,AI-authored English; no translation,AI-generated synthetic complaint scenario variant,No,,Unauthorized Allocation / Transfer / Use,Hypothetical state/public-land lease complaint; in-scope by scenario construction,Training augmentation candidate only; human label review required,,,Synthetic - not a real incident,Authored hypothetical scenario; no external incident asserted,,Scenario-author-assigned label; not expert-confirmed gold,"Fictional conditions are scenario assumptions, not statements of Sri Lankan law. Three variants share one scenario family.",SYN-FAM-067,,complaint-development-v0.2-draft-530,New synthetic scenario,Explicitly synthetic,Yes,SYN-FAM-067,1,ChatGPT,2026-09-30,Hypothetical; not derived from a specific baseline or source incident,,,,,,Proposed scenario label - human review required,Training-only candidate after label review,Exclude from primary evaluation; optional separate synthetic diagnostic only,Yes - before new evaluation,,,,,,,,,
SYN-0200,SYN-FAM-067,Unapproved warehouse on farm lease,"A privately rented warehouse now occupies state land allocated for farming, with no approved development or subletting arrangement.",English,"A privately rented warehouse now occupies state land allocated for farming, with no approved development or subletting arrangement.",AI-authored English; no translation,AI-generated synthetic complaint scenario variant,No,,Unauthorized Allocation / Transfer / Use,Hypothetical state/public-land lease complaint; in-scope by scenario construction,Training augmentation candidate only; human label review required,,,Synthetic - not a real incident,Authored hypothetical scenario; no external incident asserted,,Scenario-author-assigned label; not expert-confirmed gold,"Fictional conditions are scenario assumptions, not statements of Sri Lankan law. Three variants share one scenario family.",SYN-FAM-067,,complaint-development-v0.2-draft-530,New synthetic scenario,Explicitly synthetic,Yes,SYN-FAM-067,2,ChatGPT,2026-09-30,Hypothetical; not derived from a specific baseline or source incident,,,,,,Proposed scenario label - human review required,Training-only candidate after label review,Exclude from primary evaluation; optional separate synthetic diagnostic only,Yes - before new evaluation,,,,,,,,,
SYN-0201,SYN-FAM-067,Unapproved warehouse on farm lease,"The lessee uses the agricultural government parcel for warehouse rental instead of cultivation, without recorded consent.",English,"The lessee uses the agricultural government parcel for warehouse rental instead of cultivation, without recorded consent.",AI-authored English; no translation,AI-generated synthetic complaint scenario variant,No,,Unauthorized Allocation / Transfer / Use,Hypothetical state/public-land lease complaint; in-scope by scenario construction,Training augmentation candidate only; human label review required,,,Synthetic - not a real incident,Authored hypothetical scenario; no external incident asserted,,Scenario-author-assigned label; not expert-confirmed gold,"Fictional conditions are scenario assumptions, not statements of Sri Lankan law. Three variants share one scenario family.",SYN-FAM-067,,complaint-development-v0.2-draft-530,New synthetic scenario,Explicitly synthetic,Yes,SYN-FAM-067,3,ChatGPT,2026-09-30,Hypothetical; not derived from a specific baseline or source incident,,,,,,Proposed scenario label - human review required,Training-only candidate after label review,Exclude from primary evaluation; optional separate synthetic diagnostic only,Yes - before new evaluation,,,,,,,,,
SYN-0202,SYN-FAM-068,Consent limited to part exceeded,"Approval allowed subletting one room on the state leasehold, but the holder handed over the entire premises to the operator.",English,"Approval allowed subletting one room on the state leasehold, but the holder handed over the entire premises to the operator.",AI-authored English; no translation,AI-generated synthetic complaint scenario variant,No,,Unauthorized Allocation / Transfer / Use,Hypothetical state/public-land lease complaint; in-scope by scenario construction,Training augmentation candidate only; human label review required,,,Synthetic - not a real incident,Authored hypothetical scenario; no external incident asserted,,Scenario-author-assigned label; not expert-confirmed gold,"Fictional conditions are scenario assumptions, not statements of Sri Lankan law. Three variants share one scenario family.",SYN-FAM-068,,complaint-development-v0.2-draft-530,New synthetic scenario,Explicitly synthetic,Yes,SYN-FAM-068,1,ChatGPT,2026-09-30,Hypothetical; not derived from a specific baseline or source incident,,,,,,Proposed scenario label - human review required,Training-only candidate after label review,Exclude from primary evaluation; optional separate synthetic diagnostic only,Yes - before new evaluation,,,,,,,,,
SYN-0203,SYN-FAM-068,Consent limited to part exceeded,The third-party occupier controls all of the government lease site even though the consent covers only a small specified portion.,English,The third-party occupier controls all of the government lease site even though the consent covers only a small specified portion.,AI-authored English; no translation,AI-generated synthetic complaint scenario variant,No,,Unauthorized Allocation / Transfer / Use,Hypothetical state/public-land lease complaint; in-scope by scenario construction,Training augmentation candidate only; human label review required,,,Synthetic - not a real incident,Authored hypothetical scenario; no external incident asserted,,Scenario-author-assigned label; not expert-confirmed gold,"Fictional conditions are scenario assumptions, not statements of Sri Lankan law. Three variants share one scenario family.",SYN-FAM-068,,complaint-development-v0.2-draft-530,New synthetic scenario,Explicitly synthetic,Yes,SYN-FAM-068,2,ChatGPT,2026-09-30,Hypothetical; not derived from a specific baseline or source incident,,,,,,Proposed scenario label - human review required,Training-only candidate after label review,Exclude from primary evaluation; optional separate synthetic diagnostic only,Yes - before new evaluation,,,,,,,,,
SYN-0204,SYN-FAM-068,Consent limited to part exceeded,"A limited sublease authorization was used to transfer possession of the whole parcel, exceeding the approved extent.",English,"A limited sublease authorization was used to transfer possession of the whole parcel, exceeding the approved extent.",AI-authored English; no translation,AI-generated synthetic complaint scenario variant,No,,Unauthorized Allocation / Transfer / Use,Hypothetical state/public-land lease complaint; in-scope by scenario construction,Training augmentation candidate only; human label review required,,,Synthetic - not a real incident,Authored hypothetical scenario; no external incident asserted,,Scenario-author-assigned label; not expert-confirmed gold,"Fictional conditions are scenario assumptions, not statements of Sri Lankan law. Three variants share one scenario family.",SYN-FAM-068,,complaint-development-v0.2-draft-530,New synthetic scenario,Explicitly synthetic,Yes,SYN-FAM-068,3,ChatGPT,2026-09-30,Hypothetical; not derived from a specific baseline or source incident,,,,,,Proposed scenario label - human review required,Training-only candidate after label review,Exclude from primary evaluation; optional separate synthetic diagnostic only,Yes - before new evaluation,,,,,,,,,
SYN-0205,SYN-FAM-069,Mineral use outside lease purpose,"The state-land lease allows crop farming only, but the holder began extracting stone without any approval for mineral use of the parcel.",English,"The state-land lease allows crop farming only, but the holder began extracting stone without any approval for mineral use of the parcel.",AI-authored English; no translation,AI-generated synthetic complaint scenario variant,No,,Unauthorized Allocation / Transfer / Use,Hypothetical state/public-land lease complaint; in-scope by scenario construction,Training augmentation candidate only; human label review required,,,Synthetic - not a real incident,Authored hypothetical scenario; no external incident asserted,,Scenario-author-assigned label; not expert-confirmed gold,"Fictional conditions are scenario assumptions, not statements of Sri Lankan law. Three variants share one scenario family.",SYN-FAM-069,,complaint-development-v0.2-draft-530,New synthetic scenario,Explicitly synthetic,Yes,SYN-FAM-069,1,ChatGPT,2026-09-30,Hypothetical; not derived from a specific baseline or source incident,,,,,,Proposed scenario label - human review required,Training-only candidate after label review,Exclude from primary evaluation; optional separate synthetic diagnostic only,Yes - before new evaluation,,,,,,,,,
SYN-0206,SYN-FAM-069,Mineral use outside lease purpose,Stone is being removed from a government agricultural leasehold whose agreement does not authorize quarrying and has not been varied.,English,Stone is being removed from a government agricultural leasehold whose agreement does not authorize quarrying and has not been varied.,AI-authored English; no translation,AI-generated synthetic complaint scenario variant,No,,Unauthorized Allocation / Transfer / Use,Hypothetical state/public-land lease complaint; in-scope by scenario construction,Training augmentation candidate only; human label review required,,,Synthetic - not a real incident,Authored hypothetical scenario; no external incident asserted,,Scenario-author-assigned label; not expert-confirmed gold,"Fictional conditions are scenario assumptions, not statements of Sri Lankan law. Three variants share one scenario family.",SYN-FAM-069,,complaint-development-v0.2-draft-530,New synthetic scenario,Explicitly synthetic,Yes,SYN-FAM-069,2,ChatGPT,2026-09-30,Hypothetical; not derived from a specific baseline or source incident,,,,,,Proposed scenario label - human review required,Training-only candidate after label review,Exclude from primary evaluation; optional separate synthetic diagnostic only,Yes - before new evaluation,,,,,,,,,
SYN-0207,SYN-FAM-069,Mineral use outside lease purpose,The lessee changed from cultivation to stone extraction without obtaining the lessor's required change-of-purpose consent.,English,The lessee changed from cultivation to stone extraction without obtaining the lessor's required change-of-purpose consent.,AI-authored English; no translation,AI-generated synthetic complaint scenario variant,No,,Unauthorized Allocation / Transfer / Use,Hypothetical state/public-land lease complaint; in-scope by scenario construction,Training augmentation candidate only; human label review required,,,Synthetic - not a real incident,Authored hypothetical scenario; no external incident asserted,,Scenario-author-assigned label; not expert-confirmed gold,"Fictional conditions are scenario assumptions, not statements of Sri Lankan law. Three variants share one scenario family.",SYN-FAM-069,,complaint-development-v0.2-draft-530,New synthetic scenario,Explicitly synthetic,Yes,SYN-FAM-069,3,ChatGPT,2026-09-30,Hypothetical; not derived from a specific baseline or source incident,,,,,,Proposed scenario label - human review required,Training-only candidate after label review,Exclude from primary evaluation; optional separate synthetic diagnostic only,Yes - before new evaluation,,,,,,,,,
SYN-0208,SYN-FAM-070,Private assignment after consent refusal,"The authority refused an assignment request, but the state-land lessee nevertheless handed possession to the proposed transferee.",English,"The authority refused an assignment request, but the state-land lessee nevertheless handed possession to the proposed transferee.",AI-authored English; no translation,AI-generated synthetic complaint scenario variant,No,,Unauthorized Allocation / Transfer / Use,Hypothetical state/public-land lease complaint; in-scope by scenario construction,Training augmentation candidate only; human label review required,,,Synthetic - not a real incident,Authored hypothetical scenario; no external incident asserted,,Scenario-author-assigned label; not expert-confirmed gold,"Fictional conditions are scenario assumptions, not statements of Sri Lankan law. Three variants share one scenario family.",SYN-FAM-070,,complaint-development-v0.2-draft-530,New synthetic scenario,Explicitly synthetic,Yes,SYN-FAM-070,1,ChatGPT,2026-09-30,Hypothetical; not derived from a specific baseline or source incident,,,,,,Proposed scenario label - human review required,Training-only candidate after label review,Exclude from primary evaluation; optional separate synthetic diagnostic only,Yes - before new evaluation,,,,,,,,,
SYN-0209,SYN-FAM-070,Private assignment after consent refusal,"A rejected lease transfer proceeded privately, and the disallowed transferee is now occupying the government parcel.",English,"A rejected lease transfer proceeded privately, and the disallowed transferee is now occupying the government parcel.",AI-authored English; no translation,AI-generated synthetic complaint scenario variant,No,,Unauthorized Allocation / Transfer / Use,Hypothetical state/public-land lease complaint; in-scope by scenario construction,Training augmentation candidate only; human label review required,,,Synthetic - not a real incident,Authored hypothetical scenario; no external incident asserted,,Scenario-author-assigned label; not expert-confirmed gold,"Fictional conditions are scenario assumptions, not statements of Sri Lankan law. Three variants share one scenario family.",SYN-FAM-070,,complaint-development-v0.2-draft-530,New synthetic scenario,Explicitly synthetic,Yes,SYN-FAM-070,2,ChatGPT,2026-09-30,Hypothetical; not derived from a specific baseline or source incident,,,,,,Proposed scenario label - human review required,Training-only candidate after label review,Exclude from primary evaluation; optional separate synthetic diagnostic only,Yes - before new evaluation,,,,,,,,,
SYN-0210,SYN-FAM-070,Private assignment after consent refusal,"The holder completed the same transfer that the lessor had expressly declined to authorize, according to the case records.",English,"The holder completed the same transfer that the lessor had expressly declined to authorize, according to the case records.",AI-authored English; no translation,AI-generated synthetic complaint scenario variant,No,,Unauthorized Allocation / Transfer / Use,Hypothetical state/public-land lease complaint; in-scope by scenario construction,Training augmentation candidate only; human label review required,,,Synthetic - not a real incident,Authored hypothetical scenario; no external incident asserted,,Scenario-author-assigned label; not expert-confirmed gold,"Fictional conditions are scenario assumptions, not statements of Sri Lankan law. Three variants share one scenario family.",SYN-FAM-070,,complaint-development-v0.2-draft-530,New synthetic scenario,Explicitly synthetic,Yes,SYN-FAM-070,3,ChatGPT,2026-09-30,Hypothetical; not derived from a specific baseline or source incident,,,,,,Proposed scenario label - human review required,Training-only candidate after label review,Exclude from primary evaluation; optional separate synthetic diagnostic only,Yes - before new evaluation,,,,,,,,,
SYN-0211,SYN-FAM-071,Land use beyond temporary permission,"Temporary permission covered storing materials during repairs, but the contractor established a continuing business on the state leasehold after that permission ended.",English,"Temporary permission covered storing materials during repairs, but the contractor established a continuing business on the state leasehold after that permission ended.",AI-authored English; no translation,AI-generated synthetic complaint scenario variant,No,,Unauthorized Allocation / Transfer / Use,Hypothetical state/public-land lease complaint; in-scope by scenario construction,Training augmentation candidate only; human label review required,,,Synthetic - not a real incident,Authored hypothetical scenario; no external incident asserted,,Scenario-author-assigned label; not expert-confirmed gold,"Fictional conditions are scenario assumptions, not statements of Sri Lankan law. Three variants share one scenario family.",SYN-FAM-071,,complaint-development-v0.2-draft-530,New synthetic scenario,Explicitly synthetic,Yes,SYN-FAM-071,1,ChatGPT,2026-09-30,Hypothetical; not derived from a specific baseline or source incident,,,,,,Proposed scenario label - human review required,Training-only candidate after label review,Exclude from primary evaluation; optional separate synthetic diagnostic only,Yes - before new evaluation,,,,,,,,,
SYN-0212,SYN-FAM-071,Land use beyond temporary permission,The operator stayed and began commercial activities on government land after its limited temporary storage consent expired.,English,The operator stayed and began commercial activities on government land after its limited temporary storage consent expired.,AI-authored English; no translation,AI-generated synthetic complaint scenario variant,No,,Unauthorized Allocation / Transfer / Use,Hypothetical state/public-land lease complaint; in-scope by scenario construction,Training augmentation candidate only; human label review required,,,Synthetic - not a real incident,Authored hypothetical scenario; no external incident asserted,,Scenario-author-assigned label; not expert-confirmed gold,"Fictional conditions are scenario assumptions, not statements of Sri Lankan law. Three variants share one scenario family.",SYN-FAM-071,,complaint-development-v0.2-draft-530,New synthetic scenario,Explicitly synthetic,Yes,SYN-FAM-071,2,ChatGPT,2026-09-30,Hypothetical; not derived from a specific baseline or source incident,,,,,,Proposed scenario label - human review required,Training-only candidate after label review,Exclude from primary evaluation; optional separate synthetic diagnostic only,Yes - before new evaluation,,,,,,,,,
SYN-0213,SYN-FAM-071,Land use beyond temporary permission,A short-term storage arrangement on the leased parcel has been treated as continuing business occupation without further approval.,English,A short-term storage arrangement on the leased parcel has been treated as continuing business occupation without further approval.,AI-authored English; no translation,AI-generated synthetic complaint scenario variant,No,,Unauthorized Allocation / Transfer / Use,Hypothetical state/public-land lease complaint; in-scope by scenario construction,Training augmentation candidate only; human label review required,,,Synthetic - not a real incident,Authored hypothetical scenario; no external incident asserted,,Scenario-author-assigned label; not expert-confirmed gold,"Fictional conditions are scenario assumptions, not statements of Sri Lankan law. Three variants share one scenario family.",SYN-FAM-071,,complaint-development-v0.2-draft-530,New synthetic scenario,Explicitly synthetic,Yes,SYN-FAM-071,3,ChatGPT,2026-09-30,Hypothetical; not derived from a specific baseline or source incident,,,,,,Proposed scenario label - human review required,Training-only candidate after label review,Exclude from primary evaluation; optional separate synthetic diagnostic only,Yes - before new evaluation,,,,,,,,,
SYN-0214,SYN-FAM-072,Lease rights advertised as ownership,The holder is offering portions of a government leasehold for outright sale while the title remains with the state and no disposal is authorized.,English,The holder is offering portions of a government leasehold for outright sale while the title remains with the state and no disposal is authorized.,AI-authored English; no translation,AI-generated synthetic complaint scenario variant,No,,Unauthorized Allocation / Transfer / Use,Hypothetical state/public-land lease complaint; in-scope by scenario construction,Training augmentation candidate only; human label review required,,,Synthetic - not a real incident,Authored hypothetical scenario; no external incident asserted,,Scenario-author-assigned label; not expert-confirmed gold,"Fictional conditions are scenario assumptions, not statements of Sri Lankan law. Three variants share one scenario family.",SYN-FAM-072,,complaint-development-v0.2-draft-530,New synthetic scenario,Explicitly synthetic,Yes,SYN-FAM-072,1,ChatGPT,2026-09-30,Hypothetical; not derived from a specific baseline or source incident,,,,,,Proposed scenario label - human review required,Training-only candidate after label review,Exclude from primary evaluation; optional separate synthetic diagnostic only,Yes - before new evaluation,,,,,,,,,
SYN-0215,SYN-FAM-072,Lease rights advertised as ownership,"Advertisements describe leased state plots as the seller's freehold property, although the documents provide only restricted lease rights.",English,"Advertisements describe leased state plots as the seller's freehold property, although the documents provide only restricted lease rights.",AI-authored English; no translation,AI-generated synthetic complaint scenario variant,No,,Unauthorized Allocation / Transfer / Use,Hypothetical state/public-land lease complaint; in-scope by scenario construction,Training augmentation candidate only; human label review required,,,Synthetic - not a real incident,Authored hypothetical scenario; no external incident asserted,,Scenario-author-assigned label; not expert-confirmed gold,"Fictional conditions are scenario assumptions, not statements of Sri Lankan law. Three variants share one scenario family.",SYN-FAM-072,,complaint-development-v0.2-draft-530,New synthetic scenario,Explicitly synthetic,Yes,SYN-FAM-072,2,ChatGPT,2026-09-30,Hypothetical; not derived from a specific baseline or source incident,,,,,,Proposed scenario label - human review required,Training-only candidate after label review,Exclude from primary evaluation; optional separate synthetic diagnostic only,Yes - before new evaluation,,,,,,,,,
SYN-0216,SYN-FAM-072,Lease rights advertised as ownership,A lessee is collecting deposits for permanent ownership of the government parcel without any authority to sell it.,English,A lessee is collecting deposits for permanent ownership of the government parcel without any authority to sell it.,AI-authored English; no translation,AI-generated synthetic complaint scenario variant,No,,Unauthorized Allocation / Transfer / Use,Hypothetical state/public-land lease complaint; in-scope by scenario construction,Training augmentation candidate only; human label review required,,,Synthetic - not a real incident,Authored hypothetical scenario; no external incident asserted,,Scenario-author-assigned label; not expert-confirmed gold,"Fictional conditions are scenario assumptions, not statements of Sri Lankan law. Three variants share one scenario family.",SYN-FAM-072,,complaint-development-v0.2-draft-530,New synthetic scenario,Explicitly synthetic,Yes,SYN-FAM-072,3,ChatGPT,2026-09-30,Hypothetical; not derived from a specific baseline or source incident,,,,,,Proposed scenario label - human review required,Training-only candidate after label review,Exclude from primary evaluation; optional separate synthetic diagnostic only,Yes - before new evaluation,,,,,,,,,
SYN-0217,SYN-FAM-073,Unauthorized tower operator,The state leaseholder allowed a telecom operator to install and occupy a tower site without the lessor's required consent for third-party use.,English,The state leaseholder allowed a telecom operator to install and occupy a tower site without the lessor's required consent for third-party use.,AI-authored English; no translation,AI-generated synthetic complaint scenario variant,No,,Unauthorized Allocation / Transfer / Use,Hypothetical state/public-land lease complaint; in-scope by scenario construction,Training augmentation candidate only; human label review required,,,Synthetic - not a real incident,Authored hypothetical scenario; no external incident asserted,,Scenario-author-assigned label; not expert-confirmed gold,"Fictional conditions are scenario assumptions, not statements of Sri Lankan law. Three variants share one scenario family.",SYN-FAM-073,,complaint-development-v0.2-draft-530,New synthetic scenario,Explicitly synthetic,Yes,SYN-FAM-073,1,ChatGPT,2026-09-30,Hypothetical; not derived from a specific baseline or source incident,,,,,,Proposed scenario label - human review required,Training-only candidate after label review,Exclude from primary evaluation; optional separate synthetic diagnostic only,Yes - before new evaluation,,,,,,,,,
SYN-0218,SYN-FAM-073,Unauthorized tower operator,A tower company occupies part of the government leasehold under a private arrangement absent from the authority's approvals.,English,A tower company occupies part of the government leasehold under a private arrangement absent from the authority's approvals.,AI-authored English; no translation,AI-generated synthetic complaint scenario variant,No,,Unauthorized Allocation / Transfer / Use,Hypothetical state/public-land lease complaint; in-scope by scenario construction,Training augmentation candidate only; human label review required,,,Synthetic - not a real incident,Authored hypothetical scenario; no external incident asserted,,Scenario-author-assigned label; not expert-confirmed gold,"Fictional conditions are scenario assumptions, not statements of Sri Lankan law. Three variants share one scenario family.",SYN-FAM-073,,complaint-development-v0.2-draft-530,New synthetic scenario,Explicitly synthetic,Yes,SYN-FAM-073,2,ChatGPT,2026-09-30,Hypothetical; not derived from a specific baseline or source incident,,,,,,Proposed scenario label - human review required,Training-only candidate after label review,Exclude from primary evaluation; optional separate synthetic diagnostic only,Yes - before new evaluation,,,,,,,,,
SYN-0219,SYN-FAM-073,Unauthorized tower operator,The leased parcel now hosts another company's tower despite the agreement requiring permission that was never obtained.,English,The leased parcel now hosts another company's tower despite the agreement requiring permission that was never obtained.,AI-authored English; no translation,AI-generated synthetic complaint scenario variant,No,,Unauthorized Allocation / Transfer / Use,Hypothetical state/public-land lease complaint; in-scope by scenario construction,Training augmentation candidate only; human label review required,,,Synthetic - not a real incident,Authored hypothetical scenario; no external incident asserted,,Scenario-author-assigned label; not expert-confirmed gold,"Fictional conditions are scenario assumptions, not statements of Sri Lankan law. Three variants share one scenario family.",SYN-FAM-073,,complaint-development-v0.2-draft-530,New synthetic scenario,Explicitly synthetic,Yes,SYN-FAM-073,3,ChatGPT,2026-09-30,Hypothetical; not derived from a specific baseline or source incident,,,,,,Proposed scenario label - human review required,Training-only candidate after label review,Exclude from primary evaluation; optional separate synthetic diagnostic only,Yes - before new evaluation,,,,,,,,,
SYN-0220,SYN-FAM-074,Lease surrender followed by private letting,"After surrendering the state lease, the former holder continued renting the parcel to another person despite having no remaining right to grant occupation.",English,"After surrendering the state lease, the former holder continued renting the parcel to another person despite having no remaining right to grant occupation.",AI-authored English; no translation,AI-generated synthetic complaint scenario variant,No,,Unauthorized Allocation / Transfer / Use,Hypothetical state/public-land lease complaint; in-scope by scenario construction,Training augmentation candidate only; human label review required,,,Synthetic - not a real incident,Authored hypothetical scenario; no external incident asserted,,Scenario-author-assigned label; not expert-confirmed gold,"Fictional conditions are scenario assumptions, not statements of Sri Lankan law. Three variants share one scenario family.",SYN-FAM-074,,complaint-development-v0.2-draft-530,New synthetic scenario,Explicitly synthetic,Yes,SYN-FAM-074,1,ChatGPT,2026-09-30,Hypothetical; not derived from a specific baseline or source incident,,,,,,Proposed scenario label - human review required,Training-only candidate after label review,Exclude from primary evaluation; optional separate synthetic diagnostic only,Yes - before new evaluation,,,,,,,,,
SYN-0221,SYN-FAM-074,Lease surrender followed by private letting,A former lessee who returned their lease rights is still collecting private rent for use of the government site.,English,A former lessee who returned their lease rights is still collecting private rent for use of the government site.,AI-authored English; no translation,AI-generated synthetic complaint scenario variant,No,,Unauthorized Allocation / Transfer / Use,Hypothetical state/public-land lease complaint; in-scope by scenario construction,Training augmentation candidate only; human label review required,,,Synthetic - not a real incident,Authored hypothetical scenario; no external incident asserted,,Scenario-author-assigned label; not expert-confirmed gold,"Fictional conditions are scenario assumptions, not statements of Sri Lankan law. Three variants share one scenario family.",SYN-FAM-074,,complaint-development-v0.2-draft-530,New synthetic scenario,Explicitly synthetic,Yes,SYN-FAM-074,2,ChatGPT,2026-09-30,Hypothetical; not derived from a specific baseline or source incident,,,,,,Proposed scenario label - human review required,Training-only candidate after label review,Exclude from primary evaluation; optional separate synthetic diagnostic only,Yes - before new evaluation,,,,,,,,,
SYN-0222,SYN-FAM-074,Lease surrender followed by private letting,The surrendered government parcel was privately let by its previous holder without any new authorization from the authority.,English,The surrendered government parcel was privately let by its previous holder without any new authorization from the authority.,AI-authored English; no translation,AI-generated synthetic complaint scenario variant,No,,Unauthorized Allocation / Transfer / Use,Hypothetical state/public-land lease complaint; in-scope by scenario construction,Training augmentation candidate only; human label review required,,,Synthetic - not a real incident,Authored hypothetical scenario; no external incident asserted,,Scenario-author-assigned label; not expert-confirmed gold,"Fictional conditions are scenario assumptions, not statements of Sri Lankan law. Three variants share one scenario family.",SYN-FAM-074,,complaint-development-v0.2-draft-530,New synthetic scenario,Explicitly synthetic,Yes,SYN-FAM-074,3,ChatGPT,2026-09-30,Hypothetical; not derived from a specific baseline or source incident,,,,,,Proposed scenario label - human review required,Training-only candidate after label review,Exclude from primary evaluation; optional separate synthetic diagnostic only,Yes - before new evaluation,,,,,,,,,
SYN-0223,SYN-FAM-075,Non-transferable licence treated as lease,"A temporary non-transferable occupation permission was privately sold as a long-term state-land lease, and the buyer entered the site.",English,"A temporary non-transferable occupation permission was privately sold as a long-term state-land lease, and the buyer entered the site.",AI-authored English; no translation,AI-generated synthetic complaint scenario variant,No,,Unauthorized Allocation / Transfer / Use,Hypothetical state/public-land lease complaint; in-scope by scenario construction,Training augmentation candidate only; human label review required,,,Synthetic - not a real incident,Authored hypothetical scenario; no external incident asserted,,Scenario-author-assigned label; not expert-confirmed gold,"Fictional conditions are scenario assumptions, not statements of Sri Lankan law. Three variants share one scenario family.",SYN-FAM-075,,complaint-development-v0.2-draft-530,New synthetic scenario,Explicitly synthetic,Yes,SYN-FAM-075,1,ChatGPT,2026-09-30,Hypothetical; not derived from a specific baseline or source incident,,,,,,Proposed scenario label - human review required,Training-only candidate after label review,Exclude from primary evaluation; optional separate synthetic diagnostic only,Yes - before new evaluation,,,,,,,,,
SYN-0224,SYN-FAM-075,Non-transferable licence treated as lease,The buyer relies on a transfer of temporary permission even though the document expressly prevents transfer and creates no long-term lease.,English,The buyer relies on a transfer of temporary permission even though the document expressly prevents transfer and creates no long-term lease.,AI-authored English; no translation,AI-generated synthetic complaint scenario variant,No,,Unauthorized Allocation / Transfer / Use,Hypothetical state/public-land lease complaint; in-scope by scenario construction,Training augmentation candidate only; human label review required,,,Synthetic - not a real incident,Authored hypothetical scenario; no external incident asserted,,Scenario-author-assigned label; not expert-confirmed gold,"Fictional conditions are scenario assumptions, not statements of Sri Lankan law. Three variants share one scenario family.",SYN-FAM-075,,complaint-development-v0.2-draft-530,New synthetic scenario,Explicitly synthetic,Yes,SYN-FAM-075,2,ChatGPT,2026-09-30,Hypothetical; not derived from a specific baseline or source incident,,,,,,Proposed scenario label - human review required,Training-only candidate after label review,Exclude from primary evaluation; optional separate synthetic diagnostic only,Yes - before new evaluation,,,,,,,,,
SYN-0225,SYN-FAM-075,Non-transferable licence treated as lease,An occupier sold supposed lease rights over government land while holding only a restricted temporary permit that could not be assigned.,English,An occupier sold supposed lease rights over government land while holding only a restricted temporary permit that could not be assigned.,AI-authored English; no translation,AI-generated synthetic complaint scenario variant,No,,Unauthorized Allocation / Transfer / Use,Hypothetical state/public-land lease complaint; in-scope by scenario construction,Training augmentation candidate only; human label review required,,,Synthetic - not a real incident,Authored hypothetical scenario; no external incident asserted,,Scenario-author-assigned label; not expert-confirmed gold,"Fictional conditions are scenario assumptions, not statements of Sri Lankan law. Three variants share one scenario family.",SYN-FAM-075,,complaint-development-v0.2-draft-530,New synthetic scenario,Explicitly synthetic,Yes,SYN-FAM-075,3,ChatGPT,2026-09-30,Hypothetical; not derived from a specific baseline or source incident,,,,,,Proposed scenario label - human review required,Training-only candidate after label review,Exclude from primary evaluation; optional separate synthetic diagnostic only,Yes - before new evaluation,,,,,,,,,
SYN-0226,SYN-FAM-076,Clearing within protected buffer,"The lease plan requires an untouched river buffer, but the holder cleared vegetation and extended cultivation into that protected strip.",English,"The lease plan requires an untouched river buffer, but the holder cleared vegetation and extended cultivation into that protected strip.",AI-authored English; no translation,AI-generated synthetic complaint scenario variant,No,,Protected / Environmental Lease Misuse,Hypothetical state/public-land lease complaint; in-scope by scenario construction,Training augmentation candidate only; human label review required,,,Synthetic - not a real incident,Authored hypothetical scenario; no external incident asserted,,Scenario-author-assigned label; not expert-confirmed gold,"Fictional conditions are scenario assumptions, not statements of Sri Lankan law. Three variants share one scenario family.",SYN-FAM-076,,complaint-development-v0.2-draft-530,New synthetic scenario,Explicitly synthetic,Yes,SYN-FAM-076,1,ChatGPT,2026-09-30,Hypothetical; not derived from a specific baseline or source incident,,,,,,Proposed scenario label - human review required,Training-only candidate after label review,Exclude from primary evaluation; optional separate synthetic diagnostic only,Yes - before new evaluation,,,,,,,,,
SYN-0227,SYN-FAM-076,Clearing within protected buffer,Cultivation now reaches through the riverbank buffer that the government-land lease expressly requires the operator to preserve.,English,Cultivation now reaches through the riverbank buffer that the government-land lease expressly requires the operator to preserve.,AI-authored English; no translation,AI-generated synthetic complaint scenario variant,No,,Protected / Environmental Lease Misuse,Hypothetical state/public-land lease complaint; in-scope by scenario construction,Training augmentation candidate only; human label review required,,,Synthetic - not a real incident,Authored hypothetical scenario; no external incident asserted,,Scenario-author-assigned label; not expert-confirmed gold,"Fictional conditions are scenario assumptions, not statements of Sri Lankan law. Three variants share one scenario family.",SYN-FAM-076,,complaint-development-v0.2-draft-530,New synthetic scenario,Explicitly synthetic,Yes,SYN-FAM-076,2,ChatGPT,2026-09-30,Hypothetical; not derived from a specific baseline or source incident,,,,,,Proposed scenario label - human review required,Training-only candidate after label review,Exclude from primary evaluation; optional separate synthetic diagnostic only,Yes - before new evaluation,,,,,,,,,
SYN-0228,SYN-FAM-076,Clearing within protected buffer,A site inspection found cleared vegetation inside the protected river margin excluded from development under the lease conditions.,English,A site inspection found cleared vegetation inside the protected river margin excluded from development under the lease conditions.,AI-authored English; no translation,AI-generated synthetic complaint scenario variant,No,,Protected / Environmental Lease Misuse,Hypothetical state/public-land lease complaint; in-scope by scenario construction,Training augmentation candidate only; human label review required,,,Synthetic - not a real incident,Authored hypothetical scenario; no external incident asserted,,Scenario-author-assigned label; not expert-confirmed gold,"Fictional conditions are scenario assumptions, not statements of Sri Lankan law. Three variants share one scenario family.",SYN-FAM-076,,complaint-development-v0.2-draft-530,New synthetic scenario,Explicitly synthetic,Yes,SYN-FAM-076,3,ChatGPT,2026-09-30,Hypothetical; not derived from a specific baseline or source incident,,,,,,Proposed scenario label - human review required,Training-only candidate after label review,Exclude from primary evaluation; optional separate synthetic diagnostic only,Yes - before new evaluation,,,,,,,,,
SYN-0229,SYN-FAM-077,Mangrove removal on leasehold,The lessee cut mangroves within the government parcel despite a protection condition requiring that area to remain undisturbed.,English,The lessee cut mangroves within the government parcel despite a protection condition requiring that area to remain undisturbed.,AI-authored English; no translation,AI-generated synthetic complaint scenario variant,No,,Protected / Environmental Lease Misuse,Hypothetical state/public-land lease complaint; in-scope by scenario construction,Training augmentation candidate only; human label review required,,,Synthetic - not a real incident,Authored hypothetical scenario; no external incident asserted,,Scenario-author-assigned label; not expert-confirmed gold,"Fictional conditions are scenario assumptions, not statements of Sri Lankan law. Three variants share one scenario family.",SYN-FAM-077,,complaint-development-v0.2-draft-530,New synthetic scenario,Explicitly synthetic,Yes,SYN-FAM-077,1,ChatGPT,2026-09-30,Hypothetical; not derived from a specific baseline or source incident,,,,,,Proposed scenario label - human review required,Training-only candidate after label review,Exclude from primary evaluation; optional separate synthetic diagnostic only,Yes - before new evaluation,,,,,,,,,
SYN-0230,SYN-FAM-077,Mangrove removal on leasehold,Protected mangrove cover has been removed from the state leasehold in the area identified for retention in the approved plan.,English,Protected mangrove cover has been removed from the state leasehold in the area identified for retention in the approved plan.,AI-authored English; no translation,AI-generated synthetic complaint scenario variant,No,,Protected / Environmental Lease Misuse,Hypothetical state/public-land lease complaint; in-scope by scenario construction,Training augmentation candidate only; human label review required,,,Synthetic - not a real incident,Authored hypothetical scenario; no external incident asserted,,Scenario-author-assigned label; not expert-confirmed gold,"Fictional conditions are scenario assumptions, not statements of Sri Lankan law. Three variants share one scenario family.",SYN-FAM-077,,complaint-development-v0.2-draft-530,New synthetic scenario,Explicitly synthetic,Yes,SYN-FAM-077,2,ChatGPT,2026-09-30,Hypothetical; not derived from a specific baseline or source incident,,,,,,Proposed scenario label - human review required,Training-only candidate after label review,Exclude from primary evaluation; optional separate synthetic diagnostic only,Yes - before new evaluation,,,,,,,,,
SYN-0231,SYN-FAM-077,Mangrove removal on leasehold,The operator expanded the leased site's working area by clearing mangroves that the lease conditions required it to protect.,English,The operator expanded the leased site's working area by clearing mangroves that the lease conditions required it to protect.,AI-authored English; no translation,AI-generated synthetic complaint scenario variant,No,,Protected / Environmental Lease Misuse,Hypothetical state/public-land lease complaint; in-scope by scenario construction,Training augmentation candidate only; human label review required,,,Synthetic - not a real incident,Authored hypothetical scenario; no external incident asserted,,Scenario-author-assigned label; not expert-confirmed gold,"Fictional conditions are scenario assumptions, not statements of Sri Lankan law. Three variants share one scenario family.",SYN-FAM-077,,complaint-development-v0.2-draft-530,New synthetic scenario,Explicitly synthetic,Yes,SYN-FAM-077,3,ChatGPT,2026-09-30,Hypothetical; not derived from a specific baseline or source incident,,,,,,Proposed scenario label - human review required,Training-only candidate after label review,Exclude from primary evaluation; optional separate synthetic diagnostic only,Yes - before new evaluation,,,,,,,,,
SYN-0232,SYN-FAM-078,Waste discharged into canal,The operator is discharging untreated waste from the state leasehold into the adjoining canal despite the lease's treatment requirement.,English,The operator is discharging untreated waste from the state leasehold into the adjoining canal despite the lease's treatment requirement.,AI-authored English; no translation,AI-generated synthetic complaint scenario variant,No,,Protected / Environmental Lease Misuse,Hypothetical state/public-land lease complaint; in-scope by scenario construction,Training augmentation candidate only; human label review required,,,Synthetic - not a real incident,Authored hypothetical scenario; no external incident asserted,,Scenario-author-assigned label; not expert-confirmed gold,"Fictional conditions are scenario assumptions, not statements of Sri Lankan law. Three variants share one scenario family.",SYN-FAM-078,,complaint-development-v0.2-draft-530,New synthetic scenario,Explicitly synthetic,Yes,SYN-FAM-078,1,ChatGPT,2026-09-30,Hypothetical; not derived from a specific baseline or source incident,,,,,,Proposed scenario label - human review required,Training-only candidate after label review,Exclude from primary evaluation; optional separate synthetic diagnostic only,Yes - before new evaluation,,,,,,,,,
SYN-0233,SYN-FAM-078,Waste discharged into canal,Neighbors report untreated liquid waste leaving the government-leased site through a pipe into the canal rather than the required treatment system.,English,Neighbors report untreated liquid waste leaving the government-leased site through a pipe into the canal rather than the required treatment system.,AI-authored English; no translation,AI-generated synthetic complaint scenario variant,No,,Protected / Environmental Lease Misuse,Hypothetical state/public-land lease complaint; in-scope by scenario construction,Training augmentation candidate only; human label review required,,,Synthetic - not a real incident,Authored hypothetical scenario; no external incident asserted,,Scenario-author-assigned label; not expert-confirmed gold,"Fictional conditions are scenario assumptions, not statements of Sri Lankan law. Three variants share one scenario family.",SYN-FAM-078,,complaint-development-v0.2-draft-530,New synthetic scenario,Explicitly synthetic,Yes,SYN-FAM-078,2,ChatGPT,2026-09-30,Hypothetical; not derived from a specific baseline or source incident,,,,,,Proposed scenario label - human review required,Training-only candidate after label review,Exclude from primary evaluation; optional separate synthetic diagnostic only,Yes - before new evaluation,,,,,,,,,
SYN-0234,SYN-FAM-078,Waste discharged into canal,"The site's waste outlet bypasses treatment and empties into a canal, contrary to the environmental conditions attached to the lease.",English,"The site's waste outlet bypasses treatment and empties into a canal, contrary to the environmental conditions attached to the lease.",AI-authored English; no translation,AI-generated synthetic complaint scenario variant,No,,Protected / Environmental Lease Misuse,Hypothetical state/public-land lease complaint; in-scope by scenario construction,Training augmentation candidate only; human label review required,,,Synthetic - not a real incident,Authored hypothetical scenario; no external incident asserted,,Scenario-author-assigned label; not expert-confirmed gold,"Fictional conditions are scenario assumptions, not statements of Sri Lankan law. Three variants share one scenario family.",SYN-FAM-078,,complaint-development-v0.2-draft-530,New synthetic scenario,Explicitly synthetic,Yes,SYN-FAM-078,3,ChatGPT,2026-09-30,Hypothetical; not derived from a specific baseline or source incident,,,,,,Proposed scenario label - human review required,Training-only candidate after label review,Exclude from primary evaluation; optional separate synthetic diagnostic only,Yes - before new evaluation,,,,,,,,,
SYN-0235,SYN-FAM-079,Wetland filling outside approval,"The development approval attached to the state lease excludes the wetland section, but the holder has filled that area with rubble.",English,"The development approval attached to the state lease excludes the wetland section, but the holder has filled that area with rubble.",AI-authored English; no translation,AI-generated synthetic complaint scenario variant,No,,Protected / Environmental Lease Misuse,Hypothetical state/public-land lease complaint; in-scope by scenario construction,Training augmentation candidate only; human label review required,,,Synthetic - not a real incident,Authored hypothetical scenario; no external incident asserted,,Scenario-author-assigned label; not expert-confirmed gold,"Fictional conditions are scenario assumptions, not statements of Sri Lankan law. Three variants share one scenario family.",SYN-FAM-079,,complaint-development-v0.2-draft-530,New synthetic scenario,Explicitly synthetic,Yes,SYN-FAM-079,1,ChatGPT,2026-09-30,Hypothetical; not derived from a specific baseline or source incident,,,,,,Proposed scenario label - human review required,Training-only candidate after label review,Exclude from primary evaluation; optional separate synthetic diagnostic only,Yes - before new evaluation,,,,,,,,,
SYN-0236,SYN-FAM-079,Wetland filling outside approval,Rubble filling is taking place in the wetland that the government lease's approved development plan designates for protection.,English,Rubble filling is taking place in the wetland that the government lease's approved development plan designates for protection.,AI-authored English; no translation,AI-generated synthetic complaint scenario variant,No,,Protected / Environmental Lease Misuse,Hypothetical state/public-land lease complaint; in-scope by scenario construction,Training augmentation candidate only; human label review required,,,Synthetic - not a real incident,Authored hypothetical scenario; no external incident asserted,,Scenario-author-assigned label; not expert-confirmed gold,"Fictional conditions are scenario assumptions, not statements of Sri Lankan law. Three variants share one scenario family.",SYN-FAM-079,,complaint-development-v0.2-draft-530,New synthetic scenario,Explicitly synthetic,Yes,SYN-FAM-079,2,ChatGPT,2026-09-30,Hypothetical; not derived from a specific baseline or source incident,,,,,,Proposed scenario label - human review required,Training-only candidate after label review,Exclude from primary evaluation; optional separate synthetic diagnostic only,Yes - before new evaluation,,,,,,,,,
SYN-0237,SYN-FAM-079,Wetland filling outside approval,The lessee extended the building platform into a protected wetland section rather than keeping development within the approved dry area.,English,The lessee extended the building platform into a protected wetland section rather than keeping development within the approved dry area.,AI-authored English; no translation,AI-generated synthetic complaint scenario variant,No,,Protected / Environmental Lease Misuse,Hypothetical state/public-land lease complaint; in-scope by scenario construction,Training augmentation candidate only; human label review required,,,Synthetic - not a real incident,Authored hypothetical scenario; no external incident asserted,,Scenario-author-assigned label; not expert-confirmed gold,"Fictional conditions are scenario assumptions, not statements of Sri Lankan law. Three variants share one scenario family.",SYN-FAM-079,,complaint-development-v0.2-draft-530,New synthetic scenario,Explicitly synthetic,Yes,SYN-FAM-079,3,ChatGPT,2026-09-30,Hypothetical; not derived from a specific baseline or source incident,,,,,,Proposed scenario label - human review required,Training-only candidate after label review,Exclude from primary evaluation; optional separate synthetic diagnostic only,Yes - before new evaluation,,,,,,,,,
SYN-0238,SYN-FAM-080,Excavation beyond environmental limit,"The quarry lease's environmental plan sets a maximum excavation depth, but recent measurements show extraction below that limit.",English,"The quarry lease's environmental plan sets a maximum excavation depth, but recent measurements show extraction below that limit.",AI-authored English; no translation,AI-generated synthetic complaint scenario variant,No,,Protected / Environmental Lease Misuse,Hypothetical state/public-land lease complaint; in-scope by scenario construction,Training augmentation candidate only; human label review required,,,Synthetic - not a real incident,Authored hypothetical scenario; no external incident asserted,,Scenario-author-assigned label; not expert-confirmed gold,"Fictional conditions are scenario assumptions, not statements of Sri Lankan law. Three variants share one scenario family.",SYN-FAM-080,,complaint-development-v0.2-draft-530,New synthetic scenario,Explicitly synthetic,Yes,SYN-FAM-080,1,ChatGPT,2026-09-30,Hypothetical; not derived from a specific baseline or source incident,,,,,,Proposed scenario label - human review required,Training-only candidate after label review,Exclude from primary evaluation; optional separate synthetic diagnostic only,Yes - before new evaluation,,,,,,,,,
SYN-0239,SYN-FAM-080,Excavation beyond environmental limit,The operator has deepened the pit beyond the permitted environmental limit recorded for the government-land quarry lease.,English,The operator has deepened the pit beyond the permitted environmental limit recorded for the government-land quarry lease.,AI-authored English; no translation,AI-generated synthetic complaint scenario variant,No,,Protected / Environmental Lease Misuse,Hypothetical state/public-land lease complaint; in-scope by scenario construction,Training augmentation candidate only; human label review required,,,Synthetic - not a real incident,Authored hypothetical scenario; no external incident asserted,,Scenario-author-assigned label; not expert-confirmed gold,"Fictional conditions are scenario assumptions, not statements of Sri Lankan law. Three variants share one scenario family.",SYN-FAM-080,,complaint-development-v0.2-draft-530,New synthetic scenario,Explicitly synthetic,Yes,SYN-FAM-080,2,ChatGPT,2026-09-30,Hypothetical; not derived from a specific baseline or source incident,,,,,,Proposed scenario label - human review required,Training-only candidate after label review,Exclude from primary evaluation; optional separate synthetic diagnostic only,Yes - before new evaluation,,,,,,,,,
SYN-0240,SYN-FAM-080,Excavation beyond environmental limit,Measured quarry depth on the state leasehold exceeds the limit in the approved environmental conditions.,English,Measured quarry depth on the state leasehold exceeds the limit in the approved environmental conditions.,AI-authored English; no translation,AI-generated synthetic complaint scenario variant,No,,Protected / Environmental Lease Misuse,Hypothetical state/public-land lease complaint; in-scope by scenario construction,Training augmentation candidate only; human label review required,,,Synthetic - not a real incident,Authored hypothetical scenario; no external incident asserted,,Scenario-author-assigned label; not expert-confirmed gold,"Fictional conditions are scenario assumptions, not statements of Sri Lankan law. Three variants share one scenario family.",SYN-FAM-080,,complaint-development-v0.2-draft-530,New synthetic scenario,Explicitly synthetic,Yes,SYN-FAM-080,3,ChatGPT,2026-09-30,Hypothetical; not derived from a specific baseline or source incident,,,,,,Proposed scenario label - human review required,Training-only candidate after label review,Exclude from primary evaluation; optional separate synthetic diagnostic only,Yes - before new evaluation,,,,,,,,,
SYN-0241,SYN-FAM-081,Hazardous waste buried on parcel,The industrial lessee buried chemical waste on the government parcel instead of using the disposal process required by its environmental conditions.,English,The industrial lessee buried chemical waste on the government parcel instead of using the disposal process required by its environmental conditions.,AI-authored English; no translation,AI-generated synthetic complaint scenario variant,No,,Protected / Environmental Lease Misuse,Hypothetical state/public-land lease complaint; in-scope by scenario construction,Training augmentation candidate only; human label review required,,,Synthetic - not a real incident,Authored hypothetical scenario; no external incident asserted,,Scenario-author-assigned label; not expert-confirmed gold,"Fictional conditions are scenario assumptions, not statements of Sri Lankan law. Three variants share one scenario family.",SYN-FAM-081,,complaint-development-v0.2-draft-530,New synthetic scenario,Explicitly synthetic,Yes,SYN-FAM-081,1,ChatGPT,2026-09-30,Hypothetical; not derived from a specific baseline or source incident,,,,,,Proposed scenario label - human review required,Training-only candidate after label review,Exclude from primary evaluation; optional separate synthetic diagnostic only,Yes - before new evaluation,,,,,,,,,
SYN-0242,SYN-FAM-081,Hazardous waste buried on parcel,"Workers report drums of hazardous residue buried within the state leasehold, although the approval requires licensed off-site disposal.",English,"Workers report drums of hazardous residue buried within the state leasehold, although the approval requires licensed off-site disposal.",AI-authored English; no translation,AI-generated synthetic complaint scenario variant,No,,Protected / Environmental Lease Misuse,Hypothetical state/public-land lease complaint; in-scope by scenario construction,Training augmentation candidate only; human label review required,,,Synthetic - not a real incident,Authored hypothetical scenario; no external incident asserted,,Scenario-author-assigned label; not expert-confirmed gold,"Fictional conditions are scenario assumptions, not statements of Sri Lankan law. Three variants share one scenario family.",SYN-FAM-081,,complaint-development-v0.2-draft-530,New synthetic scenario,Explicitly synthetic,Yes,SYN-FAM-081,2,ChatGPT,2026-09-30,Hypothetical; not derived from a specific baseline or source incident,,,,,,Proposed scenario label - human review required,Training-only candidate after label review,Exclude from primary evaluation; optional separate synthetic diagnostic only,Yes - before new evaluation,,,,,,,,,
SYN-0243,SYN-FAM-081,Hazardous waste buried on parcel,An inspection found buried industrial waste where the government-land lease conditions prohibit on-site disposal of that material.,English,An inspection found buried industrial waste where the government-land lease conditions prohibit on-site disposal of that material.,AI-authored English; no translation,AI-generated synthetic complaint scenario variant,No,,Protected / Environmental Lease Misuse,Hypothetical state/public-land lease complaint; in-scope by scenario construction,Training augmentation candidate only; human label review required,,,Synthetic - not a real incident,Authored hypothetical scenario; no external incident asserted,,Scenario-author-assigned label; not expert-confirmed gold,"Fictional conditions are scenario assumptions, not statements of Sri Lankan law. Three variants share one scenario family.",SYN-FAM-081,,complaint-development-v0.2-draft-530,New synthetic scenario,Explicitly synthetic,Yes,SYN-FAM-081,3,ChatGPT,2026-09-30,Hypothetical; not derived from a specific baseline or source incident,,,,,,Proposed scenario label - human review required,Training-only candidate after label review,Exclude from primary evaluation; optional separate synthetic diagnostic only,Yes - before new evaluation,,,,,,,,,
SYN-0244,SYN-FAM-082,Forest patch cleared for access,The lessee cut an access road through the forest patch marked for conservation in the government parcel's approved site plan.,English,The lessee cut an access road through the forest patch marked for conservation in the government parcel's approved site plan.,AI-authored English; no translation,AI-generated synthetic complaint scenario variant,No,,Protected / Environmental Lease Misuse,Hypothetical state/public-land lease complaint; in-scope by scenario construction,Training augmentation candidate only; human label review required,,,Synthetic - not a real incident,Authored hypothetical scenario; no external incident asserted,,Scenario-author-assigned label; not expert-confirmed gold,"Fictional conditions are scenario assumptions, not statements of Sri Lankan law. Three variants share one scenario family.",SYN-FAM-082,,complaint-development-v0.2-draft-530,New synthetic scenario,Explicitly synthetic,Yes,SYN-FAM-082,1,ChatGPT,2026-09-30,Hypothetical; not derived from a specific baseline or source incident,,,,,,Proposed scenario label - human review required,Training-only candidate after label review,Exclude from primary evaluation; optional separate synthetic diagnostic only,Yes - before new evaluation,,,,,,,,,
SYN-0245,SYN-FAM-082,Forest patch cleared for access,A new service road crosses protected forest within the state leasehold despite the approval requiring that patch to remain intact.,English,A new service road crosses protected forest within the state leasehold despite the approval requiring that patch to remain intact.,AI-authored English; no translation,AI-generated synthetic complaint scenario variant,No,,Protected / Environmental Lease Misuse,Hypothetical state/public-land lease complaint; in-scope by scenario construction,Training augmentation candidate only; human label review required,,,Synthetic - not a real incident,Authored hypothetical scenario; no external incident asserted,,Scenario-author-assigned label; not expert-confirmed gold,"Fictional conditions are scenario assumptions, not statements of Sri Lankan law. Three variants share one scenario family.",SYN-FAM-082,,complaint-development-v0.2-draft-530,New synthetic scenario,Explicitly synthetic,Yes,SYN-FAM-082,2,ChatGPT,2026-09-30,Hypothetical; not derived from a specific baseline or source incident,,,,,,Proposed scenario label - human review required,Training-only candidate after label review,Exclude from primary evaluation; optional separate synthetic diagnostic only,Yes - before new evaluation,,,,,,,,,
SYN-0246,SYN-FAM-082,Forest patch cleared for access,Forest retained under the lease's conservation conditions was cleared to widen the operator's access route.,English,Forest retained under the lease's conservation conditions was cleared to widen the operator's access route.,AI-authored English; no translation,AI-generated synthetic complaint scenario variant,No,,Protected / Environmental Lease Misuse,Hypothetical state/public-land lease complaint; in-scope by scenario construction,Training augmentation candidate only; human label review required,,,Synthetic - not a real incident,Authored hypothetical scenario; no external incident asserted,,Scenario-author-assigned label; not expert-confirmed gold,"Fictional conditions are scenario assumptions, not statements of Sri Lankan law. Three variants share one scenario family.",SYN-FAM-082,,complaint-development-v0.2-draft-530,New synthetic scenario,Explicitly synthetic,Yes,SYN-FAM-082,3,ChatGPT,2026-09-30,Hypothetical; not derived from a specific baseline or source incident,,,,,,Proposed scenario label - human review required,Training-only candidate after label review,Exclude from primary evaluation; optional separate synthetic diagnostic only,Yes - before new evaluation,,,,,,,,,
SYN-0247,SYN-FAM-083,Sand removal from river buffer,Sand is being removed from the river margin inside the state leasehold despite an express condition prohibiting extraction from that buffer.,English,Sand is being removed from the river margin inside the state leasehold despite an express condition prohibiting extraction from that buffer.,AI-authored English; no translation,AI-generated synthetic complaint scenario variant,No,,Protected / Environmental Lease Misuse,Hypothetical state/public-land lease complaint; in-scope by scenario construction,Training augmentation candidate only; human label review required,,,Synthetic - not a real incident,Authored hypothetical scenario; no external incident asserted,,Scenario-author-assigned label; not expert-confirmed gold,"Fictional conditions are scenario assumptions, not statements of Sri Lankan law. Three variants share one scenario family.",SYN-FAM-083,,complaint-development-v0.2-draft-530,New synthetic scenario,Explicitly synthetic,Yes,SYN-FAM-083,1,ChatGPT,2026-09-30,Hypothetical; not derived from a specific baseline or source incident,,,,,,Proposed scenario label - human review required,Training-only candidate after label review,Exclude from primary evaluation; optional separate synthetic diagnostic only,Yes - before new evaluation,,,,,,,,,
SYN-0248,SYN-FAM-083,Sand removal from river buffer,The leaseholder's machinery is excavating sand in the protected river strip that the approved operating plan excludes.,English,The leaseholder's machinery is excavating sand in the protected river strip that the approved operating plan excludes.,AI-authored English; no translation,AI-generated synthetic complaint scenario variant,No,,Protected / Environmental Lease Misuse,Hypothetical state/public-land lease complaint; in-scope by scenario construction,Training augmentation candidate only; human label review required,,,Synthetic - not a real incident,Authored hypothetical scenario; no external incident asserted,,Scenario-author-assigned label; not expert-confirmed gold,"Fictional conditions are scenario assumptions, not statements of Sri Lankan law. Three variants share one scenario family.",SYN-FAM-083,,complaint-development-v0.2-draft-530,New synthetic scenario,Explicitly synthetic,Yes,SYN-FAM-083,2,ChatGPT,2026-09-30,Hypothetical; not derived from a specific baseline or source incident,,,,,,Proposed scenario label - human review required,Training-only candidate after label review,Exclude from primary evaluation; optional separate synthetic diagnostic only,Yes - before new evaluation,,,,,,,,,
SYN-0249,SYN-FAM-083,Sand removal from river buffer,A complaint identifies sand extraction from the government parcel's protected bank rather than the area approved for activity.,English,A complaint identifies sand extraction from the government parcel's protected bank rather than the area approved for activity.,AI-authored English; no translation,AI-generated synthetic complaint scenario variant,No,,Protected / Environmental Lease Misuse,Hypothetical state/public-land lease complaint; in-scope by scenario construction,Training augmentation candidate only; human label review required,,,Synthetic - not a real incident,Authored hypothetical scenario; no external incident asserted,,Scenario-author-assigned label; not expert-confirmed gold,"Fictional conditions are scenario assumptions, not statements of Sri Lankan law. Three variants share one scenario family.",SYN-FAM-083,,complaint-development-v0.2-draft-530,New synthetic scenario,Explicitly synthetic,Yes,SYN-FAM-083,3,ChatGPT,2026-09-30,Hypothetical; not derived from a specific baseline or source incident,,,,,,Proposed scenario label - human review required,Training-only candidate after label review,Exclude from primary evaluation; optional separate synthetic diagnostic only,Yes - before new evaluation,,,,,,,,,
SYN-0250,SYN-FAM-084,Runoff control abandoned,"The cultivation lease requires sediment traps, but the operator removed them and muddy runoff from the state parcel now enters the reservoir.",English,"The cultivation lease requires sediment traps, but the operator removed them and muddy runoff from the state parcel now enters the reservoir.",AI-authored English; no translation,AI-generated synthetic complaint scenario variant,No,,Protected / Environmental Lease Misuse,Hypothetical state/public-land lease complaint; in-scope by scenario construction,Training augmentation candidate only; human label review required,,,Synthetic - not a real incident,Authored hypothetical scenario; no external incident asserted,,Scenario-author-assigned label; not expert-confirmed gold,"Fictional conditions are scenario assumptions, not statements of Sri Lankan law. Three variants share one scenario family.",SYN-FAM-084,,complaint-development-v0.2-draft-530,New synthetic scenario,Explicitly synthetic,Yes,SYN-FAM-084,1,ChatGPT,2026-09-30,Hypothetical; not derived from a specific baseline or source incident,,,,,,Proposed scenario label - human review required,Training-only candidate after label review,Exclude from primary evaluation; optional separate synthetic diagnostic only,Yes - before new evaluation,,,,,,,,,
SYN-0251,SYN-FAM-084,Runoff control abandoned,"Required runoff controls are missing from the government leasehold, allowing eroded soil to wash into nearby reservoir water.",English,"Required runoff controls are missing from the government leasehold, allowing eroded soil to wash into nearby reservoir water.",AI-authored English; no translation,AI-generated synthetic complaint scenario variant,No,,Protected / Environmental Lease Misuse,Hypothetical state/public-land lease complaint; in-scope by scenario construction,Training augmentation candidate only; human label review required,,,Synthetic - not a real incident,Authored hypothetical scenario; no external incident asserted,,Scenario-author-assigned label; not expert-confirmed gold,"Fictional conditions are scenario assumptions, not statements of Sri Lankan law. Three variants share one scenario family.",SYN-FAM-084,,complaint-development-v0.2-draft-530,New synthetic scenario,Explicitly synthetic,Yes,SYN-FAM-084,2,ChatGPT,2026-09-30,Hypothetical; not derived from a specific baseline or source incident,,,,,,Proposed scenario label - human review required,Training-only candidate after label review,Exclude from primary evaluation; optional separate synthetic diagnostic only,Yes - before new evaluation,,,,,,,,,
SYN-0252,SYN-FAM-084,Runoff control abandoned,The lessee dismantled the agreed sediment-control works and runoff is carrying soil from the leased site into the reservoir.,English,The lessee dismantled the agreed sediment-control works and runoff is carrying soil from the leased site into the reservoir.,AI-authored English; no translation,AI-generated synthetic complaint scenario variant,No,,Protected / Environmental Lease Misuse,Hypothetical state/public-land lease complaint; in-scope by scenario construction,Training augmentation candidate only; human label review required,,,Synthetic - not a real incident,Authored hypothetical scenario; no external incident asserted,,Scenario-author-assigned label; not expert-confirmed gold,"Fictional conditions are scenario assumptions, not statements of Sri Lankan law. Three variants share one scenario family.",SYN-FAM-084,,complaint-development-v0.2-draft-530,New synthetic scenario,Explicitly synthetic,Yes,SYN-FAM-084,3,ChatGPT,2026-09-30,Hypothetical; not derived from a specific baseline or source incident,,,,,,Proposed scenario label - human review required,Training-only candidate after label review,Exclude from primary evaluation; optional separate synthetic diagnostic only,Yes - before new evaluation,,,,,,,,,
SYN-0253,SYN-FAM-085,Protected trees felled,Trees marked for retention in the government-land lease survey were felled during site preparation without the required environmental clearance.,English,Trees marked for retention in the government-land lease survey were felled during site preparation without the required environmental clearance.,AI-authored English; no translation,AI-generated synthetic complaint scenario variant,No,,Protected / Environmental Lease Misuse,Hypothetical state/public-land lease complaint; in-scope by scenario construction,Training augmentation candidate only; human label review required,,,Synthetic - not a real incident,Authored hypothetical scenario; no external incident asserted,,Scenario-author-assigned label; not expert-confirmed gold,"Fictional conditions are scenario assumptions, not statements of Sri Lankan law. Three variants share one scenario family.",SYN-FAM-085,,complaint-development-v0.2-draft-530,New synthetic scenario,Explicitly synthetic,Yes,SYN-FAM-085,1,ChatGPT,2026-09-30,Hypothetical; not derived from a specific baseline or source incident,,,,,,Proposed scenario label - human review required,Training-only candidate after label review,Exclude from primary evaluation; optional separate synthetic diagnostic only,Yes - before new evaluation,,,,,,,,,
SYN-0254,SYN-FAM-085,Protected trees felled,The operator removed the protected trees identified on the state lease plan instead of preserving them as specified.,English,The operator removed the protected trees identified on the state lease plan instead of preserving them as specified.,AI-authored English; no translation,AI-generated synthetic complaint scenario variant,No,,Protected / Environmental Lease Misuse,Hypothetical state/public-land lease complaint; in-scope by scenario construction,Training augmentation candidate only; human label review required,,,Synthetic - not a real incident,Authored hypothetical scenario; no external incident asserted,,Scenario-author-assigned label; not expert-confirmed gold,"Fictional conditions are scenario assumptions, not statements of Sri Lankan law. Three variants share one scenario family.",SYN-FAM-085,,complaint-development-v0.2-draft-530,New synthetic scenario,Explicitly synthetic,Yes,SYN-FAM-085,2,ChatGPT,2026-09-30,Hypothetical; not derived from a specific baseline or source incident,,,,,,Proposed scenario label - human review required,Training-only candidate after label review,Exclude from primary evaluation; optional separate synthetic diagnostic only,Yes - before new evaluation,,,,,,,,,
SYN-0255,SYN-FAM-085,Protected trees felled,Site works included cutting trees that the approved lease documents specifically designated for protection.,English,Site works included cutting trees that the approved lease documents specifically designated for protection.,AI-authored English; no translation,AI-generated synthetic complaint scenario variant,No,,Protected / Environmental Lease Misuse,Hypothetical state/public-land lease complaint; in-scope by scenario construction,Training augmentation candidate only; human label review required,,,Synthetic - not a real incident,Authored hypothetical scenario; no external incident asserted,,Scenario-author-assigned label; not expert-confirmed gold,"Fictional conditions are scenario assumptions, not statements of Sri Lankan law. Three variants share one scenario family.",SYN-FAM-085,,complaint-development-v0.2-draft-530,New synthetic scenario,Explicitly synthetic,Yes,SYN-FAM-085,3,ChatGPT,2026-09-30,Hypothetical; not derived from a specific baseline or source incident,,,,,,Proposed scenario label - human review required,Training-only candidate after label review,Exclude from primary evaluation; optional separate synthetic diagnostic only,Yes - before new evaluation,,,,,,,,,
SYN-0256,SYN-FAM-086,Archaeological area disturbed,Earthmoving on the government leasehold entered the marked archaeological protection area despite the development conditions excluding work there.,English,Earthmoving on the government leasehold entered the marked archaeological protection area despite the development conditions excluding work there.,AI-authored English; no translation,AI-generated synthetic complaint scenario variant,No,,Protected / Environmental Lease Misuse,Hypothetical state/public-land lease complaint; in-scope by scenario construction,Training augmentation candidate only; human label review required,,,Synthetic - not a real incident,Authored hypothetical scenario; no external incident asserted,,Scenario-author-assigned label; not expert-confirmed gold,"Fictional conditions are scenario assumptions, not statements of Sri Lankan law. Three variants share one scenario family.",SYN-FAM-086,,complaint-development-v0.2-draft-530,New synthetic scenario,Explicitly synthetic,Yes,SYN-FAM-086,1,ChatGPT,2026-09-30,Hypothetical; not derived from a specific baseline or source incident,,,,,,Proposed scenario label - human review required,Training-only candidate after label review,Exclude from primary evaluation; optional separate synthetic diagnostic only,Yes - before new evaluation,,,,,,,,,
SYN-0257,SYN-FAM-086,Archaeological area disturbed,"The lessee excavated within the heritage buffer shown on the approved parcel plan, disturbing the area required to remain untouched.",English,"The lessee excavated within the heritage buffer shown on the approved parcel plan, disturbing the area required to remain untouched.",AI-authored English; no translation,AI-generated synthetic complaint scenario variant,No,,Protected / Environmental Lease Misuse,Hypothetical state/public-land lease complaint; in-scope by scenario construction,Training augmentation candidate only; human label review required,,,Synthetic - not a real incident,Authored hypothetical scenario; no external incident asserted,,Scenario-author-assigned label; not expert-confirmed gold,"Fictional conditions are scenario assumptions, not statements of Sri Lankan law. Three variants share one scenario family.",SYN-FAM-086,,complaint-development-v0.2-draft-530,New synthetic scenario,Explicitly synthetic,Yes,SYN-FAM-086,2,ChatGPT,2026-09-30,Hypothetical; not derived from a specific baseline or source incident,,,,,,Proposed scenario label - human review required,Training-only candidate after label review,Exclude from primary evaluation; optional separate synthetic diagnostic only,Yes - before new evaluation,,,,,,,,,
SYN-0258,SYN-FAM-086,Archaeological area disturbed,Construction machinery crossed into an archaeological zone expressly protected by the state-land lease conditions.,English,Construction machinery crossed into an archaeological zone expressly protected by the state-land lease conditions.,AI-authored English; no translation,AI-generated synthetic complaint scenario variant,No,,Protected / Environmental Lease Misuse,Hypothetical state/public-land lease complaint; in-scope by scenario construction,Training augmentation candidate only; human label review required,,,Synthetic - not a real incident,Authored hypothetical scenario; no external incident asserted,,Scenario-author-assigned label; not expert-confirmed gold,"Fictional conditions are scenario assumptions, not statements of Sri Lankan law. Three variants share one scenario family.",SYN-FAM-086,,complaint-development-v0.2-draft-530,New synthetic scenario,Explicitly synthetic,Yes,SYN-FAM-086,3,ChatGPT,2026-09-30,Hypothetical; not derived from a specific baseline or source incident,,,,,,Proposed scenario label - human review required,Training-only candidate after label review,Exclude from primary evaluation; optional separate synthetic diagnostic only,Yes - before new evaluation,,,,,,,,,
SYN-0259,SYN-FAM-087,Coastal vegetation removed,The resort lessee removed dune vegetation from the coastal strip that the government's lease conditions require to remain protected.,English,The resort lessee removed dune vegetation from the coastal strip that the government's lease conditions require to remain protected.,AI-authored English; no translation,AI-generated synthetic complaint scenario variant,No,,Protected / Environmental Lease Misuse,Hypothetical state/public-land lease complaint; in-scope by scenario construction,Training augmentation candidate only; human label review required,,,Synthetic - not a real incident,Authored hypothetical scenario; no external incident asserted,,Scenario-author-assigned label; not expert-confirmed gold,"Fictional conditions are scenario assumptions, not statements of Sri Lankan law. Three variants share one scenario family.",SYN-FAM-087,,complaint-development-v0.2-draft-530,New synthetic scenario,Explicitly synthetic,Yes,SYN-FAM-087,1,ChatGPT,2026-09-30,Hypothetical; not derived from a specific baseline or source incident,,,,,,Proposed scenario label - human review required,Training-only candidate after label review,Exclude from primary evaluation; optional separate synthetic diagnostic only,Yes - before new evaluation,,,,,,,,,
SYN-0260,SYN-FAM-087,Coastal vegetation removed,A protected dune strip within the state leasehold has been cleared to improve views from the tourism buildings.,English,A protected dune strip within the state leasehold has been cleared to improve views from the tourism buildings.,AI-authored English; no translation,AI-generated synthetic complaint scenario variant,No,,Protected / Environmental Lease Misuse,Hypothetical state/public-land lease complaint; in-scope by scenario construction,Training augmentation candidate only; human label review required,,,Synthetic - not a real incident,Authored hypothetical scenario; no external incident asserted,,Scenario-author-assigned label; not expert-confirmed gold,"Fictional conditions are scenario assumptions, not statements of Sri Lankan law. Three variants share one scenario family.",SYN-FAM-087,,complaint-development-v0.2-draft-530,New synthetic scenario,Explicitly synthetic,Yes,SYN-FAM-087,2,ChatGPT,2026-09-30,Hypothetical; not derived from a specific baseline or source incident,,,,,,Proposed scenario label - human review required,Training-only candidate after label review,Exclude from primary evaluation; optional separate synthetic diagnostic only,Yes - before new evaluation,,,,,,,,,
SYN-0261,SYN-FAM-087,Coastal vegetation removed,The operator cleared coastal plants in an area reserved for dune protection under the leased site's environmental plan.,English,The operator cleared coastal plants in an area reserved for dune protection under the leased site's environmental plan.,AI-authored English; no translation,AI-generated synthetic complaint scenario variant,No,,Protected / Environmental Lease Misuse,Hypothetical state/public-land lease complaint; in-scope by scenario construction,Training augmentation candidate only; human label review required,,,Synthetic - not a real incident,Authored hypothetical scenario; no external incident asserted,,Scenario-author-assigned label; not expert-confirmed gold,"Fictional conditions are scenario assumptions, not statements of Sri Lankan law. Three variants share one scenario family.",SYN-FAM-087,,complaint-development-v0.2-draft-530,New synthetic scenario,Explicitly synthetic,Yes,SYN-FAM-087,3,ChatGPT,2026-09-30,Hypothetical; not derived from a specific baseline or source incident,,,,,,Proposed scenario label - human review required,Training-only candidate after label review,Exclude from primary evaluation; optional separate synthetic diagnostic only,Yes - before new evaluation,,,,,,,,,
SYN-0262,SYN-FAM-088,Waste burning beside protected habitat,The leaseholder burns business waste beside a protected habitat within the state parcel despite conditions requiring controlled removal of waste.,English,The leaseholder burns business waste beside a protected habitat within the state parcel despite conditions requiring controlled removal of waste.,AI-authored English; no translation,AI-generated synthetic complaint scenario variant,No,,Protected / Environmental Lease Misuse,Hypothetical state/public-land lease complaint; in-scope by scenario construction,Training augmentation candidate only; human label review required,,,Synthetic - not a real incident,Authored hypothetical scenario; no external incident asserted,,Scenario-author-assigned label; not expert-confirmed gold,"Fictional conditions are scenario assumptions, not statements of Sri Lankan law. Three variants share one scenario family.",SYN-FAM-088,,complaint-development-v0.2-draft-530,New synthetic scenario,Explicitly synthetic,Yes,SYN-FAM-088,1,ChatGPT,2026-09-30,Hypothetical; not derived from a specific baseline or source incident,,,,,,Proposed scenario label - human review required,Training-only candidate after label review,Exclude from primary evaluation; optional separate synthetic diagnostic only,Yes - before new evaluation,,,,,,,,,
SYN-0263,SYN-FAM-088,Waste burning beside protected habitat,Open burning at the government leasehold is occurring in the habitat buffer where the environmental conditions prohibit it.,English,Open burning at the government leasehold is occurring in the habitat buffer where the environmental conditions prohibit it.,AI-authored English; no translation,AI-generated synthetic complaint scenario variant,No,,Protected / Environmental Lease Misuse,Hypothetical state/public-land lease complaint; in-scope by scenario construction,Training augmentation candidate only; human label review required,,,Synthetic - not a real incident,Authored hypothetical scenario; no external incident asserted,,Scenario-author-assigned label; not expert-confirmed gold,"Fictional conditions are scenario assumptions, not statements of Sri Lankan law. Three variants share one scenario family.",SYN-FAM-088,,complaint-development-v0.2-draft-530,New synthetic scenario,Explicitly synthetic,Yes,SYN-FAM-088,2,ChatGPT,2026-09-30,Hypothetical; not derived from a specific baseline or source incident,,,,,,Proposed scenario label - human review required,Training-only candidate after label review,Exclude from primary evaluation; optional separate synthetic diagnostic only,Yes - before new evaluation,,,,,,,,,
SYN-0264,SYN-FAM-088,Waste burning beside protected habitat,The operator is disposing of waste by burning it inside a protected section rather than following the lease's disposal requirements.,English,The operator is disposing of waste by burning it inside a protected section rather than following the lease's disposal requirements.,AI-authored English; no translation,AI-generated synthetic complaint scenario variant,No,,Protected / Environmental Lease Misuse,Hypothetical state/public-land lease complaint; in-scope by scenario construction,Training augmentation candidate only; human label review required,,,Synthetic - not a real incident,Authored hypothetical scenario; no external incident asserted,,Scenario-author-assigned label; not expert-confirmed gold,"Fictional conditions are scenario assumptions, not statements of Sri Lankan law. Three variants share one scenario family.",SYN-FAM-088,,complaint-development-v0.2-draft-530,New synthetic scenario,Explicitly synthetic,Yes,SYN-FAM-088,3,ChatGPT,2026-09-30,Hypothetical; not derived from a specific baseline or source incident,,,,,,Proposed scenario label - human review required,Training-only candidate after label review,Exclude from primary evaluation; optional separate synthetic diagnostic only,Yes - before new evaluation,,,,,,,,,
SYN-0265,SYN-FAM-089,Pond effluent outside treatment route,The aquaculture lessee diverted pond effluent directly into a lagoon instead of the treatment route specified for the government site.,English,The aquaculture lessee diverted pond effluent directly into a lagoon instead of the treatment route specified for the government site.,AI-authored English; no translation,AI-generated synthetic complaint scenario variant,No,,Protected / Environmental Lease Misuse,Hypothetical state/public-land lease complaint; in-scope by scenario construction,Training augmentation candidate only; human label review required,,,Synthetic - not a real incident,Authored hypothetical scenario; no external incident asserted,,Scenario-author-assigned label; not expert-confirmed gold,"Fictional conditions are scenario assumptions, not statements of Sri Lankan law. Three variants share one scenario family.",SYN-FAM-089,,complaint-development-v0.2-draft-530,New synthetic scenario,Explicitly synthetic,Yes,SYN-FAM-089,1,ChatGPT,2026-09-30,Hypothetical; not derived from a specific baseline or source incident,,,,,,Proposed scenario label - human review required,Training-only candidate after label review,Exclude from primary evaluation; optional separate synthetic diagnostic only,Yes - before new evaluation,,,,,,,,,
SYN-0266,SYN-FAM-089,Pond effluent outside treatment route,Wastewater from the leased aquaculture parcel reaches the lagoon without passing through the approved settling ponds.,English,Wastewater from the leased aquaculture parcel reaches the lagoon without passing through the approved settling ponds.,AI-authored English; no translation,AI-generated synthetic complaint scenario variant,No,,Protected / Environmental Lease Misuse,Hypothetical state/public-land lease complaint; in-scope by scenario construction,Training augmentation candidate only; human label review required,,,Synthetic - not a real incident,Authored hypothetical scenario; no external incident asserted,,Scenario-author-assigned label; not expert-confirmed gold,"Fictional conditions are scenario assumptions, not statements of Sri Lankan law. Three variants share one scenario family.",SYN-FAM-089,,complaint-development-v0.2-draft-530,New synthetic scenario,Explicitly synthetic,Yes,SYN-FAM-089,2,ChatGPT,2026-09-30,Hypothetical; not derived from a specific baseline or source incident,,,,,,Proposed scenario label - human review required,Training-only candidate after label review,Exclude from primary evaluation; optional separate synthetic diagnostic only,Yes - before new evaluation,,,,,,,,,
SYN-0267,SYN-FAM-089,Pond effluent outside treatment route,The operator bypassed the effluent controls attached to the state-land lease and discharged pond water into the adjacent lagoon.,English,The operator bypassed the effluent controls attached to the state-land lease and discharged pond water into the adjacent lagoon.,AI-authored English; no translation,AI-generated synthetic complaint scenario variant,No,,Protected / Environmental Lease Misuse,Hypothetical state/public-land lease complaint; in-scope by scenario construction,Training augmentation candidate only; human label review required,,,Synthetic - not a real incident,Authored hypothetical scenario; no external incident asserted,,Scenario-author-assigned label; not expert-confirmed gold,"Fictional conditions are scenario assumptions, not statements of Sri Lankan law. Three variants share one scenario family.",SYN-FAM-089,,complaint-development-v0.2-draft-530,New synthetic scenario,Explicitly synthetic,Yes,SYN-FAM-089,3,ChatGPT,2026-09-30,Hypothetical; not derived from a specific baseline or source incident,,,,,,Proposed scenario label - human review required,Training-only candidate after label review,Exclude from primary evaluation; optional separate synthetic diagnostic only,Yes - before new evaluation,,,,,,,,,
SYN-0268,SYN-FAM-090,Vegetation cleared before clearance,"The state-land lease allowed site occupation but prohibited clearing until environmental consent, yet the operator cleared the forested section while consent was pending.",English,"The state-land lease allowed site occupation but prohibited clearing until environmental consent, yet the operator cleared the forested section while consent was pending.",AI-authored English; no translation,AI-generated synthetic complaint scenario variant,No,,Protected / Environmental Lease Misuse,Hypothetical state/public-land lease complaint; in-scope by scenario construction,Training augmentation candidate only; human label review required,,,Synthetic - not a real incident,Authored hypothetical scenario; no external incident asserted,,Scenario-author-assigned label; not expert-confirmed gold,"Fictional conditions are scenario assumptions, not statements of Sri Lankan law. Three variants share one scenario family.",SYN-FAM-090,,complaint-development-v0.2-draft-530,New synthetic scenario,Explicitly synthetic,Yes,SYN-FAM-090,1,ChatGPT,2026-09-30,Hypothetical; not derived from a specific baseline or source incident,,,,,,Proposed scenario label - human review required,Training-only candidate after label review,Exclude from primary evaluation; optional separate synthetic diagnostic only,Yes - before new evaluation,,,,,,,,,
SYN-0269,SYN-FAM-090,Vegetation cleared before clearance,"Possession was granted conditionally, but vegetation was removed from the government leasehold before the required environmental decision.",English,"Possession was granted conditionally, but vegetation was removed from the government leasehold before the required environmental decision.",AI-authored English; no translation,AI-generated synthetic complaint scenario variant,No,,Protected / Environmental Lease Misuse,Hypothetical state/public-land lease complaint; in-scope by scenario construction,Training augmentation candidate only; human label review required,,,Synthetic - not a real incident,Authored hypothetical scenario; no external incident asserted,,Scenario-author-assigned label; not expert-confirmed gold,"Fictional conditions are scenario assumptions, not statements of Sri Lankan law. Three variants share one scenario family.",SYN-FAM-090,,complaint-development-v0.2-draft-530,New synthetic scenario,Explicitly synthetic,Yes,SYN-FAM-090,2,ChatGPT,2026-09-30,Hypothetical; not derived from a specific baseline or source incident,,,,,,Proposed scenario label - human review required,Training-only candidate after label review,Exclude from primary evaluation; optional separate synthetic diagnostic only,Yes - before new evaluation,,,,,,,,,
SYN-0270,SYN-FAM-090,Vegetation cleared before clearance,The lessee began forest clearance despite a recorded condition withholding that activity until environmental approval was received.,English,The lessee began forest clearance despite a recorded condition withholding that activity until environmental approval was received.,AI-authored English; no translation,AI-generated synthetic complaint scenario variant,No,,Protected / Environmental Lease Misuse,Hypothetical state/public-land lease complaint; in-scope by scenario construction,Training augmentation candidate only; human label review required,,,Synthetic - not a real incident,Authored hypothetical scenario; no external incident asserted,,Scenario-author-assigned label; not expert-confirmed gold,"Fictional conditions are scenario assumptions, not statements of Sri Lankan law. Three variants share one scenario family.",SYN-FAM-090,,complaint-development-v0.2-draft-530,New synthetic scenario,Explicitly synthetic,Yes,SYN-FAM-090,3,ChatGPT,2026-09-30,Hypothetical; not derived from a specific baseline or source incident,,,,,,Proposed scenario label - human review required,Training-only candidate after label review,Exclude from primary evaluation; optional separate synthetic diagnostic only,Yes - before new evaluation,,,,,,,,,
SYN-0271,SYN-FAM-091,Wildlife corridor blocked,A fence installed by the lessee blocks the wildlife corridor that the government parcel's environmental plan requires to remain open.,English,A fence installed by the lessee blocks the wildlife corridor that the government parcel's environmental plan requires to remain open.,AI-authored English; no translation,AI-generated synthetic complaint scenario variant,No,,Protected / Environmental Lease Misuse,Hypothetical state/public-land lease complaint; in-scope by scenario construction,Training augmentation candidate only; human label review required,,,Synthetic - not a real incident,Authored hypothetical scenario; no external incident asserted,,Scenario-author-assigned label; not expert-confirmed gold,"Fictional conditions are scenario assumptions, not statements of Sri Lankan law. Three variants share one scenario family.",SYN-FAM-091,,complaint-development-v0.2-draft-530,New synthetic scenario,Explicitly synthetic,Yes,SYN-FAM-091,1,ChatGPT,2026-09-30,Hypothetical; not derived from a specific baseline or source incident,,,,,,Proposed scenario label - human review required,Training-only candidate after label review,Exclude from primary evaluation; optional separate synthetic diagnostic only,Yes - before new evaluation,,,,,,,,,
SYN-0272,SYN-FAM-091,Wildlife corridor blocked,The state leasehold's approved wildlife passage has been enclosed by the operator's new perimeter fence.,English,The state leasehold's approved wildlife passage has been enclosed by the operator's new perimeter fence.,AI-authored English; no translation,AI-generated synthetic complaint scenario variant,No,,Protected / Environmental Lease Misuse,Hypothetical state/public-land lease complaint; in-scope by scenario construction,Training augmentation candidate only; human label review required,,,Synthetic - not a real incident,Authored hypothetical scenario; no external incident asserted,,Scenario-author-assigned label; not expert-confirmed gold,"Fictional conditions are scenario assumptions, not statements of Sri Lankan law. Three variants share one scenario family.",SYN-FAM-091,,complaint-development-v0.2-draft-530,New synthetic scenario,Explicitly synthetic,Yes,SYN-FAM-091,2,ChatGPT,2026-09-30,Hypothetical; not derived from a specific baseline or source incident,,,,,,Proposed scenario label - human review required,Training-only candidate after label review,Exclude from primary evaluation; optional separate synthetic diagnostic only,Yes - before new evaluation,,,,,,,,,
SYN-0273,SYN-FAM-091,Wildlife corridor blocked,The holder fenced across the protected animal-movement route rather than preserving the corridor identified in the lease conditions.,English,The holder fenced across the protected animal-movement route rather than preserving the corridor identified in the lease conditions.,AI-authored English; no translation,AI-generated synthetic complaint scenario variant,No,,Protected / Environmental Lease Misuse,Hypothetical state/public-land lease complaint; in-scope by scenario construction,Training augmentation candidate only; human label review required,,,Synthetic - not a real incident,Authored hypothetical scenario; no external incident asserted,,Scenario-author-assigned label; not expert-confirmed gold,"Fictional conditions are scenario assumptions, not statements of Sri Lankan law. Three variants share one scenario family.",SYN-FAM-091,,complaint-development-v0.2-draft-530,New synthetic scenario,Explicitly synthetic,Yes,SYN-FAM-091,3,ChatGPT,2026-09-30,Hypothetical; not derived from a specific baseline or source incident,,,,,,Proposed scenario label - human review required,Training-only candidate after label review,Exclude from primary evaluation; optional separate synthetic diagnostic only,Yes - before new evaluation,,,,,,,,,
SYN-0274,SYN-FAM-092,Fuel leakage into wetland,"Fuel storage on the government leasehold lacks the required containment, and a reported leak has reached the protected wetland beside the site.",English,"Fuel storage on the government leasehold lacks the required containment, and a reported leak has reached the protected wetland beside the site.",AI-authored English; no translation,AI-generated synthetic complaint scenario variant,No,,Protected / Environmental Lease Misuse,Hypothetical state/public-land lease complaint; in-scope by scenario construction,Training augmentation candidate only; human label review required,,,Synthetic - not a real incident,Authored hypothetical scenario; no external incident asserted,,Scenario-author-assigned label; not expert-confirmed gold,"Fictional conditions are scenario assumptions, not statements of Sri Lankan law. Three variants share one scenario family.",SYN-FAM-092,,complaint-development-v0.2-draft-530,New synthetic scenario,Explicitly synthetic,Yes,SYN-FAM-092,1,ChatGPT,2026-09-30,Hypothetical; not derived from a specific baseline or source incident,,,,,,Proposed scenario label - human review required,Training-only candidate after label review,Exclude from primary evaluation; optional separate synthetic diagnostic only,Yes - before new evaluation,,,,,,,,,
SYN-0275,SYN-FAM-092,Fuel leakage into wetland,"The lessee stored fuel without the containment specified in the environmental plan, allowing leaked fuel to enter the wetland buffer.",English,"The lessee stored fuel without the containment specified in the environmental plan, allowing leaked fuel to enter the wetland buffer.",AI-authored English; no translation,AI-generated synthetic complaint scenario variant,No,,Protected / Environmental Lease Misuse,Hypothetical state/public-land lease complaint; in-scope by scenario construction,Training augmentation candidate only; human label review required,,,Synthetic - not a real incident,Authored hypothetical scenario; no external incident asserted,,Scenario-author-assigned label; not expert-confirmed gold,"Fictional conditions are scenario assumptions, not statements of Sri Lankan law. Three variants share one scenario family.",SYN-FAM-092,,complaint-development-v0.2-draft-530,New synthetic scenario,Explicitly synthetic,Yes,SYN-FAM-092,2,ChatGPT,2026-09-30,Hypothetical; not derived from a specific baseline or source incident,,,,,,Proposed scenario label - human review required,Training-only candidate after label review,Exclude from primary evaluation; optional separate synthetic diagnostic only,Yes - before new evaluation,,,,,,,,,
SYN-0276,SYN-FAM-092,Fuel leakage into wetland,A spill from the leased site's uncontained fuel tanks affected the protected wetland that its conditions require the operator to safeguard.,English,A spill from the leased site's uncontained fuel tanks affected the protected wetland that its conditions require the operator to safeguard.,AI-authored English; no translation,AI-generated synthetic complaint scenario variant,No,,Protected / Environmental Lease Misuse,Hypothetical state/public-land lease complaint; in-scope by scenario construction,Training augmentation candidate only; human label review required,,,Synthetic - not a real incident,Authored hypothetical scenario; no external incident asserted,,Scenario-author-assigned label; not expert-confirmed gold,"Fictional conditions are scenario assumptions, not statements of Sri Lankan law. Three variants share one scenario family.",SYN-FAM-092,,complaint-development-v0.2-draft-530,New synthetic scenario,Explicitly synthetic,Yes,SYN-FAM-092,3,ChatGPT,2026-09-30,Hypothetical; not derived from a specific baseline or source incident,,,,,,Proposed scenario label - human review required,Training-only candidate after label review,Exclude from primary evaluation; optional separate synthetic diagnostic only,Yes - before new evaluation,,,,,,,,,
SYN-0277,SYN-FAM-093,Quarry restoration not performed,"The government quarry lease ended, but the operator left unstable excavation faces without carrying out the agreed environmental restoration.",English,"The government quarry lease ended, but the operator left unstable excavation faces without carrying out the agreed environmental restoration.",AI-authored English; no translation,AI-generated synthetic complaint scenario variant,No,,Protected / Environmental Lease Misuse,Hypothetical state/public-land lease complaint; in-scope by scenario construction,Training augmentation candidate only; human label review required,,,Synthetic - not a real incident,Authored hypothetical scenario; no external incident asserted,,Scenario-author-assigned label; not expert-confirmed gold,"Fictional conditions are scenario assumptions, not statements of Sri Lankan law. Three variants share one scenario family.",SYN-FAM-093,,complaint-development-v0.2-draft-530,New synthetic scenario,Explicitly synthetic,Yes,SYN-FAM-093,1,ChatGPT,2026-09-30,Hypothetical; not derived from a specific baseline or source incident,,,,,,Proposed scenario label - human review required,Training-only candidate after label review,Exclude from primary evaluation; optional separate synthetic diagnostic only,Yes - before new evaluation,,,,,,,,,
SYN-0278,SYN-FAM-093,Quarry restoration not performed,The former lessee handed back the quarry parcel without the slope stabilization and rehabilitation required by the lease's closure plan.,English,The former lessee handed back the quarry parcel without the slope stabilization and rehabilitation required by the lease's closure plan.,AI-authored English; no translation,AI-generated synthetic complaint scenario variant,No,,Protected / Environmental Lease Misuse,Hypothetical state/public-land lease complaint; in-scope by scenario construction,Training augmentation candidate only; human label review required,,,Synthetic - not a real incident,Authored hypothetical scenario; no external incident asserted,,Scenario-author-assigned label; not expert-confirmed gold,"Fictional conditions are scenario assumptions, not statements of Sri Lankan law. Three variants share one scenario family.",SYN-FAM-093,,complaint-development-v0.2-draft-530,New synthetic scenario,Explicitly synthetic,Yes,SYN-FAM-093,2,ChatGPT,2026-09-30,Hypothetical; not derived from a specific baseline or source incident,,,,,,Proposed scenario label - human review required,Training-only candidate after label review,Exclude from primary evaluation; optional separate synthetic diagnostic only,Yes - before new evaluation,,,,,,,,,
SYN-0279,SYN-FAM-093,Quarry restoration not performed,"Restoration obligations remain unfulfilled at the returned state leasehold, where excavated slopes have been left unsecured.",English,"Restoration obligations remain unfulfilled at the returned state leasehold, where excavated slopes have been left unsecured.",AI-authored English; no translation,AI-generated synthetic complaint scenario variant,No,,Protected / Environmental Lease Misuse,Hypothetical state/public-land lease complaint; in-scope by scenario construction,Training augmentation candidate only; human label review required,,,Synthetic - not a real incident,Authored hypothetical scenario; no external incident asserted,,Scenario-author-assigned label; not expert-confirmed gold,"Fictional conditions are scenario assumptions, not statements of Sri Lankan law. Three variants share one scenario family.",SYN-FAM-093,,complaint-development-v0.2-draft-530,New synthetic scenario,Explicitly synthetic,Yes,SYN-FAM-093,3,ChatGPT,2026-09-30,Hypothetical; not derived from a specific baseline or source incident,,,,,,Proposed scenario label - human review required,Training-only candidate after label review,Exclude from primary evaluation; optional separate synthetic diagnostic only,Yes - before new evaluation,,,,,,,,,
SYN-0280,SYN-FAM-094,Clearing outside environmental footprint,"The lessee holds the whole parcel, but environmental approval permits clearing only a smaller footprint that the operator has exceeded.",English,"The lessee holds the whole parcel, but environmental approval permits clearing only a smaller footprint that the operator has exceeded.",AI-authored English; no translation,AI-generated synthetic complaint scenario variant,No,,Protected / Environmental Lease Misuse,Hypothetical state/public-land lease complaint; in-scope by scenario construction,Training augmentation candidate only; human label review required,,,Synthetic - not a real incident,Authored hypothetical scenario; no external incident asserted,,Scenario-author-assigned label; not expert-confirmed gold,"Fictional conditions are scenario assumptions, not statements of Sri Lankan law. Three variants share one scenario family.",SYN-FAM-094,,complaint-development-v0.2-draft-530,New synthetic scenario,Explicitly synthetic,Yes,SYN-FAM-094,1,ChatGPT,2026-09-30,Hypothetical; not derived from a specific baseline or source incident,,,,,,Proposed scenario label - human review required,Training-only candidate after label review,Exclude from primary evaluation; optional separate synthetic diagnostic only,Yes - before new evaluation,,,,,,,,,
SYN-0281,SYN-FAM-094,Clearing outside environmental footprint,"Vegetation removal on the government leasehold extends beyond the area approved for environmental disturbance, although it remains inside the lease boundary.",English,"Vegetation removal on the government leasehold extends beyond the area approved for environmental disturbance, although it remains inside the lease boundary.",AI-authored English; no translation,AI-generated synthetic complaint scenario variant,No,,Protected / Environmental Lease Misuse,Hypothetical state/public-land lease complaint; in-scope by scenario construction,Training augmentation candidate only; human label review required,,,Synthetic - not a real incident,Authored hypothetical scenario; no external incident asserted,,Scenario-author-assigned label; not expert-confirmed gold,"Fictional conditions are scenario assumptions, not statements of Sri Lankan law. Three variants share one scenario family.",SYN-FAM-094,,complaint-development-v0.2-draft-530,New synthetic scenario,Explicitly synthetic,Yes,SYN-FAM-094,2,ChatGPT,2026-09-30,Hypothetical; not derived from a specific baseline or source incident,,,,,,Proposed scenario label - human review required,Training-only candidate after label review,Exclude from primary evaluation; optional separate synthetic diagnostic only,Yes - before new evaluation,,,,,,,,,
SYN-0282,SYN-FAM-094,Clearing outside environmental footprint,The operator treated the entire state lease as clearable land despite environmental permission covering only the marked development footprint.,English,The operator treated the entire state lease as clearable land despite environmental permission covering only the marked development footprint.,AI-authored English; no translation,AI-generated synthetic complaint scenario variant,No,,Protected / Environmental Lease Misuse,Hypothetical state/public-land lease complaint; in-scope by scenario construction,Training augmentation candidate only; human label review required,,,Synthetic - not a real incident,Authored hypothetical scenario; no external incident asserted,,Scenario-author-assigned label; not expert-confirmed gold,"Fictional conditions are scenario assumptions, not statements of Sri Lankan law. Three variants share one scenario family.",SYN-FAM-094,,complaint-development-v0.2-draft-530,New synthetic scenario,Explicitly synthetic,Yes,SYN-FAM-094,3,ChatGPT,2026-09-30,Hypothetical; not derived from a specific baseline or source incident,,,,,,Proposed scenario label - human review required,Training-only candidate after label review,Exclude from primary evaluation; optional separate synthetic diagnostic only,Yes - before new evaluation,,,,,,,,,
SYN-0283,SYN-FAM-095,Waste dumped in protected gully,The holder used a protected drainage gully on the state leasehold to dump construction debris despite conditions requiring the channel to remain clear.,English,The holder used a protected drainage gully on the state leasehold to dump construction debris despite conditions requiring the channel to remain clear.,AI-authored English; no translation,AI-generated synthetic complaint scenario variant,No,,Protected / Environmental Lease Misuse,Hypothetical state/public-land lease complaint; in-scope by scenario construction,Training augmentation candidate only; human label review required,,,Synthetic - not a real incident,Authored hypothetical scenario; no external incident asserted,,Scenario-author-assigned label; not expert-confirmed gold,"Fictional conditions are scenario assumptions, not statements of Sri Lankan law. Three variants share one scenario family.",SYN-FAM-095,,complaint-development-v0.2-draft-530,New synthetic scenario,Explicitly synthetic,Yes,SYN-FAM-095,1,ChatGPT,2026-09-30,Hypothetical; not derived from a specific baseline or source incident,,,,,,Proposed scenario label - human review required,Training-only candidate after label review,Exclude from primary evaluation; optional separate synthetic diagnostic only,Yes - before new evaluation,,,,,,,,,
SYN-0284,SYN-FAM-095,Waste dumped in protected gully,Debris from the leased site's building work now fills the drainage corridor reserved for environmental protection.,English,Debris from the leased site's building work now fills the drainage corridor reserved for environmental protection.,AI-authored English; no translation,AI-generated synthetic complaint scenario variant,No,,Protected / Environmental Lease Misuse,Hypothetical state/public-land lease complaint; in-scope by scenario construction,Training augmentation candidate only; human label review required,,,Synthetic - not a real incident,Authored hypothetical scenario; no external incident asserted,,Scenario-author-assigned label; not expert-confirmed gold,"Fictional conditions are scenario assumptions, not statements of Sri Lankan law. Three variants share one scenario family.",SYN-FAM-095,,complaint-development-v0.2-draft-530,New synthetic scenario,Explicitly synthetic,Yes,SYN-FAM-095,2,ChatGPT,2026-09-30,Hypothetical; not derived from a specific baseline or source incident,,,,,,Proposed scenario label - human review required,Training-only candidate after label review,Exclude from primary evaluation; optional separate synthetic diagnostic only,Yes - before new evaluation,,,,,,,,,
SYN-0285,SYN-FAM-095,Waste dumped in protected gully,The government-land lessee deposited rubble inside the protected gully instead of keeping the approved drainage route unobstructed.,English,The government-land lessee deposited rubble inside the protected gully instead of keeping the approved drainage route unobstructed.,AI-authored English; no translation,AI-generated synthetic complaint scenario variant,No,,Protected / Environmental Lease Misuse,Hypothetical state/public-land lease complaint; in-scope by scenario construction,Training augmentation candidate only; human label review required,,,Synthetic - not a real incident,Authored hypothetical scenario; no external incident asserted,,Scenario-author-assigned label; not expert-confirmed gold,"Fictional conditions are scenario assumptions, not statements of Sri Lankan law. Three variants share one scenario family.",SYN-FAM-095,,complaint-development-v0.2-draft-530,New synthetic scenario,Explicitly synthetic,Yes,SYN-FAM-095,3,ChatGPT,2026-09-30,Hypothetical; not derived from a specific baseline or source incident,,,,,,Proposed scenario label - human review required,Training-only candidate after label review,Exclude from primary evaluation; optional separate synthetic diagnostic only,Yes - before new evaluation,,,,,,,,,
SYN-0286,SYN-FAM-096,Unapproved wastewater outlet,A new wastewater outlet from the leased factory discharges toward farmland instead of the approved treatment facility required in the lease conditions.,English,A new wastewater outlet from the leased factory discharges toward farmland instead of the approved treatment facility required in the lease conditions.,AI-authored English; no translation,AI-generated synthetic complaint scenario variant,No,,Protected / Environmental Lease Misuse,Hypothetical state/public-land lease complaint; in-scope by scenario construction,Training augmentation candidate only; human label review required,,,Synthetic - not a real incident,Authored hypothetical scenario; no external incident asserted,,Scenario-author-assigned label; not expert-confirmed gold,"Fictional conditions are scenario assumptions, not statements of Sri Lankan law. Three variants share one scenario family.",SYN-FAM-096,,complaint-development-v0.2-draft-530,New synthetic scenario,Explicitly synthetic,Yes,SYN-FAM-096,1,ChatGPT,2026-09-30,Hypothetical; not derived from a specific baseline or source incident,,,,,,Proposed scenario label - human review required,Training-only candidate after label review,Exclude from primary evaluation; optional separate synthetic diagnostic only,Yes - before new evaluation,,,,,,,,,
SYN-0287,SYN-FAM-096,Unapproved wastewater outlet,The government leaseholder installed a discharge pipe that bypasses the environmental controls specified for industrial wastewater.,English,The government leaseholder installed a discharge pipe that bypasses the environmental controls specified for industrial wastewater.,AI-authored English; no translation,AI-generated synthetic complaint scenario variant,No,,Protected / Environmental Lease Misuse,Hypothetical state/public-land lease complaint; in-scope by scenario construction,Training augmentation candidate only; human label review required,,,Synthetic - not a real incident,Authored hypothetical scenario; no external incident asserted,,Scenario-author-assigned label; not expert-confirmed gold,"Fictional conditions are scenario assumptions, not statements of Sri Lankan law. Three variants share one scenario family.",SYN-FAM-096,,complaint-development-v0.2-draft-530,New synthetic scenario,Explicitly synthetic,Yes,SYN-FAM-096,2,ChatGPT,2026-09-30,Hypothetical; not derived from a specific baseline or source incident,,,,,,Proposed scenario label - human review required,Training-only candidate after label review,Exclude from primary evaluation; optional separate synthetic diagnostic only,Yes - before new evaluation,,,,,,,,,
SYN-0288,SYN-FAM-096,Unapproved wastewater outlet,Wastewater is leaving the state-leased factory through an unapproved outlet rather than the route described in its environmental plan.,English,Wastewater is leaving the state-leased factory through an unapproved outlet rather than the route described in its environmental plan.,AI-authored English; no translation,AI-generated synthetic complaint scenario variant,No,,Protected / Environmental Lease Misuse,Hypothetical state/public-land lease complaint; in-scope by scenario construction,Training augmentation candidate only; human label review required,,,Synthetic - not a real incident,Authored hypothetical scenario; no external incident asserted,,Scenario-author-assigned label; not expert-confirmed gold,"Fictional conditions are scenario assumptions, not statements of Sri Lankan law. Three variants share one scenario family.",SYN-FAM-096,,complaint-development-v0.2-draft-530,New synthetic scenario,Explicitly synthetic,Yes,SYN-FAM-096,3,ChatGPT,2026-09-30,Hypothetical; not derived from a specific baseline or source incident,,,,,,Proposed scenario label - human review required,Training-only candidate after label review,Exclude from primary evaluation; optional separate synthetic diagnostic only,Yes - before new evaluation,,,,,,,,,
SYN-0289,SYN-FAM-097,Protected island nesting area disturbed,The tourism lessee built visitor paths through the island's nesting area that the government lease plan designates as a no-entry conservation zone.,English,The tourism lessee built visitor paths through the island's nesting area that the government lease plan designates as a no-entry conservation zone.,AI-authored English; no translation,AI-generated synthetic complaint scenario variant,No,,Protected / Environmental Lease Misuse,Hypothetical state/public-land lease complaint; in-scope by scenario construction,Training augmentation candidate only; human label review required,,,Synthetic - not a real incident,Authored hypothetical scenario; no external incident asserted,,Scenario-author-assigned label; not expert-confirmed gold,"Fictional conditions are scenario assumptions, not statements of Sri Lankan law. Three variants share one scenario family.",SYN-FAM-097,,complaint-development-v0.2-draft-530,New synthetic scenario,Explicitly synthetic,Yes,SYN-FAM-097,1,ChatGPT,2026-09-30,Hypothetical; not derived from a specific baseline or source incident,,,,,,Proposed scenario label - human review required,Training-only candidate after label review,Exclude from primary evaluation; optional separate synthetic diagnostic only,Yes - before new evaluation,,,,,,,,,
SYN-0290,SYN-FAM-097,Protected island nesting area disturbed,Visitors are being taken through a protected nesting section of the leased island despite the site's agreed conservation restrictions.,English,Visitors are being taken through a protected nesting section of the leased island despite the site's agreed conservation restrictions.,AI-authored English; no translation,AI-generated synthetic complaint scenario variant,No,,Protected / Environmental Lease Misuse,Hypothetical state/public-land lease complaint; in-scope by scenario construction,Training augmentation candidate only; human label review required,,,Synthetic - not a real incident,Authored hypothetical scenario; no external incident asserted,,Scenario-author-assigned label; not expert-confirmed gold,"Fictional conditions are scenario assumptions, not statements of Sri Lankan law. Three variants share one scenario family.",SYN-FAM-097,,complaint-development-v0.2-draft-530,New synthetic scenario,Explicitly synthetic,Yes,SYN-FAM-097,2,ChatGPT,2026-09-30,Hypothetical; not derived from a specific baseline or source incident,,,,,,Proposed scenario label - human review required,Training-only candidate after label review,Exclude from primary evaluation; optional separate synthetic diagnostic only,Yes - before new evaluation,,,,,,,,,
SYN-0291,SYN-FAM-097,Protected island nesting area disturbed,The operator developed access paths inside the island lease's excluded bird-breeding zone rather than preserving the designated quiet area.,English,The operator developed access paths inside the island lease's excluded bird-breeding zone rather than preserving the designated quiet area.,AI-authored English; no translation,AI-generated synthetic complaint scenario variant,No,,Protected / Environmental Lease Misuse,Hypothetical state/public-land lease complaint; in-scope by scenario construction,Training augmentation candidate only; human label review required,,,Synthetic - not a real incident,Authored hypothetical scenario; no external incident asserted,,Scenario-author-assigned label; not expert-confirmed gold,"Fictional conditions are scenario assumptions, not statements of Sri Lankan law. Three variants share one scenario family.",SYN-FAM-097,,complaint-development-v0.2-draft-530,New synthetic scenario,Explicitly synthetic,Yes,SYN-FAM-097,3,ChatGPT,2026-09-30,Hypothetical; not derived from a specific baseline or source incident,,,,,,Proposed scenario label - human review required,Training-only candidate after label review,Exclude from primary evaluation; optional separate synthetic diagnostic only,Yes - before new evaluation,,,,,,,,,
SYN-0292,SYN-FAM-098,Borrow pit inside conservation area,The state-land lessee dug a borrow pit for building soil within the conservation section excluded from excavation by the environmental approval.,English,The state-land lessee dug a borrow pit for building soil within the conservation section excluded from excavation by the environmental approval.,AI-authored English; no translation,AI-generated synthetic complaint scenario variant,No,,Protected / Environmental Lease Misuse,Hypothetical state/public-land lease complaint; in-scope by scenario construction,Training augmentation candidate only; human label review required,,,Synthetic - not a real incident,Authored hypothetical scenario; no external incident asserted,,Scenario-author-assigned label; not expert-confirmed gold,"Fictional conditions are scenario assumptions, not statements of Sri Lankan law. Three variants share one scenario family.",SYN-FAM-098,,complaint-development-v0.2-draft-530,New synthetic scenario,Explicitly synthetic,Yes,SYN-FAM-098,1,ChatGPT,2026-09-30,Hypothetical; not derived from a specific baseline or source incident,,,,,,Proposed scenario label - human review required,Training-only candidate after label review,Exclude from primary evaluation; optional separate synthetic diagnostic only,Yes - before new evaluation,,,,,,,,,
SYN-0293,SYN-FAM-098,Borrow pit inside conservation area,Soil for construction was taken from the leased parcel's protected area even though excavation was permitted only outside it.,English,Soil for construction was taken from the leased parcel's protected area even though excavation was permitted only outside it.,AI-authored English; no translation,AI-generated synthetic complaint scenario variant,No,,Protected / Environmental Lease Misuse,Hypothetical state/public-land lease complaint; in-scope by scenario construction,Training augmentation candidate only; human label review required,,,Synthetic - not a real incident,Authored hypothetical scenario; no external incident asserted,,Scenario-author-assigned label; not expert-confirmed gold,"Fictional conditions are scenario assumptions, not statements of Sri Lankan law. Three variants share one scenario family.",SYN-FAM-098,,complaint-development-v0.2-draft-530,New synthetic scenario,Explicitly synthetic,Yes,SYN-FAM-098,2,ChatGPT,2026-09-30,Hypothetical; not derived from a specific baseline or source incident,,,,,,Proposed scenario label - human review required,Training-only candidate after label review,Exclude from primary evaluation; optional separate synthetic diagnostic only,Yes - before new evaluation,,,,,,,,,
SYN-0294,SYN-FAM-098,Borrow pit inside conservation area,The operator opened an earth-extraction pit in the government site's conservation zone contrary to the approved environmental footprint.,English,The operator opened an earth-extraction pit in the government site's conservation zone contrary to the approved environmental footprint.,AI-authored English; no translation,AI-generated synthetic complaint scenario variant,No,,Protected / Environmental Lease Misuse,Hypothetical state/public-land lease complaint; in-scope by scenario construction,Training augmentation candidate only; human label review required,,,Synthetic - not a real incident,Authored hypothetical scenario; no external incident asserted,,Scenario-author-assigned label; not expert-confirmed gold,"Fictional conditions are scenario assumptions, not statements of Sri Lankan law. Three variants share one scenario family.",SYN-FAM-098,,complaint-development-v0.2-draft-530,New synthetic scenario,Explicitly synthetic,Yes,SYN-FAM-098,3,ChatGPT,2026-09-30,Hypothetical; not derived from a specific baseline or source incident,,,,,,Proposed scenario label - human review required,Training-only candidate after label review,Exclude from primary evaluation; optional separate synthetic diagnostic only,Yes - before new evaluation,,,,,,,,,
SYN-0295,SYN-FAM-099,Buffer used for chemical storage,The agricultural lessee stores pesticides in the protected water-source buffer despite the lease plan requiring chemical storage outside that area.,English,The agricultural lessee stores pesticides in the protected water-source buffer despite the lease plan requiring chemical storage outside that area.,AI-authored English; no translation,AI-generated synthetic complaint scenario variant,No,,Protected / Environmental Lease Misuse,Hypothetical state/public-land lease complaint; in-scope by scenario construction,Training augmentation candidate only; human label review required,,,Synthetic - not a real incident,Authored hypothetical scenario; no external incident asserted,,Scenario-author-assigned label; not expert-confirmed gold,"Fictional conditions are scenario assumptions, not statements of Sri Lankan law. Three variants share one scenario family.",SYN-FAM-099,,complaint-development-v0.2-draft-530,New synthetic scenario,Explicitly synthetic,Yes,SYN-FAM-099,1,ChatGPT,2026-09-30,Hypothetical; not derived from a specific baseline or source incident,,,,,,Proposed scenario label - human review required,Training-only candidate after label review,Exclude from primary evaluation; optional separate synthetic diagnostic only,Yes - before new evaluation,,,,,,,,,
SYN-0296,SYN-FAM-099,Buffer used for chemical storage,Chemical containers have been placed within the government leasehold's drinking-water buffer instead of the designated storage location.,English,Chemical containers have been placed within the government leasehold's drinking-water buffer instead of the designated storage location.,AI-authored English; no translation,AI-generated synthetic complaint scenario variant,No,,Protected / Environmental Lease Misuse,Hypothetical state/public-land lease complaint; in-scope by scenario construction,Training augmentation candidate only; human label review required,,,Synthetic - not a real incident,Authored hypothetical scenario; no external incident asserted,,Scenario-author-assigned label; not expert-confirmed gold,"Fictional conditions are scenario assumptions, not statements of Sri Lankan law. Three variants share one scenario family.",SYN-FAM-099,,complaint-development-v0.2-draft-530,New synthetic scenario,Explicitly synthetic,Yes,SYN-FAM-099,2,ChatGPT,2026-09-30,Hypothetical; not derived from a specific baseline or source incident,,,,,,Proposed scenario label - human review required,Training-only candidate after label review,Exclude from primary evaluation; optional separate synthetic diagnostic only,Yes - before new evaluation,,,,,,,,,
SYN-0297,SYN-FAM-099,Buffer used for chemical storage,The operator uses the protected water margin for pesticide storage contrary to the environmental safeguards attached to the lease.,English,The operator uses the protected water margin for pesticide storage contrary to the environmental safeguards attached to the lease.,AI-authored English; no translation,AI-generated synthetic complaint scenario variant,No,,Protected / Environmental Lease Misuse,Hypothetical state/public-land lease complaint; in-scope by scenario construction,Training augmentation candidate only; human label review required,,,Synthetic - not a real incident,Authored hypothetical scenario; no external incident asserted,,Scenario-author-assigned label; not expert-confirmed gold,"Fictional conditions are scenario assumptions, not statements of Sri Lankan law. Three variants share one scenario family.",SYN-FAM-099,,complaint-development-v0.2-draft-530,New synthetic scenario,Explicitly synthetic,Yes,SYN-FAM-099,3,ChatGPT,2026-09-30,Hypothetical; not derived from a specific baseline or source incident,,,,,,Proposed scenario label - human review required,Training-only candidate after label review,Exclude from primary evaluation; optional separate synthetic diagnostic only,Yes - before new evaluation,,,,,,,,,
SYN-0298,SYN-FAM-100,Environmental monitoring condition ignored,"The industrial state-land lease requires effluent monitoring before discharge, but the operator continues releasing wastewater while the required monitoring remains unperformed.",English,"The industrial state-land lease requires effluent monitoring before discharge, but the operator continues releasing wastewater while the required monitoring remains unperformed.",AI-authored English; no translation,AI-generated synthetic complaint scenario variant,No,,Protected / Environmental Lease Misuse,Hypothetical state/public-land lease complaint; in-scope by scenario construction,Training augmentation candidate only; human label review required,,,Synthetic - not a real incident,Authored hypothetical scenario; no external incident asserted,,Scenario-author-assigned label; not expert-confirmed gold,"Fictional conditions are scenario assumptions, not statements of Sri Lankan law. Three variants share one scenario family.",SYN-FAM-100,,complaint-development-v0.2-draft-530,New synthetic scenario,Explicitly synthetic,Yes,SYN-FAM-100,1,ChatGPT,2026-09-30,Hypothetical; not derived from a specific baseline or source incident,,,,,,Proposed scenario label - human review required,Training-only candidate after label review,Exclude from primary evaluation; optional separate synthetic diagnostic only,Yes - before new evaluation,,,,,,,,,
SYN-0299,SYN-FAM-100,Environmental monitoring condition ignored,Wastewater is discharged from the government leasehold without the tests required by its environmental operating conditions.,English,Wastewater is discharged from the government leasehold without the tests required by its environmental operating conditions.,AI-authored English; no translation,AI-generated synthetic complaint scenario variant,No,,Protected / Environmental Lease Misuse,Hypothetical state/public-land lease complaint; in-scope by scenario construction,Training augmentation candidate only; human label review required,,,Synthetic - not a real incident,Authored hypothetical scenario; no external incident asserted,,Scenario-author-assigned label; not expert-confirmed gold,"Fictional conditions are scenario assumptions, not statements of Sri Lankan law. Three variants share one scenario family.",SYN-FAM-100,,complaint-development-v0.2-draft-530,New synthetic scenario,Explicitly synthetic,Yes,SYN-FAM-100,2,ChatGPT,2026-09-30,Hypothetical; not derived from a specific baseline or source incident,,,,,,Proposed scenario label - human review required,Training-only candidate after label review,Exclude from primary evaluation; optional separate synthetic diagnostic only,Yes - before new evaluation,,,,,,,,,
SYN-0300,SYN-FAM-100,Environmental monitoring condition ignored,The lessee continues effluent discharge despite missing the mandatory monitoring checks specified for the leased site's operation.,English,The lessee continues effluent discharge despite missing the mandatory monitoring checks specified for the leased site's operation.,AI-authored English; no translation,AI-generated synthetic complaint scenario variant,No,,Protected / Environmental Lease Misuse,Hypothetical state/public-land lease complaint; in-scope by scenario construction,Training augmentation candidate only; human label review required,,,Synthetic - not a real incident,Authored hypothetical scenario; no external incident asserted,,Scenario-author-assigned label; not expert-confirmed gold,"Fictional conditions are scenario assumptions, not statements of Sri Lankan law. Three variants share one scenario family.",SYN-FAM-100,,complaint-development-v0.2-draft-530,New synthetic scenario,Explicitly synthetic,Yes,SYN-FAM-100,3,ChatGPT,2026-09-30,Hypothetical; not derived from a specific baseline or source incident,,,,,,Proposed scenario label - human review required,Training-only candidate after label review,Exclude from primary evaluation; optional separate synthetic diagnostic only,Yes - before new evaluation,,,,,,,,,
