case_id,event_seq,activity,institution,resource,timestamp
SL-CASE-0001,1,DS Application Received,DS,DS_Officer_7,2024-03-23T14:32:38.730328
SL-CASE-0001,2,DS Initial Review,DS,DS_Officer_2,2024-03-23T19:56:33.106758
SL-CASE-0001,3,Survey Clearance Requested,Survey,Clearance_Officer_9,2024-03-24T02:45:09.234362
SL-CASE-0001,4,Survey Clearance Issued,Survey,Clearance_Officer_9,2024-04-05T13:16:23.179970
SL-CASE-0001,5,DS Field Report Requested,DS,Clearance_Officer_11,2024-04-05T19:38:51.121904
SL-CASE-0001,6,DS Field Report Issued,DS,Clearance_Officer_7,2024-04-20T03:27:06.198550
SL-CASE-0001,7,PLC/DLC Review,PLC_DLC,PLC_Officer_5,2024-04-22T17:42:43.861121
SL-CASE-0001,8,PLC/DLC Recommendation,PLC_DLC,PLC_Officer_1,2024-04-24T07:25:33.327779
SL-CASE-0001,9,LCGD Case Intake,LCGD,LCGD_Officer_2,2024-04-29T17:47:59.545159
SL-CASE-0001,10,LCGD Review,LCGD,LCGD_Officer_3,2024-05-10T12:22:28.957337
SL-CASE-0001,11,LCGD Lease Decision,LCGD,LCGD_Officer_2,2024-05-13T11:23:47.775561
SL-CASE-0001,12,DS Final Notification,DS,DS_Officer_6,2024-05-16T08:24:05.469757
SL-CASE-0002,1,DS Application Received,DS,DS_Officer_7,2023-03-13T14:12:18.366178
SL-CASE-0002,2,DS Initial Review,DS,DS_Officer_5,2023-03-13T21:40:20.317554
SL-CASE-0002,3,Survey Clearance Requested,Survey,Clearance_Officer_10,2023-03-14T17:55:09.166963
SL-CASE-0002,4,Survey Clearance Issued,Survey,Clearance_Officer_6,2023-04-01T13:41:06.756376
SL-CASE-0002,5,Environmental Clearance Requested,Environmental,Clearance_Officer_12,2023-04-02T04:23:13.046280
SL-CASE-0002,6,Environmental Clearance Issued,Environmental,Clearance_Officer_11,2023-04-04T12:06:14.778589
SL-CASE-0002,7,Irrigation Dept Clearance Requested,Irrigation,Clearance_Officer_5,2023-04-04T19:07:04.322021
SL-CASE-0002,8,Irrigation Dept Clearance Issued,Irrigation,Clearance_Officer_4,2023-04-24T12:22:43.970338
SL-CASE-0002,9,DS Field Report Requested,DS,Clearance_Officer_7,2023-04-25T09:26:29.476745
SL-CASE-0002,10,DS Field Report Issued,DS,Clearance_Officer_11,2023-05-01T16:11:50.943611
SL-CASE-0002,11,PLC/DLC Review,PLC_DLC,PLC_Officer_2,2023-05-10T02:22:28.781798
SL-CASE-0002,12,PLC/DLC Recommendation,PLC_DLC,PLC_Officer_2,2023-05-12T02:34:31.050703
SL-CASE-0002,13,LCGD Case Intake,LCGD,LCGD_Officer_1,2023-05-16T23:07:21.428634
SL-CASE-0002,14,LCGD Review,LCGD,LCGD_Officer_2,2023-05-26T11:47:26.293089
SL-CASE-0002,15,LCGD Lease Decision,LCGD,LCGD_Officer_2,2023-05-31T22:46:45.725499
SL-CASE-0002,16,Registration Requested,Registry,Registry_Officer_4,2023-06-01T23:24:26.108939
SL-CASE-0002,17,Registration Completed,Registry,Registry_Officer_2,2023-06-08T02:30:12.461388
SL-CASE-0002,18,DS Final Notification,DS,DS_Officer_1,2023-06-10T04:25:35.252637
SL-CASE-0003,1,DS Application Received,DS,DS_Officer_8,2023-06-10T08:38:13.073131
SL-CASE-0003,2,DS Initial Review,DS,DS_Officer_8,2023-06-11T06:02:41.166259
SL-CASE-0003,3,Survey Clearance Requested,Survey,Clearance_Officer_3,2023-06-11T11:11:16.596222
SL-CASE-0003,4,Survey Clearance Issued,Survey,Clearance_Officer_9,2023-06-17T03:39:00.312852
SL-CASE-0003,5,DS Field Report Requested,DS,Clearance_Officer_12,2023-06-17T17:30:27.314194
SL-CASE-0003,6,DS Field Report Issued,DS,Clearance_Officer_10,2023-06-29T20:04:43.675745
SL-CASE-0003,7,PLC/DLC Review,PLC_DLC,PLC_Officer_2,2023-07-04T03:08:31.610364
SL-CASE-0003,8,PLC/DLC Recommendation,PLC_DLC,PLC_Officer_2,2023-07-09T02:50:14.109651
SL-CASE-0003,9,LCGD Case Intake,LCGD,LCGD_Officer_1,2023-07-12T22:19:24.076180
SL-CASE-0003,10,LCGD Review,LCGD,LCGD_Officer_1,2023-07-24T12:15:58.173933
SL-CASE-0003,11,LCGD Lease Decision,LCGD,LCGD_Officer_2,2023-07-26T06:01:51.701352
SL-CASE-0003,12,DS Final Notification,DS,DS_Officer_7,2023-07-28T15:28:35.701171
SL-CASE-0004,1,DS Application Received,DS,DS_Officer_5,2024-02-22T13:06:47.375769
SL-CASE-0004,2,DS Initial Review,DS,DS_Officer_6,2024-02-24T02:55:53.415022
SL-CASE-0004,3,Survey Clearance Requested,Survey,Clearance_Officer_7,2024-02-24T07:23:08.347171
SL-CASE-0004,4,Survey Clearance Issued,Survey,Clearance_Officer_1,2024-02-28T07:30:20.116703
SL-CASE-0004,5,Environmental Clearance Requested,Environmental,Clearance_Officer_12,2024-02-29T06:29:22.338163
SL-CASE-0004,6,Environmental Clearance Issued,Environmental,Clearance_Officer_9,2024-03-06T06:35:41.803876
SL-CASE-0004,7,Irrigation Dept Clearance Requested,Irrigation,Clearance_Officer_9,2024-03-07T01:21:29.210041
SL-CASE-0004,8,Irrigation Dept Clearance Issued,Irrigation,Clearance_Officer_11,2024-03-25T09:30:59.071109
SL-CASE-0004,9,DS Field Report Requested,DS,Clearance_Officer_11,2024-03-25T18:04:55.898592
SL-CASE-0004,10,DS Field Report Issued,DS,Clearance_Officer_4,2024-04-05T09:34:35.285646
SL-CASE-0004,11,PLC/DLC Review,PLC_DLC,PLC_Officer_2,2024-04-07T08:25:25.757272
SL-CASE-0004,12,PLC/DLC Recommendation,PLC_DLC,PLC_Officer_5,2024-04-10T03:54:46.911233
SL-CASE-0004,13,LCGD Case Intake,LCGD,LCGD_Officer_3,2024-04-16T15:11:52.857686
SL-CASE-0004,14,LCGD Review,LCGD,LCGD_Officer_1,2024-04-24T11:22:10.322118
SL-CASE-0004,15,LCGD Lease Decision,LCGD,LCGD_Officer_3,2024-05-03T18:46:42.996459
SL-CASE-0004,16,Registration Requested,Registry,Registry_Officer_2,2024-05-05T04:04:34.224622
SL-CASE-0004,17,Registration Completed,Registry,Registry_Officer_1,2024-05-22T20:26:54.782675
SL-CASE-0004,18,DS Final Notification,DS,DS_Officer_8,2024-05-23T04:26:39.452596
SL-CASE-0005,1,DS Application Received,DS,DS_Officer_4,2024-07-25T07:07:09.779770
SL-CASE-0005,2,DS Initial Review,DS,DS_Officer_7,2024-07-26T18:29:20.897065
SL-CASE-0005,3,Survey Clearance Requested,Survey,Clearance_Officer_11,2024-07-27T18:22:56.726113
SL-CASE-0005,4,Survey Clearance Issued,Survey,Clearance_Officer_9,2024-08-04T20:39:43.823065
SL-CASE-0005,5,Environmental Clearance Requested,Environmental,Clearance_Officer_4,2024-08-05T08:35:41.525463
SL-CASE-0005,6,Environmental Clearance Issued,Environmental,Clearance_Officer_6,2024-08-10T15:03:24.673934
SL-CASE-0005,7,DS Field Report Requested,DS,Clearance_Officer_9,2024-08-10T17:31:10.587327
SL-CASE-0005,8,DS Field Report Issued,DS,Clearance_Officer_4,2024-08-16T02:27:06.932358
SL-CASE-0005,9,PLC/DLC Review,PLC_DLC,PLC_Officer_6,2024-08-16T16:05:29.172997
SL-CASE-0005,10,PLC/DLC Recommendation,PLC_DLC,PLC_Officer_2,2024-08-19T22:02:13.826661
SL-CASE-0005,11,LCGD Case Intake,LCGD,LCGD_Officer_1,2024-08-20T20:33:05.850928
SL-CASE-0005,12,LCGD Review,LCGD,LCGD_Officer_1,2024-09-02T21:23:20.831075
SL-CASE-0005,13,Higher Approval Requested,Ministry,LCGD_Officer_3,2024-09-05T14:00:10.502644
SL-CASE-0005,14,Higher Approval Granted,Ministry,LCGD_Officer_2,2024-10-03T23:56:39.304212
SL-CASE-0005,15,LCGD Lease Decision,LCGD,LCGD_Officer_4,2024-10-09T12:07:29.968019
SL-CASE-0005,16,Registration Requested,Registry,Registry_Officer_4,2024-10-10T21:49:36.036298
SL-CASE-0005,17,Registration Completed,Registry,Registry_Officer_2,2024-10-27T06:02:43.107832
SL-CASE-0005,18,DS Final Notification,DS,DS_Officer_7,2024-10-27T14:38:53.208548
SL-CASE-0006,1,DS Application Received,DS,DS_Officer_2,2023-09-06T00:52:39.806095
SL-CASE-0006,2,DS Initial Review,DS,DS_Officer_4,2023-09-06T15:49:06.969388
SL-CASE-0006,3,Survey Clearance Requested,Survey,Clearance_Officer_3,2023-09-07T05:37:00.801098
SL-CASE-0006,4,Survey Clearance Issued,Survey,Clearance_Officer_5,2023-09-16T05:59:41.701050
SL-CASE-0006,5,Environmental Clearance Requested,Environmental,Clearance_Officer_2,2023-09-16T18:10:21.844067
SL-CASE-0006,6,Environmental Clearance Issued,Environmental,Clearance_Officer_9,2023-09-26T04:14:25.275147
SL-CASE-0006,7,Irrigation Dept Clearance Requested,Irrigation,Clearance_Officer_11,2023-09-26T08:23:39.646421
SL-CASE-0006,8,Irrigation Dept Clearance Issued,Irrigation,Clearance_Officer_1,2023-10-16T08:04:01.746567
SL-CASE-0006,9,DS Field Report Requested,DS,Clearance_Officer_4,2023-10-17T07:23:06.250144
SL-CASE-0006,10,DS Field Report Issued,DS,Clearance_Officer_8,2023-10-21T11:13:22.569311
SL-CASE-0006,11,PLC/DLC Review,PLC_DLC,PLC_Officer_4,2023-10-26T12:58:21.558782
SL-CASE-0006,12,PLC/DLC Recommendation,PLC_DLC,PLC_Officer_2,2023-10-31T01:51:04.110788
SL-CASE-0006,13,LCGD Case Intake,LCGD,LCGD_Officer_4,2023-11-03T00:58:15.414405
SL-CASE-0006,14,LCGD Review,LCGD,LCGD_Officer_4,2023-11-07T18:04:45.033570
SL-CASE-0006,15,Higher Approval Requested,Ministry,LCGD_Officer_4,2023-11-09T08:35:51.317130
SL-CASE-0006,16,Higher Approval Granted,Ministry,LCGD_Officer_3,2023-11-19T18:37:36.916759
SL-CASE-0006,17,LCGD Lease Decision,LCGD,LCGD_Officer_1,2023-11-22T03:34:08.153583
SL-CASE-0006,18,Registration Requested,Registry,Registry_Officer_1,2023-11-25T03:35:43.744934
SL-CASE-0006,19,Registration Completed,Registry,Registry_Officer_1,2023-12-10T08:40:20.424852
SL-CASE-0006,20,DS Final Notification,DS,DS_Officer_8,2023-12-10T14:10:56.293843
SL-CASE-0007,1,DS Application Received,DS,DS_Officer_4,2023-12-19T00:41:38.342941
SL-CASE-0007,2,DS Initial Review,DS,DS_Officer_1,2023-12-20T06:09:59.121650
SL-CASE-0007,3,Survey Clearance Requested,Survey,Clearance_Officer_7,2023-12-20T21:47:34.137268
SL-CASE-0007,4,Survey Clearance Issued,Survey,Clearance_Officer_10,2024-01-03T09:33:17.924066
SL-CASE-0007,5,Environmental Clearance Requested,Environmental,Clearance_Officer_5,2024-01-03T23:03:22.315136
SL-CASE-0007,6,Environmental Clearance Issued,Environmental,Clearance_Officer_12,2024-01-08T20:11:54.216910
SL-CASE-0007,7,DS Field Report Requested,DS,Clearance_Officer_5,2024-01-09T05:06:37.578843
SL-CASE-0007,8,DS Field Report Issued,DS,Clearance_Officer_11,2024-01-17T17:35:19.624936
SL-CASE-0007,9,PLC/DLC Review,PLC_DLC,PLC_Officer_4,2024-01-24T08:45:46.672414
SL-CASE-0007,10,PLC/DLC Recommendation,PLC_DLC,PLC_Officer_1,2024-01-26T02:48:25.793764
SL-CASE-0007,11,LCGD Case Intake,LCGD,LCGD_Officer_1,2024-01-26T16:15:37.354350
SL-CASE-0007,12,LCGD Review,LCGD,LCGD_Officer_2,2024-01-28T16:52:33.522592
SL-CASE-0007,13,Higher Approval Requested,Ministry,LCGD_Officer_2,2024-01-31T08:32:48.601030
SL-CASE-0007,14,Higher Approval Granted,Ministry,LCGD_Officer_1,2024-03-09T00:29:04.960083
SL-CASE-0007,15,LCGD Lease Decision,LCGD,LCGD_Officer_3,2024-03-17T20:14:02.212352
SL-CASE-0007,16,DS Final Notification,DS,DS_Officer_8,2024-03-18T18:10:59.034939
SL-CASE-0008,1,DS Application Received,DS,DS_Officer_5,2024-08-06T16:40:17.370764
SL-CASE-0008,2,DS Initial Review,DS,DS_Officer_2,2024-08-07T01:45:01.272158
SL-CASE-0008,3,Survey Clearance Requested,Survey,Clearance_Officer_3,2024-08-07T20:05:00.673529
SL-CASE-0008,4,Survey Clearance Issued,Survey,Clearance_Officer_10,2024-08-14T00:16:27.498865
SL-CASE-0008,5,Agrarian Services Clearance Requested,Agrarian,Clearance_Officer_6,2024-08-14T06:54:29.367526
SL-CASE-0008,6,Agrarian Services Clearance Issued,Agrarian,Clearance_Officer_11,2024-08-19T03:44:54.715443
SL-CASE-0008,7,PLC/DLC Review,PLC_DLC,PLC_Officer_5,2024-08-27T18:12:45.554317
SL-CASE-0008,8,PLC/DLC Recommendation,PLC_DLC,PLC_Officer_1,2024-08-30T07:54:19.026439
SL-CASE-0008,9,LCGD Case Intake,LCGD,LCGD_Officer_4,2024-08-31T10:18:13.845906
SL-CASE-0008,10,LCGD Review,LCGD,LCGD_Officer_1,2024-09-13T00:57:53.294811
SL-CASE-0008,11,LCGD Lease Decision,LCGD,LCGD_Officer_2,2024-09-13T07:47:40.183299
SL-CASE-0008,12,Registration Requested,Registry,Registry_Officer_3,2024-09-16T14:25:31.513343
SL-CASE-0008,13,Registration Completed,Registry,Registry_Officer_4,2024-09-20T16:06:24.485594
SL-CASE-0008,14,DS Final Notification,DS,DS_Officer_7,2024-09-22T08:43:27.951718
SL-CASE-0009,1,DS Application Received,DS,DS_Officer_5,2024-01-28T15:29:24.789316
SL-CASE-0009,2,DS Initial Review,DS,DS_Officer_1,2024-01-29T11:32:05.589344
SL-CASE-0009,3,Survey Clearance Requested,Survey,Clearance_Officer_4,2024-01-30T09:18:40.420557
SL-CASE-0009,4,Survey Clearance Issued,Survey,Clearance_Officer_11,2024-02-13T08:20:01.096088
SL-CASE-0009,5,DS Field Report Requested,DS,Clearance_Officer_9,2024-02-13T12:35:42.350924
SL-CASE-0009,6,DS Field Report Issued,DS,Clearance_Officer_7,2024-03-02T07:45:37.876826
SL-CASE-0009,7,PLC/DLC Review,PLC_DLC,PLC_Officer_6,2024-03-12T01:47:43.305007
SL-CASE-0009,8,PLC/DLC Recommendation,PLC_DLC,PLC_Officer_2,2024-03-13T01:24:51.995059
SL-CASE-0009,9,LCGD Case Intake,LCGD,LCGD_Officer_2,2024-03-19T04:17:34.554056
SL-CASE-0009,10,LCGD Review,LCGD,LCGD_Officer_1,2024-04-01T12:26:55.595217
SL-CASE-0009,11,LCGD Lease Decision,LCGD,LCGD_Officer_3,2024-04-03T12:25:09.018080
SL-CASE-0009,12,Registration Requested,Registry,Registry_Officer_4,2024-04-07T11:36:40.436099
SL-CASE-0009,13,Registration Completed,Registry,Registry_Officer_2,2024-04-23T17:25:49.640178
SL-CASE-0009,14,DS Final Notification,DS,DS_Officer_2,2024-04-24T14:06:24.678996
SL-CASE-0010,1,DS Application Received,DS,DS_Officer_4,2023-09-25T20:26:36.908521
SL-CASE-0010,2,DS Initial Review,DS,DS_Officer_4,2023-09-26T01:29:05.354978
SL-CASE-0010,3,Survey Clearance Requested,Survey,Clearance_Officer_5,2023-09-26T12:15:03.860480
SL-CASE-0010,4,Survey Clearance Issued,Survey,Clearance_Officer_5,2023-10-13T22:23:45.650117
SL-CASE-0010,5,DS Field Report Requested,DS,Clearance_Officer_9,2023-10-14T08:07:16.423540
SL-CASE-0010,6,DS Field Report Issued,DS,Clearance_Officer_9,2023-10-22T22:22:28.459305
SL-CASE-0010,7,PLC/DLC Review,PLC_DLC,PLC_Officer_1,2023-10-26T13:52:36.271135
SL-CASE-0010,8,PLC/DLC Recommendation,PLC_DLC,PLC_Officer_3,2023-10-27T09:01:32.526095
SL-CASE-0010,9,LCGD Case Intake,LCGD,LCGD_Officer_3,2023-10-29T00:52:56.211657
SL-CASE-0010,10,LCGD Review,LCGD,LCGD_Officer_4,2023-10-30T13:44:12.117576
SL-CASE-0010,11,LCGD Lease Decision,LCGD,LCGD_Officer_3,2023-11-03T04:37:38.940455
SL-CASE-0010,12,DS Final Notification,DS,DS_Officer_2,2023-11-04T13:10:30.199190
SL-CASE-0011,1,DS Application Received,DS,DS_Officer_4,2023-09-27T16:43:19.704683
SL-CASE-0011,2,DS Initial Review,DS,DS_Officer_2,2023-09-28T12:44:52.385813
SL-CASE-0011,3,Survey Clearance Requested,Survey,Clearance_Officer_6,2023-09-29T11:37:23.245102
SL-CASE-0011,4,Survey Clearance Issued,Survey,Clearance_Officer_11,2023-10-12T07:46:55.166070
SL-CASE-0011,5,Environmental Clearance Requested,Environmental,Clearance_Officer_12,2023-10-13T04:26:17.976207
SL-CASE-0011,6,Environmental Clearance Issued,Environmental,Clearance_Officer_9,2023-10-31T06:51:34.860702
SL-CASE-0011,7,DS Field Report Requested,DS,Clearance_Officer_7,2023-10-31T15:39:50.205949
SL-CASE-0011,8,DS Field Report Issued,DS,Clearance_Officer_12,2023-11-07T20:24:12.062563
SL-CASE-0011,9,PLC/DLC Review,PLC_DLC,PLC_Officer_2,2023-11-11T03:48:45.852796
SL-CASE-0011,10,PLC/DLC Recommendation,PLC_DLC,PLC_Officer_6,2023-11-12T07:40:57.026959
SL-CASE-0011,11,LCGD Case Intake,LCGD,LCGD_Officer_2,2023-11-18T22:22:45.264441
SL-CASE-0011,12,LCGD Review,LCGD,LCGD_Officer_3,2023-11-28T13:11:32.106776
SL-CASE-0011,13,LCGD Lease Decision,LCGD,LCGD_Officer_1,2023-12-02T18:12:49.828938
SL-CASE-0011,14,Registration Requested,Registry,Registry_Officer_2,2023-12-04T10:51:20.108118
SL-CASE-0011,15,Registration Completed,Registry,Registry_Officer_3,2023-12-13T14:53:04.495141
SL-CASE-0011,16,DS Final Notification,DS,DS_Officer_8,2023-12-15T01:26:01.519083
SL-CASE-0012,1,DS Application Received,DS,DS_Officer_4,2024-04-18T00:26:29.460907
SL-CASE-0012,2,DS Initial Review,DS,DS_Officer_4,2024-04-19T10:02:40.295123
SL-CASE-0012,3,Survey Clearance Requested,Survey,Clearance_Officer_3,2024-04-20T05:47:20.076373
SL-CASE-0012,4,Survey Clearance Issued,Survey,Clearance_Officer_4,2024-04-21T16:55:36.792865
SL-CASE-0012,5,Environmental Clearance Requested,Environmental,Clearance_Officer_10,2024-04-22T16:34:24.525869
SL-CASE-0012,6,Environmental Clearance Issued,Environmental,Clearance_Officer_2,2024-05-09T20:03:13.925365
SL-CASE-0012,7,Irrigation Dept Clearance Requested,Irrigation,Clearance_Officer_11,2024-05-10T08:04:22.885901
SL-CASE-0012,8,Irrigation Dept Clearance Issued,Irrigation,Clearance_Officer_12,2024-05-22T06:34:44.234371
SL-CASE-0012,9,DS Field Report Requested,DS,Clearance_Officer_8,2024-05-22T23:53:55.491010
SL-CASE-0012,10,DS Field Report Issued,DS,Clearance_Officer_3,2024-05-31T14:08:25.630708
SL-CASE-0012,11,PLC/DLC Review,PLC_DLC,PLC_Officer_1,2024-06-07T07:43:18.046229
SL-CASE-0012,12,PLC/DLC Recommendation,PLC_DLC,PLC_Officer_1,2024-06-11T19:29:05.638906
SL-CASE-0012,13,LCGD Case Intake,LCGD,LCGD_Officer_2,2024-06-17T08:55:06.539347
SL-CASE-0012,14,LCGD Review,LCGD,LCGD_Officer_4,2024-06-20T20:00:59.069539
SL-CASE-0012,15,Higher Approval Requested,Ministry,LCGD_Officer_2,2024-06-21T07:44:28.694801
SL-CASE-0012,16,Higher Approval Granted,Ministry,LCGD_Officer_1,2024-07-28T10:24:58.018514
SL-CASE-0012,17,LCGD Lease Decision,LCGD,LCGD_Officer_4,2024-08-02T03:13:41.460290
SL-CASE-0012,18,Registration Requested,Registry,Registry_Officer_3,2024-08-05T13:19:55.361743
SL-CASE-0012,19,Registration Completed,Registry,Registry_Officer_4,2024-08-24T14:33:00.382963
SL-CASE-0012,20,DS Final Notification,DS,DS_Officer_7,2024-08-26T11:26:08.768299
SL-CASE-0013,1,DS Application Received,DS,DS_Officer_8,2024-08-04T11:07:02.643565
SL-CASE-0013,2,DS Initial Review,DS,DS_Officer_5,2024-08-05T18:41:39.595983
SL-CASE-0013,3,Survey Clearance Requested,Survey,Clearance_Officer_12,2024-08-06T06:22:17.505370
SL-CASE-0013,4,Survey Clearance Issued,Survey,Clearance_Officer_5,2024-08-12T16:39:48.837827
SL-CASE-0013,5,Environmental Clearance Requested,Environmental,Clearance_Officer_9,2024-08-13T02:03:07.962727
SL-CASE-0013,6,Environmental Clearance Issued,Environmental,Clearance_Officer_3,2024-08-15T14:47:44.245538
SL-CASE-0013,7,Irrigation Dept Clearance Requested,Irrigation,Clearance_Officer_12,2024-08-15T21:53:00.154732
SL-CASE-0013,8,Irrigation Dept Clearance Issued,Irrigation,Clearance_Officer_4,2024-08-19T19:33:45.280345
SL-CASE-0013,9,DS Field Report Requested,DS,Clearance_Officer_7,2024-08-19T22:58:32.205322
SL-CASE-0013,10,DS Field Report Issued,DS,Clearance_Officer_8,2024-08-27T05:51:27.096850
SL-CASE-0013,11,PLC/DLC Review,PLC_DLC,PLC_Officer_2,2024-08-31T16:39:14.588202
SL-CASE-0013,12,PLC/DLC Recommendation,PLC_DLC,PLC_Officer_4,2024-09-04T21:36:13.124099
SL-CASE-0013,13,LCGD Case Intake,LCGD,LCGD_Officer_1,2024-09-11T06:45:30.413535
SL-CASE-0013,14,LCGD Review,LCGD,LCGD_Officer_4,2024-09-24T06:37:13.479810
SL-CASE-0013,15,LCGD Lease Decision,LCGD,LCGD_Officer_3,2024-09-29T04:14:01.206516
SL-CASE-0013,16,Registration Requested,Registry,Registry_Officer_4,2024-09-30T20:16:31.839050
SL-CASE-0013,17,Registration Completed,Registry,Registry_Officer_4,2024-10-18T01:26:51.994704
SL-CASE-0013,18,DS Final Notification,DS,DS_Officer_4,2024-10-19T17:07:23.577742
SL-CASE-0014,1,DS Application Received,DS,DS_Officer_8,2023-12-08T18:35:07.124304
SL-CASE-0014,2,DS Initial Review,DS,DS_Officer_1,2023-12-10T15:02:42.517018
SL-CASE-0014,3,Survey Clearance Requested,Survey,Clearance_Officer_10,2023-12-11T12:59:51.282935
SL-CASE-0014,4,Survey Clearance Issued,Survey,Clearance_Officer_1,2023-12-23T06:21:37.162268
SL-CASE-0014,5,Agrarian Services Clearance Requested,Agrarian,Clearance_Officer_7,2023-12-23T10:12:25.801271
SL-CASE-0014,6,Agrarian Services Clearance Issued,Agrarian,Clearance_Officer_8,2023-12-27T00:05:10.079509
SL-CASE-0014,7,PLC/DLC Review,PLC_DLC,PLC_Officer_3,2023-12-29T05:31:13.264471
SL-CASE-0014,8,PLC/DLC Recommendation,PLC_DLC,PLC_Officer_2,2023-12-31T06:44:17.490334
SL-CASE-0014,9,LCGD Case Intake,LCGD,LCGD_Officer_3,2024-01-03T17:40:16.631263
SL-CASE-0014,10,LCGD Review,LCGD,LCGD_Officer_4,2024-01-15T09:26:40.085932
SL-CASE-0014,11,LCGD Lease Decision,LCGD,LCGD_Officer_4,2024-01-18T08:33:23.458946
SL-CASE-0014,12,DS Final Notification,DS,DS_Officer_2,2024-01-19T04:12:55.884955
SL-CASE-0015,1,DS Application Received,DS,DS_Officer_4,2023-11-26T07:03:14.658641
SL-CASE-0015,2,DS Initial Review,DS,DS_Officer_3,2023-11-27T23:58:48.507892
SL-CASE-0015,3,Survey Clearance Requested,Survey,Clearance_Officer_8,2023-11-28T07:13:41.267290
SL-CASE-0015,4,Survey Clearance Issued,Survey,Clearance_Officer_10,2023-12-12T00:30:04.906618
SL-CASE-0015,5,DS Field Report Requested,DS,Clearance_Officer_8,2023-12-12T23:21:07.262778
SL-CASE-0015,6,DS Field Report Issued,DS,Clearance_Officer_6,2023-12-27T06:18:28.959576
SL-CASE-0015,7,PLC/DLC Review,PLC_DLC,PLC_Officer_5,2023-12-29T08:33:50.288452
SL-CASE-0015,8,PLC/DLC Recommendation,PLC_DLC,PLC_Officer_6,2024-01-03T04:25:47.027431
SL-CASE-0015,9,LCGD Case Intake,LCGD,LCGD_Officer_2,2024-01-04T10:17:48.687997
SL-CASE-0015,10,LCGD Review,LCGD,LCGD_Officer_1,2024-01-18T22:26:34.935059
SL-CASE-0015,11,LCGD Lease Decision,LCGD,LCGD_Officer_3,2024-01-24T19:51:18.953725
SL-CASE-0015,12,DS Final Notification,DS,DS_Officer_7,2024-01-26T14:09:39.729285
SL-CASE-0016,1,DS Application Received,DS,DS_Officer_1,2023-10-05T16:02:12.219394
SL-CASE-0016,2,DS Initial Review,DS,DS_Officer_7,2023-10-06T11:18:49.295819
SL-CASE-0016,3,Survey Clearance Requested,Survey,Clearance_Officer_2,2023-10-07T03:52:01.786001
SL-CASE-0016,4,Survey Clearance Issued,Survey,Clearance_Officer_6,2023-10-17T18:35:07.018335
SL-CASE-0016,5,Environmental Clearance Requested,Environmental,Clearance_Officer_7,2023-10-17T20:51:49.068628
SL-CASE-0016,6,Environmental Clearance Issued,Environmental,Clearance_Officer_2,2023-11-03T11:50:47.503765
SL-CASE-0016,7,DS Field Report Requested,DS,Clearance_Officer_6,2023-11-03T23:23:02.557150
SL-CASE-0016,8,DS Field Report Issued,DS,Clearance_Officer_8,2023-11-17T01:12:39.067326
SL-CASE-0016,9,PLC/DLC Review,PLC_DLC,PLC_Officer_4,2023-11-24T06:28:38.002080
SL-CASE-0016,10,PLC/DLC Recommendation,PLC_DLC,PLC_Officer_5,2023-11-25T08:33:24.610910
SL-CASE-0016,11,LCGD Case Intake,LCGD,LCGD_Officer_3,2023-12-02T03:10:14.658373
SL-CASE-0016,12,LCGD Review,LCGD,LCGD_Officer_4,2023-12-11T18:07:02.241836
SL-CASE-0016,13,LCGD Lease Decision,LCGD,LCGD_Officer_3,2023-12-16T12:53:51.907061
SL-CASE-0016,14,Registration Requested,Registry,Registry_Officer_2,2023-12-18T07:38:25.707916
SL-CASE-0016,15,Registration Completed,Registry,Registry_Officer_1,2024-01-04T02:27:13.748527
SL-CASE-0016,16,DS Final Notification,DS,DS_Officer_8,2024-01-04T23:58:43.667324
SL-CASE-0017,1,DS Application Received,DS,DS_Officer_6,2023-06-20T18:30:05.195238
SL-CASE-0017,2,DS Initial Review,DS,DS_Officer_5,2023-06-21T10:48:23.099743
SL-CASE-0017,3,Survey Clearance Requested,Survey,Clearance_Officer_9,2023-06-22T01:02:01.749154
SL-CASE-0017,4,Survey Clearance Issued,Survey,Clearance_Officer_2,2023-07-11T01:21:01.276833
SL-CASE-0017,5,Environmental Clearance Requested,Environmental,Clearance_Officer_7,2023-07-11T08:39:36.676023
SL-CASE-0017,6,Environmental Clearance Issued,Environmental,Clearance_Officer_4,2023-07-21T15:27:06.069410
SL-CASE-0017,7,Irrigation Dept Clearance Requested,Irrigation,Clearance_Officer_11,2023-07-22T08:38:42.329094
SL-CASE-0017,8,Irrigation Dept Clearance Issued,Irrigation,Clearance_Officer_8,2023-08-05T21:14:42.823560
SL-CASE-0017,9,DS Field Report Requested,DS,Clearance_Officer_2,2023-08-06T16:41:23.106716
SL-CASE-0017,10,DS Field Report Issued,DS,Clearance_Officer_7,2023-08-13T06:51:40.237012
SL-CASE-0017,11,PLC/DLC Review,PLC_DLC,PLC_Officer_3,2023-08-20T08:35:19.134078
SL-CASE-0017,12,PLC/DLC Recommendation,PLC_DLC,PLC_Officer_3,2023-08-23T18:16:48.326941
SL-CASE-0017,13,LCGD Case Intake,LCGD,LCGD_Officer_3,2023-08-27T08:06:31.417428
SL-CASE-0017,14,LCGD Review,LCGD,LCGD_Officer_3,2023-09-03T07:04:40.829276
SL-CASE-0017,15,Higher Approval Requested,Ministry,LCGD_Officer_4,2023-09-05T05:11:03.869809
SL-CASE-0017,16,Higher Approval Granted,Ministry,LCGD_Officer_3,2023-09-19T16:45:15.144985
SL-CASE-0017,17,LCGD Lease Decision,LCGD,LCGD_Officer_2,2023-09-22T04:42:00.390975
SL-CASE-0017,18,Registration Requested,Registry,Registry_Officer_2,2023-09-23T22:40:21.267195
SL-CASE-0017,19,Registration Completed,Registry,Registry_Officer_4,2023-09-28T14:00:54.928489
SL-CASE-0017,20,DS Final Notification,DS,DS_Officer_5,2023-09-29T11:22:12.834485
SL-CASE-0018,1,DS Application Received,DS,DS_Officer_1,2024-11-17T08:40:10.643420
SL-CASE-0018,2,DS Initial Review,DS,DS_Officer_3,2024-11-18T13:01:02.703761
SL-CASE-0018,3,Survey Clearance Requested,Survey,Clearance_Officer_8,2024-11-19T05:03:01.980445
SL-CASE-0018,4,Survey Clearance Issued,Survey,Clearance_Officer_1,2024-11-22T03:49:49.861412
SL-CASE-0018,5,Environmental Clearance Requested,Environmental,Clearance_Officer_8,2024-11-22T18:27:35.747606
SL-CASE-0018,6,Environmental Clearance Issued,Environmental,Clearance_Officer_6,2024-12-02T20:45:12.992454
SL-CASE-0018,7,DS Field Report Requested,DS,Clearance_Officer_1,2024-12-03T02:48:34.595149
SL-CASE-0018,8,DS Field Report Issued,DS,Clearance_Officer_8,2024-12-08T21:56:23.120982
SL-CASE-0018,9,PLC/DLC Review,PLC_DLC,PLC_Officer_1,2024-12-10T11:57:05.846089
SL-CASE-0018,10,PLC/DLC Recommendation,PLC_DLC,PLC_Officer_1,2024-12-12T15:37:56.180389
SL-CASE-0018,11,LCGD Case Intake,LCGD,LCGD_Officer_1,2024-12-16T21:38:51.261863
SL-CASE-0018,12,LCGD Review,LCGD,LCGD_Officer_3,2024-12-20T00:37:40.249471
SL-CASE-0018,13,LCGD Lease Decision,LCGD,LCGD_Officer_2,2024-12-21T02:33:36.646704
SL-CASE-0018,14,Registration Requested,Registry,Registry_Officer_4,2024-12-21T22:03:49.167836
SL-CASE-0018,15,Registration Completed,Registry,Registry_Officer_2,2025-01-03T10:32:40.224116
SL-CASE-0018,16,DS Final Notification,DS,DS_Officer_7,2025-01-05T18:50:34.996120
SL-CASE-0019,1,DS Application Received,DS,DS_Officer_4,2023-11-12T10:32:17.485914
SL-CASE-0019,2,DS Initial Review,DS,DS_Officer_5,2023-11-13T18:03:39.066730
SL-CASE-0019,3,Survey Clearance Requested,Survey,Clearance_Officer_3,2023-11-14T10:35:24.975196
SL-CASE-0019,4,Survey Clearance Issued,Survey,Clearance_Officer_9,2023-11-19T23:58:07.650867
SL-CASE-0019,5,Environmental Clearance Requested,Environmental,Clearance_Officer_1,2023-11-20T03:37:12.788484
SL-CASE-0019,6,Environmental Clearance Issued,Environmental,Clearance_Officer_12,2023-11-28T21:54:15.235763
SL-CASE-0019,7,Irrigation Dept Clearance Requested,Irrigation,Clearance_Officer_5,2023-11-29T12:58:05.082416
SL-CASE-0019,8,Irrigation Dept Clearance Issued,Irrigation,Clearance_Officer_5,2023-12-01T03:51:06.669009
SL-CASE-0019,9,DS Field Report Requested,DS,Clearance_Officer_12,2023-12-01T21:24:17.570735
SL-CASE-0019,10,DS Field Report Issued,DS,Clearance_Officer_2,2023-12-19T05:23:07.980904
SL-CASE-0019,11,PLC/DLC Review,PLC_DLC,PLC_Officer_3,2023-12-26T06:06:33.523298
SL-CASE-0019,12,PLC/DLC Recommendation,PLC_DLC,PLC_Officer_6,2023-12-30T05:55:18.145434
SL-CASE-0019,13,LCGD Case Intake,LCGD,LCGD_Officer_2,2024-01-03T13:55:43.978732
SL-CASE-0019,14,LCGD Review,LCGD,LCGD_Officer_2,2024-01-10T12:46:32.072132
SL-CASE-0019,15,Higher Approval Requested,Ministry,LCGD_Officer_3,2024-01-13T20:36:21.362616
SL-CASE-0019,16,Higher Approval Granted,Ministry,LCGD_Officer_1,2024-02-16T18:58:33.989398
SL-CASE-0019,17,LCGD Lease Decision,LCGD,LCGD_Officer_3,2024-02-17T14:55:53.073884
SL-CASE-0019,18,Registration Requested,Registry,Registry_Officer_3,2024-02-20T16:45:59.146800
SL-CASE-0019,19,Registration Completed,Registry,Registry_Officer_4,2024-03-01T01:01:13.448143
SL-CASE-0019,20,DS Final Notification,DS,DS_Officer_7,2024-03-03T03:13:40.301928
SL-CASE-0020,1,DS Application Received,DS,DS_Officer_4,2024-10-21T21:00:45.267425
SL-CASE-0020,2,DS Initial Review,DS,DS_Officer_1,2024-10-23T19:20:11.986012
SL-CASE-0020,3,Survey Clearance Requested,Survey,Clearance_Officer_11,2024-10-24T19:19:38.121429
SL-CASE-0020,4,Survey Clearance Issued,Survey,Clearance_Officer_10,2024-11-10T09:53:43.237645
SL-CASE-0020,5,Environmental Clearance Requested,Environmental,Clearance_Officer_3,2024-11-10T12:46:49.586158
SL-CASE-0020,6,Environmental Clearance Issued,Environmental,Clearance_Officer_11,2024-11-20T11:19:43.737608
SL-CASE-0020,7,Irrigation Dept Clearance Requested,Irrigation,Clearance_Officer_5,2024-11-20T23:03:28.306438
SL-CASE-0020,8,Irrigation Dept Clearance Issued,Irrigation,Clearance_Officer_10,2024-11-25T09:49:00.890519
SL-CASE-0020,9,DS Field Report Requested,DS,Clearance_Officer_8,2024-11-25T21:24:22.981495
SL-CASE-0020,10,DS Field Report Issued,DS,Clearance_Officer_8,2024-12-15T07:17:44.057020
SL-CASE-0020,11,PLC/DLC Review,PLC_DLC,PLC_Officer_3,2024-12-19T02:37:50.492027
SL-CASE-0020,12,PLC/DLC Recommendation,PLC_DLC,PLC_Officer_1,2024-12-20T21:13:52.800272
SL-CASE-0020,13,LCGD Case Intake,LCGD,LCGD_Officer_3,2024-12-26T23:02:15.706087
SL-CASE-0020,14,LCGD Review,LCGD,LCGD_Officer_4,2025-01-02T17:21:01.606694
SL-CASE-0020,15,Higher Approval Requested,Ministry,LCGD_Officer_4,2025-01-04T08:12:26.189910
SL-CASE-0020,16,Higher Approval Granted,Ministry,LCGD_Officer_1,2025-02-06T19:36:09.878958
SL-CASE-0020,17,LCGD Lease Decision,LCGD,LCGD_Officer_3,2025-02-11T12:01:55.224364
SL-CASE-0020,18,Registration Requested,Registry,Registry_Officer_1,2025-02-12T22:48:19.712791
SL-CASE-0020,19,Registration Completed,Registry,Registry_Officer_4,2025-03-04T09:12:34.960320
SL-CASE-0020,20,DS Final Notification,DS,DS_Officer_1,2025-03-06T23:45:12.427501
SL-CASE-0021,1,DS Application Received,DS,DS_Officer_4,2024-04-05T10:12:52.106360
SL-CASE-0021,2,DS Initial Review,DS,DS_Officer_3,2024-04-06T01:57:53.814502
SL-CASE-0021,3,Survey Clearance Requested,Survey,Clearance_Officer_8,2024-04-07T00:22:25.497161
SL-CASE-0021,4,Survey Clearance Issued,Survey,Clearance_Officer_8,2024-04-24T18:02:23.304216
SL-CASE-0021,5,Environmental Clearance Requested,Environmental,Clearance_Officer_11,2024-04-24T22:42:40.250018
SL-CASE-0021,6,Environmental Clearance Issued,Environmental,Clearance_Officer_4,2024-05-07T12:21:23.978700
SL-CASE-0021,7,Irrigation Dept Clearance Requested,Irrigation,Clearance_Officer_5,2024-05-08T05:58:18.778448
SL-CASE-0021,8,Irrigation Dept Clearance Issued,Irrigation,Clearance_Officer_9,2024-05-19T17:09:16.092344
SL-CASE-0021,9,DS Field Report Requested,DS,Clearance_Officer_4,2024-05-20T04:07:48.954777
SL-CASE-0021,10,DS Field Report Issued,DS,Clearance_Officer_2,2024-06-09T00:35:58.274808
SL-CASE-0021,11,PLC/DLC Review,PLC_DLC,PLC_Officer_1,2024-06-13T21:48:34.706350
SL-CASE-0021,12,PLC/DLC Recommendation,PLC_DLC,PLC_Officer_2,2024-06-17T05:38:54.762627
SL-CASE-0021,13,LCGD Case Intake,LCGD,LCGD_Officer_3,2024-06-20T23:23:42.446071
SL-CASE-0021,14,LCGD Review,LCGD,LCGD_Officer_3,2024-06-29T02:22:34.035499
SL-CASE-0021,15,LCGD Lease Decision,LCGD,LCGD_Officer_4,2024-07-03T09:36:03.100388
SL-CASE-0021,16,Registration Requested,Registry,Registry_Officer_2,2024-07-08T07:20:55.497608
SL-CASE-0021,17,Registration Completed,Registry,Registry_Officer_2,2024-07-17T23:38:36.171245
SL-CASE-0021,18,DS Final Notification,DS,DS_Officer_3,2024-07-19T04:29:39.846583
SL-CASE-0022,1,DS Application Received,DS,DS_Officer_8,2024-08-27T20:14:58.596359
SL-CASE-0022,2,DS Initial Review,DS,DS_Officer_8,2024-08-29T14:19:15.874560
SL-CASE-0022,3,Survey Clearance Requested,Survey,Clearance_Officer_6,2024-08-30T04:10:11.456314
SL-CASE-0022,4,Survey Clearance Issued,Survey,Clearance_Officer_9,2024-09-06T11:45:44.887609
SL-CASE-0022,5,Agrarian Services Clearance Requested,Agrarian,Clearance_Officer_6,2024-09-06T22:03:39.923903
SL-CASE-0022,6,Agrarian Services Clearance Issued,Agrarian,Clearance_Officer_12,2024-09-24T10:35:58.047100
SL-CASE-0022,7,PLC/DLC Review,PLC_DLC,PLC_Officer_4,2024-09-27T05:02:49.637752
SL-CASE-0022,8,PLC/DLC Recommendation,PLC_DLC,PLC_Officer_4,2024-09-28T13:40:23.665614
SL-CASE-0022,9,LCGD Case Intake,LCGD,LCGD_Officer_4,2024-09-29T08:28:55.988787
SL-CASE-0022,10,LCGD Review,LCGD,LCGD_Officer_4,2024-10-10T05:26:19.633675
SL-CASE-0022,11,LCGD Lease Decision,LCGD,LCGD_Officer_2,2024-10-14T05:46:52.374773
SL-CASE-0022,12,Registration Requested,Registry,Registry_Officer_1,2024-10-16T20:14:55.252576
SL-CASE-0022,13,Registration Completed,Registry,Registry_Officer_3,2024-10-20T05:49:01.129095
SL-CASE-0022,14,DS Final Notification,DS,DS_Officer_8,2024-10-22T20:41:45.608062
SL-CASE-0023,1,DS Application Received,DS,DS_Officer_6,2023-03-11T21:05:41.745575
SL-CASE-0023,2,DS Initial Review,DS,DS_Officer_7,2023-03-13T04:31:06.034618
SL-CASE-0023,3,Survey Clearance Requested,Survey,Clearance_Officer_6,2023-03-13T20:48:53.097502
SL-CASE-0023,4,Survey Clearance Issued,Survey,Clearance_Officer_9,2023-03-31T01:28:56.635609
SL-CASE-0023,5,Environmental Clearance Requested,Environmental,Clearance_Officer_6,2023-03-31T11:50:33.379893
SL-CASE-0023,6,Environmental Clearance Issued,Environmental,Clearance_Officer_8,2023-04-13T09:39:46.912153
SL-CASE-0023,7,Irrigation Dept Clearance Requested,Irrigation,Clearance_Officer_1,2023-04-14T06:51:19.647131
SL-CASE-0023,8,Irrigation Dept Clearance Issued,Irrigation,Clearance_Officer_4,2023-04-27T00:25:01.099298
SL-CASE-0023,9,DS Field Report Requested,DS,Clearance_Officer_5,2023-04-27T16:18:09.051833
SL-CASE-0023,10,DS Field Report Issued,DS,Clearance_Officer_12,2023-05-17T15:07:43.446958
SL-CASE-0023,11,PLC/DLC Review,PLC_DLC,PLC_Officer_1,2023-05-18T23:44:06.801653
SL-CASE-0023,12,PLC/DLC Recommendation,PLC_DLC,PLC_Officer_6,2023-05-22T20:25:02.523658
SL-CASE-0023,13,LCGD Case Intake,LCGD,LCGD_Officer_4,2023-05-29T00:32:23.020690
SL-CASE-0023,14,LCGD Review,LCGD,LCGD_Officer_3,2023-06-01T08:26:17.866718
SL-CASE-0023,15,Higher Approval Requested,Ministry,LCGD_Officer_1,2023-06-05T21:25:43.101784
SL-CASE-0023,16,Higher Approval Granted,Ministry,LCGD_Officer_1,2023-06-22T05:54:12.094131
SL-CASE-0023,17,LCGD Lease Decision,LCGD,LCGD_Officer_3,2023-06-25T08:33:05.108604
SL-CASE-0023,18,Registration Requested,Registry,Registry_Officer_2,2023-06-27T15:38:58.966340
SL-CASE-0023,19,Registration Completed,Registry,Registry_Officer_2,2023-07-08T17:51:41.594213
SL-CASE-0023,20,DS Final Notification,DS,DS_Officer_2,2023-07-09T07:45:37.473778
SL-CASE-0024,1,DS Application Received,DS,DS_Officer_1,2024-03-02T15:58:21.623318
SL-CASE-0024,2,DS Initial Review,DS,DS_Officer_8,2024-03-04T11:31:28.734739
SL-CASE-0024,3,Survey Clearance Requested,Survey,Clearance_Officer_11,2024-03-05T09:21:04.521088
SL-CASE-0024,4,Survey Clearance Issued,Survey,Clearance_Officer_2,2024-03-16T18:36:00.023775
SL-CASE-0024,5,Environmental Clearance Requested,Environmental,Clearance_Officer_6,2024-03-17T06:19:05.022636
SL-CASE-0024,6,Environmental Clearance Issued,Environmental,Clearance_Officer_5,2024-04-06T00:41:14.045507
SL-CASE-0024,7,Irrigation Dept Clearance Requested,Irrigation,Clearance_Officer_7,2024-04-06T16:44:37.990734
SL-CASE-0024,8,Irrigation Dept Clearance Issued,Irrigation,Clearance_Officer_8,2024-04-20T19:31:36.652789
SL-CASE-0024,9,DS Field Report Requested,DS,Clearance_Officer_4,2024-04-21T16:07:24.723660
SL-CASE-0024,10,DS Field Report Issued,DS,Clearance_Officer_8,2024-05-11T15:50:16.368785
SL-CASE-0024,11,PLC/DLC Review,PLC_DLC,PLC_Officer_4,2024-05-13T04:09:17.370685
SL-CASE-0024,12,PLC/DLC Recommendation,PLC_DLC,PLC_Officer_5,2024-05-16T03:21:14.443626
SL-CASE-0024,13,LCGD Case Intake,LCGD,LCGD_Officer_3,2024-05-18T13:30:36.377971
SL-CASE-0024,14,LCGD Review,LCGD,LCGD_Officer_4,2024-05-19T20:52:54.515542
SL-CASE-0024,15,Higher Approval Requested,Ministry,LCGD_Officer_1,2024-05-21T10:10:21.263567
SL-CASE-0024,16,Higher Approval Granted,Ministry,LCGD_Officer_4,2024-06-27T07:05:26.931612
SL-CASE-0024,17,LCGD Lease Decision,LCGD,LCGD_Officer_3,2024-07-05T15:58:30.420697
SL-CASE-0024,18,Registration Requested,Registry,Registry_Officer_2,2024-07-09T14:24:34.518726
SL-CASE-0024,19,Registration Completed,Registry,Registry_Officer_3,2024-07-22T03:13:52.419712
SL-CASE-0024,20,DS Final Notification,DS,DS_Officer_4,2024-07-22T20:33:41.563522
SL-CASE-0025,1,DS Application Received,DS,DS_Officer_5,2024-03-10T15:09:06.506426
SL-CASE-0025,2,DS Initial Review,DS,DS_Officer_7,2024-03-11T09:31:38.815939
SL-CASE-0025,3,Survey Clearance Requested,Survey,Clearance_Officer_3,2024-03-11T15:23:29.509518
SL-CASE-0025,4,Survey Clearance Issued,Survey,Clearance_Officer_6,2024-03-27T14:02:28.940106
SL-CASE-0025,5,Environmental Clearance Requested,Environmental,Clearance_Officer_5,2024-03-28T03:43:12.448103
SL-CASE-0025,6,Environmental Clearance Issued,Environmental,Clearance_Officer_5,2024-04-13T22:24:56.300385
SL-CASE-0025,7,DS Field Report Requested,DS,Clearance_Officer_8,2024-04-14T20:31:28.977505
SL-CASE-0025,8,DS Field Report Issued,DS,Clearance_Officer_5,2024-05-04T05:39:06.676940
SL-CASE-0025,9,PLC/DLC Review,PLC_DLC,PLC_Officer_3,2024-05-11T19:52:02.592009
SL-CASE-0025,10,PLC/DLC Recommendation,PLC_DLC,PLC_Officer_4,2024-05-15T21:32:59.625852
SL-CASE-0025,11,LCGD Case Intake,LCGD,LCGD_Officer_2,2024-05-22T15:45:40.499127
SL-CASE-0025,12,LCGD Review,LCGD,LCGD_Officer_2,2024-06-03T05:09:22.145134
SL-CASE-0025,13,LCGD Lease Decision,LCGD,LCGD_Officer_4,2024-06-11T20:25:44.583962
SL-CASE-0025,14,Registration Requested,Registry,Registry_Officer_3,2024-06-16T16:41:52.088254
SL-CASE-0025,15,Registration Completed,Registry,Registry_Officer_4,2024-06-19T09:52:33.288787
SL-CASE-0025,16,DS Final Notification,DS,DS_Officer_2,2024-06-19T12:51:00.789872
SL-CASE-0026,1,DS Application Received,DS,DS_Officer_4,2023-11-15T09:31:41.090497
SL-CASE-0026,2,DS Initial Review,DS,DS_Officer_8,2023-11-16T18:01:29.227590
SL-CASE-0026,3,Survey Clearance Requested,Survey,Clearance_Officer_5,2023-11-17T16:01:52.728553
SL-CASE-0026,4,Survey Clearance Issued,Survey,Clearance_Officer_2,2023-12-01T00:05:04.203574
SL-CASE-0026,5,Agrarian Services Clearance Requested,Agrarian,Clearance_Officer_1,2023-12-01T05:09:34.542965
SL-CASE-0026,6,Agrarian Services Clearance Issued,Agrarian,Clearance_Officer_8,2023-12-07T23:56:59.444644
SL-CASE-0026,7,PLC/DLC Review,PLC_DLC,PLC_Officer_2,2023-12-09T14:25:31.135223
SL-CASE-0026,8,PLC/DLC Recommendation,PLC_DLC,PLC_Officer_2,2023-12-14T01:34:22.355443
SL-CASE-0026,9,LCGD Case Intake,LCGD,LCGD_Officer_3,2023-12-17T02:12:05.854217
SL-CASE-0026,10,LCGD Review,LCGD,LCGD_Officer_4,2023-12-27T11:29:05.984538
SL-CASE-0026,11,Higher Approval Requested,Ministry,LCGD_Officer_2,2023-12-30T12:26:30.462351
SL-CASE-0026,12,Higher Approval Granted,Ministry,LCGD_Officer_1,2024-02-04T12:11:21.744863
SL-CASE-0026,13,LCGD Lease Decision,LCGD,LCGD_Officer_4,2024-02-12T21:16:24.798232
SL-CASE-0026,14,DS Final Notification,DS,DS_Officer_5,2024-02-15T17:00:26.170792
SL-CASE-0027,1,DS Application Received,DS,DS_Officer_6,2023-01-23T22:22:05.840694
SL-CASE-0027,2,DS Initial Review,DS,DS_Officer_5,2023-01-24T05:01:56.974818
SL-CASE-0027,3,Survey Clearance Requested,Survey,Clearance_Officer_2,2023-01-24T11:12:29.812941
SL-CASE-0027,4,Survey Clearance Issued,Survey,Clearance_Officer_8,2023-02-12T11:57:25.922952
SL-CASE-0027,5,Agrarian Services Clearance Requested,Agrarian,Clearance_Officer_4,2023-02-12T15:58:26.458118
SL-CASE-0027,6,Agrarian Services Clearance Issued,Agrarian,Clearance_Officer_10,2023-02-25T20:35:28.511528
SL-CASE-0027,7,PLC/DLC Review,PLC_DLC,PLC_Officer_1,2023-03-07T14:00:01.902071
SL-CASE-0027,8,PLC/DLC Recommendation,PLC_DLC,PLC_Officer_2,2023-03-11T13:41:42.401994
SL-CASE-0027,9,LCGD Case Intake,LCGD,LCGD_Officer_2,2023-03-18T11:57:04.221648
SL-CASE-0027,10,LCGD Review,LCGD,LCGD_Officer_2,2023-03-20T11:00:15.062504
SL-CASE-0027,11,LCGD Lease Decision,LCGD,LCGD_Officer_2,2023-03-26T10:13:04.172113
SL-CASE-0027,12,DS Final Notification,DS,DS_Officer_3,2023-03-27T11:13:01.179578
SL-CASE-0028,1,DS Application Received,DS,DS_Officer_3,2024-07-06T02:56:52.683507
SL-CASE-0028,2,DS Initial Review,DS,DS_Officer_4,2024-07-06T07:36:06.559340
SL-CASE-0028,3,Survey Clearance Requested,Survey,Clearance_Officer_1,2024-07-06T22:33:23.710766
SL-CASE-0028,4,Survey Clearance Issued,Survey,Clearance_Officer_1,2024-07-11T06:00:46.274994
SL-CASE-0028,5,DS Field Report Requested,DS,Clearance_Officer_7,2024-07-11T10:48:05.551656
SL-CASE-0028,6,DS Field Report Issued,DS,Clearance_Officer_12,2024-07-22T10:41:47.552119
SL-CASE-0028,7,PLC/DLC Review,PLC_DLC,PLC_Officer_4,2024-07-23T13:11:15.989830
SL-CASE-0028,8,PLC/DLC Recommendation,PLC_DLC,PLC_Officer_5,2024-07-27T11:52:54.182765
SL-CASE-0028,9,LCGD Case Intake,LCGD,LCGD_Officer_4,2024-07-31T20:29:37.018400
SL-CASE-0028,10,LCGD Review,LCGD,LCGD_Officer_1,2024-08-08T21:47:00.297565
SL-CASE-0028,11,LCGD Lease Decision,LCGD,LCGD_Officer_3,2024-08-16T05:57:29.798376
SL-CASE-0028,12,Registration Requested,Registry,Registry_Officer_1,2024-08-18T16:10:30.449445
SL-CASE-0028,13,Registration Completed,Registry,Registry_Officer_4,2024-08-20T19:54:41.438388
SL-CASE-0028,14,DS Final Notification,DS,DS_Officer_7,2024-08-23T09:13:20.671266
SL-CASE-0029,1,DS Application Received,DS,DS_Officer_6,2024-04-25T07:41:11.647803
SL-CASE-0029,2,DS Initial Review,DS,DS_Officer_5,2024-04-26T04:26:46.904576
SL-CASE-0029,3,Survey Clearance Requested,Survey,Clearance_Officer_10,2024-04-26T16:25:41.165648
SL-CASE-0029,4,Survey Clearance Issued,Survey,Clearance_Officer_12,2024-05-05T20:35:56.378920
SL-CASE-0029,5,Environmental Clearance Requested,Environmental,Clearance_Officer_11,2024-05-06T01:06:57.973456
SL-CASE-0029,6,Environmental Clearance Issued,Environmental,Clearance_Officer_9,2024-05-19T09:56:02.770525
SL-CASE-0029,7,Irrigation Dept Clearance Requested,Irrigation,Clearance_Officer_4,2024-05-20T03:47:33.291924
SL-CASE-0029,8,Irrigation Dept Clearance Issued,Irrigation,Clearance_Officer_4,2024-05-29T07:54:16.108164
SL-CASE-0029,9,DS Field Report Requested,DS,Clearance_Officer_8,2024-05-29T19:00:30.143001
SL-CASE-0029,10,DS Field Report Issued,DS,Clearance_Officer_12,2024-06-07T08:49:45.613477
SL-CASE-0029,11,PLC/DLC Review,PLC_DLC,PLC_Officer_4,2024-06-08T18:30:32.070354
SL-CASE-0029,12,PLC/DLC Recommendation,PLC_DLC,PLC_Officer_3,2024-06-10T12:08:11.743951
SL-CASE-0029,13,LCGD Case Intake,LCGD,LCGD_Officer_2,2024-06-13T10:31:39.198712
SL-CASE-0029,14,LCGD Review,LCGD,LCGD_Officer_4,2024-06-24T01:17:57.923213
SL-CASE-0029,15,Higher Approval Requested,Ministry,LCGD_Officer_1,2024-06-24T14:57:09.432872
SL-CASE-0029,16,Higher Approval Granted,Ministry,LCGD_Officer_1,2024-07-02T21:15:57.260424
SL-CASE-0029,17,LCGD Lease Decision,LCGD,LCGD_Officer_3,2024-07-10T09:29:59.008071
SL-CASE-0029,18,Registration Requested,Registry,Registry_Officer_1,2024-07-14T12:02:29.122749
SL-CASE-0029,19,Registration Completed,Registry,Registry_Officer_3,2024-07-26T15:28:10.202574
SL-CASE-0029,20,DS Final Notification,DS,DS_Officer_7,2024-07-28T16:22:13.545287
SL-CASE-0030,1,DS Application Received,DS,DS_Officer_4,2023-09-05T13:45:40.357632
SL-CASE-0030,2,DS Initial Review,DS,DS_Officer_6,2023-09-07T07:02:28.693577
SL-CASE-0030,3,Survey Clearance Requested,Survey,Clearance_Officer_6,2023-09-08T03:38:22.268330
SL-CASE-0030,4,Survey Clearance Issued,Survey,Clearance_Officer_5,2023-09-11T08:01:37.999021
SL-CASE-0030,5,Environmental Clearance Requested,Environmental,Clearance_Officer_7,2023-09-11T22:39:26.719364
SL-CASE-0030,6,Environmental Clearance Issued,Environmental,Clearance_Officer_10,2023-09-29T00:02:53.432201
SL-CASE-0030,7,Irrigation Dept Clearance Requested,Irrigation,Clearance_Officer_11,2023-09-29T15:32:48.436019
SL-CASE-0030,8,Irrigation Dept Clearance Issued,Irrigation,Clearance_Officer_10,2023-10-11T05:25:12.418107
SL-CASE-0030,9,DS Field Report Requested,DS,Clearance_Officer_12,2023-10-12T03:51:35.893954
SL-CASE-0030,10,DS Field Report Issued,DS,Clearance_Officer_3,2023-10-18T05:48:58.079567
SL-CASE-0030,11,PLC/DLC Review,PLC_DLC,PLC_Officer_3,2023-10-21T08:07:18.414622
SL-CASE-0030,12,PLC/DLC Recommendation,PLC_DLC,PLC_Officer_3,2023-10-25T23:10:37.413254
SL-CASE-0030,13,LCGD Case Intake,LCGD,LCGD_Officer_2,2023-10-26T12:07:46.424583
SL-CASE-0030,14,LCGD Review,LCGD,LCGD_Officer_4,2023-11-04T10:24:48.420806
SL-CASE-0030,15,Higher Approval Requested,Ministry,LCGD_Officer_1,2023-11-05T00:20:46.277686
SL-CASE-0030,16,Higher Approval Granted,Ministry,LCGD_Officer_2,2023-11-13T05:25:21.511243
SL-CASE-0030,17,LCGD Lease Decision,LCGD,LCGD_Officer_4,2023-11-17T03:27:07.678608
SL-CASE-0030,18,Registration Requested,Registry,Registry_Officer_3,2023-11-19T00:18:51.389526
SL-CASE-0030,19,Registration Completed,Registry,Registry_Officer_3,2023-11-25T22:25:15.295632
SL-CASE-0030,20,DS Final Notification,DS,DS_Officer_2,2023-11-28T06:47:57.871864
SL-CASE-0031,1,DS Application Received,DS,DS_Officer_5,2024-09-10T09:01:58.037813
SL-CASE-0031,2,DS Initial Review,DS,DS_Officer_2,2024-09-10T22:31:04.161922
SL-CASE-0031,3,Survey Clearance Requested,Survey,Clearance_Officer_2,2024-09-11T08:06:41.852076
SL-CASE-0031,4,Survey Clearance Issued,Survey,Clearance_Officer_11,2024-09-17T17:16:19.257360
SL-CASE-0031,5,Environmental Clearance Requested,Environmental,Clearance_Officer_9,2024-09-18T08:19:15.489991
SL-CASE-0031,6,Environmental Clearance Issued,Environmental,Clearance_Officer_1,2024-10-02T00:32:00.298413
SL-CASE-0031,7,DS Field Report Requested,DS,Clearance_Officer_10,2024-10-02T07:23:05.358505
SL-CASE-0031,8,DS Field Report Issued,DS,Clearance_Officer_4,2024-10-04T08:21:55.421608
SL-CASE-0031,9,PLC/DLC Review,PLC_DLC,PLC_Officer_2,2024-10-07T17:05:20.433953
SL-CASE-0031,10,PLC/DLC Recommendation,PLC_DLC,PLC_Officer_3,2024-10-11T14:34:00.679960
SL-CASE-0031,11,LCGD Case Intake,LCGD,LCGD_Officer_1,2024-10-13T23:43:14.188852
SL-CASE-0031,12,LCGD Review,LCGD,LCGD_Officer_4,2024-10-15T02:19:04.283838
SL-CASE-0031,13,LCGD Lease Decision,LCGD,LCGD_Officer_4,2024-10-17T01:25:49.584938
SL-CASE-0031,14,Registration Requested,Registry,Registry_Officer_2,2024-10-19T20:08:41.380503
SL-CASE-0031,15,Registration Completed,Registry,Registry_Officer_3,2024-10-30T08:15:52.048610
SL-CASE-0031,16,DS Final Notification,DS,DS_Officer_1,2024-10-30T15:18:35.073751
SL-CASE-0032,1,DS Application Received,DS,DS_Officer_1,2023-11-02T08:43:10.384868
SL-CASE-0032,2,DS Initial Review,DS,DS_Officer_3,2023-11-04T07:13:56.415928
SL-CASE-0032,3,Survey Clearance Requested,Survey,Clearance_Officer_10,2023-11-05T02:51:41.130549
SL-CASE-0032,4,Survey Clearance Issued,Survey,Clearance_Officer_12,2023-11-14T20:39:56.204698
SL-CASE-0032,5,Environmental Clearance Requested,Environmental,Clearance_Officer_2,2023-11-15T18:54:01.969036
SL-CASE-0032,6,Environmental Clearance Issued,Environmental,Clearance_Officer_2,2023-11-25T02:02:28.026375
SL-CASE-0032,7,Irrigation Dept Clearance Requested,Irrigation,Clearance_Officer_10,2023-11-25T09:23:38.691181
SL-CASE-0032,8,Irrigation Dept Clearance Issued,Irrigation,Clearance_Officer_2,2023-12-03T23:59:57.109645
SL-CASE-0032,9,DS Field Report Requested,DS,Clearance_Officer_5,2023-12-04T10:42:21.832036
SL-CASE-0032,10,DS Field Report Issued,DS,Clearance_Officer_4,2023-12-19T14:47:35.035160
SL-CASE-0032,11,PLC/DLC Review,PLC_DLC,PLC_Officer_2,2023-12-23T06:43:57.760502
SL-CASE-0032,12,PLC/DLC Recommendation,PLC_DLC,PLC_Officer_6,2023-12-23T21:26:23.857017
SL-CASE-0032,13,LCGD Case Intake,LCGD,LCGD_Officer_2,2023-12-25T03:13:41.217950
SL-CASE-0032,14,LCGD Review,LCGD,LCGD_Officer_3,2024-01-07T19:37:05.354069
SL-CASE-0032,15,Higher Approval Requested,Ministry,LCGD_Officer_2,2024-01-09T17:38:36.685296
SL-CASE-0032,16,Higher Approval Granted,Ministry,LCGD_Officer_2,2024-01-23T00:06:33.684511
SL-CASE-0032,17,LCGD Lease Decision,LCGD,LCGD_Officer_2,2024-01-25T18:00:21.314725
SL-CASE-0032,18,Registration Requested,Registry,Registry_Officer_1,2024-01-28T20:40:45.858281
SL-CASE-0032,19,Registration Completed,Registry,Registry_Officer_4,2024-02-02T05:27:28.943561
SL-CASE-0032,20,DS Final Notification,DS,DS_Officer_8,2024-02-03T15:56:05.116826
SL-CASE-0033,1,DS Application Received,DS,DS_Officer_6,2024-04-21T20:13:30.990730
SL-CASE-0033,2,DS Initial Review,DS,DS_Officer_5,2024-04-22T22:32:53.153360
SL-CASE-0033,3,Survey Clearance Requested,Survey,Clearance_Officer_1,2024-04-23T10:42:23.158287
SL-CASE-0033,4,Survey Clearance Issued,Survey,Clearance_Officer_5,2024-04-25T12:38:53.865736
SL-CASE-0033,5,Agrarian Services Clearance Requested,Agrarian,Clearance_Officer_2,2024-04-25T16:20:10.961029
SL-CASE-0033,6,Agrarian Services Clearance Issued,Agrarian,Clearance_Officer_9,2024-05-08T08:46:48.731452
SL-CASE-0033,7,PLC/DLC Review,PLC_DLC,PLC_Officer_5,2024-05-12T12:26:31.948231
SL-CASE-0033,8,PLC/DLC Recommendation,PLC_DLC,PLC_Officer_6,2024-05-15T09:38:03.387028
SL-CASE-0033,9,LCGD Case Intake,LCGD,LCGD_Officer_4,2024-05-21T17:23:27.778565
SL-CASE-0033,10,LCGD Review,LCGD,LCGD_Officer_2,2024-06-04T10:49:54.606037
SL-CASE-0033,11,LCGD Lease Decision,LCGD,LCGD_Officer_4,2024-06-07T20:04:08.751087
SL-CASE-0033,12,DS Final Notification,DS,DS_Officer_1,2024-06-09T09:09:53.311159
SL-CASE-0034,1,DS Application Received,DS,DS_Officer_6,2023-11-12T10:00:28.232159
SL-CASE-0034,2,DS Initial Review,DS,DS_Officer_5,2023-11-13T06:24:47.986124
SL-CASE-0034,3,Survey Clearance Requested,Survey,Clearance_Officer_6,2023-11-13T16:56:11.377638
SL-CASE-0034,4,Survey Clearance Issued,Survey,Clearance_Officer_1,2023-11-27T14:30:49.875709
SL-CASE-0034,5,Agrarian Services Clearance Requested,Agrarian,Clearance_Officer_11,2023-11-28T09:52:36.648689
SL-CASE-0034,6,Agrarian Services Clearance Issued,Agrarian,Clearance_Officer_6,2023-12-05T18:28:37.017151
SL-CASE-0034,7,PLC/DLC Review,PLC_DLC,PLC_Officer_6,2023-12-07T04:01:27.498871
SL-CASE-0034,8,PLC/DLC Recommendation,PLC_DLC,PLC_Officer_3,2023-12-09T06:05:33.448490
SL-CASE-0034,9,LCGD Case Intake,LCGD,LCGD_Officer_2,2023-12-14T10:59:42.269139
SL-CASE-0034,10,LCGD Review,LCGD,LCGD_Officer_2,2023-12-20T03:00:16.987958
SL-CASE-0034,11,LCGD Lease Decision,LCGD,LCGD_Officer_3,2023-12-29T07:31:24.201698
SL-CASE-0034,12,DS Final Notification,DS,DS_Officer_7,2024-01-01T05:15:43.721637
SL-CASE-0035,1,DS Application Received,DS,DS_Officer_2,2023-04-01T08:16:55.474360
SL-CASE-0035,2,DS Initial Review,DS,DS_Officer_7,2023-04-02T16:42:25.805964
SL-CASE-0035,3,Survey Clearance Requested,Survey,Clearance_Officer_1,2023-04-03T05:53:38.094089
SL-CASE-0035,4,Survey Clearance Issued,Survey,Clearance_Officer_3,2023-04-11T03:14:18.427490
SL-CASE-0035,5,DS Field Report Requested,DS,Clearance_Officer_6,2023-04-12T02:09:51.037127
SL-CASE-0035,6,DS Field Report Issued,DS,Clearance_Officer_8,2023-05-01T02:18:03.265111
SL-CASE-0035,7,PLC/DLC Review,PLC_DLC,PLC_Officer_2,2023-05-03T10:04:41.160903
SL-CASE-0035,8,PLC/DLC Recommendation,PLC_DLC,PLC_Officer_3,2023-05-04T09:44:30.659879
SL-CASE-0035,9,LCGD Case Intake,LCGD,LCGD_Officer_1,2023-05-10T09:28:21.642965
SL-CASE-0035,10,LCGD Review,LCGD,LCGD_Officer_1,2023-05-18T12:03:23.119477
SL-CASE-0035,11,LCGD Lease Decision,LCGD,LCGD_Officer_2,2023-05-25T04:56:52.309039
SL-CASE-0035,12,DS Final Notification,DS,DS_Officer_3,2023-05-27T00:45:18.412189
SL-CASE-0036,1,DS Application Received,DS,DS_Officer_8,2023-04-24T14:19:22.868223
SL-CASE-0036,2,DS Initial Review,DS,DS_Officer_4,2023-04-25T04:37:08.934606
SL-CASE-0036,3,Survey Clearance Requested,Survey,Clearance_Officer_8,2023-04-25T13:25:38.792014
SL-CASE-0036,4,Survey Clearance Issued,Survey,Clearance_Officer_4,2023-05-13T17:38:23.065500
SL-CASE-0036,5,Environmental Clearance Requested,Environmental,Clearance_Officer_10,2023-05-14T03:43:56.069391
SL-CASE-0036,6,Environmental Clearance Issued,Environmental,Clearance_Officer_8,2023-06-02T20:38:12.434452
SL-CASE-0036,7,DS Field Report Requested,DS,Clearance_Officer_7,2023-06-03T15:33:51.967768
SL-CASE-0036,8,DS Field Report Issued,DS,Clearance_Officer_7,2023-06-14T04:53:23.592514
SL-CASE-0036,9,PLC/DLC Review,PLC_DLC,PLC_Officer_2,2023-06-23T21:11:56.492665
SL-CASE-0036,10,PLC/DLC Recommendation,PLC_DLC,PLC_Officer_2,2023-06-27T22:32:33.278257
SL-CASE-0036,11,LCGD Case Intake,LCGD,LCGD_Officer_1,2023-07-04T02:43:51.156562
SL-CASE-0036,12,LCGD Review,LCGD,LCGD_Officer_3,2023-07-14T02:10:01.318755
SL-CASE-0036,13,Higher Approval Requested,Ministry,LCGD_Officer_1,2023-07-16T23:23:04.840677
SL-CASE-0036,14,Higher Approval Granted,Ministry,LCGD_Officer_1,2023-08-15T20:57:41.395485
SL-CASE-0036,15,LCGD Lease Decision,LCGD,LCGD_Officer_2,2023-08-18T21:39:58.478529
SL-CASE-0036,16,Registration Requested,Registry,Registry_Officer_2,2023-08-20T10:45:52.027881
SL-CASE-0036,17,Registration Completed,Registry,Registry_Officer_1,2023-09-06T05:43:18.321197
SL-CASE-0036,18,DS Final Notification,DS,DS_Officer_4,2023-09-09T01:58:14.463476
SL-CASE-0037,1,DS Application Received,DS,DS_Officer_1,2024-07-25T17:21:52.285390
SL-CASE-0037,2,DS Initial Review,DS,DS_Officer_2,2024-07-26T11:23:11.969661
SL-CASE-0037,3,Survey Clearance Requested,Survey,Clearance_Officer_11,2024-07-27T07:50:54.731640
SL-CASE-0037,4,Survey Clearance Issued,Survey,Clearance_Officer_3,2024-08-03T16:44:27.379912
SL-CASE-0037,5,Agrarian Services Clearance Requested,Agrarian,Clearance_Officer_5,2024-08-03T21:46:05.267260
SL-CASE-0037,6,Agrarian Services Clearance Issued,Agrarian,Clearance_Officer_8,2024-08-22T08:06:02.822579
SL-CASE-0037,7,PLC/DLC Review,PLC_DLC,PLC_Officer_2,2024-08-29T10:48:18.710802
SL-CASE-0037,8,PLC/DLC Recommendation,PLC_DLC,PLC_Officer_4,2024-09-02T07:18:47.120718
SL-CASE-0037,9,LCGD Case Intake,LCGD,LCGD_Officer_1,2024-09-05T17:17:41.708506
SL-CASE-0037,10,LCGD Review,LCGD,LCGD_Officer_1,2024-09-19T09:39:46.927325
SL-CASE-0037,11,LCGD Lease Decision,LCGD,LCGD_Officer_2,2024-09-22T03:32:57.244640
SL-CASE-0037,12,DS Final Notification,DS,DS_Officer_7,2024-09-23T19:57:55.914492
SL-CASE-0038,1,DS Application Received,DS,DS_Officer_8,2023-03-19T20:03:53.523897
SL-CASE-0038,2,DS Initial Review,DS,DS_Officer_1,2023-03-21T02:19:16.988280
SL-CASE-0038,3,Survey Clearance Requested,Survey,Clearance_Officer_10,2023-03-21T18:13:27.819687
SL-CASE-0038,4,Survey Clearance Issued,Survey,Clearance_Officer_3,2023-03-27T08:32:53.461153
SL-CASE-0038,5,Agrarian Services Clearance Requested,Agrarian,Clearance_Officer_1,2023-03-27T16:57:22.202585
SL-CASE-0038,6,Agrarian Services Clearance Issued,Agrarian,Clearance_Officer_4,2023-04-09T09:18:33.613670
SL-CASE-0038,7,PLC/DLC Review,PLC_DLC,PLC_Officer_2,2023-04-15T07:25:14.391781
SL-CASE-0038,8,PLC/DLC Recommendation,PLC_DLC,PLC_Officer_1,2023-04-18T17:09:32.374016
SL-CASE-0038,9,LCGD Case Intake,LCGD,LCGD_Officer_3,2023-04-22T14:49:21.301608
SL-CASE-0038,10,LCGD Review,LCGD,LCGD_Officer_1,2023-04-24T13:33:46.210599
SL-CASE-0038,11,LCGD Lease Decision,LCGD,LCGD_Officer_4,2023-04-28T14:55:44.434908
SL-CASE-0038,12,DS Final Notification,DS,DS_Officer_7,2023-04-28T19:58:35.110050
SL-CASE-0039,1,DS Application Received,DS,DS_Officer_6,2024-11-17T19:00:19.085812
SL-CASE-0039,2,DS Initial Review,DS,DS_Officer_6,2024-11-18T04:52:31.164846
SL-CASE-0039,3,Survey Clearance Requested,Survey,Clearance_Officer_11,2024-11-18T18:53:15.453466
SL-CASE-0039,4,Survey Clearance Issued,Survey,Clearance_Officer_11,2024-11-23T02:43:41.764434
SL-CASE-0039,5,Agrarian Services Clearance Requested,Agrarian,Clearance_Officer_12,2024-11-23T14:56:59.898094
SL-CASE-0039,6,Agrarian Services Clearance Issued,Agrarian,Clearance_Officer_3,2024-12-03T17:09:36.669422
SL-CASE-0039,7,PLC/DLC Review,PLC_DLC,PLC_Officer_1,2024-12-11T22:10:53.966683
SL-CASE-0039,8,PLC/DLC Recommendation,PLC_DLC,PLC_Officer_4,2024-12-15T13:48:38.858320
SL-CASE-0039,9,LCGD Case Intake,LCGD,LCGD_Officer_2,2024-12-16T07:34:48.954896
SL-CASE-0039,10,LCGD Review,LCGD,LCGD_Officer_2,2024-12-17T22:17:57.025933
SL-CASE-0039,11,LCGD Lease Decision,LCGD,LCGD_Officer_3,2024-12-26T19:34:26.846778
SL-CASE-0039,12,DS Final Notification,DS,DS_Officer_7,2024-12-29T14:54:36.333726
SL-CASE-0040,1,DS Application Received,DS,DS_Officer_6,2024-11-23T10:59:34.782465
SL-CASE-0040,2,DS Initial Review,DS,DS_Officer_6,2024-11-24T03:00:52.292873
SL-CASE-0040,3,Survey Clearance Requested,Survey,Clearance_Officer_7,2024-11-24T14:37:38.842416
SL-CASE-0040,4,Survey Clearance Issued,Survey,Clearance_Officer_7,2024-12-09T17:34:32.771797
SL-CASE-0040,5,Environmental Clearance Requested,Environmental,Clearance_Officer_3,2024-12-10T03:02:04.472767
SL-CASE-0040,6,Environmental Clearance Issued,Environmental,Clearance_Officer_8,2024-12-20T13:18:11.689450
SL-CASE-0040,7,Irrigation Dept Clearance Requested,Irrigation,Clearance_Officer_9,2024-12-20T23:23:05.566065
SL-CASE-0040,8,Irrigation Dept Clearance Issued,Irrigation,Clearance_Officer_2,2024-12-27T01:00:34.260294
SL-CASE-0040,9,DS Field Report Requested,DS,Clearance_Officer_2,2024-12-27T19:00:19.101182
SL-CASE-0040,10,DS Field Report Issued,DS,Clearance_Officer_3,2025-01-05T23:21:43.801911
SL-CASE-0040,11,PLC/DLC Review,PLC_DLC,PLC_Officer_3,2025-01-11T15:43:49.187251
SL-CASE-0040,12,PLC/DLC Recommendation,PLC_DLC,PLC_Officer_3,2025-01-12T09:25:35.368605
SL-CASE-0040,13,LCGD Case Intake,LCGD,LCGD_Officer_3,2025-01-17T04:31:47.603376
SL-CASE-0040,14,LCGD Review,LCGD,LCGD_Officer_4,2025-01-24T10:21:27.310421
SL-CASE-0040,15,Higher Approval Requested,Ministry,LCGD_Officer_4,2025-01-25T11:21:18.324877
SL-CASE-0040,16,Higher Approval Granted,Ministry,LCGD_Officer_1,2025-02-11T18:39:16.403804
SL-CASE-0040,17,LCGD Lease Decision,LCGD,LCGD_Officer_3,2025-02-19T02:43:44.850751
SL-CASE-0040,18,Registration Requested,Registry,Registry_Officer_4,2025-02-22T06:49:19.899045
SL-CASE-0040,19,Registration Completed,Registry,Registry_Officer_1,2025-02-28T12:01:09.978144
SL-CASE-0040,20,DS Final Notification,DS,DS_Officer_7,2025-02-28T19:16:20.351721
SL-CASE-0041,1,DS Application Received,DS,DS_Officer_6,2023-09-12T08:05:56.348510
SL-CASE-0041,2,DS Initial Review,DS,DS_Officer_1,2023-09-13T04:02:01.000785
SL-CASE-0041,3,Survey Clearance Requested,Survey,Clearance_Officer_11,2023-09-13T19:20:44.511230
SL-CASE-0041,4,Survey Clearance Issued,Survey,Clearance_Officer_6,2023-09-23T08:30:37.400032
SL-CASE-0041,5,Environmental Clearance Requested,Environmental,Clearance_Officer_2,2023-09-23T18:41:40.859607
SL-CASE-0041,6,Environmental Clearance Issued,Environmental,Clearance_Officer_9,2023-10-05T16:24:10.850920
SL-CASE-0041,7,DS Field Report Requested,DS,Clearance_Officer_6,2023-10-06T02:28:33.286853
SL-CASE-0041,8,DS Field Report Issued,DS,Clearance_Officer_4,2023-10-19T10:40:32.192230
SL-CASE-0041,9,PLC/DLC Review,PLC_DLC,PLC_Officer_1,2023-10-29T01:40:27.051129
SL-CASE-0041,10,PLC/DLC Recommendation,PLC_DLC,PLC_Officer_4,2023-11-01T19:32:28.013459
SL-CASE-0041,11,LCGD Case Intake,LCGD,LCGD_Officer_1,2023-11-05T16:18:33.759454
SL-CASE-0041,12,LCGD Review,LCGD,LCGD_Officer_3,2023-11-10T08:15:58.827454
SL-CASE-0041,13,Higher Approval Requested,Ministry,LCGD_Officer_2,2023-11-13T22:31:35.945173
SL-CASE-0041,14,Higher Approval Granted,Ministry,LCGD_Officer_3,2023-12-23T19:28:24.044329
SL-CASE-0041,15,LCGD Lease Decision,LCGD,LCGD_Officer_4,2023-12-30T19:51:53.336342
SL-CASE-0041,16,Registration Requested,Registry,Registry_Officer_2,2024-01-01T00:41:06.527485
SL-CASE-0041,17,Registration Completed,Registry,Registry_Officer_4,2024-01-18T05:34:26.165780
SL-CASE-0041,18,DS Final Notification,DS,DS_Officer_8,2024-01-18T19:39:35.569504
SL-CASE-0042,1,DS Application Received,DS,DS_Officer_3,2024-11-29T03:25:39.054611
SL-CASE-0042,2,DS Initial Review,DS,DS_Officer_4,2024-11-30T18:21:00.561812
SL-CASE-0042,3,Survey Clearance Requested,Survey,Clearance_Officer_4,2024-11-30T23:01:12.468254
SL-CASE-0042,4,Survey Clearance Issued,Survey,Clearance_Officer_4,2024-12-17T00:12:07.478054
SL-CASE-0042,5,Agrarian Services Clearance Requested,Agrarian,Clearance_Officer_1,2024-12-17T19:35:25.024470
SL-CASE-0042,6,Agrarian Services Clearance Issued,Agrarian,Clearance_Officer_10,2024-12-25T16:09:32.758998
SL-CASE-0042,7,PLC/DLC Review,PLC_DLC,PLC_Officer_5,2024-12-29T16:16:15.043641
SL-CASE-0042,8,PLC/DLC Recommendation,PLC_DLC,PLC_Officer_1,2024-12-30T13:03:53.156316
SL-CASE-0042,9,LCGD Case Intake,LCGD,LCGD_Officer_4,2024-12-31T11:19:17.292234
SL-CASE-0042,10,LCGD Review,LCGD,LCGD_Officer_4,2025-01-15T11:11:07.457377
SL-CASE-0042,11,LCGD Lease Decision,LCGD,LCGD_Officer_4,2025-01-20T20:11:53.477006
SL-CASE-0042,12,Registration Requested,Registry,Registry_Officer_1,2025-01-25T00:03:31.966564
SL-CASE-0042,13,Registration Completed,Registry,Registry_Officer_3,2025-01-28T09:12:28.412321
SL-CASE-0042,14,DS Final Notification,DS,DS_Officer_8,2025-01-30T08:10:17.736846
SL-CASE-0043,1,DS Application Received,DS,DS_Officer_3,2023-11-23T03:39:37.926889
SL-CASE-0043,2,DS Initial Review,DS,DS_Officer_3,2023-11-23T21:02:31.254470
SL-CASE-0043,3,Survey Clearance Requested,Survey,Clearance_Officer_12,2023-11-24T06:08:25.985961
SL-CASE-0043,4,Survey Clearance Issued,Survey,Clearance_Officer_9,2023-11-29T12:57:18.005350
SL-CASE-0043,5,Agrarian Services Clearance Requested,Agrarian,Clearance_Officer_2,2023-11-30T10:38:36.137962
SL-CASE-0043,6,Agrarian Services Clearance Issued,Agrarian,Clearance_Officer_11,2023-12-06T04:55:09.813187
SL-CASE-0043,7,PLC/DLC Review,PLC_DLC,PLC_Officer_3,2023-12-15T18:58:03.228664
SL-CASE-0043,8,PLC/DLC Recommendation,PLC_DLC,PLC_Officer_3,2023-12-16T15:14:13.117784
SL-CASE-0043,9,LCGD Case Intake,LCGD,LCGD_Officer_1,2023-12-21T03:05:16.038882
SL-CASE-0043,10,LCGD Review,LCGD,LCGD_Officer_2,2023-12-29T03:57:08.514761
SL-CASE-0043,11,LCGD Lease Decision,LCGD,LCGD_Officer_2,2024-01-04T04:26:07.949096
SL-CASE-0043,12,DS Final Notification,DS,DS_Officer_6,2024-01-04T18:25:10.506106
SL-CASE-0044,1,DS Application Received,DS,DS_Officer_7,2024-08-12T20:02:16.753585
SL-CASE-0044,2,DS Initial Review,DS,DS_Officer_1,2024-08-14T03:14:05.128315
SL-CASE-0044,3,Survey Clearance Requested,Survey,Clearance_Officer_11,2024-08-14T16:11:29.742678
SL-CASE-0044,4,Survey Clearance Issued,Survey,Clearance_Officer_11,2024-08-26T00:58:29.739669
SL-CASE-0044,5,DS Field Report Requested,DS,Clearance_Officer_8,2024-08-27T00:01:16.433129
SL-CASE-0044,6,DS Field Report Issued,DS,Clearance_Officer_11,2024-09-01T15:41:08.011250
SL-CASE-0044,7,PLC/DLC Review,PLC_DLC,PLC_Officer_4,2024-09-06T00:16:28.757202
SL-CASE-0044,8,PLC/DLC Recommendation,PLC_DLC,PLC_Officer_1,2024-09-06T14:35:36.886869
SL-CASE-0044,9,LCGD Case Intake,LCGD,LCGD_Officer_4,2024-09-08T03:15:14.865913
SL-CASE-0044,10,LCGD Review,LCGD,LCGD_Officer_2,2024-09-15T21:57:45.032891
SL-CASE-0044,11,LCGD Lease Decision,LCGD,LCGD_Officer_2,2024-09-19T11:34:03.252471
SL-CASE-0044,12,DS Final Notification,DS,DS_Officer_6,2024-09-20T11:26:54.042281
SL-CASE-0045,1,DS Application Received,DS,DS_Officer_8,2024-05-28T22:48:03.328324
SL-CASE-0045,2,DS Initial Review,DS,DS_Officer_2,2024-05-29T13:42:33.679316
SL-CASE-0045,3,Survey Clearance Requested,Survey,Clearance_Officer_7,2024-05-29T16:49:21.618427
SL-CASE-0045,4,Survey Clearance Issued,Survey,Clearance_Officer_7,2024-06-16T02:52:52.995182
SL-CASE-0045,5,Agrarian Services Clearance Requested,Agrarian,Clearance_Officer_3,2024-06-16T10:20:36.001388
SL-CASE-0045,6,Agrarian Services Clearance Issued,Agrarian,Clearance_Officer_10,2024-07-02T21:17:21.234103
SL-CASE-0045,7,PLC/DLC Review,PLC_DLC,PLC_Officer_2,2024-07-10T05:42:23.448480
SL-CASE-0045,8,PLC/DLC Recommendation,PLC_DLC,PLC_Officer_4,2024-07-14T02:42:08.460837
SL-CASE-0045,9,LCGD Case Intake,LCGD,LCGD_Officer_4,2024-07-21T02:04:24.882108
SL-CASE-0045,10,LCGD Review,LCGD,LCGD_Officer_3,2024-07-29T01:39:24.625386
SL-CASE-0045,11,Higher Approval Requested,Ministry,LCGD_Officer_1,2024-07-31T16:21:25.385445
SL-CASE-0045,12,Higher Approval Granted,Ministry,LCGD_Officer_4,2024-09-07T18:21:09.384950
SL-CASE-0045,13,LCGD Lease Decision,LCGD,LCGD_Officer_2,2024-09-17T10:33:26.202527
SL-CASE-0045,14,Registration Requested,Registry,Registry_Officer_1,2024-09-20T11:03:30.626086
SL-CASE-0045,15,Registration Completed,Registry,Registry_Officer_4,2024-09-22T10:06:17.754323
SL-CASE-0045,16,DS Final Notification,DS,DS_Officer_8,2024-09-24T05:55:52.484618
SL-CASE-0046,1,DS Application Received,DS,DS_Officer_1,2023-07-20T00:39:47.854793
SL-CASE-0046,2,DS Initial Review,DS,DS_Officer_4,2023-07-21T05:45:20.467184
SL-CASE-0046,3,Survey Clearance Requested,Survey,Clearance_Officer_5,2023-07-21T15:43:52.350239
SL-CASE-0046,4,Survey Clearance Issued,Survey,Clearance_Officer_9,2023-07-24T01:15:42.070617
SL-CASE-0046,5,DS Field Report Requested,DS,Clearance_Officer_9,2023-07-24T13:10:10.137564
SL-CASE-0046,6,DS Field Report Issued,DS,Clearance_Officer_10,2023-07-30T20:43:19.601952
SL-CASE-0046,7,PLC/DLC Review,PLC_DLC,PLC_Officer_1,2023-08-06T19:51:10.805762
SL-CASE-0046,8,PLC/DLC Recommendation,PLC_DLC,PLC_Officer_1,2023-08-07T16:31:14.261301
SL-CASE-0046,9,LCGD Case Intake,LCGD,LCGD_Officer_3,2023-08-10T17:58:10.586369
SL-CASE-0046,10,LCGD Review,LCGD,LCGD_Officer_3,2023-08-19T13:24:03.977943
SL-CASE-0046,11,LCGD Lease Decision,LCGD,LCGD_Officer_2,2023-08-27T04:03:46.639082
SL-CASE-0046,12,Registration Requested,Registry,Registry_Officer_4,2023-08-30T06:44:37.434239
SL-CASE-0046,13,Registration Completed,Registry,Registry_Officer_1,2023-09-09T18:46:45.320741
SL-CASE-0046,14,DS Final Notification,DS,DS_Officer_6,2023-09-09T23:30:11.640235
SL-CASE-0047,1,DS Application Received,DS,DS_Officer_5,2024-07-16T20:06:18.021542
SL-CASE-0047,2,DS Initial Review,DS,DS_Officer_8,2024-07-18T02:13:44.006994
SL-CASE-0047,3,Survey Clearance Requested,Survey,Clearance_Officer_5,2024-07-18T19:49:16.199664
SL-CASE-0047,4,Survey Clearance Issued,Survey,Clearance_Officer_1,2024-07-28T20:22:19.891821
SL-CASE-0047,5,Environmental Clearance Requested,Environmental,Clearance_Officer_11,2024-07-29T06:28:33.830362
SL-CASE-0047,6,Environmental Clearance Issued,Environmental,Clearance_Officer_7,2024-08-01T08:27:20.724471
SL-CASE-0047,7,Irrigation Dept Clearance Requested,Irrigation,Clearance_Officer_12,2024-08-01T23:17:49.934105
SL-CASE-0047,8,Irrigation Dept Clearance Issued,Irrigation,Clearance_Officer_11,2024-08-19T12:58:27.839845
SL-CASE-0047,9,DS Field Report Requested,DS,Clearance_Officer_8,2024-08-19T15:33:38.294518
SL-CASE-0047,10,DS Field Report Issued,DS,Clearance_Officer_11,2024-08-25T16:38:33.059874
SL-CASE-0047,11,PLC/DLC Review,PLC_DLC,PLC_Officer_5,2024-09-02T15:08:40.656041
SL-CASE-0047,12,PLC/DLC Recommendation,PLC_DLC,PLC_Officer_6,2024-09-05T14:59:41.812104
SL-CASE-0047,13,LCGD Case Intake,LCGD,LCGD_Officer_4,2024-09-06T11:00:22.872836
SL-CASE-0047,14,LCGD Review,LCGD,LCGD_Officer_4,2024-09-09T20:17:54.262725
SL-CASE-0047,15,Higher Approval Requested,Ministry,LCGD_Officer_2,2024-09-10T19:08:41.413411
SL-CASE-0047,16,Higher Approval Granted,Ministry,LCGD_Officer_1,2024-09-16T21:39:50.645758
SL-CASE-0047,17,LCGD Lease Decision,LCGD,LCGD_Officer_4,2024-09-19T00:18:27.363519
SL-CASE-0047,18,DS Final Notification,DS,DS_Officer_3,2024-09-20T00:15:57.869347
SL-CASE-0048,1,DS Application Received,DS,DS_Officer_6,2023-10-17T02:08:40.300310
SL-CASE-0048,2,DS Initial Review,DS,DS_Officer_8,2023-10-19T02:03:42.962665
SL-CASE-0048,3,Survey Clearance Requested,Survey,Clearance_Officer_6,2023-10-19T15:37:20.753056
SL-CASE-0048,4,Survey Clearance Issued,Survey,Clearance_Officer_8,2023-11-07T19:52:15.657046
SL-CASE-0048,5,Environmental Clearance Requested,Environmental,Clearance_Officer_6,2023-11-08T17:56:15.890591
SL-CASE-0048,6,Environmental Clearance Issued,Environmental,Clearance_Officer_11,2023-11-20T03:02:18.007303
SL-CASE-0048,7,DS Field Report Requested,DS,Clearance_Officer_12,2023-11-20T22:01:19.598208
SL-CASE-0048,8,DS Field Report Issued,DS,Clearance_Officer_12,2023-12-04T20:26:32.050525
SL-CASE-0048,9,PLC/DLC Review,PLC_DLC,PLC_Officer_4,2023-12-07T20:43:00.530568
SL-CASE-0048,10,PLC/DLC Recommendation,PLC_DLC,PLC_Officer_2,2023-12-09T00:38:05.745582
SL-CASE-0048,11,LCGD Case Intake,LCGD,LCGD_Officer_3,2023-12-11T08:09:35.737532
SL-CASE-0048,12,LCGD Review,LCGD,LCGD_Officer_3,2023-12-15T11:42:54.906688
SL-CASE-0048,13,Higher Approval Requested,Ministry,LCGD_Officer_2,2023-12-19T09:37:44.826722
SL-CASE-0048,14,Higher Approval Granted,Ministry,LCGD_Officer_4,2024-01-17T13:25:50.319290
SL-CASE-0048,15,LCGD Lease Decision,LCGD,LCGD_Officer_3,2024-01-20T21:37:05.442894
SL-CASE-0048,16,Registration Requested,Registry,Registry_Officer_3,2024-01-23T19:30:49.549927
SL-CASE-0048,17,Registration Completed,Registry,Registry_Officer_4,2024-01-30T06:44:44.588744
SL-CASE-0048,18,DS Final Notification,DS,DS_Officer_7,2024-02-01T23:26:56.225052
SL-CASE-0049,1,DS Application Received,DS,DS_Officer_8,2024-07-26T21:15:15.185319
SL-CASE-0049,2,DS Initial Review,DS,DS_Officer_5,2024-07-27T10:40:10.695718
SL-CASE-0049,3,Survey Clearance Requested,Survey,Clearance_Officer_12,2024-07-28T09:11:46.191274
SL-CASE-0049,4,Survey Clearance Issued,Survey,Clearance_Officer_2,2024-08-03T13:03:19.991018
SL-CASE-0049,5,Environmental Clearance Requested,Environmental,Clearance_Officer_10,2024-08-04T04:36:01.612144
SL-CASE-0049,6,Environmental Clearance Issued,Environmental,Clearance_Officer_1,2024-08-09T17:42:47.051601
SL-CASE-0049,7,DS Field Report Requested,DS,Clearance_Officer_9,2024-08-10T10:26:57.901621
SL-CASE-0049,8,DS Field Report Issued,DS,Clearance_Officer_4,2024-08-15T17:21:20.476157
SL-CASE-0049,9,PLC/DLC Review,PLC_DLC,PLC_Officer_4,2024-08-16T17:19:25.176651
SL-CASE-0049,10,PLC/DLC Recommendation,PLC_DLC,PLC_Officer_4,2024-08-18T12:58:37.679730
SL-CASE-0049,11,LCGD Case Intake,LCGD,LCGD_Officer_2,2024-08-19T16:39:43.698253
SL-CASE-0049,12,LCGD Review,LCGD,LCGD_Officer_2,2024-08-20T18:24:11.175827
SL-CASE-0049,13,Higher Approval Requested,Ministry,LCGD_Officer_4,2024-08-22T22:47:25.993942
SL-CASE-0049,14,Higher Approval Granted,Ministry,LCGD_Officer_2,2024-09-13T15:50:50.319755
SL-CASE-0049,15,LCGD Lease Decision,LCGD,LCGD_Officer_3,2024-09-21T06:43:49.796201
SL-CASE-0049,16,Registration Requested,Registry,Registry_Officer_1,2024-09-23T01:20:37.021151
SL-CASE-0049,17,Registration Completed,Registry,Registry_Officer_1,2024-10-11T07:21:46.332611
SL-CASE-0049,18,DS Final Notification,DS,DS_Officer_4,2024-10-13T07:01:25.612677
SL-CASE-0050,1,DS Application Received,DS,DS_Officer_8,2024-01-10T15:21:08.067460
SL-CASE-0050,2,DS Initial Review,DS,DS_Officer_5,2024-01-11T03:32:59.829957
SL-CASE-0050,3,Survey Clearance Requested,Survey,Clearance_Officer_1,2024-01-12T00:50:17.888856
SL-CASE-0050,4,Survey Clearance Issued,Survey,Clearance_Officer_10,2024-01-18T16:54:18.541879
SL-CASE-0050,5,DS Field Report Requested,DS,Clearance_Officer_6,2024-01-18T21:15:56.756588
SL-CASE-0050,6,DS Field Report Issued,DS,Clearance_Officer_11,2024-01-25T07:01:33.165086
SL-CASE-0050,7,PLC/DLC Review,PLC_DLC,PLC_Officer_4,2024-01-30T22:53:54.201990
SL-CASE-0050,8,PLC/DLC Recommendation,PLC_DLC,PLC_Officer_2,2024-02-04T10:16:26.491121
SL-CASE-0050,9,LCGD Case Intake,LCGD,LCGD_Officer_4,2024-02-10T11:02:21.640306
SL-CASE-0050,10,LCGD Review,LCGD,LCGD_Officer_1,2024-02-15T06:42:45.374086
SL-CASE-0050,11,LCGD Lease Decision,LCGD,LCGD_Officer_4,2024-02-18T18:05:33.657257
SL-CASE-0050,12,DS Final Notification,DS,DS_Officer_3,2024-02-20T17:28:21.562612
SL-CASE-0051,1,DS Application Received,DS,DS_Officer_2,2023-01-10T21:38:42.171750
SL-CASE-0051,2,DS Initial Review,DS,DS_Officer_2,2023-01-11T19:16:54.158016
SL-CASE-0051,3,Survey Clearance Requested,Survey,Clearance_Officer_3,2023-01-12T01:20:48.829139
SL-CASE-0051,4,Survey Clearance Issued,Survey,Clearance_Officer_4,2023-01-22T03:03:57.477220
SL-CASE-0051,5,Agrarian Services Clearance Requested,Agrarian,Clearance_Officer_7,2023-01-22T05:12:58.422767
SL-CASE-0051,6,Agrarian Services Clearance Issued,Agrarian,Clearance_Officer_5,2023-01-27T16:36:50.111366
SL-CASE-0051,7,PLC/DLC Review,PLC_DLC,PLC_Officer_3,2023-02-06T06:08:01.893801
SL-CASE-0051,8,PLC/DLC Recommendation,PLC_DLC,PLC_Officer_5,2023-02-09T06:32:03.786239
SL-CASE-0051,9,LCGD Case Intake,LCGD,LCGD_Officer_3,2023-02-09T20:19:06.094562
SL-CASE-0051,10,LCGD Review,LCGD,LCGD_Officer_1,2023-02-20T13:05:18.981537
SL-CASE-0051,11,LCGD Lease Decision,LCGD,LCGD_Officer_4,2023-02-27T07:21:02.004643
SL-CASE-0051,12,DS Final Notification,DS,DS_Officer_7,2023-02-28T06:49:37.202828
SL-CASE-0052,1,DS Application Received,DS,DS_Officer_6,2024-04-25T06:56:48.377458
SL-CASE-0052,2,DS Initial Review,DS,DS_Officer_8,2024-04-26T05:14:38.322942
SL-CASE-0052,3,Survey Clearance Requested,Survey,Clearance_Officer_11,2024-04-26T23:54:20.484388
SL-CASE-0052,4,Survey Clearance Issued,Survey,Clearance_Officer_4,2024-05-13T16:22:51.204904
SL-CASE-0052,5,Agrarian Services Clearance Requested,Agrarian,Clearance_Officer_10,2024-05-14T09:20:54.284962
SL-CASE-0052,6,Agrarian Services Clearance Issued,Agrarian,Clearance_Officer_2,2024-05-31T23:29:52.796975
SL-CASE-0052,7,PLC/DLC Review,PLC_DLC,PLC_Officer_5,2024-06-06T11:18:48.660401
SL-CASE-0052,8,PLC/DLC Recommendation,PLC_DLC,PLC_Officer_1,2024-06-10T01:32:34.278165
SL-CASE-0052,9,LCGD Case Intake,LCGD,LCGD_Officer_1,2024-06-16T12:37:58.905493
SL-CASE-0052,10,LCGD Review,LCGD,LCGD_Officer_2,2024-06-18T09:23:01.439818
SL-CASE-0052,11,LCGD Lease Decision,LCGD,LCGD_Officer_2,2024-06-24T05:23:45.330188
SL-CASE-0052,12,DS Final Notification,DS,DS_Officer_8,2024-06-24T18:54:48.693647
SL-CASE-0053,1,DS Application Received,DS,DS_Officer_1,2023-03-23T09:39:47.598660
SL-CASE-0053,2,DS Initial Review,DS,DS_Officer_5,2023-03-24T14:15:01.074981
SL-CASE-0053,3,Survey Clearance Requested,Survey,Clearance_Officer_7,2023-03-25T08:09:44.857303
SL-CASE-0053,4,Survey Clearance Issued,Survey,Clearance_Officer_1,2023-03-31T04:11:41.828124
SL-CASE-0053,5,Environmental Clearance Requested,Environmental,Clearance_Officer_10,2023-03-31T22:36:09.543164
SL-CASE-0053,6,Environmental Clearance Issued,Environmental,Clearance_Officer_7,2023-04-03T07:54:14.812907
SL-CASE-0053,7,DS Field Report Requested,DS,Clearance_Officer_2,2023-04-03T17:29:01.499139
SL-CASE-0053,8,DS Field Report Issued,DS,Clearance_Officer_1,2023-04-15T00:15:15.507437
SL-CASE-0053,9,PLC/DLC Review,PLC_DLC,PLC_Officer_1,2023-04-24T09:20:21.068762
SL-CASE-0053,10,PLC/DLC Recommendation,PLC_DLC,PLC_Officer_4,2023-04-29T07:45:31.795375
SL-CASE-0053,11,LCGD Case Intake,LCGD,LCGD_Officer_4,2023-04-30T00:42:34.098942
SL-CASE-0053,12,LCGD Review,LCGD,LCGD_Officer_2,2023-05-03T13:10:59.511870
SL-CASE-0053,13,Higher Approval Requested,Ministry,LCGD_Officer_4,2023-05-07T10:29:15.192942
SL-CASE-0053,14,Higher Approval Granted,Ministry,LCGD_Officer_4,2023-05-25T13:02:05.016952
SL-CASE-0053,15,LCGD Lease Decision,LCGD,LCGD_Officer_4,2023-05-30T03:59:32.697507
SL-CASE-0053,16,Registration Requested,Registry,Registry_Officer_2,2023-06-01T04:48:57.624579
SL-CASE-0053,17,Registration Completed,Registry,Registry_Officer_3,2023-06-14T14:49:39.200543
SL-CASE-0053,18,DS Final Notification,DS,DS_Officer_7,2023-06-15T01:07:54.758699
SL-CASE-0054,1,DS Application Received,DS,DS_Officer_4,2024-01-06T05:18:47.582192
SL-CASE-0054,2,DS Initial Review,DS,DS_Officer_6,2024-01-06T20:12:13.489091
SL-CASE-0054,3,Survey Clearance Requested,Survey,Clearance_Officer_4,2024-01-07T01:36:59.101849
SL-CASE-0054,4,Survey Clearance Issued,Survey,Clearance_Officer_12,2024-01-25T21:04:31.950688
SL-CASE-0054,5,Environmental Clearance Requested,Environmental,Clearance_Officer_1,2024-01-26T15:54:58.753086
SL-CASE-0054,6,Environmental Clearance Issued,Environmental,Clearance_Officer_7,2024-02-12T01:02:18.139184
SL-CASE-0054,7,DS Field Report Requested,DS,Clearance_Officer_1,2024-02-12T16:34:00.057195
SL-CASE-0054,8,DS Field Report Issued,DS,Clearance_Officer_2,2024-02-18T06:18:37.845660
SL-CASE-0054,9,PLC/DLC Review,PLC_DLC,PLC_Officer_1,2024-02-19T17:18:53.867766
SL-CASE-0054,10,PLC/DLC Recommendation,PLC_DLC,PLC_Officer_6,2024-02-22T02:12:33.281354
SL-CASE-0054,11,LCGD Case Intake,LCGD,LCGD_Officer_1,2024-02-27T03:55:18.848825
SL-CASE-0054,12,LCGD Review,LCGD,LCGD_Officer_1,2024-03-02T14:09:09.278139
SL-CASE-0054,13,LCGD Lease Decision,LCGD,LCGD_Officer_2,2024-03-06T18:16:57.609662
SL-CASE-0054,14,Registration Requested,Registry,Registry_Officer_1,2024-03-09T13:48:55.035238
SL-CASE-0054,15,Registration Completed,Registry,Registry_Officer_3,2024-03-13T05:43:01.595347
SL-CASE-0054,16,DS Final Notification,DS,DS_Officer_6,2024-03-14T00:06:30.297667
SL-CASE-0055,1,DS Application Received,DS,DS_Officer_3,2024-02-09T06:07:37.897527
SL-CASE-0055,2,DS Initial Review,DS,DS_Officer_7,2024-02-10T13:40:15.210530
SL-CASE-0055,3,Survey Clearance Requested,Survey,Clearance_Officer_1,2024-02-11T03:53:58.583276
SL-CASE-0055,4,Survey Clearance Issued,Survey,Clearance_Officer_11,2024-03-01T15:15:50.233616
SL-CASE-0055,5,Agrarian Services Clearance Requested,Agrarian,Clearance_Officer_9,2024-03-02T08:02:00.561576
SL-CASE-0055,6,Agrarian Services Clearance Issued,Agrarian,Clearance_Officer_7,2024-03-09T09:22:35.046706
SL-CASE-0055,7,PLC/DLC Review,PLC_DLC,PLC_Officer_3,2024-03-13T18:27:34.179048
SL-CASE-0055,8,PLC/DLC Recommendation,PLC_DLC,PLC_Officer_5,2024-03-15T19:22:33.440411
SL-CASE-0055,9,LCGD Case Intake,LCGD,LCGD_Officer_2,2024-03-19T09:14:41.609955
SL-CASE-0055,10,LCGD Review,LCGD,LCGD_Officer_2,2024-03-24T14:17:32.382130
SL-CASE-0055,11,LCGD Lease Decision,LCGD,LCGD_Officer_1,2024-04-01T16:50:38.219259
SL-CASE-0055,12,DS Final Notification,DS,DS_Officer_7,2024-04-03T10:12:39.478555
SL-CASE-0056,1,DS Application Received,DS,DS_Officer_4,2024-01-26T03:09:34.893845
SL-CASE-0056,2,DS Initial Review,DS,DS_Officer_7,2024-01-26T09:25:38.295897
SL-CASE-0056,3,Survey Clearance Requested,Survey,Clearance_Officer_10,2024-01-27T02:14:53.112011
SL-CASE-0056,4,Survey Clearance Issued,Survey,Clearance_Officer_2,2024-01-28T20:16:54.376997
SL-CASE-0056,5,Environmental Clearance Requested,Environmental,Clearance_Officer_10,2024-01-29T02:25:16.909876
SL-CASE-0056,6,Environmental Clearance Issued,Environmental,Clearance_Officer_9,2024-02-12T20:42:16.391617
SL-CASE-0056,7,DS Field Report Requested,DS,Clearance_Officer_4,2024-02-13T03:28:44.100135
SL-CASE-0056,8,DS Field Report Issued,DS,Clearance_Officer_6,2024-03-01T15:57:32.374798
SL-CASE-0056,9,PLC/DLC Review,PLC_DLC,PLC_Officer_1,2024-03-05T01:05:09.106236
SL-CASE-0056,10,PLC/DLC Recommendation,PLC_DLC,PLC_Officer_2,2024-03-06T07:13:55.015885
SL-CASE-0056,11,LCGD Case Intake,LCGD,LCGD_Officer_1,2024-03-13T01:18:57.771399
SL-CASE-0056,12,LCGD Review,LCGD,LCGD_Officer_4,2024-03-24T12:16:02.884930
SL-CASE-0056,13,Higher Approval Requested,Ministry,LCGD_Officer_2,2024-03-29T02:30:49.593127
SL-CASE-0056,14,Higher Approval Granted,Ministry,LCGD_Officer_2,2024-04-16T23:41:04.941890
SL-CASE-0056,15,LCGD Lease Decision,LCGD,LCGD_Officer_3,2024-04-22T14:52:16.537932
SL-CASE-0056,16,Registration Requested,Registry,Registry_Officer_3,2024-04-24T16:16:00.117823
SL-CASE-0056,17,Registration Completed,Registry,Registry_Officer_3,2024-05-01T12:54:26.139708
SL-CASE-0056,18,DS Final Notification,DS,DS_Officer_8,2024-05-03T02:48:15.907794
SL-CASE-0057,1,DS Application Received,DS,DS_Officer_5,2023-11-23T05:09:36.609885
SL-CASE-0057,2,DS Initial Review,DS,DS_Officer_7,2023-11-24T09:30:21.161550
SL-CASE-0057,3,Survey Clearance Requested,Survey,Clearance_Officer_4,2023-11-24T18:00:00.390721
SL-CASE-0057,4,Survey Clearance Issued,Survey,Clearance_Officer_7,2023-12-02T00:25:07.244182
SL-CASE-0057,5,Environmental Clearance Requested,Environmental,Clearance_Officer_4,2023-12-02T14:57:14.573588
SL-CASE-0057,6,Environmental Clearance Issued,Environmental,Clearance_Officer_11,2023-12-13T02:38:07.887045
SL-CASE-0057,7,Irrigation Dept Clearance Requested,Irrigation,Clearance_Officer_6,2023-12-14T01:23:30.279013
SL-CASE-0057,8,Irrigation Dept Clearance Issued,Irrigation,Clearance_Officer_8,2023-12-19T22:43:57.884346
SL-CASE-0057,9,DS Field Report Requested,DS,Clearance_Officer_11,2023-12-20T21:59:45.339112
SL-CASE-0057,10,DS Field Report Issued,DS,Clearance_Officer_8,2024-01-04T23:15:02.998339
SL-CASE-0057,11,PLC/DLC Review,PLC_DLC,PLC_Officer_3,2024-01-07T01:36:29.174936
SL-CASE-0057,12,PLC/DLC Recommendation,PLC_DLC,PLC_Officer_6,2024-01-08T02:54:15.822673
SL-CASE-0057,13,LCGD Case Intake,LCGD,LCGD_Officer_2,2024-01-12T04:09:56.240885
SL-CASE-0057,14,LCGD Review,LCGD,LCGD_Officer_1,2024-01-26T00:14:37.742659
SL-CASE-0057,15,Higher Approval Requested,Ministry,LCGD_Officer_1,2024-01-28T17:58:24.530741
SL-CASE-0057,16,Higher Approval Granted,Ministry,LCGD_Officer_1,2024-03-06T19:55:53.379013
SL-CASE-0057,17,LCGD Lease Decision,LCGD,LCGD_Officer_4,2024-03-14T12:47:12.420838
SL-CASE-0057,18,Registration Requested,Registry,Registry_Officer_2,2024-03-15T10:27:38.944954
SL-CASE-0057,19,Registration Completed,Registry,Registry_Officer_2,2024-03-17T17:27:15.117992
SL-CASE-0057,20,DS Final Notification,DS,DS_Officer_8,2024-03-17T20:05:38.766338
SL-CASE-0058,1,DS Application Received,DS,DS_Officer_5,2023-09-19T06:19:16.027006
SL-CASE-0058,2,DS Initial Review,DS,DS_Officer_7,2023-09-19T11:04:31.414466
SL-CASE-0058,3,Survey Clearance Requested,Survey,Clearance_Officer_3,2023-09-20T06:48:39.896223
SL-CASE-0058,4,Survey Clearance Issued,Survey,Clearance_Officer_2,2023-09-23T07:36:38.065568
SL-CASE-0058,5,Environmental Clearance Requested,Environmental,Clearance_Officer_4,2023-09-23T21:08:49.389345
SL-CASE-0058,6,Environmental Clearance Issued,Environmental,Clearance_Officer_9,2023-09-28T12:40:05.054102
SL-CASE-0058,7,Irrigation Dept Clearance Requested,Irrigation,Clearance_Officer_6,2023-09-28T20:13:16.575250
SL-CASE-0058,8,Irrigation Dept Clearance Issued,Irrigation,Clearance_Officer_7,2023-10-04T22:07:16.862978
SL-CASE-0058,9,DS Field Report Requested,DS,Clearance_Officer_7,2023-10-05T01:51:35.187088
SL-CASE-0058,10,DS Field Report Issued,DS,Clearance_Officer_4,2023-10-14T19:09:45.886185
SL-CASE-0058,11,PLC/DLC Review,PLC_DLC,PLC_Officer_2,2023-10-24T16:56:09.158555
SL-CASE-0058,12,PLC/DLC Recommendation,PLC_DLC,PLC_Officer_1,2023-10-26T09:07:58.750951
SL-CASE-0058,13,LCGD Case Intake,LCGD,LCGD_Officer_1,2023-10-31T03:06:56.731055
SL-CASE-0058,14,LCGD Review,LCGD,LCGD_Officer_4,2023-11-02T10:31:54.942420
SL-CASE-0058,15,Higher Approval Requested,Ministry,LCGD_Officer_4,2023-11-04T11:31:45.333326
SL-CASE-0058,16,Higher Approval Granted,Ministry,LCGD_Officer_1,2023-11-11T10:39:56.909252
SL-CASE-0058,17,LCGD Lease Decision,LCGD,LCGD_Officer_1,2023-11-18T13:07:53.663628
SL-CASE-0058,18,Registration Requested,Registry,Registry_Officer_4,2023-11-21T04:06:55.548161
SL-CASE-0058,19,Registration Completed,Registry,Registry_Officer_3,2023-12-04T10:11:35.276535
SL-CASE-0058,20,DS Final Notification,DS,DS_Officer_2,2023-12-06T03:48:11.146779
SL-CASE-0059,1,DS Application Received,DS,DS_Officer_5,2024-09-18T10:20:26.457110
SL-CASE-0059,2,DS Initial Review,DS,DS_Officer_1,2024-09-20T05:54:37.422607
SL-CASE-0059,3,Survey Clearance Requested,Survey,Clearance_Officer_6,2024-09-20T11:51:22.299262
SL-CASE-0059,4,Survey Clearance Issued,Survey,Clearance_Officer_4,2024-09-21T18:59:46.628329
SL-CASE-0059,5,DS Field Report Requested,DS,Clearance_Officer_12,2024-09-22T09:54:39.887772
SL-CASE-0059,6,DS Field Report Issued,DS,Clearance_Officer_2,2024-10-09T00:14:33.247560
SL-CASE-0059,7,PLC/DLC Review,PLC_DLC,PLC_Officer_5,2024-10-12T08:28:39.718528
SL-CASE-0059,8,PLC/DLC Recommendation,PLC_DLC,PLC_Officer_4,2024-10-13T17:53:29.507070
SL-CASE-0059,9,LCGD Case Intake,LCGD,LCGD_Officer_3,2024-10-18T15:30:32.343906
SL-CASE-0059,10,LCGD Review,LCGD,LCGD_Officer_2,2024-10-25T00:28:52.724461
SL-CASE-0059,11,LCGD Lease Decision,LCGD,LCGD_Officer_1,2024-11-01T23:27:28.311462
SL-CASE-0059,12,Registration Requested,Registry,Registry_Officer_3,2024-11-04T14:32:53.697774
SL-CASE-0059,13,Registration Completed,Registry,Registry_Officer_4,2024-11-06T15:02:01.760459
SL-CASE-0059,14,DS Final Notification,DS,DS_Officer_2,2024-11-07T09:17:02.049566
SL-CASE-0060,1,DS Application Received,DS,DS_Officer_7,2023-08-27T11:03:51.178434
SL-CASE-0060,2,DS Initial Review,DS,DS_Officer_7,2023-08-28T10:03:55.893118
SL-CASE-0060,3,Survey Clearance Requested,Survey,Clearance_Officer_10,2023-08-28T13:57:02.867235
SL-CASE-0060,4,Survey Clearance Issued,Survey,Clearance_Officer_4,2023-09-04T04:38:37.822760
SL-CASE-0060,5,Environmental Clearance Requested,Environmental,Clearance_Officer_2,2023-09-04T22:19:56.018548
SL-CASE-0060,6,Environmental Clearance Issued,Environmental,Clearance_Officer_7,2023-09-11T00:31:38.904465
SL-CASE-0060,7,Irrigation Dept Clearance Requested,Irrigation,Clearance_Officer_11,2023-09-11T18:11:03.735123
SL-CASE-0060,8,Irrigation Dept Clearance Issued,Irrigation,Clearance_Officer_7,2023-09-15T16:32:04.678737
SL-CASE-0060,9,DS Field Report Requested,DS,Clearance_Officer_2,2023-09-16T01:30:05.594449
SL-CASE-0060,10,DS Field Report Issued,DS,Clearance_Officer_5,2023-09-18T19:14:05.530197
SL-CASE-0060,11,PLC/DLC Review,PLC_DLC,PLC_Officer_3,2023-09-23T12:38:04.728186
SL-CASE-0060,12,PLC/DLC Recommendation,PLC_DLC,PLC_Officer_1,2023-09-24T06:17:20.500538
SL-CASE-0060,13,LCGD Case Intake,LCGD,LCGD_Officer_4,2023-09-25T23:31:19.726167
SL-CASE-0060,14,LCGD Review,LCGD,LCGD_Officer_4,2023-10-04T18:40:08.821142
SL-CASE-0060,15,Higher Approval Requested,Ministry,LCGD_Officer_1,2023-10-05T12:26:40.238523
SL-CASE-0060,16,Higher Approval Granted,Ministry,LCGD_Officer_1,2023-10-22T21:43:57.043455
SL-CASE-0060,17,LCGD Lease Decision,LCGD,LCGD_Officer_3,2023-10-28T23:24:46.288829
SL-CASE-0060,18,Registration Requested,Registry,Registry_Officer_1,2023-11-02T07:52:36.228780
SL-CASE-0060,19,Registration Completed,Registry,Registry_Officer_4,2023-11-08T20:57:32.840668
SL-CASE-0060,20,DS Final Notification,DS,DS_Officer_4,2023-11-11T05:30:03.455285
SL-CASE-0061,1,DS Application Received,DS,DS_Officer_7,2024-02-05T09:48:16.520871
SL-CASE-0061,2,DS Initial Review,DS,DS_Officer_2,2024-02-06T02:59:37.277892
SL-CASE-0061,3,Survey Clearance Requested,Survey,Clearance_Officer_4,2024-02-06T12:56:18.370945
SL-CASE-0061,4,Survey Clearance Issued,Survey,Clearance_Officer_8,2024-02-21T05:40:06.912096
SL-CASE-0061,5,Environmental Clearance Requested,Environmental,Clearance_Officer_4,2024-02-21T20:43:56.378821
SL-CASE-0061,6,Environmental Clearance Issued,Environmental,Clearance_Officer_3,2024-03-02T13:31:02.035399
SL-CASE-0061,7,DS Field Report Requested,DS,Clearance_Officer_7,2024-03-02T22:13:10.948662
SL-CASE-0061,8,DS Field Report Issued,DS,Clearance_Officer_10,2024-03-10T05:42:38.729318
SL-CASE-0061,9,PLC/DLC Review,PLC_DLC,PLC_Officer_3,2024-03-14T08:19:32.405323
SL-CASE-0061,10,PLC/DLC Recommendation,PLC_DLC,PLC_Officer_4,2024-03-16T16:30:39.892299
SL-CASE-0061,11,LCGD Case Intake,LCGD,LCGD_Officer_2,2024-03-22T11:43:30.916253
SL-CASE-0061,12,LCGD Review,LCGD,LCGD_Officer_2,2024-03-27T16:40:17.436601
SL-CASE-0061,13,Higher Approval Requested,Ministry,LCGD_Officer_2,2024-03-30T05:16:43.034880
SL-CASE-0061,14,Higher Approval Granted,Ministry,LCGD_Officer_3,2024-05-07T23:31:16.695119
SL-CASE-0061,15,LCGD Lease Decision,LCGD,LCGD_Officer_4,2024-05-11T01:43:12.618010
SL-CASE-0061,16,Registration Requested,Registry,Registry_Officer_2,2024-05-15T22:02:42.588292
SL-CASE-0061,17,Registration Completed,Registry,Registry_Officer_3,2024-05-23T02:38:57.435678
SL-CASE-0061,18,DS Final Notification,DS,DS_Officer_7,2024-05-25T13:48:14.053567
SL-CASE-0062,1,DS Application Received,DS,DS_Officer_8,2023-09-13T13:40:39.944433
SL-CASE-0062,2,DS Initial Review,DS,DS_Officer_2,2023-09-15T04:46:33.330964
SL-CASE-0062,3,Survey Clearance Requested,Survey,Clearance_Officer_7,2023-09-16T00:47:35.403950
SL-CASE-0062,4,Survey Clearance Issued,Survey,Clearance_Officer_3,2023-09-29T19:40:15.518123
SL-CASE-0062,5,Environmental Clearance Requested,Environmental,Clearance_Officer_4,2023-09-30T11:36:15.732464
SL-CASE-0062,6,Environmental Clearance Issued,Environmental,Clearance_Officer_3,2023-10-06T06:49:37.986447
SL-CASE-0062,7,DS Field Report Requested,DS,Clearance_Officer_7,2023-10-07T00:33:44.708638
SL-CASE-0062,8,DS Field Report Issued,DS,Clearance_Officer_10,2023-10-09T10:17:25.875210
SL-CASE-0062,9,PLC/DLC Review,PLC_DLC,PLC_Officer_4,2023-10-14T11:33:21.716783
SL-CASE-0062,10,PLC/DLC Recommendation,PLC_DLC,PLC_Officer_6,2023-10-17T06:28:26.098236
SL-CASE-0062,11,LCGD Case Intake,LCGD,LCGD_Officer_1,2023-10-20T11:43:43.767041
SL-CASE-0062,12,LCGD Review,LCGD,LCGD_Officer_3,2023-11-01T13:24:39.788304
SL-CASE-0062,13,LCGD Lease Decision,LCGD,LCGD_Officer_1,2023-11-08T15:35:36.511720
SL-CASE-0062,14,Registration Requested,Registry,Registry_Officer_2,2023-11-09T10:03:41.723840
SL-CASE-0062,15,Registration Completed,Registry,Registry_Officer_3,2023-11-22T21:55:40.583584
SL-CASE-0062,16,DS Final Notification,DS,DS_Officer_1,2023-11-23T11:34:17.883891
SL-CASE-0063,1,DS Application Received,DS,DS_Officer_4,2024-01-30T07:13:00.825317
SL-CASE-0063,2,DS Initial Review,DS,DS_Officer_7,2024-01-31T06:49:52.147875
SL-CASE-0063,3,Survey Clearance Requested,Survey,Clearance_Officer_11,2024-01-31T19:01:06.753992
SL-CASE-0063,4,Survey Clearance Issued,Survey,Clearance_Officer_9,2024-02-12T23:24:56.026648
SL-CASE-0063,5,Environmental Clearance Requested,Environmental,Clearance_Officer_1,2024-02-13T04:43:55.025300
SL-CASE-0063,6,Environmental Clearance Issued,Environmental,Clearance_Officer_5,2024-02-23T08:52:32.037601
SL-CASE-0063,7,Irrigation Dept Clearance Requested,Irrigation,Clearance_Officer_2,2024-02-23T20:01:37.291540
SL-CASE-0063,8,Irrigation Dept Clearance Issued,Irrigation,Clearance_Officer_12,2024-02-27T00:57:16.716733
SL-CASE-0063,9,DS Field Report Requested,DS,Clearance_Officer_5,2024-02-27T06:04:17.390738
SL-CASE-0063,10,DS Field Report Issued,DS,Clearance_Officer_4,2024-03-05T18:30:35.654011
SL-CASE-0063,11,PLC/DLC Review,PLC_DLC,PLC_Officer_3,2024-03-11T05:19:26.706311
SL-CASE-0063,12,PLC/DLC Recommendation,PLC_DLC,PLC_Officer_4,2024-03-13T17:36:23.809119
SL-CASE-0063,13,LCGD Case Intake,LCGD,LCGD_Officer_4,2024-03-18T22:14:15.607665
SL-CASE-0063,14,LCGD Review,LCGD,LCGD_Officer_3,2024-03-24T09:23:28.507679
SL-CASE-0063,15,Higher Approval Requested,Ministry,LCGD_Officer_1,2024-03-24T20:29:06.432497
SL-CASE-0063,16,Higher Approval Granted,Ministry,LCGD_Officer_3,2024-03-30T15:27:23.820871
SL-CASE-0063,17,LCGD Lease Decision,LCGD,LCGD_Officer_2,2024-04-06T05:04:53.679186
SL-CASE-0063,18,Registration Requested,Registry,Registry_Officer_2,2024-04-10T21:05:33.851225
SL-CASE-0063,19,Registration Completed,Registry,Registry_Officer_2,2024-04-21T16:23:09.440579
SL-CASE-0063,20,DS Final Notification,DS,DS_Officer_7,2024-04-22T17:33:18.833778
SL-CASE-0064,1,DS Application Received,DS,DS_Officer_8,2024-11-01T23:56:17.663565
SL-CASE-0064,2,DS Initial Review,DS,DS_Officer_7,2024-11-03T05:59:42.643849
SL-CASE-0064,3,Survey Clearance Requested,Survey,Clearance_Officer_4,2024-11-03T08:05:35.087280
SL-CASE-0064,4,Survey Clearance Issued,Survey,Clearance_Officer_12,2024-11-08T05:55:50.888609
SL-CASE-0064,5,Environmental Clearance Requested,Environmental,Clearance_Officer_2,2024-11-09T01:43:22.287869
SL-CASE-0064,6,Environmental Clearance Issued,Environmental,Clearance_Officer_9,2024-11-21T00:59:36.609048
SL-CASE-0064,7,DS Field Report Requested,DS,Clearance_Officer_6,2024-11-21T07:06:23.828030
SL-CASE-0064,8,DS Field Report Issued,DS,Clearance_Officer_2,2024-11-26T00:58:20.958112
SL-CASE-0064,9,PLC/DLC Review,PLC_DLC,PLC_Officer_4,2024-11-29T00:47:20.625099
SL-CASE-0064,10,PLC/DLC Recommendation,PLC_DLC,PLC_Officer_6,2024-12-01T18:56:54.869154
SL-CASE-0064,11,LCGD Case Intake,LCGD,LCGD_Officer_4,2024-12-04T07:50:22.617359
SL-CASE-0064,12,LCGD Review,LCGD,LCGD_Officer_1,2024-12-13T21:14:21.283569
SL-CASE-0064,13,Higher Approval Requested,Ministry,LCGD_Officer_4,2024-12-15T18:54:09.554773
SL-CASE-0064,14,Higher Approval Granted,Ministry,LCGD_Officer_3,2025-01-11T09:29:14.297086
SL-CASE-0064,15,LCGD Lease Decision,LCGD,LCGD_Officer_1,2025-01-20T14:27:32.502313
SL-CASE-0064,16,Registration Requested,Registry,Registry_Officer_3,2025-01-24T01:04:46.479850
SL-CASE-0064,17,Registration Completed,Registry,Registry_Officer_3,2025-01-27T06:49:28.168859
SL-CASE-0064,18,DS Final Notification,DS,DS_Officer_6,2025-01-27T17:00:39.292660
SL-CASE-0065,1,DS Application Received,DS,DS_Officer_3,2024-04-30T11:34:20.002187
SL-CASE-0065,2,DS Initial Review,DS,DS_Officer_8,2024-05-01T15:59:18.154199
SL-CASE-0065,3,Survey Clearance Requested,Survey,Clearance_Officer_3,2024-05-02T00:20:33.868304
SL-CASE-0065,4,Survey Clearance Issued,Survey,Clearance_Officer_8,2024-05-08T23:47:28.420371
SL-CASE-0065,5,Environmental Clearance Requested,Environmental,Clearance_Officer_6,2024-05-09T15:25:05.690691
SL-CASE-0065,6,Environmental Clearance Issued,Environmental,Clearance_Officer_8,2024-05-28T17:27:29.436612
SL-CASE-0065,7,Irrigation Dept Clearance Requested,Irrigation,Clearance_Officer_7,2024-05-28T22:27:42.986013
SL-CASE-0065,8,Irrigation Dept Clearance Issued,Irrigation,Clearance_Officer_9,2024-06-17T05:58:04.819197
SL-CASE-0065,9,DS Field Report Requested,DS,Clearance_Officer_7,2024-06-17T22:20:07.944238
SL-CASE-0065,10,DS Field Report Issued,DS,Clearance_Officer_7,2024-07-01T22:33:25.998629
SL-CASE-0065,11,PLC/DLC Review,PLC_DLC,PLC_Officer_4,2024-07-09T04:28:10.858261
SL-CASE-0065,12,PLC/DLC Recommendation,PLC_DLC,PLC_Officer_1,2024-07-11T18:10:53.137961
SL-CASE-0065,13,LCGD Case Intake,LCGD,LCGD_Officer_2,2024-07-15T22:23:00.542017
SL-CASE-0065,14,LCGD Review,LCGD,LCGD_Officer_3,2024-07-21T00:31:32.496619
SL-CASE-0065,15,Higher Approval Requested,Ministry,LCGD_Officer_3,2024-07-22T08:09:28.234809
SL-CASE-0065,16,Higher Approval Granted,Ministry,LCGD_Officer_4,2024-08-02T05:27:12.182577
SL-CASE-0065,17,LCGD Lease Decision,LCGD,LCGD_Officer_4,2024-08-07T23:48:56.131080
SL-CASE-0065,18,Registration Requested,Registry,Registry_Officer_1,2024-08-10T20:29:03.757214
SL-CASE-0065,19,Registration Completed,Registry,Registry_Officer_3,2024-08-22T17:38:31.148171
SL-CASE-0065,20,DS Final Notification,DS,DS_Officer_6,2024-08-25T01:53:59.631193
SL-CASE-0066,1,DS Application Received,DS,DS_Officer_1,2024-01-15T10:55:27.073367
SL-CASE-0066,2,DS Initial Review,DS,DS_Officer_6,2024-01-16T10:42:44.676471
SL-CASE-0066,3,Survey Clearance Requested,Survey,Clearance_Officer_2,2024-01-17T07:40:50.886810
SL-CASE-0066,4,Survey Clearance Issued,Survey,Clearance_Officer_2,2024-01-26T15:53:48.040204
SL-CASE-0066,5,DS Field Report Requested,DS,Clearance_Officer_4,2024-01-27T10:57:38.066875
SL-CASE-0066,6,DS Field Report Issued,DS,Clearance_Officer_12,2024-02-01T10:39:54.066790
SL-CASE-0066,7,PLC/DLC Review,PLC_DLC,PLC_Officer_3,2024-02-07T12:42:42.001429
SL-CASE-0066,8,PLC/DLC Recommendation,PLC_DLC,PLC_Officer_5,2024-02-11T20:52:16.386378
SL-CASE-0066,9,LCGD Case Intake,LCGD,LCGD_Officer_2,2024-02-16T11:35:00.372707
SL-CASE-0066,10,LCGD Review,LCGD,LCGD_Officer_2,2024-02-26T02:36:36.863963
SL-CASE-0066,11,LCGD Lease Decision,LCGD,LCGD_Officer_1,2024-03-05T06:58:34.422656
SL-CASE-0066,12,DS Final Notification,DS,DS_Officer_5,2024-03-07T00:52:53.157547
SL-CASE-0067,1,DS Application Received,DS,DS_Officer_2,2024-02-22T20:34:03.797376
SL-CASE-0067,2,DS Initial Review,DS,DS_Officer_7,2024-02-23T06:32:01.080154
SL-CASE-0067,3,Survey Clearance Requested,Survey,Clearance_Officer_5,2024-02-24T04:44:47.562131
SL-CASE-0067,4,Survey Clearance Issued,Survey,Clearance_Officer_3,2024-03-12T16:07:12.886587
SL-CASE-0067,5,Environmental Clearance Requested,Environmental,Clearance_Officer_3,2024-03-13T09:33:05.867557
SL-CASE-0067,6,Environmental Clearance Issued,Environmental,Clearance_Officer_12,2024-03-19T03:24:16.027923
SL-CASE-0067,7,DS Field Report Requested,DS,Clearance_Officer_4,2024-03-19T12:29:26.087482
SL-CASE-0067,8,DS Field Report Issued,DS,Clearance_Officer_11,2024-04-03T23:43:21.128689
SL-CASE-0067,9,PLC/DLC Review,PLC_DLC,PLC_Officer_2,2024-04-08T05:15:29.904537
SL-CASE-0067,10,PLC/DLC Recommendation,PLC_DLC,PLC_Officer_3,2024-04-11T05:05:05.341763
SL-CASE-0067,11,LCGD Case Intake,LCGD,LCGD_Officer_4,2024-04-15T19:01:25.021912
SL-CASE-0067,12,LCGD Review,LCGD,LCGD_Officer_1,2024-04-23T02:53:34.209509
SL-CASE-0067,13,LCGD Lease Decision,LCGD,LCGD_Officer_3,2024-04-27T07:09:35.700938
SL-CASE-0067,14,DS Final Notification,DS,DS_Officer_6,2024-04-29T09:47:21.012101
SL-CASE-0068,1,DS Application Received,DS,DS_Officer_6,2023-11-15T08:09:23.707949
SL-CASE-0068,2,DS Initial Review,DS,DS_Officer_7,2023-11-17T01:33:40.536332
SL-CASE-0068,3,Survey Clearance Requested,Survey,Clearance_Officer_7,2023-11-17T08:21:12.667185
SL-CASE-0068,4,Survey Clearance Issued,Survey,Clearance_Officer_8,2023-12-04T00:29:02.565544
SL-CASE-0068,5,Environmental Clearance Requested,Environmental,Clearance_Officer_5,2023-12-04T08:23:30.683139
SL-CASE-0068,6,Environmental Clearance Issued,Environmental,Clearance_Officer_10,2023-12-11T18:24:29.545867
SL-CASE-0068,7,Irrigation Dept Clearance Requested,Irrigation,Clearance_Officer_8,2023-12-11T23:16:52.610491
SL-CASE-0068,8,Irrigation Dept Clearance Issued,Irrigation,Clearance_Officer_11,2023-12-27T22:44:51.888038
SL-CASE-0068,9,DS Field Report Requested,DS,Clearance_Officer_1,2023-12-28T17:31:02.406614
SL-CASE-0068,10,DS Field Report Issued,DS,Clearance_Officer_8,2023-12-31T14:55:24.302944
SL-CASE-0068,11,PLC/DLC Review,PLC_DLC,PLC_Officer_2,2024-01-01T06:38:08.036972
SL-CASE-0068,12,PLC/DLC Recommendation,PLC_DLC,PLC_Officer_1,2024-01-03T14:56:31.790391
SL-CASE-0068,13,LCGD Case Intake,LCGD,LCGD_Officer_4,2024-01-10T13:40:08.145313
SL-CASE-0068,14,LCGD Review,LCGD,LCGD_Officer_2,2024-01-14T09:38:52.247771
SL-CASE-0068,15,Higher Approval Requested,Ministry,LCGD_Officer_3,2024-01-18T20:12:45.690134
SL-CASE-0068,16,Higher Approval Granted,Ministry,LCGD_Officer_3,2024-01-29T09:45:13.537961
SL-CASE-0068,17,LCGD Lease Decision,LCGD,LCGD_Officer_3,2024-01-30T13:35:43.140925
SL-CASE-0068,18,DS Final Notification,DS,DS_Officer_6,2024-01-31T09:07:21.239119
SL-CASE-0069,1,DS Application Received,DS,DS_Officer_2,2024-04-10T03:55:49.548391
SL-CASE-0069,2,DS Initial Review,DS,DS_Officer_8,2024-04-10T07:58:41.618896
SL-CASE-0069,3,Survey Clearance Requested,Survey,Clearance_Officer_10,2024-04-10T11:41:34.365645
SL-CASE-0069,4,Survey Clearance Issued,Survey,Clearance_Officer_11,2024-04-15T18:50:09.283817
SL-CASE-0069,5,Environmental Clearance Requested,Environmental,Clearance_Officer_1,2024-04-16T06:37:38.580458
SL-CASE-0069,6,Environmental Clearance Issued,Environmental,Clearance_Officer_2,2024-04-30T11:49:10.791782
SL-CASE-0069,7,DS Field Report Requested,DS,Clearance_Officer_7,2024-05-01T11:33:32.660612
SL-CASE-0069,8,DS Field Report Issued,DS,Clearance_Officer_8,2024-05-15T16:02:13.952054
SL-CASE-0069,9,PLC/DLC Review,PLC_DLC,PLC_Officer_4,2024-05-16T20:11:09.825127
SL-CASE-0069,10,PLC/DLC Recommendation,PLC_DLC,PLC_Officer_1,2024-05-17T12:22:11.300767
SL-CASE-0069,11,LCGD Case Intake,LCGD,LCGD_Officer_3,2024-05-18T16:28:09.281817
SL-CASE-0069,12,LCGD Review,LCGD,LCGD_Officer_2,2024-06-01T00:28:53.570145
SL-CASE-0069,13,LCGD Lease Decision,LCGD,LCGD_Officer_2,2024-06-05T00:02:17.782569
SL-CASE-0069,14,Registration Requested,Registry,Registry_Officer_2,2024-06-08T07:10:40.633920
SL-CASE-0069,15,Registration Completed,Registry,Registry_Officer_1,2024-06-10T14:22:25.128829
SL-CASE-0069,16,DS Final Notification,DS,DS_Officer_3,2024-06-12T11:05:45.577126
SL-CASE-0070,1,DS Application Received,DS,DS_Officer_2,2023-11-05T01:57:01.063384
SL-CASE-0070,2,DS Initial Review,DS,DS_Officer_7,2023-11-06T07:53:29.571957
SL-CASE-0070,3,Survey Clearance Requested,Survey,Clearance_Officer_7,2023-11-06T17:37:31.194675
SL-CASE-0070,4,Survey Clearance Issued,Survey,Clearance_Officer_3,2023-11-13T17:02:20.416363
SL-CASE-0070,5,Environmental Clearance Requested,Environmental,Clearance_Officer_11,2023-11-14T00:29:25.097260
SL-CASE-0070,6,Environmental Clearance Issued,Environmental,Clearance_Officer_9,2023-11-16T14:54:27.789442
SL-CASE-0070,7,DS Field Report Requested,DS,Clearance_Officer_12,2023-11-17T06:07:46.915134
SL-CASE-0070,8,DS Field Report Issued,DS,Clearance_Officer_12,2023-11-29T19:11:31.746314
SL-CASE-0070,9,PLC/DLC Review,PLC_DLC,PLC_Officer_6,2023-11-30T13:18:29.218879
SL-CASE-0070,10,PLC/DLC Recommendation,PLC_DLC,PLC_Officer_2,2023-12-04T23:09:08.696858
SL-CASE-0070,11,LCGD Case Intake,LCGD,LCGD_Officer_2,2023-12-08T19:55:16.607029
SL-CASE-0070,12,LCGD Review,LCGD,LCGD_Officer_3,2023-12-20T07:11:48.275160
SL-CASE-0070,13,Higher Approval Requested,Ministry,LCGD_Officer_2,2023-12-23T14:51:36.350673
SL-CASE-0070,14,Higher Approval Granted,Ministry,LCGD_Officer_1,2024-01-14T22:33:56.815781
SL-CASE-0070,15,LCGD Lease Decision,LCGD,LCGD_Officer_1,2024-01-17T12:58:44.086703
SL-CASE-0070,16,DS Final Notification,DS,DS_Officer_1,2024-01-19T03:57:32.284939
SL-CASE-0071,1,DS Application Received,DS,DS_Officer_2,2024-11-21T21:09:07.213109
SL-CASE-0071,2,DS Initial Review,DS,DS_Officer_2,2024-11-22T01:53:10.814350
SL-CASE-0071,3,Survey Clearance Requested,Survey,Clearance_Officer_4,2024-11-22T04:11:23.253667
SL-CASE-0071,4,Survey Clearance Issued,Survey,Clearance_Officer_1,2024-11-23T22:21:03.030223
SL-CASE-0071,5,Agrarian Services Clearance Requested,Agrarian,Clearance_Officer_7,2024-11-24T21:13:18.485981
SL-CASE-0071,6,Agrarian Services Clearance Issued,Agrarian,Clearance_Officer_11,2024-12-05T12:14:10.453959
SL-CASE-0071,7,PLC/DLC Review,PLC_DLC,PLC_Officer_4,2024-12-12T18:42:56.399623
SL-CASE-0071,8,PLC/DLC Recommendation,PLC_DLC,PLC_Officer_4,2024-12-15T01:00:11.676137
SL-CASE-0071,9,LCGD Case Intake,LCGD,LCGD_Officer_2,2024-12-16T01:51:43.135314
SL-CASE-0071,10,LCGD Review,LCGD,LCGD_Officer_3,2024-12-20T23:05:28.108459
SL-CASE-0071,11,LCGD Lease Decision,LCGD,LCGD_Officer_2,2024-12-21T23:34:55.872267
SL-CASE-0071,12,DS Final Notification,DS,DS_Officer_3,2024-12-24T21:47:02.845124
SL-CASE-0072,1,DS Application Received,DS,DS_Officer_7,2024-01-11T11:31:38.388502
SL-CASE-0072,2,DS Initial Review,DS,DS_Officer_1,2024-01-11T20:37:50.663019
SL-CASE-0072,3,Survey Clearance Requested,Survey,Clearance_Officer_12,2024-01-12T05:26:06.436078
SL-CASE-0072,4,Survey Clearance Issued,Survey,Clearance_Officer_3,2024-01-25T17:30:25.191189
SL-CASE-0072,5,Environmental Clearance Requested,Environmental,Clearance_Officer_12,2024-01-25T22:08:05.077336
SL-CASE-0072,6,Environmental Clearance Issued,Environmental,Clearance_Officer_1,2024-01-29T12:42:11.963944
SL-CASE-0072,7,Irrigation Dept Clearance Requested,Irrigation,Clearance_Officer_6,2024-01-29T18:18:27.508314
SL-CASE-0072,8,Irrigation Dept Clearance Issued,Irrigation,Clearance_Officer_12,2024-02-09T16:47:53.111769
SL-CASE-0072,9,DS Field Report Requested,DS,Clearance_Officer_6,2024-02-10T00:30:05.471122
SL-CASE-0072,10,DS Field Report Issued,DS,Clearance_Officer_5,2024-02-13T10:22:54.756363
SL-CASE-0072,11,PLC/DLC Review,PLC_DLC,PLC_Officer_1,2024-02-20T21:29:28.491828
SL-CASE-0072,12,PLC/DLC Recommendation,PLC_DLC,PLC_Officer_1,2024-02-24T19:26:03.483045
SL-CASE-0072,13,LCGD Case Intake,LCGD,LCGD_Officer_4,2024-02-27T11:41:45.675424
SL-CASE-0072,14,LCGD Review,LCGD,LCGD_Officer_1,2024-03-03T07:04:53.403162
SL-CASE-0072,15,LCGD Lease Decision,LCGD,LCGD_Officer_1,2024-03-06T02:36:42.189018
SL-CASE-0072,16,Registration Requested,Registry,Registry_Officer_3,2024-03-08T17:10:21.151309
SL-CASE-0072,17,Registration Completed,Registry,Registry_Officer_2,2024-03-10T18:27:09.995668
SL-CASE-0072,18,DS Final Notification,DS,DS_Officer_5,2024-03-11T22:11:27.315688
SL-CASE-0073,1,DS Application Received,DS,DS_Officer_3,2024-06-25T08:41:32.545258
SL-CASE-0073,2,DS Initial Review,DS,DS_Officer_1,2024-06-25T20:33:59.957167
SL-CASE-0073,3,Survey Clearance Requested,Survey,Clearance_Officer_12,2024-06-26T10:43:46.848416
SL-CASE-0073,4,Survey Clearance Issued,Survey,Clearance_Officer_7,2024-07-11T12:28:23.871836
SL-CASE-0073,5,DS Field Report Requested,DS,Clearance_Officer_4,2024-07-11T19:24:45.484690
SL-CASE-0073,6,DS Field Report Issued,DS,Clearance_Officer_12,2024-07-20T17:13:32.316790
SL-CASE-0073,7,PLC/DLC Review,PLC_DLC,PLC_Officer_1,2024-07-24T06:10:15.077703
SL-CASE-0073,8,PLC/DLC Recommendation,PLC_DLC,PLC_Officer_1,2024-07-27T05:19:33.436761
SL-CASE-0073,9,LCGD Case Intake,LCGD,LCGD_Officer_1,2024-07-30T23:38:39.630102
SL-CASE-0073,10,LCGD Review,LCGD,LCGD_Officer_1,2024-08-03T11:54:14.556191
SL-CASE-0073,11,LCGD Lease Decision,LCGD,LCGD_Officer_1,2024-08-13T01:09:31.049036
SL-CASE-0073,12,Registration Requested,Registry,Registry_Officer_3,2024-08-17T11:08:08.253187
SL-CASE-0073,13,Registration Completed,Registry,Registry_Officer_3,2024-09-02T03:51:50.963544
SL-CASE-0073,14,DS Final Notification,DS,DS_Officer_8,2024-09-03T04:46:30.795819
SL-CASE-0074,1,DS Application Received,DS,DS_Officer_4,2023-01-06T15:52:39.683992
SL-CASE-0074,2,DS Initial Review,DS,DS_Officer_4,2023-01-08T04:06:21.876531
SL-CASE-0074,3,Survey Clearance Requested,Survey,Clearance_Officer_7,2023-01-08T09:25:06.733573
SL-CASE-0074,4,Survey Clearance Issued,Survey,Clearance_Officer_9,2023-01-09T20:19:17.809783
SL-CASE-0074,5,Environmental Clearance Requested,Environmental,Clearance_Officer_12,2023-01-10T05:56:34.566644
SL-CASE-0074,6,Environmental Clearance Issued,Environmental,Clearance_Officer_6,2023-01-27T21:56:43.811799
SL-CASE-0074,7,DS Field Report Requested,DS,Clearance_Officer_11,2023-01-27T23:58:39.605409
SL-CASE-0074,8,DS Field Report Issued,DS,Clearance_Officer_12,2023-02-05T03:33:32.367105
SL-CASE-0074,9,PLC/DLC Review,PLC_DLC,PLC_Officer_1,2023-02-12T13:21:50.471150
SL-CASE-0074,10,PLC/DLC Recommendation,PLC_DLC,PLC_Officer_2,2023-02-13T18:45:22.241791
SL-CASE-0074,11,LCGD Case Intake,LCGD,LCGD_Officer_1,2023-02-17T00:14:50.818660
SL-CASE-0074,12,LCGD Review,LCGD,LCGD_Officer_2,2023-03-03T15:01:38.470486
SL-CASE-0074,13,Higher Approval Requested,Ministry,LCGD_Officer_1,2023-03-07T06:09:20.646103
SL-CASE-0074,14,Higher Approval Granted,Ministry,LCGD_Officer_2,2023-03-13T19:01:55.049589
SL-CASE-0074,15,LCGD Lease Decision,LCGD,LCGD_Officer_4,2023-03-22T18:59:50.015944
SL-CASE-0074,16,DS Final Notification,DS,DS_Officer_6,2023-03-24T22:03:23.437188
SL-CASE-0075,1,DS Application Received,DS,DS_Officer_3,2023-11-17T23:25:11.162633
SL-CASE-0075,2,DS Initial Review,DS,DS_Officer_5,2023-11-18T13:50:15.805416
SL-CASE-0075,3,Survey Clearance Requested,Survey,Clearance_Officer_7,2023-11-19T10:33:28.170914
SL-CASE-0075,4,Survey Clearance Issued,Survey,Clearance_Officer_12,2023-12-03T18:05:19.326251
SL-CASE-0075,5,DS Field Report Requested,DS,Clearance_Officer_8,2023-12-04T03:15:58.450498
SL-CASE-0075,6,DS Field Report Issued,DS,Clearance_Officer_2,2023-12-10T07:16:41.209698
SL-CASE-0075,7,PLC/DLC Review,PLC_DLC,PLC_Officer_2,2023-12-19T18:24:30.895992
SL-CASE-0075,8,PLC/DLC Recommendation,PLC_DLC,PLC_Officer_5,2023-12-23T17:19:17.033597
SL-CASE-0075,9,LCGD Case Intake,LCGD,LCGD_Officer_1,2023-12-24T22:19:16.177013
SL-CASE-0075,10,LCGD Review,LCGD,LCGD_Officer_4,2023-12-28T05:33:04.153667
SL-CASE-0075,11,LCGD Lease Decision,LCGD,LCGD_Officer_1,2023-12-31T13:02:05.795320
SL-CASE-0075,12,Registration Requested,Registry,Registry_Officer_2,2024-01-03T08:07:49.230267
SL-CASE-0075,13,Registration Completed,Registry,Registry_Officer_4,2024-01-12T22:12:16.303735
SL-CASE-0075,14,DS Final Notification,DS,DS_Officer_2,2024-01-13T18:45:18.301318
SL-CASE-0076,1,DS Application Received,DS,DS_Officer_1,2023-03-05T07:46:56.657015
SL-CASE-0076,2,DS Initial Review,DS,DS_Officer_5,2023-03-06T17:34:42.503930
SL-CASE-0076,3,Survey Clearance Requested,Survey,Clearance_Officer_3,2023-03-07T13:37:13.601502
SL-CASE-0076,4,Survey Clearance Issued,Survey,Clearance_Officer_7,2023-03-09T03:47:37.965960
SL-CASE-0076,5,Agrarian Services Clearance Requested,Agrarian,Clearance_Officer_9,2023-03-10T00:35:42.389286
SL-CASE-0076,6,Agrarian Services Clearance Issued,Agrarian,Clearance_Officer_4,2023-03-25T05:43:07.968224
SL-CASE-0076,7,PLC/DLC Review,PLC_DLC,PLC_Officer_1,2023-03-26T15:18:58.475579
SL-CASE-0076,8,PLC/DLC Recommendation,PLC_DLC,PLC_Officer_2,2023-03-30T16:57:37.703192
SL-CASE-0076,9,LCGD Case Intake,LCGD,LCGD_Officer_1,2023-03-31T23:54:25.851483
SL-CASE-0076,10,LCGD Review,LCGD,LCGD_Officer_2,2023-04-13T14:54:44.224143
SL-CASE-0076,11,Higher Approval Requested,Ministry,LCGD_Officer_4,2023-04-14T11:48:49.757631
SL-CASE-0076,12,Higher Approval Granted,Ministry,LCGD_Officer_1,2023-05-02T12:29:42.742931
SL-CASE-0076,13,LCGD Lease Decision,LCGD,LCGD_Officer_3,2023-05-08T10:45:32.313242
SL-CASE-0076,14,Registration Requested,Registry,Registry_Officer_1,2023-05-13T01:20:45.003094
SL-CASE-0076,15,Registration Completed,Registry,Registry_Officer_1,2023-05-14T11:17:12.183078
SL-CASE-0076,16,DS Final Notification,DS,DS_Officer_8,2023-05-15T03:07:45.267925
SL-CASE-0077,1,DS Application Received,DS,DS_Officer_7,2024-07-20T13:51:39.411691
SL-CASE-0077,2,DS Initial Review,DS,DS_Officer_7,2024-07-21T15:41:25.832059
SL-CASE-0077,3,Survey Clearance Requested,Survey,Clearance_Officer_3,2024-07-22T08:43:16.295066
SL-CASE-0077,4,Survey Clearance Issued,Survey,Clearance_Officer_3,2024-07-30T02:07:09.538654
SL-CASE-0077,5,DS Field Report Requested,DS,Clearance_Officer_8,2024-07-30T10:10:08.094761
SL-CASE-0077,6,DS Field Report Issued,DS,Clearance_Officer_1,2024-08-17T05:00:36.603025
SL-CASE-0077,7,PLC/DLC Review,PLC_DLC,PLC_Officer_5,2024-08-23T13:01:35.282065
SL-CASE-0077,8,PLC/DLC Recommendation,PLC_DLC,PLC_Officer_3,2024-08-24T23:02:45.355467
SL-CASE-0077,9,LCGD Case Intake,LCGD,LCGD_Officer_4,2024-08-28T16:52:22.883641
SL-CASE-0077,10,LCGD Review,LCGD,LCGD_Officer_3,2024-08-30T13:21:43.165422
SL-CASE-0077,11,LCGD Lease Decision,LCGD,LCGD_Officer_4,2024-09-03T12:59:15.233945
SL-CASE-0077,12,Registration Requested,Registry,Registry_Officer_2,2024-09-04T17:43:32.717801
SL-CASE-0077,13,Registration Completed,Registry,Registry_Officer_1,2024-09-17T17:20:59.122496
SL-CASE-0077,14,DS Final Notification,DS,DS_Officer_6,2024-09-20T16:36:28.833668
SL-CASE-0078,1,DS Application Received,DS,DS_Officer_5,2023-12-02T20:29:24.370381
SL-CASE-0078,2,DS Initial Review,DS,DS_Officer_8,2023-12-03T03:04:05.221257
SL-CASE-0078,3,Survey Clearance Requested,Survey,Clearance_Officer_10,2023-12-03T16:42:56.258781
SL-CASE-0078,4,Survey Clearance Issued,Survey,Clearance_Officer_3,2023-12-23T16:32:09.052747
SL-CASE-0078,5,Environmental Clearance Requested,Environmental,Clearance_Officer_11,2023-12-23T20:44:19.692262
SL-CASE-0078,6,Environmental Clearance Issued,Environmental,Clearance_Officer_9,2023-12-29T10:42:16.120788
SL-CASE-0078,7,Irrigation Dept Clearance Requested,Irrigation,Clearance_Officer_12,2023-12-30T06:39:45.905587
SL-CASE-0078,8,Irrigation Dept Clearance Issued,Irrigation,Clearance_Officer_4,2024-01-01T08:09:25.555034
SL-CASE-0078,9,DS Field Report Requested,DS,Clearance_Officer_7,2024-01-01T22:49:20.370037
SL-CASE-0078,10,DS Field Report Issued,DS,Clearance_Officer_3,2024-01-09T16:36:47.658139
SL-CASE-0078,11,PLC/DLC Review,PLC_DLC,PLC_Officer_5,2024-01-11T20:45:50.839849
SL-CASE-0078,12,PLC/DLC Recommendation,PLC_DLC,PLC_Officer_6,2024-01-13T15:00:59.832596
SL-CASE-0078,13,LCGD Case Intake,LCGD,LCGD_Officer_1,2024-01-18T15:50:46.910714
SL-CASE-0078,14,LCGD Review,LCGD,LCGD_Officer_3,2024-01-29T12:12:23.517894
SL-CASE-0078,15,Higher Approval Requested,Ministry,LCGD_Officer_2,2024-02-03T06:13:41.622767
SL-CASE-0078,16,Higher Approval Granted,Ministry,LCGD_Officer_2,2024-02-27T23:14:22.908740
SL-CASE-0078,17,LCGD Lease Decision,LCGD,LCGD_Officer_4,2024-03-07T09:01:36.327374
SL-CASE-0078,18,Registration Requested,Registry,Registry_Officer_2,2024-03-10T04:49:44.263838
SL-CASE-0078,19,Registration Completed,Registry,Registry_Officer_1,2024-03-20T12:28:04.691119
SL-CASE-0078,20,DS Final Notification,DS,DS_Officer_4,2024-03-20T18:23:59.021273
SL-CASE-0079,1,DS Application Received,DS,DS_Officer_6,2023-01-15T00:37:40.050129
SL-CASE-0079,2,DS Initial Review,DS,DS_Officer_3,2023-01-15T07:14:53.714644
SL-CASE-0079,3,Survey Clearance Requested,Survey,Clearance_Officer_3,2023-01-15T22:09:13.161311
SL-CASE-0079,4,Survey Clearance Issued,Survey,Clearance_Officer_9,2023-01-31T15:15:53.205774
SL-CASE-0079,5,Environmental Clearance Requested,Environmental,Clearance_Officer_2,2023-02-01T12:11:58.227528
SL-CASE-0079,6,Environmental Clearance Issued,Environmental,Clearance_Officer_11,2023-02-09T14:33:24.852113
SL-CASE-0079,7,Irrigation Dept Clearance Requested,Irrigation,Clearance_Officer_2,2023-02-10T01:15:36.020651
SL-CASE-0079,8,Irrigation Dept Clearance Issued,Irrigation,Clearance_Officer_6,2023-02-17T10:43:54.675036
SL-CASE-0079,9,DS Field Report Requested,DS,Clearance_Officer_3,2023-02-17T15:44:01.647210
SL-CASE-0079,10,DS Field Report Issued,DS,Clearance_Officer_7,2023-03-04T13:41:10.732147
SL-CASE-0079,11,PLC/DLC Review,PLC_DLC,PLC_Officer_4,2023-03-12T14:13:35.076667
SL-CASE-0079,12,PLC/DLC Recommendation,PLC_DLC,PLC_Officer_2,2023-03-15T22:13:58.657688
SL-CASE-0079,13,LCGD Case Intake,LCGD,LCGD_Officer_3,2023-03-21T00:33:12.586254
SL-CASE-0079,14,LCGD Review,LCGD,LCGD_Officer_2,2023-03-25T03:33:40.320285
SL-CASE-0079,15,Higher Approval Requested,Ministry,LCGD_Officer_3,2023-03-27T04:41:49.158269
SL-CASE-0079,16,Higher Approval Granted,Ministry,LCGD_Officer_1,2023-04-05T15:40:10.613193
SL-CASE-0079,17,LCGD Lease Decision,LCGD,LCGD_Officer_4,2023-04-15T03:41:09.712189
SL-CASE-0079,18,Registration Requested,Registry,Registry_Officer_1,2023-04-19T10:40:20.370845
SL-CASE-0079,19,Registration Completed,Registry,Registry_Officer_3,2023-04-23T21:42:05.781517
SL-CASE-0079,20,DS Final Notification,DS,DS_Officer_4,2023-04-26T16:10:27.412054
SL-CASE-0080,1,DS Application Received,DS,DS_Officer_2,2024-03-23T19:20:17.362700
SL-CASE-0080,2,DS Initial Review,DS,DS_Officer_6,2024-03-25T11:29:28.592680
SL-CASE-0080,3,Survey Clearance Requested,Survey,Clearance_Officer_5,2024-03-25T23:19:01.683461
SL-CASE-0080,4,Survey Clearance Issued,Survey,Clearance_Officer_12,2024-03-30T22:55:59.404733
SL-CASE-0080,5,DS Field Report Requested,DS,Clearance_Officer_5,2024-03-31T02:25:28.751314
SL-CASE-0080,6,DS Field Report Issued,DS,Clearance_Officer_12,2024-04-16T01:18:20.793312
SL-CASE-0080,7,PLC/DLC Review,PLC_DLC,PLC_Officer_4,2024-04-16T13:35:52.367384
SL-CASE-0080,8,PLC/DLC Recommendation,PLC_DLC,PLC_Officer_4,2024-04-18T21:33:17.913384
SL-CASE-0080,9,LCGD Case Intake,LCGD,LCGD_Officer_4,2024-04-25T16:44:05.498363
SL-CASE-0080,10,LCGD Review,LCGD,LCGD_Officer_4,2024-05-03T14:24:37.477669
SL-CASE-0080,11,LCGD Lease Decision,LCGD,LCGD_Officer_4,2024-05-07T06:35:54.614686
SL-CASE-0080,12,Registration Requested,Registry,Registry_Officer_4,2024-05-08T00:09:40.895561
SL-CASE-0080,13,Registration Completed,Registry,Registry_Officer_2,2024-05-23T23:49:20.054493
SL-CASE-0080,14,DS Final Notification,DS,DS_Officer_2,2024-05-24T13:12:29.495454
SL-CASE-0081,1,DS Application Received,DS,DS_Officer_2,2024-07-13T11:13:10.633708
SL-CASE-0081,2,DS Initial Review,DS,DS_Officer_2,2024-07-14T15:17:22.761072
SL-CASE-0081,3,Survey Clearance Requested,Survey,Clearance_Officer_10,2024-07-15T00:43:28.447344
SL-CASE-0081,4,Survey Clearance Issued,Survey,Clearance_Officer_12,2024-08-02T00:02:08.532360
SL-CASE-0081,5,DS Field Report Requested,DS,Clearance_Officer_11,2024-08-02T02:43:03.194121
SL-CASE-0081,6,DS Field Report Issued,DS,Clearance_Officer_7,2024-08-06T05:57:22.589042
SL-CASE-0081,7,PLC/DLC Review,PLC_DLC,PLC_Officer_1,2024-08-08T05:46:33.369475
SL-CASE-0081,8,PLC/DLC Recommendation,PLC_DLC,PLC_Officer_2,2024-08-10T01:31:14.584877
SL-CASE-0081,9,LCGD Case Intake,LCGD,LCGD_Officer_3,2024-08-13T05:22:06.157483
SL-CASE-0081,10,LCGD Review,LCGD,LCGD_Officer_3,2024-08-23T11:19:45.368509
SL-CASE-0081,11,Higher Approval Requested,Ministry,LCGD_Officer_1,2024-08-24T20:24:35.184651
SL-CASE-0081,12,Higher Approval Granted,Ministry,LCGD_Officer_4,2024-09-12T14:26:51.481646
SL-CASE-0081,13,LCGD Lease Decision,LCGD,LCGD_Officer_3,2024-09-14T08:23:15.642483
SL-CASE-0081,14,Registration Requested,Registry,Registry_Officer_1,2024-09-14T14:49:21.553301
SL-CASE-0081,15,Registration Completed,Registry,Registry_Officer_4,2024-09-21T05:08:13.928724
SL-CASE-0081,16,DS Final Notification,DS,DS_Officer_1,2024-09-21T21:06:51.978516
SL-CASE-0082,1,DS Application Received,DS,DS_Officer_2,2023-05-25T22:07:55.895615
SL-CASE-0082,2,DS Initial Review,DS,DS_Officer_7,2023-05-27T06:22:27.530609
SL-CASE-0082,3,Survey Clearance Requested,Survey,Clearance_Officer_7,2023-05-27T12:26:30.123276
SL-CASE-0082,4,Survey Clearance Issued,Survey,Clearance_Officer_8,2023-06-04T12:53:19.896428
SL-CASE-0082,5,Agrarian Services Clearance Requested,Agrarian,Clearance_Officer_8,2023-06-04T15:52:13.556864
SL-CASE-0082,6,Agrarian Services Clearance Issued,Agrarian,Clearance_Officer_4,2023-06-14T11:56:12.697687
SL-CASE-0082,7,PLC/DLC Review,PLC_DLC,PLC_Officer_5,2023-06-22T22:47:26.937439
SL-CASE-0082,8,PLC/DLC Recommendation,PLC_DLC,PLC_Officer_6,2023-06-23T11:49:03.734748
SL-CASE-0082,9,LCGD Case Intake,LCGD,LCGD_Officer_1,2023-06-28T07:56:34.021398
SL-CASE-0082,10,LCGD Review,LCGD,LCGD_Officer_4,2023-07-08T16:26:17.585345
SL-CASE-0082,11,LCGD Lease Decision,LCGD,LCGD_Officer_2,2023-07-18T09:34:59.929860
SL-CASE-0082,12,DS Final Notification,DS,DS_Officer_7,2023-07-20T02:20:07.610212
SL-CASE-0083,1,DS Application Received,DS,DS_Officer_1,2024-07-26T22:54:55.761774
SL-CASE-0083,2,DS Initial Review,DS,DS_Officer_3,2024-07-28T01:00:28.634672
SL-CASE-0083,3,Survey Clearance Requested,Survey,Clearance_Officer_8,2024-07-28T05:39:14.959153
SL-CASE-0083,4,Survey Clearance Issued,Survey,Clearance_Officer_3,2024-08-01T12:29:13.080912
SL-CASE-0083,5,Environmental Clearance Requested,Environmental,Clearance_Officer_4,2024-08-02T11:52:28.539276
SL-CASE-0083,6,Environmental Clearance Issued,Environmental,Clearance_Officer_7,2024-08-05T21:24:55.474641
SL-CASE-0083,7,Irrigation Dept Clearance Requested,Irrigation,Clearance_Officer_11,2024-08-06T01:08:22.261594
SL-CASE-0083,8,Irrigation Dept Clearance Issued,Irrigation,Clearance_Officer_11,2024-08-15T07:40:43.813460
SL-CASE-0083,9,DS Field Report Requested,DS,Clearance_Officer_10,2024-08-15T12:55:55.770918
SL-CASE-0083,10,DS Field Report Issued,DS,Clearance_Officer_12,2024-08-21T10:31:42.019474
SL-CASE-0083,11,PLC/DLC Review,PLC_DLC,PLC_Officer_1,2024-08-30T14:57:35.986880
SL-CASE-0083,12,PLC/DLC Recommendation,PLC_DLC,PLC_Officer_5,2024-08-31T06:52:52.048616
SL-CASE-0083,13,LCGD Case Intake,LCGD,LCGD_Officer_3,2024-09-03T08:52:06.613447
SL-CASE-0083,14,LCGD Review,LCGD,LCGD_Officer_4,2024-09-16T08:41:39.222357
SL-CASE-0083,15,Higher Approval Requested,Ministry,LCGD_Officer_1,2024-09-20T23:15:02.470542
SL-CASE-0083,16,Higher Approval Granted,Ministry,LCGD_Officer_4,2024-10-23T11:57:11.602357
SL-CASE-0083,17,LCGD Lease Decision,LCGD,LCGD_Officer_2,2024-10-24T20:16:57.475385
SL-CASE-0083,18,Registration Requested,Registry,Registry_Officer_1,2024-10-25T19:10:38.649212
SL-CASE-0083,19,Registration Completed,Registry,Registry_Officer_1,2024-11-13T08:56:40.727764
SL-CASE-0083,20,DS Final Notification,DS,DS_Officer_6,2024-11-15T17:56:48.626602
SL-CASE-0084,1,DS Application Received,DS,DS_Officer_7,2024-09-06T13:50:54.032175
SL-CASE-0084,2,DS Initial Review,DS,DS_Officer_6,2024-09-06T19:33:17.185320
SL-CASE-0084,3,Survey Clearance Requested,Survey,Clearance_Officer_1,2024-09-07T12:44:45.874650
SL-CASE-0084,4,Survey Clearance Issued,Survey,Clearance_Officer_5,2024-09-22T16:48:28.778898
SL-CASE-0084,5,Agrarian Services Clearance Requested,Agrarian,Clearance_Officer_1,2024-09-23T14:32:33.662780
SL-CASE-0084,6,Agrarian Services Clearance Issued,Agrarian,Clearance_Officer_5,2024-10-01T00:36:34.622050
SL-CASE-0084,7,PLC/DLC Review,PLC_DLC,PLC_Officer_4,2024-10-04T11:30:21.805724
SL-CASE-0084,8,PLC/DLC Recommendation,PLC_DLC,PLC_Officer_6,2024-10-08T19:20:41.360763
SL-CASE-0084,9,LCGD Case Intake,LCGD,LCGD_Officer_2,2024-10-09T22:40:00.247140
SL-CASE-0084,10,LCGD Review,LCGD,LCGD_Officer_4,2024-10-12T19:49:12.973303
SL-CASE-0084,11,Higher Approval Requested,Ministry,LCGD_Officer_3,2024-10-16T18:03:35.254743
SL-CASE-0084,12,Higher Approval Granted,Ministry,LCGD_Officer_4,2024-10-31T04:22:21.277314
SL-CASE-0084,13,LCGD Lease Decision,LCGD,LCGD_Officer_1,2024-11-06T07:56:15.698494
SL-CASE-0084,14,DS Final Notification,DS,DS_Officer_4,2024-11-06T23:05:35.492599
SL-CASE-0085,1,DS Application Received,DS,DS_Officer_3,2024-10-01T10:41:04.997707
SL-CASE-0085,2,DS Initial Review,DS,DS_Officer_1,2024-10-03T01:01:38.800160
SL-CASE-0085,3,Survey Clearance Requested,Survey,Clearance_Officer_4,2024-10-03T06:50:58.798756
SL-CASE-0085,4,Survey Clearance Issued,Survey,Clearance_Officer_4,2024-10-20T04:30:39.712718
SL-CASE-0085,5,Environmental Clearance Requested,Environmental,Clearance_Officer_1,2024-10-20T07:14:18.939443
SL-CASE-0085,6,Environmental Clearance Issued,Environmental,Clearance_Officer_12,2024-11-07T17:51:38.742873
SL-CASE-0085,7,Irrigation Dept Clearance Requested,Irrigation,Clearance_Officer_6,2024-11-08T00:14:28.236847
SL-CASE-0085,8,Irrigation Dept Clearance Issued,Irrigation,Clearance_Officer_9,2024-11-24T15:45:36.165284
SL-CASE-0085,9,DS Field Report Requested,DS,Clearance_Officer_2,2024-11-25T02:29:33.993663
SL-CASE-0085,10,DS Field Report Issued,DS,Clearance_Officer_4,2024-12-09T01:06:29.823767
SL-CASE-0085,11,PLC/DLC Review,PLC_DLC,PLC_Officer_5,2024-12-13T02:01:50.541635
SL-CASE-0085,12,PLC/DLC Recommendation,PLC_DLC,PLC_Officer_4,2024-12-15T10:53:11.390377
SL-CASE-0085,13,LCGD Case Intake,LCGD,LCGD_Officer_3,2024-12-19T18:26:23.337891
SL-CASE-0085,14,LCGD Review,LCGD,LCGD_Officer_3,2024-12-25T14:06:26.932952
SL-CASE-0085,15,Higher Approval Requested,Ministry,LCGD_Officer_1,2024-12-29T09:29:20.582545
SL-CASE-0085,16,Higher Approval Granted,Ministry,LCGD_Officer_4,2025-01-13T08:56:50.376884
SL-CASE-0085,17,LCGD Lease Decision,LCGD,LCGD_Officer_2,2025-01-14T02:33:56.415373
SL-CASE-0085,18,Registration Requested,Registry,Registry_Officer_2,2025-01-18T10:16:34.846698
SL-CASE-0085,19,Registration Completed,Registry,Registry_Officer_3,2025-02-01T07:18:19.362681
SL-CASE-0085,20,DS Final Notification,DS,DS_Officer_1,2025-02-03T06:54:59.370561
SL-CASE-0086,1,DS Application Received,DS,DS_Officer_5,2024-08-28T07:23:34.789214
SL-CASE-0086,2,DS Initial Review,DS,DS_Officer_5,2024-08-29T18:45:12.882530
SL-CASE-0086,3,Survey Clearance Requested,Survey,Clearance_Officer_7,2024-08-30T06:04:38.381142
SL-CASE-0086,4,Survey Clearance Issued,Survey,Clearance_Officer_8,2024-09-16T10:24:02.242891
SL-CASE-0086,5,DS Field Report Requested,DS,Clearance_Officer_8,2024-09-16T17:56:40.540666
SL-CASE-0086,6,DS Field Report Issued,DS,Clearance_Officer_9,2024-09-23T11:43:21.922502
SL-CASE-0086,7,PLC/DLC Review,PLC_DLC,PLC_Officer_4,2024-10-01T19:39:56.244765
SL-CASE-0086,8,PLC/DLC Recommendation,PLC_DLC,PLC_Officer_1,2024-10-04T20:17:49.773523
SL-CASE-0086,9,LCGD Case Intake,LCGD,LCGD_Officer_3,2024-10-08T16:05:35.877253
SL-CASE-0086,10,LCGD Review,LCGD,LCGD_Officer_3,2024-10-17T12:44:34.406284
SL-CASE-0086,11,Higher Approval Requested,Ministry,LCGD_Officer_1,2024-10-19T04:46:08.926418
SL-CASE-0086,12,Higher Approval Granted,Ministry,LCGD_Officer_3,2024-11-10T01:25:45.904919
SL-CASE-0086,13,LCGD Lease Decision,LCGD,LCGD_Officer_3,2024-11-19T22:42:21.182527
SL-CASE-0086,14,Registration Requested,Registry,Registry_Officer_3,2024-11-24T06:54:57.335270
SL-CASE-0086,15,Registration Completed,Registry,Registry_Officer_3,2024-12-07T18:06:23.279226
SL-CASE-0086,16,DS Final Notification,DS,DS_Officer_4,2024-12-08T09:17:30.019698
SL-CASE-0087,1,DS Application Received,DS,DS_Officer_7,2024-09-21T19:34:46.139148
SL-CASE-0087,2,DS Initial Review,DS,DS_Officer_4,2024-09-23T07:59:44.503114
SL-CASE-0087,3,Survey Clearance Requested,Survey,Clearance_Officer_12,2024-09-23T17:32:43.333445
SL-CASE-0087,4,Survey Clearance Issued,Survey,Clearance_Officer_9,2024-09-28T22:56:34.752676
SL-CASE-0087,5,Environmental Clearance Requested,Environmental,Clearance_Officer_8,2024-09-29T14:59:09.188994
SL-CASE-0087,6,Environmental Clearance Issued,Environmental,Clearance_Officer_11,2024-10-17T20:21:43.100431
SL-CASE-0087,7,Irrigation Dept Clearance Requested,Irrigation,Clearance_Officer_5,2024-10-18T06:14:56.073259
SL-CASE-0087,8,Irrigation Dept Clearance Issued,Irrigation,Clearance_Officer_11,2024-11-04T07:45:36.304611
SL-CASE-0087,9,DS Field Report Requested,DS,Clearance_Officer_3,2024-11-05T05:02:34.691531
SL-CASE-0087,10,DS Field Report Issued,DS,Clearance_Officer_8,2024-11-11T19:00:30.592707
SL-CASE-0087,11,PLC/DLC Review,PLC_DLC,PLC_Officer_3,2024-11-13T12:10:47.142570
SL-CASE-0087,12,PLC/DLC Recommendation,PLC_DLC,PLC_Officer_5,2024-11-17T04:51:03.738438
SL-CASE-0087,13,LCGD Case Intake,LCGD,LCGD_Officer_2,2024-11-22T15:51:58.609846
SL-CASE-0087,14,LCGD Review,LCGD,LCGD_Officer_3,2024-12-06T22:01:57.130529
SL-CASE-0087,15,LCGD Lease Decision,LCGD,LCGD_Officer_2,2024-12-13T13:10:12.874930
SL-CASE-0087,16,Registration Requested,Registry,Registry_Officer_3,2024-12-15T11:40:21.180698
SL-CASE-0087,17,Registration Completed,Registry,Registry_Officer_3,2024-12-24T11:24:28.948630
SL-CASE-0087,18,DS Final Notification,DS,DS_Officer_5,2024-12-25T15:25:32.920931
SL-CASE-0088,1,DS Application Received,DS,DS_Officer_2,2023-11-21T16:57:26.660439
SL-CASE-0088,2,DS Initial Review,DS,DS_Officer_7,2023-11-23T11:07:38.304783
SL-CASE-0088,3,Survey Clearance Requested,Survey,Clearance_Officer_7,2023-11-24T00:47:01.514350
SL-CASE-0088,4,Survey Clearance Issued,Survey,Clearance_Officer_3,2023-11-26T01:26:09.645357
SL-CASE-0088,5,DS Field Report Requested,DS,Clearance_Officer_4,2023-11-26T06:27:28.973884
SL-CASE-0088,6,DS Field Report Issued,DS,Clearance_Officer_10,2023-12-03T18:42:55.856983
SL-CASE-0088,7,PLC/DLC Review,PLC_DLC,PLC_Officer_4,2023-12-12T18:17:03.134196
SL-CASE-0088,8,PLC/DLC Recommendation,PLC_DLC,PLC_Officer_6,2023-12-13T16:36:42.326300
SL-CASE-0088,9,LCGD Case Intake,LCGD,LCGD_Officer_1,2023-12-15T08:44:50.687830
SL-CASE-0088,10,LCGD Review,LCGD,LCGD_Officer_2,2023-12-23T04:34:28.478847
SL-CASE-0088,11,LCGD Lease Decision,LCGD,LCGD_Officer_1,2023-12-26T11:54:48.492895
SL-CASE-0088,12,Registration Requested,Registry,Registry_Officer_3,2023-12-26T18:27:02.913879
SL-CASE-0088,13,Registration Completed,Registry,Registry_Officer_2,2023-12-31T17:55:45.009738
SL-CASE-0088,14,DS Final Notification,DS,DS_Officer_3,2024-01-02T12:16:07.296504
SL-CASE-0089,1,DS Application Received,DS,DS_Officer_4,2023-12-09T16:58:14.063596
SL-CASE-0089,2,DS Initial Review,DS,DS_Officer_1,2023-12-11T05:07:10.460349
SL-CASE-0089,3,Survey Clearance Requested,Survey,Clearance_Officer_9,2023-12-12T02:44:37.366611
SL-CASE-0089,4,Survey Clearance Issued,Survey,Clearance_Officer_11,2023-12-16T17:38:48.093649
SL-CASE-0089,5,DS Field Report Requested,DS,Clearance_Officer_12,2023-12-16T19:44:14.701300
SL-CASE-0089,6,DS Field Report Issued,DS,Clearance_Officer_12,2023-12-22T13:12:02.739813
SL-CASE-0089,7,PLC/DLC Review,PLC_DLC,PLC_Officer_3,2023-12-31T09:09:12.138834
SL-CASE-0089,8,PLC/DLC Recommendation,PLC_DLC,PLC_Officer_4,2024-01-01T05:51:05.339330
SL-CASE-0089,9,LCGD Case Intake,LCGD,LCGD_Officer_3,2024-01-05T00:22:19.105760
SL-CASE-0089,10,LCGD Review,LCGD,LCGD_Officer_1,2024-01-08T08:29:26.724280
SL-CASE-0089,11,LCGD Lease Decision,LCGD,LCGD_Officer_3,2024-01-11T12:16:12.302623
SL-CASE-0089,12,Registration Requested,Registry,Registry_Officer_3,2024-01-13T22:14:44.461055
SL-CASE-0089,13,Registration Completed,Registry,Registry_Officer_2,2024-01-23T03:59:49.302681
SL-CASE-0089,14,DS Final Notification,DS,DS_Officer_8,2024-01-24T05:59:17.978174
SL-CASE-0090,1,DS Application Received,DS,DS_Officer_3,2023-09-09T11:27:31.383013
SL-CASE-0090,2,DS Initial Review,DS,DS_Officer_1,2023-09-09T20:52:40.240922
SL-CASE-0090,3,Survey Clearance Requested,Survey,Clearance_Officer_11,2023-09-10T07:07:55.481590
SL-CASE-0090,4,Survey Clearance Issued,Survey,Clearance_Officer_9,2023-09-16T03:46:18.989506
SL-CASE-0090,5,Environmental Clearance Requested,Environmental,Clearance_Officer_10,2023-09-16T19:28:51.263869
SL-CASE-0090,6,Environmental Clearance Issued,Environmental,Clearance_Officer_11,2023-10-06T17:03:18.335440
SL-CASE-0090,7,DS Field Report Requested,DS,Clearance_Officer_1,2023-10-06T21:26:00.920697
SL-CASE-0090,8,DS Field Report Issued,DS,Clearance_Officer_2,2023-10-08T19:25:43.589403
SL-CASE-0090,9,PLC/DLC Review,PLC_DLC,PLC_Officer_4,2023-10-13T06:27:12.973302
SL-CASE-0090,10,PLC/DLC Recommendation,PLC_DLC,PLC_Officer_3,2023-10-14T02:32:36.387155
SL-CASE-0090,11,LCGD Case Intake,LCGD,LCGD_Officer_2,2023-10-17T16:32:57.370760
SL-CASE-0090,12,LCGD Review,LCGD,LCGD_Officer_1,2023-10-21T13:35:44.020740
SL-CASE-0090,13,LCGD Lease Decision,LCGD,LCGD_Officer_1,2023-10-24T18:03:24.522227
SL-CASE-0090,14,Registration Requested,Registry,Registry_Officer_3,2023-10-28T03:34:47.531428
SL-CASE-0090,15,Registration Completed,Registry,Registry_Officer_2,2023-11-09T23:34:32.361824
SL-CASE-0090,16,DS Final Notification,DS,DS_Officer_2,2023-11-11T06:53:36.451270
SL-CASE-0091,1,DS Application Received,DS,DS_Officer_4,2023-12-25T04:17:14.676942
SL-CASE-0091,2,DS Initial Review,DS,DS_Officer_7,2023-12-26T00:02:09.495852
SL-CASE-0091,3,Survey Clearance Requested,Survey,Clearance_Officer_1,2023-12-26T08:32:01.310971
SL-CASE-0091,4,Survey Clearance Issued,Survey,Clearance_Officer_4,2024-01-06T18:29:05.905508
SL-CASE-0091,5,DS Field Report Requested,DS,Clearance_Officer_8,2024-01-07T11:37:31.655612
SL-CASE-0091,6,DS Field Report Issued,DS,Clearance_Officer_1,2024-01-14T18:22:50.551961
SL-CASE-0091,7,PLC/DLC Review,PLC_DLC,PLC_Officer_1,2024-01-15T09:17:15.260522
SL-CASE-0091,8,PLC/DLC Recommendation,PLC_DLC,PLC_Officer_5,2024-01-19T22:40:18.830690
SL-CASE-0091,9,LCGD Case Intake,LCGD,LCGD_Officer_2,2024-01-24T19:02:21.546860
SL-CASE-0091,10,LCGD Review,LCGD,LCGD_Officer_1,2024-02-08T02:03:11.447488
SL-CASE-0091,11,LCGD Lease Decision,LCGD,LCGD_Officer_1,2024-02-15T09:22:01.438363
SL-CASE-0091,12,DS Final Notification,DS,DS_Officer_4,2024-02-18T02:42:05.843120
SL-CASE-0092,1,DS Application Received,DS,DS_Officer_6,2023-11-16T18:08:28.222957
SL-CASE-0092,2,DS Initial Review,DS,DS_Officer_2,2023-11-17T16:53:05.863647
SL-CASE-0092,3,Survey Clearance Requested,Survey,Clearance_Officer_1,2023-11-17T20:58:29.742497
SL-CASE-0092,4,Survey Clearance Issued,Survey,Clearance_Officer_3,2023-11-19T01:23:07.835694
SL-CASE-0092,5,Agrarian Services Clearance Requested,Agrarian,Clearance_Officer_3,2023-11-19T17:58:45.553871
SL-CASE-0092,6,Agrarian Services Clearance Issued,Agrarian,Clearance_Officer_8,2023-11-26T23:50:55.165945
SL-CASE-0092,7,PLC/DLC Review,PLC_DLC,PLC_Officer_3,2023-12-06T13:36:32.345594
SL-CASE-0092,8,PLC/DLC Recommendation,PLC_DLC,PLC_Officer_1,2023-12-10T23:45:18.706142
SL-CASE-0092,9,LCGD Case Intake,LCGD,LCGD_Officer_3,2023-12-13T21:53:03.307421
SL-CASE-0092,10,LCGD Review,LCGD,LCGD_Officer_4,2023-12-17T11:19:42.158220
SL-CASE-0092,11,LCGD Lease Decision,LCGD,LCGD_Officer_4,2023-12-21T14:59:12.948584
SL-CASE-0092,12,DS Final Notification,DS,DS_Officer_7,2023-12-22T12:00:54.887453
SL-CASE-0093,1,DS Application Received,DS,DS_Officer_7,2024-04-27T22:40:46.682833
SL-CASE-0093,2,DS Initial Review,DS,DS_Officer_8,2024-04-29T18:46:25.001819
SL-CASE-0093,3,Survey Clearance Requested,Survey,Clearance_Officer_11,2024-04-30T14:25:24.372715
SL-CASE-0093,4,Survey Clearance Issued,Survey,Clearance_Officer_10,2024-05-09T22:13:32.433404
SL-CASE-0093,5,Environmental Clearance Requested,Environmental,Clearance_Officer_6,2024-05-10T08:34:48.695110
SL-CASE-0093,6,Environmental Clearance Issued,Environmental,Clearance_Officer_11,2024-05-22T23:21:34.676193
SL-CASE-0093,7,Irrigation Dept Clearance Requested,Irrigation,Clearance_Officer_12,2024-05-23T20:43:06.735716
SL-CASE-0093,8,Irrigation Dept Clearance Issued,Irrigation,Clearance_Officer_3,2024-06-12T08:36:33.358614
SL-CASE-0093,9,DS Field Report Requested,DS,Clearance_Officer_8,2024-06-12T21:14:13.267398
SL-CASE-0093,10,DS Field Report Issued,DS,Clearance_Officer_7,2024-06-16T00:44:11.433538
SL-CASE-0093,11,PLC/DLC Review,PLC_DLC,PLC_Officer_1,2024-06-20T17:12:48.045657
SL-CASE-0093,12,PLC/DLC Recommendation,PLC_DLC,PLC_Officer_3,2024-06-22T05:02:13.966368
SL-CASE-0093,13,LCGD Case Intake,LCGD,LCGD_Officer_2,2024-06-22T18:57:55.461981
SL-CASE-0093,14,LCGD Review,LCGD,LCGD_Officer_3,2024-07-07T11:32:17.928394
SL-CASE-0093,15,Higher Approval Requested,Ministry,LCGD_Officer_1,2024-07-10T04:42:56.436662
SL-CASE-0093,16,Higher Approval Granted,Ministry,LCGD_Officer_2,2024-07-30T08:18:28.507759
SL-CASE-0093,17,LCGD Lease Decision,LCGD,LCGD_Officer_4,2024-08-04T07:04:46.067934
SL-CASE-0093,18,DS Final Notification,DS,DS_Officer_1,2024-08-04T19:29:06.989903
SL-CASE-0094,1,DS Application Received,DS,DS_Officer_5,2023-01-09T04:06:56.000580
SL-CASE-0094,2,DS Initial Review,DS,DS_Officer_4,2023-01-09T10:19:51.553761
SL-CASE-0094,3,Survey Clearance Requested,Survey,Clearance_Officer_7,2023-01-10T00:26:30.802884
SL-CASE-0094,4,Survey Clearance Issued,Survey,Clearance_Officer_4,2023-01-18T16:20:10.315351
SL-CASE-0094,5,Environmental Clearance Requested,Environmental,Clearance_Officer_8,2023-01-18T20:04:13.698535
SL-CASE-0094,6,Environmental Clearance Issued,Environmental,Clearance_Officer_8,2023-02-04T01:26:44.228467
SL-CASE-0094,7,DS Field Report Requested,DS,Clearance_Officer_8,2023-02-04T05:22:55.401514
SL-CASE-0094,8,DS Field Report Issued,DS,Clearance_Officer_2,2023-02-13T17:14:42.427164
SL-CASE-0094,9,PLC/DLC Review,PLC_DLC,PLC_Officer_6,2023-02-23T12:50:16.969691
SL-CASE-0094,10,PLC/DLC Recommendation,PLC_DLC,PLC_Officer_1,2023-02-26T21:19:21.250179
SL-CASE-0094,11,LCGD Case Intake,LCGD,LCGD_Officer_1,2023-03-02T00:15:32.962658
SL-CASE-0094,12,LCGD Review,LCGD,LCGD_Officer_1,2023-03-10T19:27:18.634053
SL-CASE-0094,13,Higher Approval Requested,Ministry,LCGD_Officer_3,2023-03-14T23:36:31.588510
SL-CASE-0094,14,Higher Approval Granted,Ministry,LCGD_Officer_2,2023-04-20T03:18:06.946557
SL-CASE-0094,15,LCGD Lease Decision,LCGD,LCGD_Officer_4,2023-04-26T18:28:38.603109
SL-CASE-0094,16,Registration Requested,Registry,Registry_Officer_3,2023-05-01T12:49:04.348458
SL-CASE-0094,17,Registration Completed,Registry,Registry_Officer_2,2023-05-18T05:09:34.870658
SL-CASE-0094,18,DS Final Notification,DS,DS_Officer_6,2023-05-20T18:15:42.865438
SL-CASE-0095,1,DS Application Received,DS,DS_Officer_5,2024-01-28T04:11:38.275992
SL-CASE-0095,2,DS Initial Review,DS,DS_Officer_6,2024-01-29T08:17:32.464132
SL-CASE-0095,3,Survey Clearance Requested,Survey,Clearance_Officer_1,2024-01-30T01:44:18.471550
SL-CASE-0095,4,Survey Clearance Issued,Survey,Clearance_Officer_8,2024-02-17T02:42:51.949572
SL-CASE-0095,5,Environmental Clearance Requested,Environmental,Clearance_Officer_12,2024-02-17T07:48:15.525208
SL-CASE-0095,6,Environmental Clearance Issued,Environmental,Clearance_Officer_7,2024-03-03T10:23:21.402850
SL-CASE-0095,7,Irrigation Dept Clearance Requested,Irrigation,Clearance_Officer_10,2024-03-03T14:44:32.754087
SL-CASE-0095,8,Irrigation Dept Clearance Issued,Irrigation,Clearance_Officer_2,2024-03-08T08:04:57.434563
SL-CASE-0095,9,DS Field Report Requested,DS,Clearance_Officer_7,2024-03-09T06:32:50.562288
SL-CASE-0095,10,DS Field Report Issued,DS,Clearance_Officer_4,2024-03-14T08:51:22.292660
SL-CASE-0095,11,PLC/DLC Review,PLC_DLC,PLC_Officer_1,2024-03-21T16:17:01.812856
SL-CASE-0095,12,PLC/DLC Recommendation,PLC_DLC,PLC_Officer_1,2024-03-25T12:35:55.902735
SL-CASE-0095,13,LCGD Case Intake,LCGD,LCGD_Officer_1,2024-04-01T01:09:09.362285
SL-CASE-0095,14,LCGD Review,LCGD,LCGD_Officer_4,2024-04-12T20:35:36.164317
SL-CASE-0095,15,Higher Approval Requested,Ministry,LCGD_Officer_2,2024-04-15T06:44:08.149016
SL-CASE-0095,16,Higher Approval Granted,Ministry,LCGD_Officer_1,2024-05-24T00:22:24.931757
SL-CASE-0095,17,LCGD Lease Decision,LCGD,LCGD_Officer_1,2024-05-29T10:28:43.858107
SL-CASE-0095,18,Registration Requested,Registry,Registry_Officer_4,2024-06-01T07:32:47.943489
SL-CASE-0095,19,Registration Completed,Registry,Registry_Officer_4,2024-06-18T06:02:48.470780
SL-CASE-0095,20,DS Final Notification,DS,DS_Officer_3,2024-06-21T00:45:09.930973
SL-CASE-0096,1,DS Application Received,DS,DS_Officer_4,2024-04-29T07:18:24.830500
SL-CASE-0096,2,DS Initial Review,DS,DS_Officer_6,2024-04-29T23:20:42.417885
SL-CASE-0096,3,Survey Clearance Requested,Survey,Clearance_Officer_8,2024-04-30T22:41:45.356558
SL-CASE-0096,4,Survey Clearance Issued,Survey,Clearance_Officer_3,2024-05-17T05:40:59.834021
SL-CASE-0096,5,Environmental Clearance Requested,Environmental,Clearance_Officer_12,2024-05-17T16:45:49.275467
SL-CASE-0096,6,Environmental Clearance Issued,Environmental,Clearance_Officer_9,2024-06-04T12:58:44.017306
SL-CASE-0096,7,DS Field Report Requested,DS,Clearance_Officer_12,2024-06-04T21:33:17.937594
SL-CASE-0096,8,DS Field Report Issued,DS,Clearance_Officer_6,2024-06-16T07:21:16.220178
SL-CASE-0096,9,PLC/DLC Review,PLC_DLC,PLC_Officer_5,2024-06-23T13:39:42.691907
SL-CASE-0096,10,PLC/DLC Recommendation,PLC_DLC,PLC_Officer_2,2024-06-26T19:46:34.871869
SL-CASE-0096,11,LCGD Case Intake,LCGD,LCGD_Officer_3,2024-06-28T16:29:29.522086
SL-CASE-0096,12,LCGD Review,LCGD,LCGD_Officer_2,2024-07-09T07:11:34.547323
SL-CASE-0096,13,LCGD Lease Decision,LCGD,LCGD_Officer_2,2024-07-19T02:49:31.569351
SL-CASE-0096,14,Registration Requested,Registry,Registry_Officer_3,2024-07-21T18:16:09.436734
SL-CASE-0096,15,Registration Completed,Registry,Registry_Officer_3,2024-08-05T06:11:24.473608
SL-CASE-0096,16,DS Final Notification,DS,DS_Officer_7,2024-08-06T23:32:59.086894
SL-CASE-0097,1,DS Application Received,DS,DS_Officer_3,2024-04-16T23:41:25.302813
SL-CASE-0097,2,DS Initial Review,DS,DS_Officer_5,2024-04-18T22:57:56.833963
SL-CASE-0097,3,Survey Clearance Requested,Survey,Clearance_Officer_1,2024-04-19T04:11:13.962462
SL-CASE-0097,4,Survey Clearance Issued,Survey,Clearance_Officer_5,2024-05-03T07:05:54.468820
SL-CASE-0097,5,Agrarian Services Clearance Requested,Agrarian,Clearance_Officer_9,2024-05-03T13:35:11.340363
SL-CASE-0097,6,Agrarian Services Clearance Issued,Agrarian,Clearance_Officer_8,2024-05-05T04:19:05.499094
SL-CASE-0097,7,PLC/DLC Review,PLC_DLC,PLC_Officer_6,2024-05-06T15:41:01.088296
SL-CASE-0097,8,PLC/DLC Recommendation,PLC_DLC,PLC_Officer_2,2024-05-10T09:59:08.802159
SL-CASE-0097,9,LCGD Case Intake,LCGD,LCGD_Officer_4,2024-05-15T17:48:07.794625
SL-CASE-0097,10,LCGD Review,LCGD,LCGD_Officer_3,2024-05-20T01:38:03.278241
SL-CASE-0097,11,Higher Approval Requested,Ministry,LCGD_Officer_1,2024-05-23T14:37:44.243509
SL-CASE-0097,12,Higher Approval Granted,Ministry,LCGD_Officer_4,2024-06-30T00:52:34.312483
SL-CASE-0097,13,LCGD Lease Decision,LCGD,LCGD_Officer_3,2024-07-04T08:21:09.710940
SL-CASE-0097,14,DS Final Notification,DS,DS_Officer_1,2024-07-07T05:57:39.680759
SL-CASE-0098,1,DS Application Received,DS,DS_Officer_4,2023-01-10T03:19:34.350040
SL-CASE-0098,2,DS Initial Review,DS,DS_Officer_4,2023-01-11T17:28:35.994467
SL-CASE-0098,3,Survey Clearance Requested,Survey,Clearance_Officer_3,2023-01-12T01:56:54.870034
SL-CASE-0098,4,Survey Clearance Issued,Survey,Clearance_Officer_2,2023-01-31T18:24:11.845995
SL-CASE-0098,5,Agrarian Services Clearance Requested,Agrarian,Clearance_Officer_3,2023-02-01T00:31:00.391252
SL-CASE-0098,6,Agrarian Services Clearance Issued,Agrarian,Clearance_Officer_2,2023-02-15T23:42:46.875513
SL-CASE-0098,7,PLC/DLC Review,PLC_DLC,PLC_Officer_4,2023-02-20T01:42:51.180278
SL-CASE-0098,8,PLC/DLC Recommendation,PLC_DLC,PLC_Officer_3,2023-02-21T15:31:58.846163
SL-CASE-0098,9,LCGD Case Intake,LCGD,LCGD_Officer_3,2023-02-22T23:49:24.209476
SL-CASE-0098,10,LCGD Review,LCGD,LCGD_Officer_4,2023-02-24T01:43:12.566003
SL-CASE-0098,11,LCGD Lease Decision,LCGD,LCGD_Officer_2,2023-03-03T05:47:14.829220
SL-CASE-0098,12,DS Final Notification,DS,DS_Officer_6,2023-03-03T10:34:59.857729
SL-CASE-0099,1,DS Application Received,DS,DS_Officer_3,2024-02-22T20:37:50.845499
SL-CASE-0099,2,DS Initial Review,DS,DS_Officer_7,2024-02-23T18:55:54.354512
SL-CASE-0099,3,Survey Clearance Requested,Survey,Clearance_Officer_4,2024-02-23T22:57:16.442384
SL-CASE-0099,4,Survey Clearance Issued,Survey,Clearance_Officer_11,2024-03-12T17:47:00.528908
SL-CASE-0099,5,Agrarian Services Clearance Requested,Agrarian,Clearance_Officer_6,2024-03-13T03:05:05.703288
SL-CASE-0099,6,Agrarian Services Clearance Issued,Agrarian,Clearance_Officer_10,2024-03-19T16:57:17.368019
SL-CASE-0099,7,PLC/DLC Review,PLC_DLC,PLC_Officer_5,2024-03-25T05:54:30.861533
SL-CASE-0099,8,PLC/DLC Recommendation,PLC_DLC,PLC_Officer_6,2024-03-29T09:48:32.581273
SL-CASE-0099,9,LCGD Case Intake,LCGD,LCGD_Officer_3,2024-03-29T23:10:56.737112
SL-CASE-0099,10,LCGD Review,LCGD,LCGD_Officer_2,2024-04-06T04:55:35.838218
SL-CASE-0099,11,LCGD Lease Decision,LCGD,LCGD_Officer_3,2024-04-15T19:18:30.516079
SL-CASE-0099,12,DS Final Notification,DS,DS_Officer_2,2024-04-17T00:00:16.413199
SL-CASE-0100,1,DS Application Received,DS,DS_Officer_6,2023-09-28T04:01:07.538750
SL-CASE-0100,2,DS Initial Review,DS,DS_Officer_2,2023-09-29T06:37:48.459250
SL-CASE-0100,3,Survey Clearance Requested,Survey,Clearance_Officer_9,2023-09-29T12:18:46.128140
SL-CASE-0100,4,Survey Clearance Issued,Survey,Clearance_Officer_11,2023-10-10T15:27:16.805806
SL-CASE-0100,5,Agrarian Services Clearance Requested,Agrarian,Clearance_Officer_11,2023-10-10T18:53:42.174117
SL-CASE-0100,6,Agrarian Services Clearance Issued,Agrarian,Clearance_Officer_4,2023-10-23T17:57:13.150905
SL-CASE-0100,7,PLC/DLC Review,PLC_DLC,PLC_Officer_4,2023-11-01T11:09:44.813274
SL-CASE-0100,8,PLC/DLC Recommendation,PLC_DLC,PLC_Officer_2,2023-11-05T16:25:41.761181
SL-CASE-0100,9,LCGD Case Intake,LCGD,LCGD_Officer_4,2023-11-09T16:19:04.527777
SL-CASE-0100,10,LCGD Review,LCGD,LCGD_Officer_1,2023-11-19T17:33:44.906088
SL-CASE-0100,11,LCGD Lease Decision,LCGD,LCGD_Officer_2,2023-11-27T06:20:05.737636
SL-CASE-0100,12,Registration Requested,Registry,Registry_Officer_3,2023-11-27T15:02:33.946717
SL-CASE-0100,13,Registration Completed,Registry,Registry_Officer_1,2023-11-29T08:19:08.121004
SL-CASE-0100,14,DS Final Notification,DS,DS_Officer_5,2023-11-29T14:07:03.674869
SL-CASE-0101,1,DS Application Received,DS,DS_Officer_1,2024-01-26T17:09:40.488494
SL-CASE-0101,2,DS Initial Review,DS,DS_Officer_2,2024-01-28T01:23:01.851537
SL-CASE-0101,3,Survey Clearance Requested,Survey,Clearance_Officer_10,2024-01-28T20:00:53.930795
SL-CASE-0101,4,Survey Clearance Issued,Survey,Clearance_Officer_2,2024-01-30T16:46:14.397970
SL-CASE-0101,5,Environmental Clearance Requested,Environmental,Clearance_Officer_9,2024-01-31T02:38:24.248959
SL-CASE-0101,6,Environmental Clearance Issued,Environmental,Clearance_Officer_11,2024-02-03T03:02:16.354493
SL-CASE-0101,7,DS Field Report Requested,DS,Clearance_Officer_2,2024-02-03T11:40:03.330713
SL-CASE-0101,8,DS Field Report Issued,DS,Clearance_Officer_8,2024-02-09T20:02:22.367263
SL-CASE-0101,9,PLC/DLC Review,PLC_DLC,PLC_Officer_6,2024-02-13T23:00:06.629196
SL-CASE-0101,10,PLC/DLC Recommendation,PLC_DLC,PLC_Officer_2,2024-02-14T08:30:54.808913
SL-CASE-0101,11,LCGD Case Intake,LCGD,LCGD_Officer_2,2024-02-18T07:44:10.305069
SL-CASE-0101,12,LCGD Review,LCGD,LCGD_Officer_3,2024-02-29T18:38:43.836549
SL-CASE-0101,13,Higher Approval Requested,Ministry,LCGD_Officer_2,2024-03-05T14:06:02.938938
SL-CASE-0101,14,Higher Approval Granted,Ministry,LCGD_Officer_3,2024-03-21T00:28:05.804663
SL-CASE-0101,15,LCGD Lease Decision,LCGD,LCGD_Officer_1,2024-03-30T14:29:52.529872
SL-CASE-0101,16,Registration Requested,Registry,Registry_Officer_2,2024-04-02T11:35:58.856530
SL-CASE-0101,17,Registration Completed,Registry,Registry_Officer_1,2024-04-05T19:47:41.693435
SL-CASE-0101,18,DS Final Notification,DS,DS_Officer_7,2024-04-07T13:53:06.779361
SL-CASE-0102,1,DS Application Received,DS,DS_Officer_3,2024-01-12T01:26:46.603400
SL-CASE-0102,2,DS Initial Review,DS,DS_Officer_4,2024-01-12T12:31:41.773638
SL-CASE-0102,3,Survey Clearance Requested,Survey,Clearance_Officer_5,2024-01-13T04:05:59.059559
SL-CASE-0102,4,Survey Clearance Issued,Survey,Clearance_Officer_3,2024-01-17T20:42:44.974672
SL-CASE-0102,5,DS Field Report Requested,DS,Clearance_Officer_10,2024-01-18T13:28:26.425251
SL-CASE-0102,6,DS Field Report Issued,DS,Clearance_Officer_9,2024-02-04T18:06:01.876594
SL-CASE-0102,7,PLC/DLC Review,PLC_DLC,PLC_Officer_5,2024-02-09T15:16:08.355782
SL-CASE-0102,8,PLC/DLC Recommendation,PLC_DLC,PLC_Officer_6,2024-02-10T05:36:26.888196
SL-CASE-0102,9,LCGD Case Intake,LCGD,LCGD_Officer_1,2024-02-11T04:06:57.812755
SL-CASE-0102,10,LCGD Review,LCGD,LCGD_Officer_4,2024-02-14T22:26:54.132580
SL-CASE-0102,11,LCGD Lease Decision,LCGD,LCGD_Officer_3,2024-02-24T11:06:31.349684
SL-CASE-0102,12,Registration Requested,Registry,Registry_Officer_2,2024-02-25T07:43:30.845847
SL-CASE-0102,13,Registration Completed,Registry,Registry_Officer_1,2024-02-28T05:20:44.811870
SL-CASE-0102,14,DS Final Notification,DS,DS_Officer_6,2024-03-01T22:21:14.696762
SL-CASE-0103,1,DS Application Received,DS,DS_Officer_4,2023-12-07T02:28:41.996520
SL-CASE-0103,2,DS Initial Review,DS,DS_Officer_7,2023-12-08T17:02:50.558271
SL-CASE-0103,3,Survey Clearance Requested,Survey,Clearance_Officer_6,2023-12-09T01:08:03.601205
SL-CASE-0103,4,Survey Clearance Issued,Survey,Clearance_Officer_12,2023-12-12T14:22:40.055645
SL-CASE-0103,5,Agrarian Services Clearance Requested,Agrarian,Clearance_Officer_8,2023-12-12T23:40:19.841309
SL-CASE-0103,6,Agrarian Services Clearance Issued,Agrarian,Clearance_Officer_6,2023-12-22T18:43:51.735475
SL-CASE-0103,7,PLC/DLC Review,PLC_DLC,PLC_Officer_4,2023-12-30T15:22:40.457495
SL-CASE-0103,8,PLC/DLC Recommendation,PLC_DLC,PLC_Officer_2,2024-01-02T12:16:06.574951
SL-CASE-0103,9,LCGD Case Intake,LCGD,LCGD_Officer_1,2024-01-07T04:58:28.355803
SL-CASE-0103,10,LCGD Review,LCGD,LCGD_Officer_2,2024-01-19T23:49:01.162964
SL-CASE-0103,11,LCGD Lease Decision,LCGD,LCGD_Officer_2,2024-01-28T22:22:49.788561
SL-CASE-0103,12,DS Final Notification,DS,DS_Officer_2,2024-01-29T18:48:24.920511
SL-CASE-0104,1,DS Application Received,DS,DS_Officer_5,2024-05-24T04:49:10.133796
SL-CASE-0104,2,DS Initial Review,DS,DS_Officer_8,2024-05-25T08:43:55.674705
SL-CASE-0104,3,Survey Clearance Requested,Survey,Clearance_Officer_3,2024-05-26T01:07:05.199336
SL-CASE-0104,4,Survey Clearance Issued,Survey,Clearance_Officer_4,2024-06-02T23:55:53.062513
SL-CASE-0104,5,DS Field Report Requested,DS,Clearance_Officer_10,2024-06-03T21:32:34.915976
SL-CASE-0104,6,DS Field Report Issued,DS,Clearance_Officer_5,2024-06-18T19:53:40.075529
SL-CASE-0104,7,PLC/DLC Review,PLC_DLC,PLC_Officer_5,2024-06-20T14:25:09.813283
SL-CASE-0104,8,PLC/DLC Recommendation,PLC_DLC,PLC_Officer_4,2024-06-23T06:36:22.895351
SL-CASE-0104,9,LCGD Case Intake,LCGD,LCGD_Officer_1,2024-06-26T03:22:09.792765
SL-CASE-0104,10,LCGD Review,LCGD,LCGD_Officer_2,2024-07-06T10:01:45.693517
SL-CASE-0104,11,LCGD Lease Decision,LCGD,LCGD_Officer_2,2024-07-14T01:12:56.087958
SL-CASE-0104,12,Registration Requested,Registry,Registry_Officer_2,2024-07-16T10:05:04.958110
SL-CASE-0104,13,Registration Completed,Registry,Registry_Officer_2,2024-07-28T04:20:37.027261
SL-CASE-0104,14,DS Final Notification,DS,DS_Officer_8,2024-07-30T09:51:28.819087
SL-CASE-0105,1,DS Application Received,DS,DS_Officer_6,2024-10-19T11:10:48.393817
SL-CASE-0105,2,DS Initial Review,DS,DS_Officer_8,2024-10-20T08:15:22.342433
SL-CASE-0105,3,Survey Clearance Requested,Survey,Clearance_Officer_1,2024-10-21T05:39:01.259353
SL-CASE-0105,4,Survey Clearance Issued,Survey,Clearance_Officer_6,2024-11-09T20:47:57.445588
SL-CASE-0105,5,DS Field Report Requested,DS,Clearance_Officer_9,2024-11-10T01:04:12.866609
SL-CASE-0105,6,DS Field Report Issued,DS,Clearance_Officer_5,2024-11-23T01:58:36.423891
SL-CASE-0105,7,PLC/DLC Review,PLC_DLC,PLC_Officer_3,2024-12-01T12:19:39.580002
SL-CASE-0105,8,PLC/DLC Recommendation,PLC_DLC,PLC_Officer_5,2024-12-04T12:17:29.920893
SL-CASE-0105,9,LCGD Case Intake,LCGD,LCGD_Officer_4,2024-12-06T03:24:43.977809
SL-CASE-0105,10,LCGD Review,LCGD,LCGD_Officer_1,2024-12-12T06:09:06.960467
SL-CASE-0105,11,LCGD Lease Decision,LCGD,LCGD_Officer_4,2024-12-17T13:03:03.785366
SL-CASE-0105,12,DS Final Notification,DS,DS_Officer_4,2024-12-20T11:08:17.660670
SL-CASE-0106,1,DS Application Received,DS,DS_Officer_4,2023-12-28T11:55:32.656140
SL-CASE-0106,2,DS Initial Review,DS,DS_Officer_5,2023-12-28T19:19:03.431097
SL-CASE-0106,3,Survey Clearance Requested,Survey,Clearance_Officer_3,2023-12-29T01:58:15.585745
SL-CASE-0106,4,Survey Clearance Issued,Survey,Clearance_Officer_10,2024-01-02T01:43:33.415922
SL-CASE-0106,5,Agrarian Services Clearance Requested,Agrarian,Clearance_Officer_2,2024-01-02T19:30:23.790432
SL-CASE-0106,6,Agrarian Services Clearance Issued,Agrarian,Clearance_Officer_7,2024-01-16T08:58:21.380234
SL-CASE-0106,7,PLC/DLC Review,PLC_DLC,PLC_Officer_6,2024-01-24T13:55:11.874423
SL-CASE-0106,8,PLC/DLC Recommendation,PLC_DLC,PLC_Officer_6,2024-01-25T08:50:26.075903
SL-CASE-0106,9,LCGD Case Intake,LCGD,LCGD_Officer_2,2024-01-28T23:32:08.379255
SL-CASE-0106,10,LCGD Review,LCGD,LCGD_Officer_4,2024-02-07T06:02:29.050455
SL-CASE-0106,11,Higher Approval Requested,Ministry,LCGD_Officer_1,2024-02-07T14:36:00.904514
SL-CASE-0106,12,Higher Approval Granted,Ministry,LCGD_Officer_2,2024-02-17T02:01:25.492120
SL-CASE-0106,13,LCGD Lease Decision,LCGD,LCGD_Officer_1,2024-02-18T15:32:57.030155
SL-CASE-0106,14,DS Final Notification,DS,DS_Officer_3,2024-02-21T07:54:18.043365
SL-CASE-0107,1,DS Application Received,DS,DS_Officer_5,2023-02-09T04:38:42.576075
SL-CASE-0107,2,DS Initial Review,DS,DS_Officer_4,2023-02-11T02:19:27.588865
SL-CASE-0107,3,Survey Clearance Requested,Survey,Clearance_Officer_8,2023-02-11T14:12:24.495105
SL-CASE-0107,4,Survey Clearance Issued,Survey,Clearance_Officer_3,2023-03-01T01:41:48.113290
SL-CASE-0107,5,Agrarian Services Clearance Requested,Agrarian,Clearance_Officer_7,2023-03-01T08:31:21.727424
SL-CASE-0107,6,Agrarian Services Clearance Issued,Agrarian,Clearance_Officer_10,2023-03-13T18:30:18.561001
SL-CASE-0107,7,PLC/DLC Review,PLC_DLC,PLC_Officer_2,2023-03-22T01:34:06.531252
SL-CASE-0107,8,PLC/DLC Recommendation,PLC_DLC,PLC_Officer_5,2023-03-25T06:36:52.628901
SL-CASE-0107,9,LCGD Case Intake,LCGD,LCGD_Officer_3,2023-03-27T11:52:47.453204
SL-CASE-0107,10,LCGD Review,LCGD,LCGD_Officer_1,2023-04-10T09:47:24.365688
SL-CASE-0107,11,Higher Approval Requested,Ministry,LCGD_Officer_4,2023-04-11T17:59:19.943946
SL-CASE-0107,12,Higher Approval Granted,Ministry,LCGD_Officer_1,2023-04-21T09:02:52.656081
SL-CASE-0107,13,LCGD Lease Decision,LCGD,LCGD_Officer_4,2023-04-23T14:23:51.073833
SL-CASE-0107,14,DS Final Notification,DS,DS_Officer_2,2023-04-26T02:15:12.648601
SL-CASE-0108,1,DS Application Received,DS,DS_Officer_7,2023-05-05T04:41:42.348994
SL-CASE-0108,2,DS Initial Review,DS,DS_Officer_6,2023-05-06T07:39:54.154972
SL-CASE-0108,3,Survey Clearance Requested,Survey,Clearance_Officer_12,2023-05-07T04:54:40.239590
SL-CASE-0108,4,Survey Clearance Issued,Survey,Clearance_Officer_4,2023-05-18T06:30:27.037081
SL-CASE-0108,5,DS Field Report Requested,DS,Clearance_Officer_8,2023-05-19T05:09:10.030010
SL-CASE-0108,6,DS Field Report Issued,DS,Clearance_Officer_7,2023-06-04T05:11:24.478594
SL-CASE-0108,7,PLC/DLC Review,PLC_DLC,PLC_Officer_6,2023-06-08T01:06:29.500144
SL-CASE-0108,8,PLC/DLC Recommendation,PLC_DLC,PLC_Officer_6,2023-06-12T14:36:14.783100
SL-CASE-0108,9,LCGD Case Intake,LCGD,LCGD_Officer_4,2023-06-16T20:28:44.233871
SL-CASE-0108,10,LCGD Review,LCGD,LCGD_Officer_4,2023-06-19T17:27:49.238435
SL-CASE-0108,11,LCGD Lease Decision,LCGD,LCGD_Officer_1,2023-06-27T10:40:28.767673
SL-CASE-0108,12,Registration Requested,Registry,Registry_Officer_4,2023-06-29T00:58:01.408224
SL-CASE-0108,13,Registration Completed,Registry,Registry_Officer_1,2023-07-04T22:31:34.057354
SL-CASE-0108,14,DS Final Notification,DS,DS_Officer_1,2023-07-07T02:09:59.564330
SL-CASE-0109,1,DS Application Received,DS,DS_Officer_7,2024-02-09T14:23:49.977169
SL-CASE-0109,2,DS Initial Review,DS,DS_Officer_5,2024-02-10T23:03:59.605238
SL-CASE-0109,3,Survey Clearance Requested,Survey,Clearance_Officer_9,2024-02-11T06:48:54.794503
SL-CASE-0109,4,Survey Clearance Issued,Survey,Clearance_Officer_6,2024-02-20T07:57:33.430770
SL-CASE-0109,5,DS Field Report Requested,DS,Clearance_Officer_11,2024-02-20T23:25:14.380389
SL-CASE-0109,6,DS Field Report Issued,DS,Clearance_Officer_4,2024-02-29T12:39:35.110067
SL-CASE-0109,7,PLC/DLC Review,PLC_DLC,PLC_Officer_5,2024-03-04T22:52:32.782396
SL-CASE-0109,8,PLC/DLC Recommendation,PLC_DLC,PLC_Officer_3,2024-03-07T11:52:37.549872
SL-CASE-0109,9,LCGD Case Intake,LCGD,LCGD_Officer_4,2024-03-11T15:05:44.644605
SL-CASE-0109,10,LCGD Review,LCGD,LCGD_Officer_3,2024-03-16T04:21:54.084532
SL-CASE-0109,11,LCGD Lease Decision,LCGD,LCGD_Officer_4,2024-03-22T01:32:07.415895
SL-CASE-0109,12,Registration Requested,Registry,Registry_Officer_1,2024-03-25T19:24:52.525415
SL-CASE-0109,13,Registration Completed,Registry,Registry_Officer_4,2024-04-10T00:25:04.308058
SL-CASE-0109,14,DS Final Notification,DS,DS_Officer_3,2024-04-12T09:14:07.841665
SL-CASE-0110,1,DS Application Received,DS,DS_Officer_7,2023-03-12T04:58:17.154124
SL-CASE-0110,2,DS Initial Review,DS,DS_Officer_5,2023-03-12T12:50:58.639311
SL-CASE-0110,3,Survey Clearance Requested,Survey,Clearance_Officer_2,2023-03-12T19:43:42.842685
SL-CASE-0110,4,Survey Clearance Issued,Survey,Clearance_Officer_12,2023-03-25T09:26:44.621244
SL-CASE-0110,5,Environmental Clearance Requested,Environmental,Clearance_Officer_7,2023-03-25T19:54:03.241270
SL-CASE-0110,6,Environmental Clearance Issued,Environmental,Clearance_Officer_9,2023-04-07T11:52:09.154991
SL-CASE-0110,7,Irrigation Dept Clearance Requested,Irrigation,Clearance_Officer_10,2023-04-07T20:10:17.518313
SL-CASE-0110,8,Irrigation Dept Clearance Issued,Irrigation,Clearance_Officer_3,2023-04-09T22:22:28.835884
SL-CASE-0110,9,DS Field Report Requested,DS,Clearance_Officer_8,2023-04-10T14:27:39.907995
SL-CASE-0110,10,DS Field Report Issued,DS,Clearance_Officer_11,2023-04-11T19:20:42.096327
SL-CASE-0110,11,PLC/DLC Review,PLC_DLC,PLC_Officer_5,2023-04-21T03:33:28.646324
SL-CASE-0110,12,PLC/DLC Recommendation,PLC_DLC,PLC_Officer_1,2023-04-22T18:09:45.718729
SL-CASE-0110,13,LCGD Case Intake,LCGD,LCGD_Officer_2,2023-04-28T08:27:37.343240
SL-CASE-0110,14,LCGD Review,LCGD,LCGD_Officer_1,2023-05-07T23:09:51.149947
SL-CASE-0110,15,Higher Approval Requested,Ministry,LCGD_Officer_1,2023-05-09T22:10:28.445239
SL-CASE-0110,16,Higher Approval Granted,Ministry,LCGD_Officer_1,2023-06-18T01:43:01.649699
SL-CASE-0110,17,LCGD Lease Decision,LCGD,LCGD_Officer_4,2023-06-28T00:58:20.411659
SL-CASE-0110,18,Registration Requested,Registry,Registry_Officer_4,2023-06-29T23:13:44.004701
SL-CASE-0110,19,Registration Completed,Registry,Registry_Officer_2,2023-07-08T16:06:52.311883
SL-CASE-0110,20,DS Final Notification,DS,DS_Officer_2,2023-07-10T06:21:23.472532
SL-CASE-0111,1,DS Application Received,DS,DS_Officer_7,2024-10-05T11:05:24.693542
SL-CASE-0111,2,DS Initial Review,DS,DS_Officer_5,2024-10-06T16:23:09.918267
SL-CASE-0111,3,Survey Clearance Requested,Survey,Clearance_Officer_9,2024-10-06T22:14:12.673383
SL-CASE-0111,4,Survey Clearance Issued,Survey,Clearance_Officer_2,2024-10-09T22:47:05.545797
SL-CASE-0111,5,Agrarian Services Clearance Requested,Agrarian,Clearance_Officer_6,2024-10-10T11:51:16.543764
SL-CASE-0111,6,Agrarian Services Clearance Issued,Agrarian,Clearance_Officer_9,2024-10-29T11:41:37.131400
SL-CASE-0111,7,PLC/DLC Review,PLC_DLC,PLC_Officer_5,2024-11-08T01:49:24.165540
SL-CASE-0111,8,PLC/DLC Recommendation,PLC_DLC,PLC_Officer_5,2024-11-12T04:31:19.837818
SL-CASE-0111,9,LCGD Case Intake,LCGD,LCGD_Officer_4,2024-11-14T07:32:39.299555
SL-CASE-0111,10,LCGD Review,LCGD,LCGD_Officer_4,2024-11-28T20:08:19.978689
SL-CASE-0111,11,LCGD Lease Decision,LCGD,LCGD_Officer_3,2024-12-06T14:18:40.341848
SL-CASE-0111,12,DS Final Notification,DS,DS_Officer_8,2024-12-09T11:35:52.500624
SL-CASE-0112,1,DS Application Received,DS,DS_Officer_6,2024-04-22T04:11:34.306180
SL-CASE-0112,2,DS Initial Review,DS,DS_Officer_6,2024-04-23T02:20:22.580175
SL-CASE-0112,3,Survey Clearance Requested,Survey,Clearance_Officer_1,2024-04-23T15:42:09.714178
SL-CASE-0112,4,Survey Clearance Issued,Survey,Clearance_Officer_5,2024-05-07T23:16:33.449661
SL-CASE-0112,5,DS Field Report Requested,DS,Clearance_Officer_2,2024-05-08T06:44:15.452322
SL-CASE-0112,6,DS Field Report Issued,DS,Clearance_Officer_12,2024-05-16T20:38:59.985360
SL-CASE-0112,7,PLC/DLC Review,PLC_DLC,PLC_Officer_1,2024-05-25T03:51:18.090495
SL-CASE-0112,8,PLC/DLC Recommendation,PLC_DLC,PLC_Officer_2,2024-05-28T01:04:26.027754
SL-CASE-0112,9,LCGD Case Intake,LCGD,LCGD_Officer_3,2024-05-31T15:24:59.570771
SL-CASE-0112,10,LCGD Review,LCGD,LCGD_Officer_3,2024-06-04T16:51:17.166197
SL-CASE-0112,11,LCGD Lease Decision,LCGD,LCGD_Officer_2,2024-06-06T17:37:34.789101
SL-CASE-0112,12,Registration Requested,Registry,Registry_Officer_2,2024-06-09T08:30:44.118386
SL-CASE-0112,13,Registration Completed,Registry,Registry_Officer_2,2024-06-14T19:36:32.546547
SL-CASE-0112,14,DS Final Notification,DS,DS_Officer_4,2024-06-17T10:42:03.656146
SL-CASE-0113,1,DS Application Received,DS,DS_Officer_1,2023-06-10T11:40:18.730144
SL-CASE-0113,2,DS Initial Review,DS,DS_Officer_1,2023-06-12T01:17:55.013425
SL-CASE-0113,3,Survey Clearance Requested,Survey,Clearance_Officer_6,2023-06-12T21:57:17.452609
SL-CASE-0113,4,Survey Clearance Issued,Survey,Clearance_Officer_8,2023-06-25T16:58:45.179293
SL-CASE-0113,5,Environmental Clearance Requested,Environmental,Clearance_Officer_10,2023-06-26T14:44:16.378364
SL-CASE-0113,6,Environmental Clearance Issued,Environmental,Clearance_Officer_8,2023-07-14T02:53:47.298925
SL-CASE-0113,7,DS Field Report Requested,DS,Clearance_Officer_9,2023-07-14T08:55:10.750485
SL-CASE-0113,8,DS Field Report Issued,DS,Clearance_Officer_4,2023-07-20T16:43:16.439103
SL-CASE-0113,9,PLC/DLC Review,PLC_DLC,PLC_Officer_2,2023-07-28T07:45:35.470964
SL-CASE-0113,10,PLC/DLC Recommendation,PLC_DLC,PLC_Officer_4,2023-07-28T19:55:57.880461
SL-CASE-0113,11,LCGD Case Intake,LCGD,LCGD_Officer_1,2023-08-01T10:33:02.435486
SL-CASE-0113,12,LCGD Review,LCGD,LCGD_Officer_4,2023-08-09T11:22:56.452068
SL-CASE-0113,13,Higher Approval Requested,Ministry,LCGD_Officer_2,2023-08-13T19:28:04.665624
SL-CASE-0113,14,Higher Approval Granted,Ministry,LCGD_Officer_1,2023-09-03T19:30:45.473396
SL-CASE-0113,15,LCGD Lease Decision,LCGD,LCGD_Officer_4,2023-09-10T20:54:06.697560
SL-CASE-0113,16,DS Final Notification,DS,DS_Officer_1,2023-09-11T20:59:50.816454
SL-CASE-0114,1,DS Application Received,DS,DS_Officer_8,2023-01-09T07:02:59.708258
SL-CASE-0114,2,DS Initial Review,DS,DS_Officer_6,2023-01-11T05:13:30.356081
SL-CASE-0114,3,Survey Clearance Requested,Survey,Clearance_Officer_8,2023-01-11T15:16:31.548850
SL-CASE-0114,4,Survey Clearance Issued,Survey,Clearance_Officer_7,2023-01-20T16:35:36.181333
SL-CASE-0114,5,Environmental Clearance Requested,Environmental,Clearance_Officer_6,2023-01-21T10:00:32.621377
SL-CASE-0114,6,Environmental Clearance Issued,Environmental,Clearance_Officer_7,2023-01-29T08:29:04.643569
SL-CASE-0114,7,DS Field Report Requested,DS,Clearance_Officer_3,2023-01-29T16:38:11.302494
SL-CASE-0114,8,DS Field Report Issued,DS,Clearance_Officer_10,2023-02-10T13:11:57.495857
SL-CASE-0114,9,PLC/DLC Review,PLC_DLC,PLC_Officer_1,2023-02-17T13:36:36.073343
SL-CASE-0114,10,PLC/DLC Recommendation,PLC_DLC,PLC_Officer_2,2023-02-21T05:46:58.737887
SL-CASE-0114,11,LCGD Case Intake,LCGD,LCGD_Officer_4,2023-02-25T08:24:57.708518
SL-CASE-0114,12,LCGD Review,LCGD,LCGD_Officer_2,2023-03-01T02:17:35.772338
SL-CASE-0114,13,Higher Approval Requested,Ministry,LCGD_Officer_1,2023-03-03T14:12:49.647204
SL-CASE-0114,14,Higher Approval Granted,Ministry,LCGD_Officer_4,2023-03-14T18:33:50.051823
SL-CASE-0114,15,LCGD Lease Decision,LCGD,LCGD_Officer_3,2023-03-16T08:01:48.998982
SL-CASE-0114,16,Registration Requested,Registry,Registry_Officer_3,2023-03-20T07:33:29.636201
SL-CASE-0114,17,Registration Completed,Registry,Registry_Officer_1,2023-03-26T02:00:08.609580
SL-CASE-0114,18,DS Final Notification,DS,DS_Officer_3,2023-03-27T07:53:25.888850
SL-CASE-0115,1,DS Application Received,DS,DS_Officer_5,2023-02-12T02:28:29.405695
SL-CASE-0115,2,DS Initial Review,DS,DS_Officer_7,2023-02-12T21:37:01.225486
SL-CASE-0115,3,Survey Clearance Requested,Survey,Clearance_Officer_11,2023-02-13T02:17:03.234632
SL-CASE-0115,4,Survey Clearance Issued,Survey,Clearance_Officer_4,2023-03-04T09:27:55.381035
SL-CASE-0115,5,Agrarian Services Clearance Requested,Agrarian,Clearance_Officer_11,2023-03-05T00:09:22.198544
SL-CASE-0115,6,Agrarian Services Clearance Issued,Agrarian,Clearance_Officer_3,2023-03-18T08:09:35.569182
SL-CASE-0115,7,PLC/DLC Review,PLC_DLC,PLC_Officer_3,2023-03-28T03:27:25.036778
SL-CASE-0115,8,PLC/DLC Recommendation,PLC_DLC,PLC_Officer_6,2023-03-30T01:56:21.786134
SL-CASE-0115,9,LCGD Case Intake,LCGD,LCGD_Officer_4,2023-04-02T21:34:07.431675
SL-CASE-0115,10,LCGD Review,LCGD,LCGD_Officer_4,2023-04-16T08:29:06.842153
SL-CASE-0115,11,LCGD Lease Decision,LCGD,LCGD_Officer_4,2023-04-22T14:04:57.204017
SL-CASE-0115,12,DS Final Notification,DS,DS_Officer_3,2023-04-24T12:18:08.676019
SL-CASE-0116,1,DS Application Received,DS,DS_Officer_5,2024-08-30T19:21:44.225061
SL-CASE-0116,2,DS Initial Review,DS,DS_Officer_7,2024-09-01T06:37:16.889103
SL-CASE-0116,3,Survey Clearance Requested,Survey,Clearance_Officer_8,2024-09-01T14:35:19.738730
SL-CASE-0116,4,Survey Clearance Issued,Survey,Clearance_Officer_6,2024-09-17T10:42:46.717743
SL-CASE-0116,5,Agrarian Services Clearance Requested,Agrarian,Clearance_Officer_9,2024-09-18T05:10:00.041222
SL-CASE-0116,6,Agrarian Services Clearance Issued,Agrarian,Clearance_Officer_7,2024-10-07T13:26:47.576703
SL-CASE-0116,7,PLC/DLC Review,PLC_DLC,PLC_Officer_1,2024-10-09T15:35:42.278984
SL-CASE-0116,8,PLC/DLC Recommendation,PLC_DLC,PLC_Officer_2,2024-10-10T11:50:58.658348
SL-CASE-0116,9,LCGD Case Intake,LCGD,LCGD_Officer_1,2024-10-15T07:07:30.521197
SL-CASE-0116,10,LCGD Review,LCGD,LCGD_Officer_4,2024-10-19T05:52:37.797281
SL-CASE-0116,11,Higher Approval Requested,Ministry,LCGD_Officer_1,2024-10-19T23:37:12.819770
SL-CASE-0116,12,Higher Approval Granted,Ministry,LCGD_Officer_4,2024-11-26T18:31:36.852762
SL-CASE-0116,13,LCGD Lease Decision,LCGD,LCGD_Officer_1,2024-12-02T08:51:37.438555
SL-CASE-0116,14,Registration Requested,Registry,Registry_Officer_1,2024-12-06T06:44:48.631311
SL-CASE-0116,15,Registration Completed,Registry,Registry_Officer_2,2024-12-09T06:08:17.499353
SL-CASE-0116,16,DS Final Notification,DS,DS_Officer_7,2024-12-09T14:02:23.938549
SL-CASE-0117,1,DS Application Received,DS,DS_Officer_6,2023-08-05T14:45:14.680478
SL-CASE-0117,2,DS Initial Review,DS,DS_Officer_8,2023-08-07T08:46:50.477315
SL-CASE-0117,3,Survey Clearance Requested,Survey,Clearance_Officer_9,2023-08-08T08:13:49.015714
SL-CASE-0117,4,Survey Clearance Issued,Survey,Clearance_Officer_9,2023-08-27T02:31:31.205359
SL-CASE-0117,5,Environmental Clearance Requested,Environmental,Clearance_Officer_12,2023-08-27T14:18:42.924003
SL-CASE-0117,6,Environmental Clearance Issued,Environmental,Clearance_Officer_10,2023-09-07T20:13:37.396383
SL-CASE-0117,7,DS Field Report Requested,DS,Clearance_Officer_11,2023-09-08T11:22:26.064931
SL-CASE-0117,8,DS Field Report Issued,DS,Clearance_Officer_10,2023-09-23T16:52:39.350072
SL-CASE-0117,9,PLC/DLC Review,PLC_DLC,PLC_Officer_6,2023-09-28T08:03:08.776534
SL-CASE-0117,10,PLC/DLC Recommendation,PLC_DLC,PLC_Officer_3,2023-10-01T14:57:31.169805
SL-CASE-0117,11,LCGD Case Intake,LCGD,LCGD_Officer_4,2023-10-08T00:45:02.411797
SL-CASE-0117,12,LCGD Review,LCGD,LCGD_Officer_1,2023-10-16T14:04:44.972333
SL-CASE-0117,13,LCGD Lease Decision,LCGD,LCGD_Officer_3,2023-10-21T03:28:28.093751
SL-CASE-0117,14,Registration Requested,Registry,Registry_Officer_2,2023-10-23T08:27:56.535567
SL-CASE-0117,15,Registration Completed,Registry,Registry_Officer_1,2023-10-30T02:53:41.833772
SL-CASE-0117,16,DS Final Notification,DS,DS_Officer_3,2023-10-31T17:31:37.526359
SL-CASE-0118,1,DS Application Received,DS,DS_Officer_5,2023-08-29T18:47:54.053545
SL-CASE-0118,2,DS Initial Review,DS,DS_Officer_1,2023-08-31T01:03:59.447898
SL-CASE-0118,3,Survey Clearance Requested,Survey,Clearance_Officer_4,2023-08-31T15:07:37.853800
SL-CASE-0118,4,Survey Clearance Issued,Survey,Clearance_Officer_9,2023-09-09T10:52:43.456459
SL-CASE-0118,5,Environmental Clearance Requested,Environmental,Clearance_Officer_4,2023-09-09T22:29:42.280679
SL-CASE-0118,6,Environmental Clearance Issued,Environmental,Clearance_Officer_12,2023-09-14T00:56:45.484213
SL-CASE-0118,7,Irrigation Dept Clearance Requested,Irrigation,Clearance_Officer_7,2023-09-14T17:09:27.955517
SL-CASE-0118,8,Irrigation Dept Clearance Issued,Irrigation,Clearance_Officer_2,2023-09-19T21:44:52.482421
SL-CASE-0118,9,DS Field Report Requested,DS,Clearance_Officer_4,2023-09-20T09:02:13.841535
SL-CASE-0118,10,DS Field Report Issued,DS,Clearance_Officer_10,2023-10-01T04:36:40.919081
SL-CASE-0118,11,PLC/DLC Review,PLC_DLC,PLC_Officer_6,2023-10-09T08:44:18.430184
SL-CASE-0118,12,PLC/DLC Recommendation,PLC_DLC,PLC_Officer_6,2023-10-10T21:43:51.874074
SL-CASE-0118,13,LCGD Case Intake,LCGD,LCGD_Officer_3,2023-10-16T05:37:39.616695
SL-CASE-0118,14,LCGD Review,LCGD,LCGD_Officer_1,2023-10-23T00:21:48.145725
SL-CASE-0118,15,LCGD Lease Decision,LCGD,LCGD_Officer_3,2023-10-25T01:02:47.953317
SL-CASE-0118,16,Registration Requested,Registry,Registry_Officer_4,2023-10-25T19:37:38.199570
SL-CASE-0118,17,Registration Completed,Registry,Registry_Officer_3,2023-11-07T13:18:42.805432
SL-CASE-0118,18,DS Final Notification,DS,DS_Officer_8,2023-11-09T16:20:41.900115
SL-CASE-0119,1,DS Application Received,DS,DS_Officer_8,2023-05-12T11:06:45.767322
SL-CASE-0119,2,DS Initial Review,DS,DS_Officer_4,2023-05-13T23:06:19.527281
SL-CASE-0119,3,Survey Clearance Requested,Survey,Clearance_Officer_1,2023-05-14T03:05:23.128346
SL-CASE-0119,4,Survey Clearance Issued,Survey,Clearance_Officer_6,2023-05-24T12:09:43.322872
SL-CASE-0119,5,DS Field Report Requested,DS,Clearance_Officer_8,2023-05-24T23:24:26.570622
SL-CASE-0119,6,DS Field Report Issued,DS,Clearance_Officer_8,2023-06-13T22:28:43.363847
SL-CASE-0119,7,PLC/DLC Review,PLC_DLC,PLC_Officer_1,2023-06-21T01:22:47.449958
SL-CASE-0119,8,PLC/DLC Recommendation,PLC_DLC,PLC_Officer_2,2023-06-22T21:01:41.494702
SL-CASE-0119,9,LCGD Case Intake,LCGD,LCGD_Officer_4,2023-06-23T17:46:12.628918
SL-CASE-0119,10,LCGD Review,LCGD,LCGD_Officer_4,2023-06-25T17:45:19.555686
SL-CASE-0119,11,LCGD Lease Decision,LCGD,LCGD_Officer_3,2023-06-27T18:15:02.545089
SL-CASE-0119,12,Registration Requested,Registry,Registry_Officer_1,2023-07-01T21:25:02.242218
SL-CASE-0119,13,Registration Completed,Registry,Registry_Officer_2,2023-07-05T05:01:54.332853
SL-CASE-0119,14,DS Final Notification,DS,DS_Officer_8,2023-07-06T09:58:03.403454
SL-CASE-0120,1,DS Application Received,DS,DS_Officer_5,2023-06-23T01:06:11.003348
SL-CASE-0120,2,DS Initial Review,DS,DS_Officer_3,2023-06-24T22:17:47.498416
SL-CASE-0120,3,Survey Clearance Requested,Survey,Clearance_Officer_1,2023-06-25T14:08:17.307343
SL-CASE-0120,4,Survey Clearance Issued,Survey,Clearance_Officer_9,2023-07-10T17:43:57.175719
SL-CASE-0120,5,DS Field Report Requested,DS,Clearance_Officer_5,2023-07-11T07:11:34.534950
SL-CASE-0120,6,DS Field Report Issued,DS,Clearance_Officer_5,2023-07-21T10:38:01.035060
SL-CASE-0120,7,PLC/DLC Review,PLC_DLC,PLC_Officer_1,2023-07-23T19:56:33.392043
SL-CASE-0120,8,PLC/DLC Recommendation,PLC_DLC,PLC_Officer_2,2023-07-28T04:23:58.498067
SL-CASE-0120,9,LCGD Case Intake,LCGD,LCGD_Officer_2,2023-08-04T00:13:49.210407
SL-CASE-0120,10,LCGD Review,LCGD,LCGD_Officer_3,2023-08-13T20:53:15.895562
SL-CASE-0120,11,LCGD Lease Decision,LCGD,LCGD_Officer_3,2023-08-14T06:24:48.930480
SL-CASE-0120,12,Registration Requested,Registry,Registry_Officer_4,2023-08-17T07:04:08.521829
SL-CASE-0120,13,Registration Completed,Registry,Registry_Officer_1,2023-09-02T06:55:06.951397
SL-CASE-0120,14,DS Final Notification,DS,DS_Officer_8,2023-09-05T04:44:13.353626
SL-CASE-0121,1,DS Application Received,DS,DS_Officer_1,2024-04-26T23:10:08.967082
SL-CASE-0121,2,DS Initial Review,DS,DS_Officer_3,2024-04-27T05:47:57.347929
SL-CASE-0121,3,Survey Clearance Requested,Survey,Clearance_Officer_2,2024-04-27T23:13:42.536619
SL-CASE-0121,4,Survey Clearance Issued,Survey,Clearance_Officer_4,2024-05-01T08:36:20.891122
SL-CASE-0121,5,Environmental Clearance Requested,Environmental,Clearance_Officer_9,2024-05-01T17:34:26.664198
SL-CASE-0121,6,Environmental Clearance Issued,Environmental,Clearance_Officer_6,2024-05-17T17:09:29.757410
SL-CASE-0121,7,DS Field Report Requested,DS,Clearance_Officer_8,2024-05-18T12:52:47.367236
SL-CASE-0121,8,DS Field Report Issued,DS,Clearance_Officer_1,2024-06-02T11:12:50.153443
SL-CASE-0121,9,PLC/DLC Review,PLC_DLC,PLC_Officer_3,2024-06-09T12:21:46.537260
SL-CASE-0121,10,PLC/DLC Recommendation,PLC_DLC,PLC_Officer_3,2024-06-13T04:56:39.951651
SL-CASE-0121,11,LCGD Case Intake,LCGD,LCGD_Officer_4,2024-06-19T13:08:09.117313
SL-CASE-0121,12,LCGD Review,LCGD,LCGD_Officer_3,2024-06-30T10:33:43.901424
SL-CASE-0121,13,LCGD Lease Decision,LCGD,LCGD_Officer_4,2024-07-05T23:33:43.087725
SL-CASE-0121,14,Registration Requested,Registry,Registry_Officer_2,2024-07-07T03:11:47.090910
SL-CASE-0121,15,Registration Completed,Registry,Registry_Officer_3,2024-07-18T11:05:14.576403
SL-CASE-0121,16,DS Final Notification,DS,DS_Officer_5,2024-07-20T16:21:19.983754
SL-CASE-0122,1,DS Application Received,DS,DS_Officer_7,2024-08-30T10:16:14.689542
SL-CASE-0122,2,DS Initial Review,DS,DS_Officer_1,2024-08-31T22:33:06.075786
SL-CASE-0122,3,Survey Clearance Requested,Survey,Clearance_Officer_6,2024-09-01T14:11:09.056626
SL-CASE-0122,4,Survey Clearance Issued,Survey,Clearance_Officer_4,2024-09-17T08:02:57.854323
SL-CASE-0122,5,Environmental Clearance Requested,Environmental,Clearance_Officer_2,2024-09-17T17:06:16.826592
SL-CASE-0122,6,Environmental Clearance Issued,Environmental,Clearance_Officer_9,2024-10-01T05:17:04.734163
SL-CASE-0122,7,DS Field Report Requested,DS,Clearance_Officer_4,2024-10-02T01:18:13.473079
SL-CASE-0122,8,DS Field Report Issued,DS,Clearance_Officer_8,2024-10-13T00:16:46.405558
SL-CASE-0122,9,PLC/DLC Review,PLC_DLC,PLC_Officer_2,2024-10-20T18:52:00.951152
SL-CASE-0122,10,PLC/DLC Recommendation,PLC_DLC,PLC_Officer_3,2024-10-23T22:45:12.256213
SL-CASE-0122,11,LCGD Case Intake,LCGD,LCGD_Officer_3,2024-10-27T02:40:58.479007
SL-CASE-0122,12,LCGD Review,LCGD,LCGD_Officer_1,2024-10-29T15:47:55.895541
SL-CASE-0122,13,Higher Approval Requested,Ministry,LCGD_Officer_2,2024-10-30T02:47:22.084451
SL-CASE-0122,14,Higher Approval Granted,Ministry,LCGD_Officer_1,2024-11-10T08:50:45.815760
SL-CASE-0122,15,LCGD Lease Decision,LCGD,LCGD_Officer_4,2024-11-12T14:07:57.189527
SL-CASE-0122,16,Registration Requested,Registry,Registry_Officer_1,2024-11-13T17:58:36.658678
SL-CASE-0122,17,Registration Completed,Registry,Registry_Officer_4,2024-11-25T14:21:30.255590
SL-CASE-0122,18,DS Final Notification,DS,DS_Officer_5,2024-11-27T14:24:46.412678
SL-CASE-0123,1,DS Application Received,DS,DS_Officer_1,2023-02-04T08:47:54.424794
SL-CASE-0123,2,DS Initial Review,DS,DS_Officer_7,2023-02-05T04:40:45.111292
SL-CASE-0123,3,Survey Clearance Requested,Survey,Clearance_Officer_12,2023-02-06T00:45:49.611380
SL-CASE-0123,4,Survey Clearance Issued,Survey,Clearance_Officer_10,2023-02-08T03:20:54.931512
SL-CASE-0123,5,Environmental Clearance Requested,Environmental,Clearance_Officer_1,2023-02-08T11:11:47.529764
SL-CASE-0123,6,Environmental Clearance Issued,Environmental,Clearance_Officer_5,2023-02-23T10:02:14.965045
SL-CASE-0123,7,DS Field Report Requested,DS,Clearance_Officer_4,2023-02-23T13:45:07.446734
SL-CASE-0123,8,DS Field Report Issued,DS,Clearance_Officer_2,2023-03-14T19:46:46.648044
SL-CASE-0123,9,PLC/DLC Review,PLC_DLC,PLC_Officer_2,2023-03-16T06:51:32.227165
SL-CASE-0123,10,PLC/DLC Recommendation,PLC_DLC,PLC_Officer_2,2023-03-19T01:28:05.922661
SL-CASE-0123,11,LCGD Case Intake,LCGD,LCGD_Officer_2,2023-03-20T19:35:41.804587
SL-CASE-0123,12,LCGD Review,LCGD,LCGD_Officer_2,2023-03-29T19:07:27.272964
SL-CASE-0123,13,Higher Approval Requested,Ministry,LCGD_Officer_4,2023-04-01T16:47:04.269161
SL-CASE-0123,14,Higher Approval Granted,Ministry,LCGD_Officer_3,2023-05-02T19:30:55.999019
SL-CASE-0123,15,LCGD Lease Decision,LCGD,LCGD_Officer_4,2023-05-09T15:20:48.534718
SL-CASE-0123,16,DS Final Notification,DS,DS_Officer_3,2023-05-12T07:08:40.187600
SL-CASE-0124,1,DS Application Received,DS,DS_Officer_6,2024-07-08T19:09:35.325125
SL-CASE-0124,2,DS Initial Review,DS,DS_Officer_7,2024-07-10T12:20:00.201085
SL-CASE-0124,3,Survey Clearance Requested,Survey,Clearance_Officer_7,2024-07-11T07:08:43.603023
SL-CASE-0124,4,Survey Clearance Issued,Survey,Clearance_Officer_6,2024-07-27T23:52:19.610050
SL-CASE-0124,5,Environmental Clearance Requested,Environmental,Clearance_Officer_10,2024-07-28T15:15:25.948974
SL-CASE-0124,6,Environmental Clearance Issued,Environmental,Clearance_Officer_7,2024-08-09T00:03:45.983872
SL-CASE-0124,7,Irrigation Dept Clearance Requested,Irrigation,Clearance_Officer_12,2024-08-09T18:54:30.074867
SL-CASE-0124,8,Irrigation Dept Clearance Issued,Irrigation,Clearance_Officer_8,2024-08-15T14:46:22.786051
SL-CASE-0124,9,DS Field Report Requested,DS,Clearance_Officer_7,2024-08-16T02:37:04.769340
SL-CASE-0124,10,DS Field Report Issued,DS,Clearance_Officer_1,2024-08-17T02:42:25.912028
SL-CASE-0124,11,PLC/DLC Review,PLC_DLC,PLC_Officer_5,2024-08-26T22:49:16.583571
SL-CASE-0124,12,PLC/DLC Recommendation,PLC_DLC,PLC_Officer_2,2024-08-27T06:40:47.108188
SL-CASE-0124,13,LCGD Case Intake,LCGD,LCGD_Officer_3,2024-09-03T05:39:07.292754
SL-CASE-0124,14,LCGD Review,LCGD,LCGD_Officer_2,2024-09-04T07:51:32.948279
SL-CASE-0124,15,Higher Approval Requested,Ministry,LCGD_Officer_3,2024-09-05T14:20:56.230649
SL-CASE-0124,16,Higher Approval Granted,Ministry,LCGD_Officer_3,2024-09-11T08:34:41.177937
SL-CASE-0124,17,LCGD Lease Decision,LCGD,LCGD_Officer_2,2024-09-20T13:39:01.196631
SL-CASE-0124,18,DS Final Notification,DS,DS_Officer_8,2024-09-20T22:15:01.552770
SL-CASE-0125,1,DS Application Received,DS,DS_Officer_4,2023-09-07T00:09:27.466254
SL-CASE-0125,2,DS Initial Review,DS,DS_Officer_6,2023-09-08T12:27:55.193348
SL-CASE-0125,3,Survey Clearance Requested,Survey,Clearance_Officer_3,2023-09-09T07:54:33.205538
SL-CASE-0125,4,Survey Clearance Issued,Survey,Clearance_Officer_12,2023-09-19T14:33:47.741108
SL-CASE-0125,5,Environmental Clearance Requested,Environmental,Clearance_Officer_2,2023-09-20T08:01:33.294380
SL-CASE-0125,6,Environmental Clearance Issued,Environmental,Clearance_Officer_5,2023-10-02T15:27:04.836502
SL-CASE-0125,7,DS Field Report Requested,DS,Clearance_Officer_10,2023-10-02T18:16:24.666919
SL-CASE-0125,8,DS Field Report Issued,DS,Clearance_Officer_1,2023-10-11T00:15:30.761915
SL-CASE-0125,9,PLC/DLC Review,PLC_DLC,PLC_Officer_3,2023-10-20T06:26:42.886259
SL-CASE-0125,10,PLC/DLC Recommendation,PLC_DLC,PLC_Officer_4,2023-10-22T04:06:33.443192
SL-CASE-0125,11,LCGD Case Intake,LCGD,LCGD_Officer_1,2023-10-25T09:05:12.036998
SL-CASE-0125,12,LCGD Review,LCGD,LCGD_Officer_2,2023-11-07T13:20:05.804479
SL-CASE-0125,13,Higher Approval Requested,Ministry,LCGD_Officer_1,2023-11-11T08:34:13.125422
SL-CASE-0125,14,Higher Approval Granted,Ministry,LCGD_Officer_4,2023-12-08T13:02:07.724990
SL-CASE-0125,15,LCGD Lease Decision,LCGD,LCGD_Officer_1,2023-12-09T07:42:05.109031
SL-CASE-0125,16,Registration Requested,Registry,Registry_Officer_2,2023-12-11T02:06:12.617134
SL-CASE-0125,17,Registration Completed,Registry,Registry_Officer_2,2023-12-18T07:08:19.417093
SL-CASE-0125,18,DS Final Notification,DS,DS_Officer_7,2023-12-18T19:51:45.182709
SL-CASE-0126,1,DS Application Received,DS,DS_Officer_1,2024-11-10T18:37:08.374149
SL-CASE-0126,2,DS Initial Review,DS,DS_Officer_5,2024-11-11T22:44:15.715104
SL-CASE-0126,3,Survey Clearance Requested,Survey,Clearance_Officer_9,2024-11-12T02:36:33.970911
SL-CASE-0126,4,Survey Clearance Issued,Survey,Clearance_Officer_12,2024-11-21T08:44:14.578964
SL-CASE-0126,5,DS Field Report Requested,DS,Clearance_Officer_3,2024-11-21T13:36:20.292816
SL-CASE-0126,6,DS Field Report Issued,DS,Clearance_Officer_4,2024-12-01T16:54:22.672060
SL-CASE-0126,7,PLC/DLC Review,PLC_DLC,PLC_Officer_6,2024-12-06T20:08:19.062779
SL-CASE-0126,8,PLC/DLC Recommendation,PLC_DLC,PLC_Officer_5,2024-12-09T19:16:13.175043
SL-CASE-0126,9,LCGD Case Intake,LCGD,LCGD_Officer_2,2024-12-14T07:21:56.999036
SL-CASE-0126,10,LCGD Review,LCGD,LCGD_Officer_3,2024-12-18T16:47:01.333988
SL-CASE-0126,11,LCGD Lease Decision,LCGD,LCGD_Officer_3,2024-12-26T12:32:53.981530
SL-CASE-0126,12,Registration Requested,Registry,Registry_Officer_1,2024-12-30T00:36:30.445382
SL-CASE-0126,13,Registration Completed,Registry,Registry_Officer_4,2025-01-02T03:55:19.482276
SL-CASE-0126,14,DS Final Notification,DS,DS_Officer_6,2025-01-03T11:34:11.714072
SL-CASE-0127,1,DS Application Received,DS,DS_Officer_8,2023-05-14T09:28:26.481636
SL-CASE-0127,2,DS Initial Review,DS,DS_Officer_4,2023-05-14T15:26:55.085704
SL-CASE-0127,3,Survey Clearance Requested,Survey,Clearance_Officer_6,2023-05-14T21:50:30.154622
SL-CASE-0127,4,Survey Clearance Issued,Survey,Clearance_Officer_12,2023-05-18T20:58:25.336743
SL-CASE-0127,5,Agrarian Services Clearance Requested,Agrarian,Clearance_Officer_2,2023-05-19T17:44:04.257041
SL-CASE-0127,6,Agrarian Services Clearance Issued,Agrarian,Clearance_Officer_4,2023-06-03T18:59:01.460915
SL-CASE-0127,7,PLC/DLC Review,PLC_DLC,PLC_Officer_2,2023-06-13T07:20:32.163968
SL-CASE-0127,8,PLC/DLC Recommendation,PLC_DLC,PLC_Officer_3,2023-06-17T16:22:48.129083
SL-CASE-0127,9,LCGD Case Intake,LCGD,LCGD_Officer_1,2023-06-18T06:31:20.746260
SL-CASE-0127,10,LCGD Review,LCGD,LCGD_Officer_4,2023-06-23T13:02:31.539606
SL-CASE-0127,11,LCGD Lease Decision,LCGD,LCGD_Officer_2,2023-06-24T00:21:54.551809
SL-CASE-0127,12,DS Final Notification,DS,DS_Officer_4,2023-06-26T06:09:57.824031
SL-CASE-0128,1,DS Application Received,DS,DS_Officer_1,2023-05-23T16:36:57.390000
SL-CASE-0128,2,DS Initial Review,DS,DS_Officer_1,2023-05-24T07:51:21.674979
SL-CASE-0128,3,Survey Clearance Requested,Survey,Clearance_Officer_12,2023-05-24T16:06:15.547430
SL-CASE-0128,4,Survey Clearance Issued,Survey,Clearance_Officer_1,2023-06-06T09:53:46.524354
SL-CASE-0128,5,Agrarian Services Clearance Requested,Agrarian,Clearance_Officer_1,2023-06-06T22:07:31.421171
SL-CASE-0128,6,Agrarian Services Clearance Issued,Agrarian,Clearance_Officer_11,2023-06-09T04:29:38.357210
SL-CASE-0128,7,PLC/DLC Review,PLC_DLC,PLC_Officer_6,2023-06-12T06:21:09.916359
SL-CASE-0128,8,PLC/DLC Recommendation,PLC_DLC,PLC_Officer_1,2023-06-14T05:25:03.852367
SL-CASE-0128,9,LCGD Case Intake,LCGD,LCGD_Officer_4,2023-06-14T20:23:38.239088
SL-CASE-0128,10,LCGD Review,LCGD,LCGD_Officer_4,2023-06-19T02:03:59.802007
SL-CASE-0128,11,LCGD Lease Decision,LCGD,LCGD_Officer_1,2023-06-24T07:03:54.177804
SL-CASE-0128,12,DS Final Notification,DS,DS_Officer_8,2023-06-27T00:20:09.936961
SL-CASE-0129,1,DS Application Received,DS,DS_Officer_5,2024-08-29T18:16:36.872947
SL-CASE-0129,2,DS Initial Review,DS,DS_Officer_7,2024-08-30T12:57:14.303073
SL-CASE-0129,3,Survey Clearance Requested,Survey,Clearance_Officer_1,2024-08-31T07:19:50.048082
SL-CASE-0129,4,Survey Clearance Issued,Survey,Clearance_Officer_6,2024-09-07T21:27:43.936695
SL-CASE-0129,5,DS Field Report Requested,DS,Clearance_Officer_5,2024-09-08T07:16:49.884848
SL-CASE-0129,6,DS Field Report Issued,DS,Clearance_Officer_9,2024-09-13T18:59:23.628233
SL-CASE-0129,7,PLC/DLC Review,PLC_DLC,PLC_Officer_1,2024-09-16T21:53:24.519636
SL-CASE-0129,8,PLC/DLC Recommendation,PLC_DLC,PLC_Officer_4,2024-09-20T03:13:49.705705
SL-CASE-0129,9,LCGD Case Intake,LCGD,LCGD_Officer_1,2024-09-26T10:07:59.517247
SL-CASE-0129,10,LCGD Review,LCGD,LCGD_Officer_3,2024-10-10T15:21:47.267400
SL-CASE-0129,11,LCGD Lease Decision,LCGD,LCGD_Officer_3,2024-10-13T02:08:58.131882
SL-CASE-0129,12,Registration Requested,Registry,Registry_Officer_2,2024-10-17T14:25:38.881145
SL-CASE-0129,13,Registration Completed,Registry,Registry_Officer_4,2024-10-20T06:27:43.181278
SL-CASE-0129,14,DS Final Notification,DS,DS_Officer_4,2024-10-21T20:54:44.077985
SL-CASE-0130,1,DS Application Received,DS,DS_Officer_4,2023-10-20T03:28:37.941013
SL-CASE-0130,2,DS Initial Review,DS,DS_Officer_5,2023-10-21T21:25:51.826607
SL-CASE-0130,3,Survey Clearance Requested,Survey,Clearance_Officer_9,2023-10-22T14:34:43.568094
SL-CASE-0130,4,Survey Clearance Issued,Survey,Clearance_Officer_7,2023-11-09T21:20:21.721704
SL-CASE-0130,5,Environmental Clearance Requested,Environmental,Clearance_Officer_3,2023-11-10T21:14:40.037082
SL-CASE-0130,6,Environmental Clearance Issued,Environmental,Clearance_Officer_10,2023-11-24T08:29:10.082855
SL-CASE-0130,7,DS Field Report Requested,DS,Clearance_Officer_6,2023-11-25T06:39:45.362812
SL-CASE-0130,8,DS Field Report Issued,DS,Clearance_Officer_9,2023-11-27T13:35:08.893102
SL-CASE-0130,9,PLC/DLC Review,PLC_DLC,PLC_Officer_1,2023-12-07T01:52:01.056968
SL-CASE-0130,10,PLC/DLC Recommendation,PLC_DLC,PLC_Officer_2,2023-12-08T04:51:30.149557
SL-CASE-0130,11,LCGD Case Intake,LCGD,LCGD_Officer_3,2023-12-13T10:16:58.015436
SL-CASE-0130,12,LCGD Review,LCGD,LCGD_Officer_4,2023-12-26T18:00:25.561807
SL-CASE-0130,13,Higher Approval Requested,Ministry,LCGD_Officer_3,2023-12-31T13:35:00.477043
SL-CASE-0130,14,Higher Approval Granted,Ministry,LCGD_Officer_3,2024-01-21T01:42:26.045881
SL-CASE-0130,15,LCGD Lease Decision,LCGD,LCGD_Officer_2,2024-01-22T19:15:54.669662
SL-CASE-0130,16,Registration Requested,Registry,Registry_Officer_2,2024-01-23T13:26:13.665701
SL-CASE-0130,17,Registration Completed,Registry,Registry_Officer_3,2024-01-25T01:23:00.666055
SL-CASE-0130,18,DS Final Notification,DS,DS_Officer_4,2024-01-26T21:46:33.002891
SL-CASE-0131,1,DS Application Received,DS,DS_Officer_6,2024-02-22T11:47:49.786945
SL-CASE-0131,2,DS Initial Review,DS,DS_Officer_7,2024-02-22T23:53:31.661024
SL-CASE-0131,3,Survey Clearance Requested,Survey,Clearance_Officer_3,2024-02-23T12:42:14.152312
SL-CASE-0131,4,Survey Clearance Issued,Survey,Clearance_Officer_4,2024-02-27T15:23:25.866287
SL-CASE-0131,5,Environmental Clearance Requested,Environmental,Clearance_Officer_1,2024-02-27T18:05:58.446903
SL-CASE-0131,6,Environmental Clearance Issued,Environmental,Clearance_Officer_7,2024-03-17T08:05:52.679377
SL-CASE-0131,7,DS Field Report Requested,DS,Clearance_Officer_11,2024-03-17T14:59:38.972997
SL-CASE-0131,8,DS Field Report Issued,DS,Clearance_Officer_4,2024-04-06T09:37:59.367104
SL-CASE-0131,9,PLC/DLC Review,PLC_DLC,PLC_Officer_4,2024-04-07T12:42:44.062036
SL-CASE-0131,10,PLC/DLC Recommendation,PLC_DLC,PLC_Officer_4,2024-04-11T21:33:53.804719
SL-CASE-0131,11,LCGD Case Intake,LCGD,LCGD_Officer_4,2024-04-16T20:52:17.499361
SL-CASE-0131,12,LCGD Review,LCGD,LCGD_Officer_4,2024-04-30T07:06:02.632763
SL-CASE-0131,13,Higher Approval Requested,Ministry,LCGD_Officer_1,2024-05-02T11:15:19.954450
SL-CASE-0131,14,Higher Approval Granted,Ministry,LCGD_Officer_4,2024-05-28T17:55:00.147204
SL-CASE-0131,15,LCGD Lease Decision,LCGD,LCGD_Officer_4,2024-06-05T00:26:37.396733
SL-CASE-0131,16,Registration Requested,Registry,Registry_Officer_1,2024-06-08T04:09:18.997298
SL-CASE-0131,17,Registration Completed,Registry,Registry_Officer_4,2024-06-19T01:34:16.545451
SL-CASE-0131,18,DS Final Notification,DS,DS_Officer_1,2024-06-20T11:33:15.452291
SL-CASE-0132,1,DS Application Received,DS,DS_Officer_4,2024-09-06T12:37:41.329976
SL-CASE-0132,2,DS Initial Review,DS,DS_Officer_7,2024-09-07T05:26:24.140954
SL-CASE-0132,3,Survey Clearance Requested,Survey,Clearance_Officer_5,2024-09-08T02:53:48.428976
SL-CASE-0132,4,Survey Clearance Issued,Survey,Clearance_Officer_7,2024-09-17T21:16:15.933339
SL-CASE-0132,5,Environmental Clearance Requested,Environmental,Clearance_Officer_1,2024-09-18T05:44:53.975586
SL-CASE-0132,6,Environmental Clearance Issued,Environmental,Clearance_Officer_3,2024-10-02T08:22:00.752262
SL-CASE-0132,7,DS Field Report Requested,DS,Clearance_Officer_11,2024-10-02T20:33:56.205345
SL-CASE-0132,8,DS Field Report Issued,DS,Clearance_Officer_12,2024-10-12T10:32:23.786326
SL-CASE-0132,9,PLC/DLC Review,PLC_DLC,PLC_Officer_2,2024-10-17T16:41:23.700565
SL-CASE-0132,10,PLC/DLC Recommendation,PLC_DLC,PLC_Officer_6,2024-10-21T15:27:54.961191
SL-CASE-0132,11,LCGD Case Intake,LCGD,LCGD_Officer_4,2024-10-25T16:42:17.191104
SL-CASE-0132,12,LCGD Review,LCGD,LCGD_Officer_4,2024-11-01T11:39:38.526550
SL-CASE-0132,13,Higher Approval Requested,Ministry,LCGD_Officer_4,2024-11-01T20:30:02.457641
SL-CASE-0132,14,Higher Approval Granted,Ministry,LCGD_Officer_2,2024-11-27T12:21:56.454917
SL-CASE-0132,15,LCGD Lease Decision,LCGD,LCGD_Officer_1,2024-12-06T08:52:55.266974
SL-CASE-0132,16,Registration Requested,Registry,Registry_Officer_2,2024-12-07T19:23:29.040463
SL-CASE-0132,17,Registration Completed,Registry,Registry_Officer_1,2024-12-22T10:58:12.980353
SL-CASE-0132,18,DS Final Notification,DS,DS_Officer_8,2024-12-22T19:21:13.172960
SL-CASE-0133,1,DS Application Received,DS,DS_Officer_1,2024-03-19T21:31:02.345218
SL-CASE-0133,2,DS Initial Review,DS,DS_Officer_6,2024-03-21T11:19:14.780505
SL-CASE-0133,3,Survey Clearance Requested,Survey,Clearance_Officer_11,2024-03-22T01:45:41.713523
SL-CASE-0133,4,Survey Clearance Issued,Survey,Clearance_Officer_3,2024-04-08T11:08:24.855179
SL-CASE-0133,5,DS Field Report Requested,DS,Clearance_Officer_3,2024-04-09T08:15:15.283347
SL-CASE-0133,6,DS Field Report Issued,DS,Clearance_Officer_1,2024-04-24T22:59:23.080604
SL-CASE-0133,7,PLC/DLC Review,PLC_DLC,PLC_Officer_3,2024-04-29T10:39:15.732770
SL-CASE-0133,8,PLC/DLC Recommendation,PLC_DLC,PLC_Officer_4,2024-05-03T03:53:34.113781
SL-CASE-0133,9,LCGD Case Intake,LCGD,LCGD_Officer_2,2024-05-05T12:56:33.263610
SL-CASE-0133,10,LCGD Review,LCGD,LCGD_Officer_2,2024-05-08T04:26:26.555886
SL-CASE-0133,11,LCGD Lease Decision,LCGD,LCGD_Officer_1,2024-05-17T19:10:56.055990
SL-CASE-0133,12,Registration Requested,Registry,Registry_Officer_3,2024-05-21T00:09:14.814596
SL-CASE-0133,13,Registration Completed,Registry,Registry_Officer_4,2024-05-22T05:43:15.081331
SL-CASE-0133,14,DS Final Notification,DS,DS_Officer_1,2024-05-24T19:35:58.667549
SL-CASE-0134,1,DS Application Received,DS,DS_Officer_4,2024-03-01T15:19:48.883551
SL-CASE-0134,2,DS Initial Review,DS,DS_Officer_5,2024-03-03T10:08:44.273358
SL-CASE-0134,3,Survey Clearance Requested,Survey,Clearance_Officer_9,2024-03-04T01:46:49.743636
SL-CASE-0134,4,Survey Clearance Issued,Survey,Clearance_Officer_4,2024-03-20T15:45:21.019603
SL-CASE-0134,5,Environmental Clearance Requested,Environmental,Clearance_Officer_3,2024-03-20T18:49:55.388558
SL-CASE-0134,6,Environmental Clearance Issued,Environmental,Clearance_Officer_6,2024-03-22T19:56:28.349181
SL-CASE-0134,7,Irrigation Dept Clearance Requested,Irrigation,Clearance_Officer_1,2024-03-22T22:44:56.656485
SL-CASE-0134,8,Irrigation Dept Clearance Issued,Irrigation,Clearance_Officer_10,2024-04-05T14:53:58.181385
SL-CASE-0134,9,DS Field Report Requested,DS,Clearance_Officer_2,2024-04-05T23:27:54.751879
SL-CASE-0134,10,DS Field Report Issued,DS,Clearance_Officer_7,2024-04-07T21:49:24.636967
SL-CASE-0134,11,PLC/DLC Review,PLC_DLC,PLC_Officer_2,2024-04-17T20:23:42.473231
SL-CASE-0134,12,PLC/DLC Recommendation,PLC_DLC,PLC_Officer_5,2024-04-21T07:00:48.412486
SL-CASE-0134,13,LCGD Case Intake,LCGD,LCGD_Officer_2,2024-04-26T02:07:03.674123
SL-CASE-0134,14,LCGD Review,LCGD,LCGD_Officer_3,2024-05-10T14:47:32.006073
SL-CASE-0134,15,Higher Approval Requested,Ministry,LCGD_Officer_1,2024-05-15T06:58:51.323949
SL-CASE-0134,16,Higher Approval Granted,Ministry,LCGD_Officer_3,2024-06-16T04:31:51.560547
SL-CASE-0134,17,LCGD Lease Decision,LCGD,LCGD_Officer_4,2024-06-20T00:46:34.444567
SL-CASE-0134,18,Registration Requested,Registry,Registry_Officer_4,2024-06-24T04:17:11.094800
SL-CASE-0134,19,Registration Completed,Registry,Registry_Officer_1,2024-07-11T04:50:08.183547
SL-CASE-0134,20,DS Final Notification,DS,DS_Officer_3,2024-07-12T03:20:02.027313
SL-CASE-0135,1,DS Application Received,DS,DS_Officer_2,2023-03-27T11:26:58.996102
SL-CASE-0135,2,DS Initial Review,DS,DS_Officer_5,2023-03-28T12:43:51.212642
SL-CASE-0135,3,Survey Clearance Requested,Survey,Clearance_Officer_6,2023-03-29T00:07:33.858165
SL-CASE-0135,4,Survey Clearance Issued,Survey,Clearance_Officer_10,2023-04-03T22:31:51.778657
SL-CASE-0135,5,Agrarian Services Clearance Requested,Agrarian,Clearance_Officer_6,2023-04-04T22:25:17.706033
SL-CASE-0135,6,Agrarian Services Clearance Issued,Agrarian,Clearance_Officer_10,2023-04-23T13:10:53.878388
SL-CASE-0135,7,PLC/DLC Review,PLC_DLC,PLC_Officer_5,2023-04-29T09:27:44.142745
SL-CASE-0135,8,PLC/DLC Recommendation,PLC_DLC,PLC_Officer_4,2023-05-03T02:35:21.561682
SL-CASE-0135,9,LCGD Case Intake,LCGD,LCGD_Officer_2,2023-05-06T19:25:12.062890
SL-CASE-0135,10,LCGD Review,LCGD,LCGD_Officer_2,2023-05-20T04:19:51.651693
SL-CASE-0135,11,LCGD Lease Decision,LCGD,LCGD_Officer_2,2023-05-27T08:08:25.397358
SL-CASE-0135,12,Registration Requested,Registry,Registry_Officer_1,2023-05-27T14:19:14.205787
SL-CASE-0135,13,Registration Completed,Registry,Registry_Officer_1,2023-06-06T10:18:30.463175
SL-CASE-0135,14,DS Final Notification,DS,DS_Officer_4,2023-06-08T15:55:52.493832
SL-CASE-0136,1,DS Application Received,DS,DS_Officer_5,2024-07-13T17:05:00.511333
SL-CASE-0136,2,DS Initial Review,DS,DS_Officer_2,2024-07-14T08:16:40.246846
SL-CASE-0136,3,Survey Clearance Requested,Survey,Clearance_Officer_9,2024-07-14T17:02:55.832746
SL-CASE-0136,4,Survey Clearance Issued,Survey,Clearance_Officer_1,2024-07-26T03:50:45.325496
SL-CASE-0136,5,Environmental Clearance Requested,Environmental,Clearance_Officer_6,2024-07-26T08:21:01.197122
SL-CASE-0136,6,Environmental Clearance Issued,Environmental,Clearance_Officer_12,2024-08-02T20:00:40.375436
SL-CASE-0136,7,Irrigation Dept Clearance Requested,Irrigation,Clearance_Officer_1,2024-08-03T10:31:38.961467
SL-CASE-0136,8,Irrigation Dept Clearance Issued,Irrigation,Clearance_Officer_4,2024-08-20T05:56:20.372545
SL-CASE-0136,9,DS Field Report Requested,DS,Clearance_Officer_6,2024-08-20T15:12:37.147247
SL-CASE-0136,10,DS Field Report Issued,DS,Clearance_Officer_8,2024-09-08T03:46:11.609884
SL-CASE-0136,11,PLC/DLC Review,PLC_DLC,PLC_Officer_1,2024-09-17T08:39:18.243929
SL-CASE-0136,12,PLC/DLC Recommendation,PLC_DLC,PLC_Officer_4,2024-09-20T16:15:33.915290
SL-CASE-0136,13,LCGD Case Intake,LCGD,LCGD_Officer_4,2024-09-22T04:29:58.855005
SL-CASE-0136,14,LCGD Review,LCGD,LCGD_Officer_3,2024-10-05T16:13:52.607090
SL-CASE-0136,15,Higher Approval Requested,Ministry,LCGD_Officer_4,2024-10-08T02:57:10.326021
SL-CASE-0136,16,Higher Approval Granted,Ministry,LCGD_Officer_1,2024-11-14T14:17:47.215759
SL-CASE-0136,17,LCGD Lease Decision,LCGD,LCGD_Officer_3,2024-11-22T23:42:40.287736
SL-CASE-0136,18,Registration Requested,Registry,Registry_Officer_3,2024-11-25T22:06:52.747601
SL-CASE-0136,19,Registration Completed,Registry,Registry_Officer_1,2024-12-07T11:16:31.652752
SL-CASE-0136,20,DS Final Notification,DS,DS_Officer_6,2024-12-08T03:51:13.795241
SL-CASE-0137,1,DS Application Received,DS,DS_Officer_7,2024-07-13T17:52:42.290801
SL-CASE-0137,2,DS Initial Review,DS,DS_Officer_2,2024-07-14T06:07:23.110168
SL-CASE-0137,3,Survey Clearance Requested,Survey,Clearance_Officer_5,2024-07-15T03:08:38.930456
SL-CASE-0137,4,Survey Clearance Issued,Survey,Clearance_Officer_6,2024-07-29T12:44:43.898185
SL-CASE-0137,5,Agrarian Services Clearance Requested,Agrarian,Clearance_Officer_5,2024-07-30T06:21:43.227358
SL-CASE-0137,6,Agrarian Services Clearance Issued,Agrarian,Clearance_Officer_8,2024-08-08T03:05:11.509960
SL-CASE-0137,7,PLC/DLC Review,PLC_DLC,PLC_Officer_3,2024-08-16T23:03:13.109695
SL-CASE-0137,8,PLC/DLC Recommendation,PLC_DLC,PLC_Officer_3,2024-08-19T08:34:15.467368
SL-CASE-0137,9,LCGD Case Intake,LCGD,LCGD_Officer_3,2024-08-21T06:17:19.623563
SL-CASE-0137,10,LCGD Review,LCGD,LCGD_Officer_3,2024-08-24T17:05:35.040882
SL-CASE-0137,11,LCGD Lease Decision,LCGD,LCGD_Officer_2,2024-09-01T14:46:11.852361
SL-CASE-0137,12,DS Final Notification,DS,DS_Officer_8,2024-09-04T08:42:17.021595
SL-CASE-0138,1,DS Application Received,DS,DS_Officer_3,2023-12-21T06:15:42.849403
SL-CASE-0138,2,DS Initial Review,DS,DS_Officer_2,2023-12-22T20:07:08.702721
SL-CASE-0138,3,Survey Clearance Requested,Survey,Clearance_Officer_9,2023-12-23T16:12:22.073344
SL-CASE-0138,4,Survey Clearance Issued,Survey,Clearance_Officer_3,2024-01-06T12:47:21.174536
SL-CASE-0138,5,Environmental Clearance Requested,Environmental,Clearance_Officer_1,2024-01-06T19:18:11.993651
SL-CASE-0138,6,Environmental Clearance Issued,Environmental,Clearance_Officer_12,2024-01-16T12:46:31.176515
SL-CASE-0138,7,Irrigation Dept Clearance Requested,Irrigation,Clearance_Officer_2,2024-01-17T09:48:04.144548
SL-CASE-0138,8,Irrigation Dept Clearance Issued,Irrigation,Clearance_Officer_1,2024-01-18T11:40:30.905883
SL-CASE-0138,9,DS Field Report Requested,DS,Clearance_Officer_10,2024-01-19T04:47:25.450477
SL-CASE-0138,10,DS Field Report Issued,DS,Clearance_Officer_6,2024-02-05T18:21:55.603205
SL-CASE-0138,11,PLC/DLC Review,PLC_DLC,PLC_Officer_1,2024-02-10T16:48:47.343963
SL-CASE-0138,12,PLC/DLC Recommendation,PLC_DLC,PLC_Officer_6,2024-02-11T10:34:00.745174
SL-CASE-0138,13,LCGD Case Intake,LCGD,LCGD_Officer_1,2024-02-16T18:52:24.278832
SL-CASE-0138,14,LCGD Review,LCGD,LCGD_Officer_3,2024-02-25T20:56:00.654534
SL-CASE-0138,15,Higher Approval Requested,Ministry,LCGD_Officer_2,2024-02-29T03:45:45.044213
SL-CASE-0138,16,Higher Approval Granted,Ministry,LCGD_Officer_2,2024-03-16T09:18:07.282628
SL-CASE-0138,17,LCGD Lease Decision,LCGD,LCGD_Officer_3,2024-03-19T10:21:31.641118
SL-CASE-0138,18,Registration Requested,Registry,Registry_Officer_1,2024-03-23T08:27:23.465892
SL-CASE-0138,19,Registration Completed,Registry,Registry_Officer_2,2024-03-29T12:47:12.611567
SL-CASE-0138,20,DS Final Notification,DS,DS_Officer_1,2024-03-30T09:56:29.106799
SL-CASE-0139,1,DS Application Received,DS,DS_Officer_3,2024-11-01T20:33:19.733858
SL-CASE-0139,2,DS Initial Review,DS,DS_Officer_6,2024-11-02T03:41:24.604659
SL-CASE-0139,3,Survey Clearance Requested,Survey,Clearance_Officer_1,2024-11-02T17:34:58.311140
SL-CASE-0139,4,Survey Clearance Issued,Survey,Clearance_Officer_8,2024-11-06T04:53:47.792929
SL-CASE-0139,5,DS Field Report Requested,DS,Clearance_Officer_1,2024-11-07T02:46:08.551616
SL-CASE-0139,6,DS Field Report Issued,DS,Clearance_Officer_1,2024-11-10T03:04:18.181619
SL-CASE-0139,7,PLC/DLC Review,PLC_DLC,PLC_Officer_4,2024-11-11T10:42:25.133266
SL-CASE-0139,8,PLC/DLC Recommendation,PLC_DLC,PLC_Officer_5,2024-11-12T13:06:39.753696
SL-CASE-0139,9,LCGD Case Intake,LCGD,LCGD_Officer_4,2024-11-18T20:09:00.296097
SL-CASE-0139,10,LCGD Review,LCGD,LCGD_Officer_3,2024-11-28T11:13:55.328561
SL-CASE-0139,11,LCGD Lease Decision,LCGD,LCGD_Officer_2,2024-12-01T22:59:51.885923
SL-CASE-0139,12,DS Final Notification,DS,DS_Officer_2,2024-12-04T02:54:02.354474
SL-CASE-0140,1,DS Application Received,DS,DS_Officer_8,2024-11-12T15:13:28.882036
SL-CASE-0140,2,DS Initial Review,DS,DS_Officer_4,2024-11-13T15:55:43.348600
SL-CASE-0140,3,Survey Clearance Requested,Survey,Clearance_Officer_10,2024-11-13T21:05:26.105955
SL-CASE-0140,4,Survey Clearance Issued,Survey,Clearance_Officer_6,2024-11-19T18:45:45.526085
SL-CASE-0140,5,Environmental Clearance Requested,Environmental,Clearance_Officer_12,2024-11-20T05:23:18.018019
SL-CASE-0140,6,Environmental Clearance Issued,Environmental,Clearance_Officer_6,2024-12-08T15:39:39.292796
SL-CASE-0140,7,Irrigation Dept Clearance Requested,Irrigation,Clearance_Officer_6,2024-12-09T11:00:50.566339
SL-CASE-0140,8,Irrigation Dept Clearance Issued,Irrigation,Clearance_Officer_1,2024-12-19T01:42:40.050275
SL-CASE-0140,9,DS Field Report Requested,DS,Clearance_Officer_2,2024-12-19T05:08:56.974021
SL-CASE-0140,10,DS Field Report Issued,DS,Clearance_Officer_8,2024-12-26T21:24:22.225256
SL-CASE-0140,11,PLC/DLC Review,PLC_DLC,PLC_Officer_3,2025-01-04T10:14:27.173510
SL-CASE-0140,12,PLC/DLC Recommendation,PLC_DLC,PLC_Officer_5,2025-01-08T07:47:10.371169
SL-CASE-0140,13,LCGD Case Intake,LCGD,LCGD_Officer_1,2025-01-12T13:26:09.680894
SL-CASE-0140,14,LCGD Review,LCGD,LCGD_Officer_1,2025-01-19T05:44:47.445010
SL-CASE-0140,15,Higher Approval Requested,Ministry,LCGD_Officer_1,2025-01-21T00:53:44.381504
SL-CASE-0140,16,Higher Approval Granted,Ministry,LCGD_Officer_4,2025-02-22T18:32:15.542676
SL-CASE-0140,17,LCGD Lease Decision,LCGD,LCGD_Officer_4,2025-02-26T22:19:43.341034
SL-CASE-0140,18,Registration Requested,Registry,Registry_Officer_2,2025-02-28T07:31:34.640784
SL-CASE-0140,19,Registration Completed,Registry,Registry_Officer_4,2025-03-11T17:23:27.747549
SL-CASE-0140,20,DS Final Notification,DS,DS_Officer_6,2025-03-12T22:15:29.495161
SL-CASE-0141,1,DS Application Received,DS,DS_Officer_8,2023-05-26T20:15:45.274218
SL-CASE-0141,2,DS Initial Review,DS,DS_Officer_8,2023-05-27T05:17:34.015318
SL-CASE-0141,3,Survey Clearance Requested,Survey,Clearance_Officer_2,2023-05-27T14:27:03.960385
SL-CASE-0141,4,Survey Clearance Issued,Survey,Clearance_Officer_3,2023-06-13T05:17:37.003064
SL-CASE-0141,5,Environmental Clearance Requested,Environmental,Clearance_Officer_7,2023-06-13T14:04:13.432368
SL-CASE-0141,6,Environmental Clearance Issued,Environmental,Clearance_Officer_2,2023-06-15T21:48:41.325704
SL-CASE-0141,7,Irrigation Dept Clearance Requested,Irrigation,Clearance_Officer_10,2023-06-16T14:53:33.613314
SL-CASE-0141,8,Irrigation Dept Clearance Issued,Irrigation,Clearance_Officer_7,2023-07-02T06:37:30.904068
SL-CASE-0141,9,DS Field Report Requested,DS,Clearance_Officer_11,2023-07-02T15:49:41.636908
SL-CASE-0141,10,DS Field Report Issued,DS,Clearance_Officer_2,2023-07-16T04:51:48.105317
SL-CASE-0141,11,PLC/DLC Review,PLC_DLC,PLC_Officer_2,2023-07-18T18:28:43.848956
SL-CASE-0141,12,PLC/DLC Recommendation,PLC_DLC,PLC_Officer_6,2023-07-23T05:37:35.983566
SL-CASE-0141,13,LCGD Case Intake,LCGD,LCGD_Officer_2,2023-07-28T23:57:41.772561
SL-CASE-0141,14,LCGD Review,LCGD,LCGD_Officer_4,2023-08-08T06:01:03.906465
SL-CASE-0141,15,Higher Approval Requested,Ministry,LCGD_Officer_4,2023-08-11T00:34:51.295434
SL-CASE-0141,16,Higher Approval Granted,Ministry,LCGD_Officer_4,2023-09-06T13:39:41.526260
SL-CASE-0141,17,LCGD Lease Decision,LCGD,LCGD_Officer_3,2023-09-08T17:26:51.087098
SL-CASE-0141,18,Registration Requested,Registry,Registry_Officer_3,2023-09-10T09:37:02.468292
SL-CASE-0141,19,Registration Completed,Registry,Registry_Officer_4,2023-09-28T20:27:14.731874
SL-CASE-0141,20,DS Final Notification,DS,DS_Officer_6,2023-10-01T00:41:58.119794
SL-CASE-0142,1,DS Application Received,DS,DS_Officer_1,2024-11-24T06:47:43.118223
SL-CASE-0142,2,DS Initial Review,DS,DS_Officer_6,2024-11-25T17:44:34.411532
SL-CASE-0142,3,Survey Clearance Requested,Survey,Clearance_Officer_5,2024-11-25T22:09:22.518231
SL-CASE-0142,4,Survey Clearance Issued,Survey,Clearance_Officer_4,2024-12-13T08:54:22.210051
SL-CASE-0142,5,DS Field Report Requested,DS,Clearance_Officer_10,2024-12-13T20:24:14.077739
SL-CASE-0142,6,DS Field Report Issued,DS,Clearance_Officer_6,2024-12-22T08:11:24.957874
SL-CASE-0142,7,PLC/DLC Review,PLC_DLC,PLC_Officer_4,2024-12-29T14:28:28.771198
SL-CASE-0142,8,PLC/DLC Recommendation,PLC_DLC,PLC_Officer_5,2024-12-31T15:58:23.065700
SL-CASE-0142,9,LCGD Case Intake,LCGD,LCGD_Officer_2,2025-01-02T12:55:22.013248
SL-CASE-0142,10,LCGD Review,LCGD,LCGD_Officer_2,2025-01-10T04:28:46.474359
SL-CASE-0142,11,Higher Approval Requested,Ministry,LCGD_Officer_3,2025-01-13T01:47:51.490286
SL-CASE-0142,12,Higher Approval Granted,Ministry,LCGD_Officer_2,2025-02-16T11:21:58.654948
SL-CASE-0142,13,LCGD Lease Decision,LCGD,LCGD_Officer_2,2025-02-19T12:52:06.517291
SL-CASE-0142,14,DS Final Notification,DS,DS_Officer_2,2025-02-20T00:16:04.434223
SL-CASE-0143,1,DS Application Received,DS,DS_Officer_7,2024-03-29T22:39:34.498776
SL-CASE-0143,2,DS Initial Review,DS,DS_Officer_8,2024-03-31T06:04:57.058261
SL-CASE-0143,3,Survey Clearance Requested,Survey,Clearance_Officer_9,2024-03-31T19:17:22.719484
SL-CASE-0143,4,Survey Clearance Issued,Survey,Clearance_Officer_7,2024-04-17T09:14:31.970627
SL-CASE-0143,5,Environmental Clearance Requested,Environmental,Clearance_Officer_3,2024-04-17T19:03:32.303286
SL-CASE-0143,6,Environmental Clearance Issued,Environmental,Clearance_Officer_1,2024-04-26T20:45:17.784223
SL-CASE-0143,7,DS Field Report Requested,DS,Clearance_Officer_12,2024-04-27T11:28:10.513485
SL-CASE-0143,8,DS Field Report Issued,DS,Clearance_Officer_9,2024-05-02T23:25:39.259769
SL-CASE-0143,9,PLC/DLC Review,PLC_DLC,PLC_Officer_5,2024-05-06T00:49:00.027593
SL-CASE-0143,10,PLC/DLC Recommendation,PLC_DLC,PLC_Officer_1,2024-05-09T00:31:15.033325
SL-CASE-0143,11,LCGD Case Intake,LCGD,LCGD_Officer_4,2024-05-15T21:07:30.938532
SL-CASE-0143,12,LCGD Review,LCGD,LCGD_Officer_1,2024-05-26T17:57:56.862006
SL-CASE-0143,13,Higher Approval Requested,Ministry,LCGD_Officer_1,2024-05-29T18:06:59.169931
SL-CASE-0143,14,Higher Approval Granted,Ministry,LCGD_Officer_3,2024-06-08T17:28:11.709166
SL-CASE-0143,15,LCGD Lease Decision,LCGD,LCGD_Officer_1,2024-06-13T12:15:54.071297
SL-CASE-0143,16,Registration Requested,Registry,Registry_Officer_1,2024-06-16T05:55:39.699756
SL-CASE-0143,17,Registration Completed,Registry,Registry_Officer_1,2024-06-21T21:45:11.408587
SL-CASE-0143,18,DS Final Notification,DS,DS_Officer_5,2024-06-23T23:38:18.061412
SL-CASE-0144,1,DS Application Received,DS,DS_Officer_5,2024-03-05T03:53:56.929141
SL-CASE-0144,2,DS Initial Review,DS,DS_Officer_1,2024-03-05T20:37:27.546547
SL-CASE-0144,3,Survey Clearance Requested,Survey,Clearance_Officer_10,2024-03-06T13:54:55.598646
SL-CASE-0144,4,Survey Clearance Issued,Survey,Clearance_Officer_12,2024-03-21T19:39:12.137275
SL-CASE-0144,5,Agrarian Services Clearance Requested,Agrarian,Clearance_Officer_5,2024-03-22T14:55:25.844443
SL-CASE-0144,6,Agrarian Services Clearance Issued,Agrarian,Clearance_Officer_8,2024-03-24T18:55:49.244436
SL-CASE-0144,7,PLC/DLC Review,PLC_DLC,PLC_Officer_5,2024-03-30T18:44:47.448698
SL-CASE-0144,8,PLC/DLC Recommendation,PLC_DLC,PLC_Officer_3,2024-03-31T06:37:52.249416
SL-CASE-0144,9,LCGD Case Intake,LCGD,LCGD_Officer_1,2024-04-06T00:49:08.119284
SL-CASE-0144,10,LCGD Review,LCGD,LCGD_Officer_1,2024-04-11T01:11:20.334813
SL-CASE-0144,11,LCGD Lease Decision,LCGD,LCGD_Officer_1,2024-04-12T12:51:54.627793
SL-CASE-0144,12,DS Final Notification,DS,DS_Officer_5,2024-04-15T02:27:58.832318
SL-CASE-0145,1,DS Application Received,DS,DS_Officer_8,2023-06-26T10:45:31.111907
SL-CASE-0145,2,DS Initial Review,DS,DS_Officer_3,2023-06-27T07:01:42.177774
SL-CASE-0145,3,Survey Clearance Requested,Survey,Clearance_Officer_12,2023-06-27T14:46:33.382736
SL-CASE-0145,4,Survey Clearance Issued,Survey,Clearance_Officer_3,2023-07-03T02:28:52.540669
SL-CASE-0145,5,Agrarian Services Clearance Requested,Agrarian,Clearance_Officer_1,2023-07-03T22:04:02.803577
SL-CASE-0145,6,Agrarian Services Clearance Issued,Agrarian,Clearance_Officer_2,2023-07-11T10:24:22.072729
SL-CASE-0145,7,PLC/DLC Review,PLC_DLC,PLC_Officer_5,2023-07-21T02:57:39.368865
SL-CASE-0145,8,PLC/DLC Recommendation,PLC_DLC,PLC_Officer_2,2023-07-25T19:25:49.106033
SL-CASE-0145,9,LCGD Case Intake,LCGD,LCGD_Officer_4,2023-07-31T18:05:53.251763
SL-CASE-0145,10,LCGD Review,LCGD,LCGD_Officer_2,2023-08-12T12:56:30.129510
SL-CASE-0145,11,Higher Approval Requested,Ministry,LCGD_Officer_2,2023-08-15T22:15:27.984753
SL-CASE-0145,12,Higher Approval Granted,Ministry,LCGD_Officer_3,2023-08-28T07:22:38.789077
SL-CASE-0145,13,LCGD Lease Decision,LCGD,LCGD_Officer_3,2023-08-29T02:05:22.831665
SL-CASE-0145,14,DS Final Notification,DS,DS_Officer_2,2023-08-31T08:58:24.782390
SL-CASE-0146,1,DS Application Received,DS,DS_Officer_7,2023-02-06T19:08:57.519811
SL-CASE-0146,2,DS Initial Review,DS,DS_Officer_3,2023-02-07T20:01:52.509404
SL-CASE-0146,3,Survey Clearance Requested,Survey,Clearance_Officer_7,2023-02-08T09:42:03.526304
SL-CASE-0146,4,Survey Clearance Issued,Survey,Clearance_Officer_8,2023-02-09T15:06:37.892925
SL-CASE-0146,5,Environmental Clearance Requested,Environmental,Clearance_Officer_6,2023-02-10T01:30:52.617226
SL-CASE-0146,6,Environmental Clearance Issued,Environmental,Clearance_Officer_11,2023-03-01T08:04:42.302986
SL-CASE-0146,7,Irrigation Dept Clearance Requested,Irrigation,Clearance_Officer_2,2023-03-02T07:06:27.266217
SL-CASE-0146,8,Irrigation Dept Clearance Issued,Irrigation,Clearance_Officer_11,2023-03-20T17:35:03.516984
SL-CASE-0146,9,DS Field Report Requested,DS,Clearance_Officer_7,2023-03-21T03:22:06.702074
SL-CASE-0146,10,DS Field Report Issued,DS,Clearance_Officer_11,2023-04-02T17:44:59.810555
SL-CASE-0146,11,PLC/DLC Review,PLC_DLC,PLC_Officer_3,2023-04-11T09:27:18.147116
SL-CASE-0146,12,PLC/DLC Recommendation,PLC_DLC,PLC_Officer_1,2023-04-12T22:16:19.985607
SL-CASE-0146,13,LCGD Case Intake,LCGD,LCGD_Officer_4,2023-04-15T02:06:21.130465
SL-CASE-0146,14,LCGD Review,LCGD,LCGD_Officer_2,2023-04-22T13:02:18.085093
SL-CASE-0146,15,LCGD Lease Decision,LCGD,LCGD_Officer_2,2023-04-29T22:52:03.740225
SL-CASE-0146,16,Registration Requested,Registry,Registry_Officer_2,2023-05-02T16:08:32.173205
SL-CASE-0146,17,Registration Completed,Registry,Registry_Officer_1,2023-05-09T14:59:35.922636
SL-CASE-0146,18,DS Final Notification,DS,DS_Officer_2,2023-05-11T16:05:21.991290
SL-CASE-0147,1,DS Application Received,DS,DS_Officer_2,2023-01-09T09:01:11.239391
SL-CASE-0147,2,DS Initial Review,DS,DS_Officer_4,2023-01-09T15:31:21.334188
SL-CASE-0147,3,Survey Clearance Requested,Survey,Clearance_Officer_11,2023-01-10T14:26:00.059760
SL-CASE-0147,4,Survey Clearance Issued,Survey,Clearance_Officer_2,2023-01-13T21:58:10.739206
SL-CASE-0147,5,DS Field Report Requested,DS,Clearance_Officer_10,2023-01-14T01:52:12.540032
SL-CASE-0147,6,DS Field Report Issued,DS,Clearance_Officer_11,2023-01-17T13:06:28.286894
SL-CASE-0147,7,PLC/DLC Review,PLC_DLC,PLC_Officer_6,2023-01-25T07:16:02.741424
SL-CASE-0147,8,PLC/DLC Recommendation,PLC_DLC,PLC_Officer_2,2023-01-28T05:47:57.378704
SL-CASE-0147,9,LCGD Case Intake,LCGD,LCGD_Officer_2,2023-02-03T13:34:31.894313
SL-CASE-0147,10,LCGD Review,LCGD,LCGD_Officer_4,2023-02-08T02:41:46.804070
SL-CASE-0147,11,LCGD Lease Decision,LCGD,LCGD_Officer_1,2023-02-14T19:14:53.341865
SL-CASE-0147,12,Registration Requested,Registry,Registry_Officer_3,2023-02-18T02:04:08.862284
SL-CASE-0147,13,Registration Completed,Registry,Registry_Officer_3,2023-03-05T16:53:48.809876
SL-CASE-0147,14,DS Final Notification,DS,DS_Officer_2,2023-03-06T12:54:37.631910
SL-CASE-0148,1,DS Application Received,DS,DS_Officer_8,2023-07-14T03:18:39.023221
SL-CASE-0148,2,DS Initial Review,DS,DS_Officer_4,2023-07-16T02:24:19.464876
SL-CASE-0148,3,Survey Clearance Requested,Survey,Clearance_Officer_3,2023-07-16T17:49:55.374164
SL-CASE-0148,4,Survey Clearance Issued,Survey,Clearance_Officer_2,2023-07-30T00:10:20.557685
SL-CASE-0148,5,DS Field Report Requested,DS,Clearance_Officer_7,2023-07-30T05:20:15.267633
SL-CASE-0148,6,DS Field Report Issued,DS,Clearance_Officer_11,2023-08-04T08:55:18.543074
SL-CASE-0148,7,PLC/DLC Review,PLC_DLC,PLC_Officer_4,2023-08-05T21:08:48.306484
SL-CASE-0148,8,PLC/DLC Recommendation,PLC_DLC,PLC_Officer_1,2023-08-09T12:42:08.596889
SL-CASE-0148,9,LCGD Case Intake,LCGD,LCGD_Officer_1,2023-08-10T06:08:26.475312
SL-CASE-0148,10,LCGD Review,LCGD,LCGD_Officer_3,2023-08-19T06:06:44.854900
SL-CASE-0148,11,LCGD Lease Decision,LCGD,LCGD_Officer_1,2023-08-27T01:59:09.442962
SL-CASE-0148,12,Registration Requested,Registry,Registry_Officer_2,2023-08-31T14:11:18.129005
SL-CASE-0148,13,Registration Completed,Registry,Registry_Officer_1,2023-09-13T23:53:41.859109
SL-CASE-0148,14,DS Final Notification,DS,DS_Officer_7,2023-09-16T19:11:51.077439
SL-CASE-0149,1,DS Application Received,DS,DS_Officer_2,2023-07-06T13:49:15.531759
SL-CASE-0149,2,DS Initial Review,DS,DS_Officer_1,2023-07-07T17:35:11.920535
SL-CASE-0149,3,Survey Clearance Requested,Survey,Clearance_Officer_12,2023-07-08T04:02:38.291354
SL-CASE-0149,4,Survey Clearance Issued,Survey,Clearance_Officer_8,2023-07-24T17:02:28.775402
SL-CASE-0149,5,Agrarian Services Clearance Requested,Agrarian,Clearance_Officer_9,2023-07-24T21:42:28.104505
SL-CASE-0149,6,Agrarian Services Clearance Issued,Agrarian,Clearance_Officer_6,2023-08-12T16:05:13.359520
SL-CASE-0149,7,PLC/DLC Review,PLC_DLC,PLC_Officer_3,2023-08-16T08:06:40.675816
SL-CASE-0149,8,PLC/DLC Recommendation,PLC_DLC,PLC_Officer_6,2023-08-18T11:46:52.989112
SL-CASE-0149,9,LCGD Case Intake,LCGD,LCGD_Officer_1,2023-08-25T11:18:57.060311
SL-CASE-0149,10,LCGD Review,LCGD,LCGD_Officer_3,2023-08-31T14:04:30.905595
SL-CASE-0149,11,LCGD Lease Decision,LCGD,LCGD_Officer_4,2023-09-01T14:54:07.701005
SL-CASE-0149,12,DS Final Notification,DS,DS_Officer_5,2023-09-03T22:08:01.877387
SL-CASE-0150,1,DS Application Received,DS,DS_Officer_6,2024-03-29T11:07:43.472567
SL-CASE-0150,2,DS Initial Review,DS,DS_Officer_8,2024-03-30T12:32:05.633636
SL-CASE-0150,3,Survey Clearance Requested,Survey,Clearance_Officer_3,2024-03-31T06:42:43.308932
SL-CASE-0150,4,Survey Clearance Issued,Survey,Clearance_Officer_1,2024-04-01T22:59:25.619543
SL-CASE-0150,5,Environmental Clearance Requested,Environmental,Clearance_Officer_10,2024-04-02T16:49:28.951095
SL-CASE-0150,6,Environmental Clearance Issued,Environmental,Clearance_Officer_7,2024-04-08T05:34:26.142690
SL-CASE-0150,7,DS Field Report Requested,DS,Clearance_Officer_9,2024-04-08T08:57:35.159053
SL-CASE-0150,8,DS Field Report Issued,DS,Clearance_Officer_8,2024-04-21T14:21:13.137074
SL-CASE-0150,9,PLC/DLC Review,PLC_DLC,PLC_Officer_4,2024-04-27T04:05:31.127458
SL-CASE-0150,10,PLC/DLC Recommendation,PLC_DLC,PLC_Officer_1,2024-05-02T00:16:53.154457
SL-CASE-0150,11,LCGD Case Intake,LCGD,LCGD_Officer_1,2024-05-02T18:03:36.323506
SL-CASE-0150,12,LCGD Review,LCGD,LCGD_Officer_1,2024-05-08T11:32:00.747405
SL-CASE-0150,13,Higher Approval Requested,Ministry,LCGD_Officer_2,2024-05-10T15:45:41.171507
SL-CASE-0150,14,Higher Approval Granted,Ministry,LCGD_Officer_4,2024-06-12T21:43:42.777869
SL-CASE-0150,15,LCGD Lease Decision,LCGD,LCGD_Officer_2,2024-06-22T07:42:34.416640
SL-CASE-0150,16,Registration Requested,Registry,Registry_Officer_2,2024-06-26T02:11:21.951990
SL-CASE-0150,17,Registration Completed,Registry,Registry_Officer_1,2024-07-14T15:54:19.588565
SL-CASE-0150,18,DS Final Notification,DS,DS_Officer_8,2024-07-16T21:23:15.438921
SL-CASE-0151,1,DS Application Received,DS,DS_Officer_2,2024-04-02T16:59:03.568411
SL-CASE-0151,2,DS Initial Review,DS,DS_Officer_3,2024-04-03T17:03:23.207931
SL-CASE-0151,3,Survey Clearance Requested,Survey,Clearance_Officer_2,2024-04-04T13:26:03.098765
SL-CASE-0151,4,Survey Clearance Issued,Survey,Clearance_Officer_2,2024-04-21T02:21:03.870582
SL-CASE-0151,5,Environmental Clearance Requested,Environmental,Clearance_Officer_10,2024-04-21T06:51:46.901394
SL-CASE-0151,6,Environmental Clearance Issued,Environmental,Clearance_Officer_4,2024-05-07T11:17:12.946378
SL-CASE-0151,7,Irrigation Dept Clearance Requested,Irrigation,Clearance_Officer_4,2024-05-07T14:40:31.267224
SL-CASE-0151,8,Irrigation Dept Clearance Issued,Irrigation,Clearance_Officer_12,2024-05-16T17:01:40.006425
SL-CASE-0151,9,DS Field Report Requested,DS,Clearance_Officer_6,2024-05-17T09:57:09.115139
SL-CASE-0151,10,DS Field Report Issued,DS,Clearance_Officer_11,2024-05-20T17:02:18.399936
SL-CASE-0151,11,PLC/DLC Review,PLC_DLC,PLC_Officer_2,2024-05-26T16:21:32.122115
SL-CASE-0151,12,PLC/DLC Recommendation,PLC_DLC,PLC_Officer_2,2024-05-28T11:01:12.611298
SL-CASE-0151,13,LCGD Case Intake,LCGD,LCGD_Officer_2,2024-06-02T22:14:22.990035
SL-CASE-0151,14,LCGD Review,LCGD,LCGD_Officer_1,2024-06-08T14:58:08.299023
SL-CASE-0151,15,Higher Approval Requested,Ministry,LCGD_Officer_4,2024-06-10T04:11:34.132890
SL-CASE-0151,16,Higher Approval Granted,Ministry,LCGD_Officer_3,2024-06-21T01:21:19.912771
SL-CASE-0151,17,LCGD Lease Decision,LCGD,LCGD_Officer_4,2024-06-26T16:51:10.584440
SL-CASE-0151,18,Registration Requested,Registry,Registry_Officer_1,2024-06-28T02:37:42.332176
SL-CASE-0151,19,Registration Completed,Registry,Registry_Officer_4,2024-07-01T15:26:43.963953
SL-CASE-0151,20,DS Final Notification,DS,DS_Officer_1,2024-07-03T23:52:54.696640
SL-CASE-0152,1,DS Application Received,DS,DS_Officer_8,2024-09-07T18:33:54.182072
SL-CASE-0152,2,DS Initial Review,DS,DS_Officer_4,2024-09-09T05:01:43.741677
SL-CASE-0152,3,Survey Clearance Requested,Survey,Clearance_Officer_5,2024-09-09T10:10:36.300287
SL-CASE-0152,4,Survey Clearance Issued,Survey,Clearance_Officer_7,2024-09-20T08:42:15.696446
SL-CASE-0152,5,DS Field Report Requested,DS,Clearance_Officer_3,2024-09-20T15:58:04.594153
SL-CASE-0152,6,DS Field Report Issued,DS,Clearance_Officer_1,2024-10-03T06:22:23.756289
SL-CASE-0152,7,PLC/DLC Review,PLC_DLC,PLC_Officer_6,2024-10-09T10:19:23.789855
SL-CASE-0152,8,PLC/DLC Recommendation,PLC_DLC,PLC_Officer_1,2024-10-12T01:18:37.675219
SL-CASE-0152,9,LCGD Case Intake,LCGD,LCGD_Officer_3,2024-10-16T15:09:08.508131
SL-CASE-0152,10,LCGD Review,LCGD,LCGD_Officer_1,2024-10-22T12:01:52.182588
SL-CASE-0152,11,LCGD Lease Decision,LCGD,LCGD_Officer_2,2024-10-28T04:32:07.426471
SL-CASE-0152,12,DS Final Notification,DS,DS_Officer_2,2024-10-28T14:45:39.397794
SL-CASE-0153,1,DS Application Received,DS,DS_Officer_8,2024-03-09T07:48:32.175387
SL-CASE-0153,2,DS Initial Review,DS,DS_Officer_3,2024-03-10T09:41:58.525695
SL-CASE-0153,3,Survey Clearance Requested,Survey,Clearance_Officer_1,2024-03-11T02:26:33.822397
SL-CASE-0153,4,Survey Clearance Issued,Survey,Clearance_Officer_6,2024-03-13T03:04:45.554084
SL-CASE-0153,5,Environmental Clearance Requested,Environmental,Clearance_Officer_7,2024-03-13T11:21:02.664069
SL-CASE-0153,6,Environmental Clearance Issued,Environmental,Clearance_Officer_10,2024-03-19T05:58:50.993653
SL-CASE-0153,7,DS Field Report Requested,DS,Clearance_Officer_8,2024-03-20T01:41:39.164678
SL-CASE-0153,8,DS Field Report Issued,DS,Clearance_Officer_12,2024-03-21T21:26:49.144202
SL-CASE-0153,9,PLC/DLC Review,PLC_DLC,PLC_Officer_5,2024-03-22T21:24:25.504691
SL-CASE-0153,10,PLC/DLC Recommendation,PLC_DLC,PLC_Officer_1,2024-03-23T23:27:29.779103
SL-CASE-0153,11,LCGD Case Intake,LCGD,LCGD_Officer_1,2024-03-27T15:07:40.259110
SL-CASE-0153,12,LCGD Review,LCGD,LCGD_Officer_2,2024-03-29T14:56:11.908488
SL-CASE-0153,13,LCGD Lease Decision,LCGD,LCGD_Officer_3,2024-04-05T21:44:41.863551
SL-CASE-0153,14,Registration Requested,Registry,Registry_Officer_3,2024-04-08T03:31:06.662465
SL-CASE-0153,15,Registration Completed,Registry,Registry_Officer_1,2024-04-13T12:25:38.470031
SL-CASE-0153,16,DS Final Notification,DS,DS_Officer_2,2024-04-14T13:15:23.790657
SL-CASE-0154,1,DS Application Received,DS,DS_Officer_4,2023-06-16T00:27:36.727511
SL-CASE-0154,2,DS Initial Review,DS,DS_Officer_8,2023-06-17T21:17:14.046756
SL-CASE-0154,3,Survey Clearance Requested,Survey,Clearance_Officer_6,2023-06-18T03:12:16.459381
SL-CASE-0154,4,Survey Clearance Issued,Survey,Clearance_Officer_12,2023-06-21T17:24:18.274677
SL-CASE-0154,5,Environmental Clearance Requested,Environmental,Clearance_Officer_6,2023-06-21T23:40:35.344571
SL-CASE-0154,6,Environmental Clearance Issued,Environmental,Clearance_Officer_4,2023-07-11T12:31:47.895758
SL-CASE-0154,7,Irrigation Dept Clearance Requested,Irrigation,Clearance_Officer_1,2023-07-11T21:55:10.489660
SL-CASE-0154,8,Irrigation Dept Clearance Issued,Irrigation,Clearance_Officer_1,2023-07-26T01:34:03.294906
SL-CASE-0154,9,DS Field Report Requested,DS,Clearance_Officer_2,2023-07-26T09:44:27.143973
SL-CASE-0154,10,DS Field Report Issued,DS,Clearance_Officer_8,2023-08-12T14:05:38.027290
SL-CASE-0154,11,PLC/DLC Review,PLC_DLC,PLC_Officer_3,2023-08-17T01:26:56.146423
SL-CASE-0154,12,PLC/DLC Recommendation,PLC_DLC,PLC_Officer_3,2023-08-18T08:30:44.049191
SL-CASE-0154,13,LCGD Case Intake,LCGD,LCGD_Officer_2,2023-08-22T18:40:46.017158
SL-CASE-0154,14,LCGD Review,LCGD,LCGD_Officer_2,2023-08-31T20:55:41.718059
SL-CASE-0154,15,Higher Approval Requested,Ministry,LCGD_Officer_4,2023-09-01T12:47:10.784035
SL-CASE-0154,16,Higher Approval Granted,Ministry,LCGD_Officer_2,2023-10-06T17:02:00.720718
SL-CASE-0154,17,LCGD Lease Decision,LCGD,LCGD_Officer_4,2023-10-12T17:27:48.446697
SL-CASE-0154,18,Registration Requested,Registry,Registry_Officer_4,2023-10-14T07:17:20.175168
SL-CASE-0154,19,Registration Completed,Registry,Registry_Officer_2,2023-10-29T06:59:11.390298
SL-CASE-0154,20,DS Final Notification,DS,DS_Officer_7,2023-10-30T02:20:04.914161
SL-CASE-0155,1,DS Application Received,DS,DS_Officer_7,2024-02-10T15:06:48.044599
SL-CASE-0155,2,DS Initial Review,DS,DS_Officer_2,2024-02-11T16:12:04.307931
SL-CASE-0155,3,Survey Clearance Requested,Survey,Clearance_Officer_4,2024-02-12T04:09:17.664294
SL-CASE-0155,4,Survey Clearance Issued,Survey,Clearance_Officer_1,2024-02-14T18:02:40.709984
SL-CASE-0155,5,Environmental Clearance Requested,Environmental,Clearance_Officer_7,2024-02-15T11:17:38.969233
SL-CASE-0155,6,Environmental Clearance Issued,Environmental,Clearance_Officer_3,2024-03-05T12:27:50.452255
SL-CASE-0155,7,DS Field Report Requested,DS,Clearance_Officer_4,2024-03-05T22:20:56.182243
SL-CASE-0155,8,DS Field Report Issued,DS,Clearance_Officer_2,2024-03-19T05:40:22.332037
SL-CASE-0155,9,PLC/DLC Review,PLC_DLC,PLC_Officer_6,2024-03-19T21:18:17.811021
SL-CASE-0155,10,PLC/DLC Recommendation,PLC_DLC,PLC_Officer_6,2024-03-21T14:03:22.752574
SL-CASE-0155,11,LCGD Case Intake,LCGD,LCGD_Officer_1,2024-03-25T01:42:15.993693
SL-CASE-0155,12,LCGD Review,LCGD,LCGD_Officer_4,2024-04-08T17:46:54.567300
SL-CASE-0155,13,Higher Approval Requested,Ministry,LCGD_Officer_4,2024-04-12T15:46:15.654504
SL-CASE-0155,14,Higher Approval Granted,Ministry,LCGD_Officer_3,2024-04-24T03:07:31.566942
SL-CASE-0155,15,LCGD Lease Decision,LCGD,LCGD_Officer_1,2024-04-30T11:47:57.116681
SL-CASE-0155,16,Registration Requested,Registry,Registry_Officer_1,2024-05-04T19:52:58.156650
SL-CASE-0155,17,Registration Completed,Registry,Registry_Officer_3,2024-05-13T03:23:15.962854
SL-CASE-0155,18,DS Final Notification,DS,DS_Officer_5,2024-05-14T18:33:07.885246
SL-CASE-0156,1,DS Application Received,DS,DS_Officer_6,2023-10-26T03:16:02.907821
SL-CASE-0156,2,DS Initial Review,DS,DS_Officer_2,2023-10-27T22:20:18.608124
SL-CASE-0156,3,Survey Clearance Requested,Survey,Clearance_Officer_8,2023-10-28T08:45:48.643734
SL-CASE-0156,4,Survey Clearance Issued,Survey,Clearance_Officer_6,2023-11-10T03:05:18.115903
SL-CASE-0156,5,Agrarian Services Clearance Requested,Agrarian,Clearance_Officer_11,2023-11-10T13:08:59.609179
SL-CASE-0156,6,Agrarian Services Clearance Issued,Agrarian,Clearance_Officer_2,2023-11-22T03:57:30.025081
SL-CASE-0156,7,PLC/DLC Review,PLC_DLC,PLC_Officer_2,2023-11-27T23:48:40.362661
SL-CASE-0156,8,PLC/DLC Recommendation,PLC_DLC,PLC_Officer_3,2023-11-28T21:35:22.105926
SL-CASE-0156,9,LCGD Case Intake,LCGD,LCGD_Officer_1,2023-11-30T22:48:58.233255
SL-CASE-0156,10,LCGD Review,LCGD,LCGD_Officer_2,2023-12-11T00:53:35.082307
SL-CASE-0156,11,LCGD Lease Decision,LCGD,LCGD_Officer_2,2023-12-18T15:08:08.437359
SL-CASE-0156,12,DS Final Notification,DS,DS_Officer_5,2023-12-19T15:34:05.319109
SL-CASE-0157,1,DS Application Received,DS,DS_Officer_5,2023-12-19T12:09:13.503623
SL-CASE-0157,2,DS Initial Review,DS,DS_Officer_6,2023-12-20T12:02:26.879431
SL-CASE-0157,3,Survey Clearance Requested,Survey,Clearance_Officer_12,2023-12-21T07:38:19.265713
SL-CASE-0157,4,Survey Clearance Issued,Survey,Clearance_Officer_2,2024-01-06T16:26:58.576801
SL-CASE-0157,5,Environmental Clearance Requested,Environmental,Clearance_Officer_8,2024-01-06T22:35:36.180528
SL-CASE-0157,6,Environmental Clearance Issued,Environmental,Clearance_Officer_7,2024-01-09T14:24:22.224781
SL-CASE-0157,7,Irrigation Dept Clearance Requested,Irrigation,Clearance_Officer_5,2024-01-10T12:09:39.536883
SL-CASE-0157,8,Irrigation Dept Clearance Issued,Irrigation,Clearance_Officer_2,2024-01-29T17:07:33.415666
SL-CASE-0157,9,DS Field Report Requested,DS,Clearance_Officer_5,2024-01-29T21:31:55.117377
SL-CASE-0157,10,DS Field Report Issued,DS,Clearance_Officer_3,2024-02-02T00:36:54.668998
SL-CASE-0157,11,PLC/DLC Review,PLC_DLC,PLC_Officer_2,2024-02-07T05:46:41.294672
SL-CASE-0157,12,PLC/DLC Recommendation,PLC_DLC,PLC_Officer_6,2024-02-09T23:08:11.501864
SL-CASE-0157,13,LCGD Case Intake,LCGD,LCGD_Officer_4,2024-02-10T14:40:34.356685
SL-CASE-0157,14,LCGD Review,LCGD,LCGD_Officer_2,2024-02-25T04:27:11.799549
SL-CASE-0157,15,Higher Approval Requested,Ministry,LCGD_Officer_4,2024-02-27T16:28:42.377788
SL-CASE-0157,16,Higher Approval Granted,Ministry,LCGD_Officer_1,2024-03-19T05:19:15.175223
SL-CASE-0157,17,LCGD Lease Decision,LCGD,LCGD_Officer_1,2024-03-22T07:32:08.925153
SL-CASE-0157,18,Registration Requested,Registry,Registry_Officer_2,2024-03-22T16:02:52.753397
SL-CASE-0157,19,Registration Completed,Registry,Registry_Officer_3,2024-04-08T12:47:02.599952
SL-CASE-0157,20,DS Final Notification,DS,DS_Officer_6,2024-04-09T19:36:08.915803
SL-CASE-0158,1,DS Application Received,DS,DS_Officer_4,2024-04-04T02:21:17.868377
SL-CASE-0158,2,DS Initial Review,DS,DS_Officer_5,2024-04-05T03:39:41.977412
SL-CASE-0158,3,Survey Clearance Requested,Survey,Clearance_Officer_1,2024-04-05T22:35:46.156592
SL-CASE-0158,4,Survey Clearance Issued,Survey,Clearance_Officer_5,2024-04-09T18:14:18.367990
SL-CASE-0158,5,Agrarian Services Clearance Requested,Agrarian,Clearance_Officer_3,2024-04-10T06:16:07.749735
SL-CASE-0158,6,Agrarian Services Clearance Issued,Agrarian,Clearance_Officer_3,2024-04-23T00:21:51.135076
SL-CASE-0158,7,PLC/DLC Review,PLC_DLC,PLC_Officer_3,2024-04-30T06:39:26.566139
SL-CASE-0158,8,PLC/DLC Recommendation,PLC_DLC,PLC_Officer_2,2024-05-01T09:26:14.487634
SL-CASE-0158,9,LCGD Case Intake,LCGD,LCGD_Officer_2,2024-05-07T08:22:23.157365
SL-CASE-0158,10,LCGD Review,LCGD,LCGD_Officer_1,2024-05-10T14:33:16.858478
SL-CASE-0158,11,LCGD Lease Decision,LCGD,LCGD_Officer_3,2024-05-11T06:11:02.845424
SL-CASE-0158,12,Registration Requested,Registry,Registry_Officer_4,2024-05-14T05:40:47.975590
SL-CASE-0158,13,Registration Completed,Registry,Registry_Officer_2,2024-05-20T04:25:32.430595
SL-CASE-0158,14,DS Final Notification,DS,DS_Officer_1,2024-05-20T20:47:11.581796
SL-CASE-0159,1,DS Application Received,DS,DS_Officer_8,2024-04-10T21:20:41.931585
SL-CASE-0159,2,DS Initial Review,DS,DS_Officer_8,2024-04-12T11:09:35.209054
SL-CASE-0159,3,Survey Clearance Requested,Survey,Clearance_Officer_3,2024-04-13T09:34:17.863201
SL-CASE-0159,4,Survey Clearance Issued,Survey,Clearance_Officer_12,2024-04-14T11:31:47.395631
SL-CASE-0159,5,Agrarian Services Clearance Requested,Agrarian,Clearance_Officer_9,2024-04-15T01:32:42.126199
SL-CASE-0159,6,Agrarian Services Clearance Issued,Agrarian,Clearance_Officer_12,2024-04-22T08:36:32.434804
SL-CASE-0159,7,PLC/DLC Review,PLC_DLC,PLC_Officer_3,2024-04-25T15:59:45.513013
SL-CASE-0159,8,PLC/DLC Recommendation,PLC_DLC,PLC_Officer_5,2024-04-30T12:31:51.633689
SL-CASE-0159,9,LCGD Case Intake,LCGD,LCGD_Officer_4,2024-05-05T08:33:55.783675
SL-CASE-0159,10,LCGD Review,LCGD,LCGD_Officer_1,2024-05-11T02:21:48.470073
SL-CASE-0159,11,LCGD Lease Decision,LCGD,LCGD_Officer_1,2024-05-18T11:34:02.445200
SL-CASE-0159,12,Registration Requested,Registry,Registry_Officer_1,2024-05-19T09:27:41.764835
SL-CASE-0159,13,Registration Completed,Registry,Registry_Officer_4,2024-05-26T05:56:49.505622
SL-CASE-0159,14,DS Final Notification,DS,DS_Officer_4,2024-05-28T03:10:25.047765
SL-CASE-0160,1,DS Application Received,DS,DS_Officer_4,2023-11-09T05:52:31.446160
SL-CASE-0160,2,DS Initial Review,DS,DS_Officer_8,2023-11-09T10:52:03.151743
SL-CASE-0160,3,Survey Clearance Requested,Survey,Clearance_Officer_2,2023-11-10T03:45:46.572086
SL-CASE-0160,4,Survey Clearance Issued,Survey,Clearance_Officer_7,2023-11-29T16:44:44.706650
SL-CASE-0160,5,DS Field Report Requested,DS,Clearance_Officer_6,2023-11-29T23:01:25.149766
SL-CASE-0160,6,DS Field Report Issued,DS,Clearance_Officer_9,2023-12-12T10:04:12.099143
SL-CASE-0160,7,PLC/DLC Review,PLC_DLC,PLC_Officer_6,2023-12-21T21:09:56.595438
SL-CASE-0160,8,PLC/DLC Recommendation,PLC_DLC,PLC_Officer_2,2023-12-23T20:19:37.617736
SL-CASE-0160,9,LCGD Case Intake,LCGD,LCGD_Officer_4,2023-12-29T00:01:02.872282
SL-CASE-0160,10,LCGD Review,LCGD,LCGD_Officer_3,2024-01-04T04:12:47.280497
SL-CASE-0160,11,LCGD Lease Decision,LCGD,LCGD_Officer_3,2024-01-04T13:03:56.802924
SL-CASE-0160,12,DS Final Notification,DS,DS_Officer_8,2024-01-05T15:39:38.271348
SL-CASE-0161,1,DS Application Received,DS,DS_Officer_7,2024-09-04T01:43:30.583984
SL-CASE-0161,2,DS Initial Review,DS,DS_Officer_7,2024-09-05T13:47:01.697637
SL-CASE-0161,3,Survey Clearance Requested,Survey,Clearance_Officer_10,2024-09-05T18:51:15.458438
SL-CASE-0161,4,Survey Clearance Issued,Survey,Clearance_Officer_3,2024-09-18T03:30:46.715079
SL-CASE-0161,5,DS Field Report Requested,DS,Clearance_Officer_8,2024-09-18T10:05:03.191303
SL-CASE-0161,6,DS Field Report Issued,DS,Clearance_Officer_9,2024-10-08T04:47:11.784940
SL-CASE-0161,7,PLC/DLC Review,PLC_DLC,PLC_Officer_1,2024-10-18T01:44:24.540423
SL-CASE-0161,8,PLC/DLC Recommendation,PLC_DLC,PLC_Officer_5,2024-10-22T18:07:10.529861
SL-CASE-0161,9,LCGD Case Intake,LCGD,LCGD_Officer_1,2024-10-28T04:04:24.182332
SL-CASE-0161,10,LCGD Review,LCGD,LCGD_Officer_3,2024-10-29T06:17:50.364926
SL-CASE-0161,11,LCGD Lease Decision,LCGD,LCGD_Officer_4,2024-11-02T13:17:36.970267
SL-CASE-0161,12,Registration Requested,Registry,Registry_Officer_2,2024-11-06T04:15:42.341847
SL-CASE-0161,13,Registration Completed,Registry,Registry_Officer_4,2024-11-10T23:07:23.554740
SL-CASE-0161,14,DS Final Notification,DS,DS_Officer_8,2024-11-11T21:23:08.272710
SL-CASE-0162,1,DS Application Received,DS,DS_Officer_8,2023-01-30T14:02:17.939831
SL-CASE-0162,2,DS Initial Review,DS,DS_Officer_5,2023-01-30T23:30:07.564645
SL-CASE-0162,3,Survey Clearance Requested,Survey,Clearance_Officer_8,2023-01-31T10:40:46.381000
SL-CASE-0162,4,Survey Clearance Issued,Survey,Clearance_Officer_11,2023-02-18T16:10:38.093448
SL-CASE-0162,5,Agrarian Services Clearance Requested,Agrarian,Clearance_Officer_2,2023-02-18T23:33:42.314160
SL-CASE-0162,6,Agrarian Services Clearance Issued,Agrarian,Clearance_Officer_8,2023-03-06T12:16:23.967064
SL-CASE-0162,7,PLC/DLC Review,PLC_DLC,PLC_Officer_1,2023-03-16T10:58:52.455764
SL-CASE-0162,8,PLC/DLC Recommendation,PLC_DLC,PLC_Officer_3,2023-03-19T13:15:17.454887
SL-CASE-0162,9,LCGD Case Intake,LCGD,LCGD_Officer_4,2023-03-23T19:54:03.991371
SL-CASE-0162,10,LCGD Review,LCGD,LCGD_Officer_4,2023-04-05T23:39:55.214017
SL-CASE-0162,11,Higher Approval Requested,Ministry,LCGD_Officer_1,2023-04-10T20:43:51.004360
SL-CASE-0162,12,Higher Approval Granted,Ministry,LCGD_Officer_1,2023-04-28T22:13:14.505464
SL-CASE-0162,13,LCGD Lease Decision,LCGD,LCGD_Officer_2,2023-05-07T10:00:58.434803
SL-CASE-0162,14,Registration Requested,Registry,Registry_Officer_2,2023-05-10T10:19:29.440342
SL-CASE-0162,15,Registration Completed,Registry,Registry_Officer_2,2023-05-17T12:05:57.952870
SL-CASE-0162,16,DS Final Notification,DS,DS_Officer_1,2023-05-18T15:06:59.090108
SL-CASE-0163,1,DS Application Received,DS,DS_Officer_3,2023-07-10T22:23:41.374891
SL-CASE-0163,2,DS Initial Review,DS,DS_Officer_3,2023-07-12T12:02:28.172547
SL-CASE-0163,3,Survey Clearance Requested,Survey,Clearance_Officer_6,2023-07-13T02:00:10.189499
SL-CASE-0163,4,Survey Clearance Issued,Survey,Clearance_Officer_11,2023-07-29T19:02:01.179129
SL-CASE-0163,5,Environmental Clearance Requested,Environmental,Clearance_Officer_5,2023-07-30T14:37:51.453864
SL-CASE-0163,6,Environmental Clearance Issued,Environmental,Clearance_Officer_12,2023-08-13T15:11:35.863732
SL-CASE-0163,7,Irrigation Dept Clearance Requested,Irrigation,Clearance_Officer_9,2023-08-14T01:10:07.659774
SL-CASE-0163,8,Irrigation Dept Clearance Issued,Irrigation,Clearance_Officer_3,2023-08-26T01:40:12.226405
SL-CASE-0163,9,DS Field Report Requested,DS,Clearance_Officer_9,2023-08-26T03:57:13.721381
SL-CASE-0163,10,DS Field Report Issued,DS,Clearance_Officer_8,2023-09-01T12:16:49.116282
SL-CASE-0163,11,PLC/DLC Review,PLC_DLC,PLC_Officer_2,2023-09-05T22:12:54.205562
SL-CASE-0163,12,PLC/DLC Recommendation,PLC_DLC,PLC_Officer_2,2023-09-06T15:53:26.494517
SL-CASE-0163,13,LCGD Case Intake,LCGD,LCGD_Officer_2,2023-09-10T10:25:06.327262
SL-CASE-0163,14,LCGD Review,LCGD,LCGD_Officer_1,2023-09-22T13:34:27.437594
SL-CASE-0163,15,LCGD Lease Decision,LCGD,LCGD_Officer_1,2023-09-26T21:13:59.924846
SL-CASE-0163,16,Registration Requested,Registry,Registry_Officer_2,2023-09-27T16:31:18.467952
SL-CASE-0163,17,Registration Completed,Registry,Registry_Officer_4,2023-10-16T05:35:47.917947
SL-CASE-0163,18,DS Final Notification,DS,DS_Officer_6,2023-10-17T07:58:16.815876
SL-CASE-0164,1,DS Application Received,DS,DS_Officer_3,2023-04-08T07:41:32.372345
SL-CASE-0164,2,DS Initial Review,DS,DS_Officer_5,2023-04-09T17:57:59.042081
SL-CASE-0164,3,Survey Clearance Requested,Survey,Clearance_Officer_3,2023-04-09T22:43:26.301227
SL-CASE-0164,4,Survey Clearance Issued,Survey,Clearance_Officer_7,2023-04-29T14:06:35.767354
SL-CASE-0164,5,Environmental Clearance Requested,Environmental,Clearance_Officer_2,2023-04-30T07:18:28.563777
SL-CASE-0164,6,Environmental Clearance Issued,Environmental,Clearance_Officer_8,2023-05-02T18:45:18.828189
SL-CASE-0164,7,Irrigation Dept Clearance Requested,Irrigation,Clearance_Officer_1,2023-05-03T13:24:59.683712
SL-CASE-0164,8,Irrigation Dept Clearance Issued,Irrigation,Clearance_Officer_1,2023-05-08T06:57:09.473048
SL-CASE-0164,9,DS Field Report Requested,DS,Clearance_Officer_9,2023-05-09T02:23:59.443435
SL-CASE-0164,10,DS Field Report Issued,DS,Clearance_Officer_8,2023-05-21T08:53:17.446775
SL-CASE-0164,11,PLC/DLC Review,PLC_DLC,PLC_Officer_3,2023-05-23T00:00:08.803308
SL-CASE-0164,12,PLC/DLC Recommendation,PLC_DLC,PLC_Officer_3,2023-05-23T10:56:11.529293
SL-CASE-0164,13,LCGD Case Intake,LCGD,LCGD_Officer_1,2023-05-28T07:04:48.064749
SL-CASE-0164,14,LCGD Review,LCGD,LCGD_Officer_2,2023-06-09T05:57:23.801500
SL-CASE-0164,15,Higher Approval Requested,Ministry,LCGD_Officer_2,2023-06-12T06:56:36.091888
SL-CASE-0164,16,Higher Approval Granted,Ministry,LCGD_Officer_3,2023-06-23T18:09:36.329413
SL-CASE-0164,17,LCGD Lease Decision,LCGD,LCGD_Officer_2,2023-06-24T07:00:24.208844
SL-CASE-0164,18,Registration Requested,Registry,Registry_Officer_3,2023-06-28T13:26:05.777659
SL-CASE-0164,19,Registration Completed,Registry,Registry_Officer_3,2023-07-17T14:05:02.076564
SL-CASE-0164,20,DS Final Notification,DS,DS_Officer_4,2023-07-18T16:44:17.301481
SL-CASE-0165,1,DS Application Received,DS,DS_Officer_1,2023-12-20T11:58:59.102027
SL-CASE-0165,2,DS Initial Review,DS,DS_Officer_2,2023-12-22T10:49:14.158802
SL-CASE-0165,3,Survey Clearance Requested,Survey,Clearance_Officer_9,2023-12-23T09:09:13.340890
SL-CASE-0165,4,Survey Clearance Issued,Survey,Clearance_Officer_8,2024-01-09T13:20:42.184381
SL-CASE-0165,5,DS Field Report Requested,DS,Clearance_Officer_10,2024-01-09T23:24:26.056012
SL-CASE-0165,6,DS Field Report Issued,DS,Clearance_Officer_11,2024-01-14T11:49:28.534672
SL-CASE-0165,7,PLC/DLC Review,PLC_DLC,PLC_Officer_2,2024-01-24T02:11:27.876285
SL-CASE-0165,8,PLC/DLC Recommendation,PLC_DLC,PLC_Officer_4,2024-01-28T07:21:06.056223
SL-CASE-0165,9,LCGD Case Intake,LCGD,LCGD_Officer_2,2024-01-31T13:30:36.037693
SL-CASE-0165,10,LCGD Review,LCGD,LCGD_Officer_3,2024-02-07T06:27:22.350174
SL-CASE-0165,11,LCGD Lease Decision,LCGD,LCGD_Officer_1,2024-02-08T17:22:55.965218
SL-CASE-0165,12,Registration Requested,Registry,Registry_Officer_4,2024-02-11T10:37:52.164568
SL-CASE-0165,13,Registration Completed,Registry,Registry_Officer_3,2024-02-26T22:13:40.636646
SL-CASE-0165,14,DS Final Notification,DS,DS_Officer_1,2024-02-28T15:13:37.931599
SL-CASE-0166,1,DS Application Received,DS,DS_Officer_7,2023-02-27T14:39:12.203772
SL-CASE-0166,2,DS Initial Review,DS,DS_Officer_7,2023-02-28T07:26:21.552855
SL-CASE-0166,3,Survey Clearance Requested,Survey,Clearance_Officer_2,2023-02-28T13:35:33.323720
SL-CASE-0166,4,Survey Clearance Issued,Survey,Clearance_Officer_8,2023-03-18T13:36:02.552275
SL-CASE-0166,5,Environmental Clearance Requested,Environmental,Clearance_Officer_6,2023-03-19T12:15:37.846813
SL-CASE-0166,6,Environmental Clearance Issued,Environmental,Clearance_Officer_11,2023-03-23T22:01:12.267221
SL-CASE-0166,7,Irrigation Dept Clearance Requested,Irrigation,Clearance_Officer_2,2023-03-24T10:50:10.818406
SL-CASE-0166,8,Irrigation Dept Clearance Issued,Irrigation,Clearance_Officer_9,2023-04-01T23:34:51.414012
SL-CASE-0166,9,DS Field Report Requested,DS,Clearance_Officer_2,2023-04-02T16:04:08.436464
SL-CASE-0166,10,DS Field Report Issued,DS,Clearance_Officer_7,2023-04-05T22:25:56.448986
SL-CASE-0166,11,PLC/DLC Review,PLC_DLC,PLC_Officer_5,2023-04-10T05:46:28.864442
SL-CASE-0166,12,PLC/DLC Recommendation,PLC_DLC,PLC_Officer_6,2023-04-15T03:13:03.943287
SL-CASE-0166,13,LCGD Case Intake,LCGD,LCGD_Officer_2,2023-04-21T15:33:46.984495
SL-CASE-0166,14,LCGD Review,LCGD,LCGD_Officer_2,2023-04-23T13:18:20.697833
SL-CASE-0166,15,Higher Approval Requested,Ministry,LCGD_Officer_4,2023-04-25T09:54:35.125490
SL-CASE-0166,16,Higher Approval Granted,Ministry,LCGD_Officer_4,2023-05-04T17:01:47.920611
SL-CASE-0166,17,LCGD Lease Decision,LCGD,LCGD_Officer_3,2023-05-12T00:43:36.822091
SL-CASE-0166,18,DS Final Notification,DS,DS_Officer_5,2023-05-14T08:15:50.709166
SL-CASE-0167,1,DS Application Received,DS,DS_Officer_8,2024-06-13T10:11:03.131360
SL-CASE-0167,2,DS Initial Review,DS,DS_Officer_5,2024-06-13T18:56:16.139574
SL-CASE-0167,3,Survey Clearance Requested,Survey,Clearance_Officer_4,2024-06-14T07:42:11.977022
SL-CASE-0167,4,Survey Clearance Issued,Survey,Clearance_Officer_3,2024-06-27T06:14:25.859317
SL-CASE-0167,5,Environmental Clearance Requested,Environmental,Clearance_Officer_12,2024-06-27T08:53:39.961969
SL-CASE-0167,6,Environmental Clearance Issued,Environmental,Clearance_Officer_2,2024-06-29T08:59:42.495847
SL-CASE-0167,7,Irrigation Dept Clearance Requested,Irrigation,Clearance_Officer_1,2024-06-29T21:57:14.780613
SL-CASE-0167,8,Irrigation Dept Clearance Issued,Irrigation,Clearance_Officer_7,2024-07-19T09:13:09.079512
SL-CASE-0167,9,DS Field Report Requested,DS,Clearance_Officer_6,2024-07-20T00:31:12.126301
SL-CASE-0167,10,DS Field Report Issued,DS,Clearance_Officer_10,2024-07-23T22:10:04.612866
SL-CASE-0167,11,PLC/DLC Review,PLC_DLC,PLC_Officer_1,2024-07-30T08:15:53.946288
SL-CASE-0167,12,PLC/DLC Recommendation,PLC_DLC,PLC_Officer_5,2024-08-02T17:37:41.426347
SL-CASE-0167,13,LCGD Case Intake,LCGD,LCGD_Officer_4,2024-08-08T05:22:09.922536
SL-CASE-0167,14,LCGD Review,LCGD,LCGD_Officer_4,2024-08-12T01:13:06.572721
SL-CASE-0167,15,LCGD Lease Decision,LCGD,LCGD_Officer_3,2024-08-17T01:56:13.476201
SL-CASE-0167,16,Registration Requested,Registry,Registry_Officer_1,2024-08-19T21:46:30.078498
SL-CASE-0167,17,Registration Completed,Registry,Registry_Officer_1,2024-09-08T00:09:06.218943
SL-CASE-0167,18,DS Final Notification,DS,DS_Officer_2,2024-09-10T23:30:05.533460
SL-CASE-0168,1,DS Application Received,DS,DS_Officer_3,2023-09-26T13:35:16.866671
SL-CASE-0168,2,DS Initial Review,DS,DS_Officer_3,2023-09-27T15:12:47.236680
SL-CASE-0168,3,Survey Clearance Requested,Survey,Clearance_Officer_7,2023-09-28T00:05:14.042967
SL-CASE-0168,4,Survey Clearance Issued,Survey,Clearance_Officer_2,2023-10-08T06:22:00.050637
SL-CASE-0168,5,Agrarian Services Clearance Requested,Agrarian,Clearance_Officer_8,2023-10-08T20:52:53.384348
SL-CASE-0168,6,Agrarian Services Clearance Issued,Agrarian,Clearance_Officer_11,2023-10-22T09:52:38.396500
SL-CASE-0168,7,PLC/DLC Review,PLC_DLC,PLC_Officer_4,2023-10-28T00:51:31.667068
SL-CASE-0168,8,PLC/DLC Recommendation,PLC_DLC,PLC_Officer_2,2023-10-30T13:06:45.564132
SL-CASE-0168,9,LCGD Case Intake,LCGD,LCGD_Officer_4,2023-11-03T08:09:19.887514
SL-CASE-0168,10,LCGD Review,LCGD,LCGD_Officer_4,2023-11-08T00:39:17.622180
SL-CASE-0168,11,LCGD Lease Decision,LCGD,LCGD_Officer_3,2023-11-14T07:01:07.605561
SL-CASE-0168,12,DS Final Notification,DS,DS_Officer_5,2023-11-16T14:40:18.238944
SL-CASE-0169,1,DS Application Received,DS,DS_Officer_6,2023-08-13T09:53:36.413511
SL-CASE-0169,2,DS Initial Review,DS,DS_Officer_7,2023-08-14T06:38:19.236545
SL-CASE-0169,3,Survey Clearance Requested,Survey,Clearance_Officer_6,2023-08-14T16:13:54.564326
SL-CASE-0169,4,Survey Clearance Issued,Survey,Clearance_Officer_1,2023-08-23T12:04:18.199885
SL-CASE-0169,5,DS Field Report Requested,DS,Clearance_Officer_4,2023-08-24T04:37:08.408346
SL-CASE-0169,6,DS Field Report Issued,DS,Clearance_Officer_5,2023-08-29T15:36:24.028717
SL-CASE-0169,7,PLC/DLC Review,PLC_DLC,PLC_Officer_6,2023-09-04T18:42:14.020820
SL-CASE-0169,8,PLC/DLC Recommendation,PLC_DLC,PLC_Officer_3,2023-09-05T08:10:15.317704
SL-CASE-0169,9,LCGD Case Intake,LCGD,LCGD_Officer_2,2023-09-06T14:01:42.397819
SL-CASE-0169,10,LCGD Review,LCGD,LCGD_Officer_3,2023-09-07T20:39:06.021160
SL-CASE-0169,11,LCGD Lease Decision,LCGD,LCGD_Officer_4,2023-09-08T11:23:52.929669
SL-CASE-0169,12,Registration Requested,Registry,Registry_Officer_4,2023-09-11T10:09:20.405432
SL-CASE-0169,13,Registration Completed,Registry,Registry_Officer_4,2023-09-17T11:44:01.967462
SL-CASE-0169,14,DS Final Notification,DS,DS_Officer_6,2023-09-19T06:53:35.254329
SL-CASE-0170,1,DS Application Received,DS,DS_Officer_6,2023-09-22T10:59:49.584005
SL-CASE-0170,2,DS Initial Review,DS,DS_Officer_5,2023-09-22T22:19:43.335327
SL-CASE-0170,3,Survey Clearance Requested,Survey,Clearance_Officer_7,2023-09-23T08:19:19.412311
SL-CASE-0170,4,Survey Clearance Issued,Survey,Clearance_Officer_11,2023-09-28T04:19:26.374108
SL-CASE-0170,5,Environmental Clearance Requested,Environmental,Clearance_Officer_2,2023-09-29T00:57:55.234365
SL-CASE-0170,6,Environmental Clearance Issued,Environmental,Clearance_Officer_9,2023-10-16T00:10:43.844633
SL-CASE-0170,7,Irrigation Dept Clearance Requested,Irrigation,Clearance_Officer_5,2023-10-16T06:53:18.988940
SL-CASE-0170,8,Irrigation Dept Clearance Issued,Irrigation,Clearance_Officer_10,2023-10-18T04:33:46.471343
SL-CASE-0170,9,DS Field Report Requested,DS,Clearance_Officer_4,2023-10-18T15:24:27.037636
SL-CASE-0170,10,DS Field Report Issued,DS,Clearance_Officer_2,2023-10-31T12:12:44.908990
SL-CASE-0170,11,PLC/DLC Review,PLC_DLC,PLC_Officer_5,2023-11-07T19:50:58.685765
SL-CASE-0170,12,PLC/DLC Recommendation,PLC_DLC,PLC_Officer_3,2023-11-08T12:38:57.361426
SL-CASE-0170,13,LCGD Case Intake,LCGD,LCGD_Officer_4,2023-11-10T19:17:39.107151
SL-CASE-0170,14,LCGD Review,LCGD,LCGD_Officer_3,2023-11-17T18:48:06.392042
SL-CASE-0170,15,Higher Approval Requested,Ministry,LCGD_Officer_3,2023-11-21T19:30:21.869974
SL-CASE-0170,16,Higher Approval Granted,Ministry,LCGD_Officer_3,2023-12-14T11:24:11.822855
SL-CASE-0170,17,LCGD Lease Decision,LCGD,LCGD_Officer_3,2023-12-18T22:42:15.615039
SL-CASE-0170,18,Registration Requested,Registry,Registry_Officer_4,2023-12-20T03:30:47.209874
SL-CASE-0170,19,Registration Completed,Registry,Registry_Officer_4,2023-12-25T22:05:23.493844
SL-CASE-0170,20,DS Final Notification,DS,DS_Officer_3,2023-12-27T23:05:56.676456
SL-CASE-0171,1,DS Application Received,DS,DS_Officer_7,2024-09-08T16:20:17.528851
SL-CASE-0171,2,DS Initial Review,DS,DS_Officer_1,2024-09-10T13:27:43.860794
SL-CASE-0171,3,Survey Clearance Requested,Survey,Clearance_Officer_6,2024-09-11T02:57:07.611984
SL-CASE-0171,4,Survey Clearance Issued,Survey,Clearance_Officer_4,2024-09-20T21:50:45.754775
SL-CASE-0171,5,Environmental Clearance Requested,Environmental,Clearance_Officer_11,2024-09-21T03:09:23.188972
SL-CASE-0171,6,Environmental Clearance Issued,Environmental,Clearance_Officer_7,2024-10-06T16:14:17.371321
SL-CASE-0171,7,DS Field Report Requested,DS,Clearance_Officer_2,2024-10-07T03:15:49.984109
SL-CASE-0171,8,DS Field Report Issued,DS,Clearance_Officer_7,2024-10-20T04:20:05.348990
SL-CASE-0171,9,PLC/DLC Review,PLC_DLC,PLC_Officer_3,2024-10-23T05:11:45.398850
SL-CASE-0171,10,PLC/DLC Recommendation,PLC_DLC,PLC_Officer_3,2024-10-26T12:50:41.303898
SL-CASE-0171,11,LCGD Case Intake,LCGD,LCGD_Officer_2,2024-10-31T11:59:39.017653
SL-CASE-0171,12,LCGD Review,LCGD,LCGD_Officer_1,2024-11-07T04:21:54.457768
SL-CASE-0171,13,LCGD Lease Decision,LCGD,LCGD_Officer_1,2024-11-08T21:27:22.655355
SL-CASE-0171,14,Registration Requested,Registry,Registry_Officer_3,2024-11-10T07:27:11.400024
SL-CASE-0171,15,Registration Completed,Registry,Registry_Officer_4,2024-11-20T03:06:35.965039
SL-CASE-0171,16,DS Final Notification,DS,DS_Officer_1,2024-11-21T10:39:04.785509
SL-CASE-0172,1,DS Application Received,DS,DS_Officer_8,2023-05-22T11:08:44.119341
SL-CASE-0172,2,DS Initial Review,DS,DS_Officer_1,2023-05-24T01:33:49.944550
SL-CASE-0172,3,Survey Clearance Requested,Survey,Clearance_Officer_2,2023-05-24T22:28:28.997581
SL-CASE-0172,4,Survey Clearance Issued,Survey,Clearance_Officer_5,2023-05-31T21:36:55.074909
SL-CASE-0172,5,Agrarian Services Clearance Requested,Agrarian,Clearance_Officer_7,2023-06-01T18:41:35.079865
SL-CASE-0172,6,Agrarian Services Clearance Issued,Agrarian,Clearance_Officer_11,2023-06-19T19:37:18.037491
SL-CASE-0172,7,PLC/DLC Review,PLC_DLC,PLC_Officer_1,2023-06-26T13:30:57.076638
SL-CASE-0172,8,PLC/DLC Recommendation,PLC_DLC,PLC_Officer_6,2023-06-28T16:45:42.805396
SL-CASE-0172,9,LCGD Case Intake,LCGD,LCGD_Officer_2,2023-07-04T16:13:51.355479
SL-CASE-0172,10,LCGD Review,LCGD,LCGD_Officer_1,2023-07-07T05:50:24.742840
SL-CASE-0172,11,LCGD Lease Decision,LCGD,LCGD_Officer_3,2023-07-12T13:58:41.790434
SL-CASE-0172,12,Registration Requested,Registry,Registry_Officer_1,2023-07-15T04:34:25.322423
SL-CASE-0172,13,Registration Completed,Registry,Registry_Officer_1,2023-07-20T17:08:12.287986
SL-CASE-0172,14,DS Final Notification,DS,DS_Officer_6,2023-07-23T01:15:36.390840
SL-CASE-0173,1,DS Application Received,DS,DS_Officer_1,2023-08-19T12:49:12.199255
SL-CASE-0173,2,DS Initial Review,DS,DS_Officer_6,2023-08-20T14:23:44.998351
SL-CASE-0173,3,Survey Clearance Requested,Survey,Clearance_Officer_2,2023-08-21T07:47:14.722425
SL-CASE-0173,4,Survey Clearance Issued,Survey,Clearance_Officer_7,2023-08-28T08:06:24.618498
SL-CASE-0173,5,Environmental Clearance Requested,Environmental,Clearance_Officer_4,2023-08-28T20:33:13.065135
SL-CASE-0173,6,Environmental Clearance Issued,Environmental,Clearance_Officer_3,2023-09-17T03:49:31.527223
SL-CASE-0173,7,Irrigation Dept Clearance Requested,Irrigation,Clearance_Officer_12,2023-09-17T13:48:40.969795
SL-CASE-0173,8,Irrigation Dept Clearance Issued,Irrigation,Clearance_Officer_5,2023-09-25T13:30:01.786073
SL-CASE-0173,9,DS Field Report Requested,DS,Clearance_Officer_10,2023-09-25T15:57:50.863540
SL-CASE-0173,10,DS Field Report Issued,DS,Clearance_Officer_12,2023-09-27T07:50:14.026689
SL-CASE-0173,11,PLC/DLC Review,PLC_DLC,PLC_Officer_1,2023-10-04T02:49:27.021678
SL-CASE-0173,12,PLC/DLC Recommendation,PLC_DLC,PLC_Officer_6,2023-10-07T15:33:43.101326
SL-CASE-0173,13,LCGD Case Intake,LCGD,LCGD_Officer_4,2023-10-09T16:57:05.047010
SL-CASE-0173,14,LCGD Review,LCGD,LCGD_Officer_3,2023-10-15T00:51:56.226656
SL-CASE-0173,15,Higher Approval Requested,Ministry,LCGD_Officer_1,2023-10-19T13:49:31.899955
SL-CASE-0173,16,Higher Approval Granted,Ministry,LCGD_Officer_2,2023-11-12T07:09:01.834902
SL-CASE-0173,17,LCGD Lease Decision,LCGD,LCGD_Officer_4,2023-11-20T21:50:23.784922
SL-CASE-0173,18,Registration Requested,Registry,Registry_Officer_4,2023-11-21T04:44:12.034929
SL-CASE-0173,19,Registration Completed,Registry,Registry_Officer_3,2023-12-09T19:40:48.183341
SL-CASE-0173,20,DS Final Notification,DS,DS_Officer_4,2023-12-10T18:44:31.997545
SL-CASE-0174,1,DS Application Received,DS,DS_Officer_8,2023-07-28T06:26:15.535977
SL-CASE-0174,2,DS Initial Review,DS,DS_Officer_7,2023-07-29T07:09:56.395266
SL-CASE-0174,3,Survey Clearance Requested,Survey,Clearance_Officer_6,2023-07-30T05:32:54.975075
SL-CASE-0174,4,Survey Clearance Issued,Survey,Clearance_Officer_2,2023-08-13T20:40:35.862070
SL-CASE-0174,5,Environmental Clearance Requested,Environmental,Clearance_Officer_12,2023-08-14T16:48:48.410636
SL-CASE-0174,6,Environmental Clearance Issued,Environmental,Clearance_Officer_2,2023-08-20T15:48:56.885314
SL-CASE-0174,7,DS Field Report Requested,DS,Clearance_Officer_10,2023-08-21T01:33:23.907963
SL-CASE-0174,8,DS Field Report Issued,DS,Clearance_Officer_9,2023-09-04T22:05:10.493663
SL-CASE-0174,9,PLC/DLC Review,PLC_DLC,PLC_Officer_4,2023-09-12T10:18:04.848975
SL-CASE-0174,10,PLC/DLC Recommendation,PLC_DLC,PLC_Officer_1,2023-09-15T23:33:19.073779
SL-CASE-0174,11,LCGD Case Intake,LCGD,LCGD_Officer_2,2023-09-20T15:36:34.036688
SL-CASE-0174,12,LCGD Review,LCGD,LCGD_Officer_2,2023-09-30T11:20:31.147389
SL-CASE-0174,13,Higher Approval Requested,Ministry,LCGD_Officer_2,2023-09-30T17:41:33.457277
SL-CASE-0174,14,Higher Approval Granted,Ministry,LCGD_Officer_3,2023-10-27T17:27:41.387564
SL-CASE-0174,15,LCGD Lease Decision,LCGD,LCGD_Officer_1,2023-11-02T14:12:03.180013
SL-CASE-0174,16,Registration Requested,Registry,Registry_Officer_2,2023-11-03T14:11:33.509161
SL-CASE-0174,17,Registration Completed,Registry,Registry_Officer_4,2023-11-20T16:24:23.750725
SL-CASE-0174,18,DS Final Notification,DS,DS_Officer_6,2023-11-23T01:53:29.609042
SL-CASE-0175,1,DS Application Received,DS,DS_Officer_3,2023-11-13T01:51:33.474625
SL-CASE-0175,2,DS Initial Review,DS,DS_Officer_7,2023-11-13T23:10:22.952803
SL-CASE-0175,3,Survey Clearance Requested,Survey,Clearance_Officer_10,2023-11-14T21:57:27.719467
SL-CASE-0175,4,Survey Clearance Issued,Survey,Clearance_Officer_1,2023-11-20T04:19:25.797786
SL-CASE-0175,5,Environmental Clearance Requested,Environmental,Clearance_Officer_11,2023-11-21T02:37:56.296055
SL-CASE-0175,6,Environmental Clearance Issued,Environmental,Clearance_Officer_4,2023-12-03T17:42:20.683054
SL-CASE-0175,7,DS Field Report Requested,DS,Clearance_Officer_8,2023-12-04T15:39:22.789671
SL-CASE-0175,8,DS Field Report Issued,DS,Clearance_Officer_12,2023-12-09T10:03:56.587977
SL-CASE-0175,9,PLC/DLC Review,PLC_DLC,PLC_Officer_1,2023-12-18T00:16:59.367034
SL-CASE-0175,10,PLC/DLC Recommendation,PLC_DLC,PLC_Officer_4,2023-12-20T04:00:04.094554
SL-CASE-0175,11,LCGD Case Intake,LCGD,LCGD_Officer_2,2023-12-24T13:39:44.652274
SL-CASE-0175,12,LCGD Review,LCGD,LCGD_Officer_3,2023-12-26T19:35:13.161274
SL-CASE-0175,13,LCGD Lease Decision,LCGD,LCGD_Officer_1,2023-12-28T17:23:44.678605
SL-CASE-0175,14,Registration Requested,Registry,Registry_Officer_4,2023-12-29T01:00:17.436346
SL-CASE-0175,15,Registration Completed,Registry,Registry_Officer_4,2024-01-13T17:39:24.096816
SL-CASE-0175,16,DS Final Notification,DS,DS_Officer_8,2024-01-16T05:33:52.974711
SL-CASE-0176,1,DS Application Received,DS,DS_Officer_5,2023-03-25T00:12:27.464376
SL-CASE-0176,2,DS Initial Review,DS,DS_Officer_4,2023-03-26T12:10:58.022195
SL-CASE-0176,3,Survey Clearance Requested,Survey,Clearance_Officer_7,2023-03-26T23:23:09.836692
SL-CASE-0176,4,Survey Clearance Issued,Survey,Clearance_Officer_1,2023-04-12T00:44:57.975202
SL-CASE-0176,5,Environmental Clearance Requested,Environmental,Clearance_Officer_5,2023-04-12T09:08:01.257754
SL-CASE-0176,6,Environmental Clearance Issued,Environmental,Clearance_Officer_8,2023-04-17T20:30:54.460409
SL-CASE-0176,7,DS Field Report Requested,DS,Clearance_Officer_6,2023-04-18T18:28:34.856619
SL-CASE-0176,8,DS Field Report Issued,DS,Clearance_Officer_11,2023-04-30T20:16:48.548374
SL-CASE-0176,9,PLC/DLC Review,PLC_DLC,PLC_Officer_1,2023-05-05T16:44:29.651026
SL-CASE-0176,10,PLC/DLC Recommendation,PLC_DLC,PLC_Officer_3,2023-05-08T04:11:38.662969
SL-CASE-0176,11,LCGD Case Intake,LCGD,LCGD_Officer_4,2023-05-15T00:12:01.240735
SL-CASE-0176,12,LCGD Review,LCGD,LCGD_Officer_4,2023-05-25T14:58:57.963372
SL-CASE-0176,13,Higher Approval Requested,Ministry,LCGD_Officer_3,2023-05-29T05:44:47.142969
SL-CASE-0176,14,Higher Approval Granted,Ministry,LCGD_Officer_1,2023-06-05T19:06:47.332470
SL-CASE-0176,15,LCGD Lease Decision,LCGD,LCGD_Officer_2,2023-06-06T13:18:26.996505
SL-CASE-0176,16,DS Final Notification,DS,DS_Officer_6,2023-06-08T00:16:21.967198
SL-CASE-0177,1,DS Application Received,DS,DS_Officer_1,2024-11-28T17:29:13.249071
SL-CASE-0177,2,DS Initial Review,DS,DS_Officer_5,2024-11-29T23:01:42.375598
SL-CASE-0177,3,Survey Clearance Requested,Survey,Clearance_Officer_8,2024-11-30T04:45:55.802286
SL-CASE-0177,4,Survey Clearance Issued,Survey,Clearance_Officer_8,2024-12-18T20:59:40.508888
SL-CASE-0177,5,DS Field Report Requested,DS,Clearance_Officer_6,2024-12-19T01:53:48.535956
SL-CASE-0177,6,DS Field Report Issued,DS,Clearance_Officer_7,2025-01-02T13:46:24.087321
SL-CASE-0177,7,PLC/DLC Review,PLC_DLC,PLC_Officer_1,2025-01-04T10:06:10.025806
SL-CASE-0177,8,PLC/DLC Recommendation,PLC_DLC,PLC_Officer_2,2025-01-06T03:48:55.872950
SL-CASE-0177,9,LCGD Case Intake,LCGD,LCGD_Officer_3,2025-01-09T21:41:32.555727
SL-CASE-0177,10,LCGD Review,LCGD,LCGD_Officer_4,2025-01-21T08:57:39.701320
SL-CASE-0177,11,LCGD Lease Decision,LCGD,LCGD_Officer_3,2025-01-24T09:09:56.149421
SL-CASE-0177,12,DS Final Notification,DS,DS_Officer_5,2025-01-26T06:04:14.905220
SL-CASE-0178,1,DS Application Received,DS,DS_Officer_8,2023-12-28T22:59:12.571460
SL-CASE-0178,2,DS Initial Review,DS,DS_Officer_3,2023-12-29T05:19:42.966082
SL-CASE-0178,3,Survey Clearance Requested,Survey,Clearance_Officer_3,2023-12-29T08:31:44.685739
SL-CASE-0178,4,Survey Clearance Issued,Survey,Clearance_Officer_5,2023-12-31T00:52:56.152334
SL-CASE-0178,5,Environmental Clearance Requested,Environmental,Clearance_Officer_8,2023-12-31T06:28:49.704913
SL-CASE-0178,6,Environmental Clearance Issued,Environmental,Clearance_Officer_8,2024-01-09T13:29:32.973797
SL-CASE-0178,7,Irrigation Dept Clearance Requested,Irrigation,Clearance_Officer_6,2024-01-09T16:23:23.677113
SL-CASE-0178,8,Irrigation Dept Clearance Issued,Irrigation,Clearance_Officer_9,2024-01-29T11:17:28.264123
SL-CASE-0178,9,DS Field Report Requested,DS,Clearance_Officer_8,2024-01-29T23:57:56.065668
SL-CASE-0178,10,DS Field Report Issued,DS,Clearance_Officer_12,2024-02-02T03:15:41.100532
SL-CASE-0178,11,PLC/DLC Review,PLC_DLC,PLC_Officer_1,2024-02-10T20:54:35.630289
SL-CASE-0178,12,PLC/DLC Recommendation,PLC_DLC,PLC_Officer_2,2024-02-12T18:45:53.235769
SL-CASE-0178,13,LCGD Case Intake,LCGD,LCGD_Officer_2,2024-02-18T22:11:59.254133
SL-CASE-0178,14,LCGD Review,LCGD,LCGD_Officer_3,2024-03-02T14:44:39.200709
SL-CASE-0178,15,LCGD Lease Decision,LCGD,LCGD_Officer_2,2024-03-08T08:32:38.801437
SL-CASE-0178,16,Registration Requested,Registry,Registry_Officer_1,2024-03-11T09:04:06.650696
SL-CASE-0178,17,Registration Completed,Registry,Registry_Officer_2,2024-03-22T08:55:53.542171
SL-CASE-0178,18,DS Final Notification,DS,DS_Officer_2,2024-03-23T16:04:51.128001
SL-CASE-0179,1,DS Application Received,DS,DS_Officer_2,2023-06-22T08:37:32.156563
SL-CASE-0179,2,DS Initial Review,DS,DS_Officer_3,2023-06-24T01:27:09.346402
SL-CASE-0179,3,Survey Clearance Requested,Survey,Clearance_Officer_8,2023-06-24T04:05:16.206975
SL-CASE-0179,4,Survey Clearance Issued,Survey,Clearance_Officer_11,2023-07-10T22:53:12.055675
SL-CASE-0179,5,Environmental Clearance Requested,Environmental,Clearance_Officer_11,2023-07-11T11:26:36.579101
SL-CASE-0179,6,Environmental Clearance Issued,Environmental,Clearance_Officer_10,2023-07-30T15:00:55.412346
SL-CASE-0179,7,Irrigation Dept Clearance Requested,Irrigation,Clearance_Officer_6,2023-07-31T07:29:29.511548
SL-CASE-0179,8,Irrigation Dept Clearance Issued,Irrigation,Clearance_Officer_11,2023-08-19T17:42:24.787005
SL-CASE-0179,9,DS Field Report Requested,DS,Clearance_Officer_8,2023-08-20T09:23:56.083595
SL-CASE-0179,10,DS Field Report Issued,DS,Clearance_Officer_12,2023-08-27T13:33:37.316358
SL-CASE-0179,11,PLC/DLC Review,PLC_DLC,PLC_Officer_5,2023-09-06T13:31:10.483102
SL-CASE-0179,12,PLC/DLC Recommendation,PLC_DLC,PLC_Officer_1,2023-09-07T10:15:43.492518
SL-CASE-0179,13,LCGD Case Intake,LCGD,LCGD_Officer_3,2023-09-13T03:18:18.444495
SL-CASE-0179,14,LCGD Review,LCGD,LCGD_Officer_1,2023-09-18T15:53:25.900647
SL-CASE-0179,15,Higher Approval Requested,Ministry,LCGD_Officer_4,2023-09-22T10:41:01.417541
SL-CASE-0179,16,Higher Approval Granted,Ministry,LCGD_Officer_3,2023-09-30T16:25:35.674317
SL-CASE-0179,17,LCGD Lease Decision,LCGD,LCGD_Officer_4,2023-10-02T16:04:51.972894
SL-CASE-0179,18,Registration Requested,Registry,Registry_Officer_2,2023-10-03T08:14:54.854364
SL-CASE-0179,19,Registration Completed,Registry,Registry_Officer_4,2023-10-07T10:32:58.281014
SL-CASE-0179,20,DS Final Notification,DS,DS_Officer_3,2023-10-08T08:29:42.125042
SL-CASE-0180,1,DS Application Received,DS,DS_Officer_4,2023-03-26T10:50:53.687684
SL-CASE-0180,2,DS Initial Review,DS,DS_Officer_7,2023-03-27T12:23:29.976559
SL-CASE-0180,3,Survey Clearance Requested,Survey,Clearance_Officer_10,2023-03-28T00:52:23.999740
SL-CASE-0180,4,Survey Clearance Issued,Survey,Clearance_Officer_2,2023-04-09T10:37:43.374111
SL-CASE-0180,5,Environmental Clearance Requested,Environmental,Clearance_Officer_6,2023-04-10T05:16:17.433075
SL-CASE-0180,6,Environmental Clearance Issued,Environmental,Clearance_Officer_7,2023-04-22T21:11:42.786378
SL-CASE-0180,7,Irrigation Dept Clearance Requested,Irrigation,Clearance_Officer_2,2023-04-23T13:04:13.137891
SL-CASE-0180,8,Irrigation Dept Clearance Issued,Irrigation,Clearance_Officer_6,2023-04-25T07:30:36.305810
SL-CASE-0180,9,DS Field Report Requested,DS,Clearance_Officer_11,2023-04-26T06:55:19.431627
SL-CASE-0180,10,DS Field Report Issued,DS,Clearance_Officer_11,2023-05-01T13:10:15.748185
SL-CASE-0180,11,PLC/DLC Review,PLC_DLC,PLC_Officer_4,2023-05-08T19:52:47.752672
SL-CASE-0180,12,PLC/DLC Recommendation,PLC_DLC,PLC_Officer_6,2023-05-11T13:59:22.935716
SL-CASE-0180,13,LCGD Case Intake,LCGD,LCGD_Officer_3,2023-05-15T11:50:21.979141
SL-CASE-0180,14,LCGD Review,LCGD,LCGD_Officer_1,2023-05-23T01:09:39.889281
SL-CASE-0180,15,Higher Approval Requested,Ministry,LCGD_Officer_4,2023-05-27T14:34:57.933897
SL-CASE-0180,16,Higher Approval Granted,Ministry,LCGD_Officer_2,2023-06-12T02:54:47.136025
SL-CASE-0180,17,LCGD Lease Decision,LCGD,LCGD_Officer_3,2023-06-19T01:02:33.196805
SL-CASE-0180,18,Registration Requested,Registry,Registry_Officer_4,2023-06-23T06:58:40.373240
SL-CASE-0180,19,Registration Completed,Registry,Registry_Officer_1,2023-06-29T21:43:03.023459
SL-CASE-0180,20,DS Final Notification,DS,DS_Officer_1,2023-07-01T14:17:13.594550
SL-CASE-0181,1,DS Application Received,DS,DS_Officer_1,2023-12-26T10:32:06.128153
SL-CASE-0181,2,DS Initial Review,DS,DS_Officer_8,2023-12-26T19:32:53.509927
SL-CASE-0181,3,Survey Clearance Requested,Survey,Clearance_Officer_3,2023-12-27T01:29:54.043839
SL-CASE-0181,4,Survey Clearance Issued,Survey,Clearance_Officer_1,2024-01-13T01:51:54.809777
SL-CASE-0181,5,Environmental Clearance Requested,Environmental,Clearance_Officer_12,2024-01-13T05:41:51.422536
SL-CASE-0181,6,Environmental Clearance Issued,Environmental,Clearance_Officer_10,2024-01-19T21:25:29.584454
SL-CASE-0181,7,Irrigation Dept Clearance Requested,Irrigation,Clearance_Officer_11,2024-01-20T15:21:17.883493
SL-CASE-0181,8,Irrigation Dept Clearance Issued,Irrigation,Clearance_Officer_5,2024-01-30T04:31:52.365519
SL-CASE-0181,9,DS Field Report Requested,DS,Clearance_Officer_3,2024-01-30T14:02:26.048412
SL-CASE-0181,10,DS Field Report Issued,DS,Clearance_Officer_2,2024-02-04T14:17:15.885962
SL-CASE-0181,11,PLC/DLC Review,PLC_DLC,PLC_Officer_5,2024-02-12T04:36:37.551221
SL-CASE-0181,12,PLC/DLC Recommendation,PLC_DLC,PLC_Officer_6,2024-02-13T16:10:21.524132
SL-CASE-0181,13,LCGD Case Intake,LCGD,LCGD_Officer_1,2024-02-14T20:45:36.822084
SL-CASE-0181,14,LCGD Review,LCGD,LCGD_Officer_1,2024-02-15T22:43:29.437452
SL-CASE-0181,15,LCGD Lease Decision,LCGD,LCGD_Officer_4,2024-02-16T07:50:17.232415
SL-CASE-0181,16,Registration Requested,Registry,Registry_Officer_4,2024-02-18T18:17:48.134715
SL-CASE-0181,17,Registration Completed,Registry,Registry_Officer_4,2024-03-07T06:27:38.237970
SL-CASE-0181,18,DS Final Notification,DS,DS_Officer_6,2024-03-08T05:39:23.833427
SL-CASE-0182,1,DS Application Received,DS,DS_Officer_1,2024-04-28T13:04:03.178625
SL-CASE-0182,2,DS Initial Review,DS,DS_Officer_3,2024-04-29T02:16:25.128310
SL-CASE-0182,3,Survey Clearance Requested,Survey,Clearance_Officer_7,2024-04-29T18:34:04.522532
SL-CASE-0182,4,Survey Clearance Issued,Survey,Clearance_Officer_9,2024-05-16T18:33:38.990195
SL-CASE-0182,5,Environmental Clearance Requested,Environmental,Clearance_Officer_5,2024-05-17T00:45:39.414850
SL-CASE-0182,6,Environmental Clearance Issued,Environmental,Clearance_Officer_3,2024-06-01T15:45:13.648781
SL-CASE-0182,7,Irrigation Dept Clearance Requested,Irrigation,Clearance_Officer_1,2024-06-02T04:10:53.584511
SL-CASE-0182,8,Irrigation Dept Clearance Issued,Irrigation,Clearance_Officer_3,2024-06-05T09:17:12.382691
SL-CASE-0182,9,DS Field Report Requested,DS,Clearance_Officer_8,2024-06-06T03:32:23.852285
SL-CASE-0182,10,DS Field Report Issued,DS,Clearance_Officer_8,2024-06-25T11:03:47.707290
SL-CASE-0182,11,PLC/DLC Review,PLC_DLC,PLC_Officer_4,2024-06-26T03:32:18.188029
SL-CASE-0182,12,PLC/DLC Recommendation,PLC_DLC,PLC_Officer_2,2024-06-29T04:15:15.048984
SL-CASE-0182,13,LCGD Case Intake,LCGD,LCGD_Officer_4,2024-07-01T14:14:52.367067
SL-CASE-0182,14,LCGD Review,LCGD,LCGD_Officer_1,2024-07-03T07:21:27.836260
SL-CASE-0182,15,Higher Approval Requested,Ministry,LCGD_Officer_4,2024-07-04T01:03:40.945564
SL-CASE-0182,16,Higher Approval Granted,Ministry,LCGD_Officer_4,2024-08-12T07:49:49.445888
SL-CASE-0182,17,LCGD Lease Decision,LCGD,LCGD_Officer_3,2024-08-19T18:18:24.217071
SL-CASE-0182,18,Registration Requested,Registry,Registry_Officer_4,2024-08-20T04:31:36.082087
SL-CASE-0182,19,Registration Completed,Registry,Registry_Officer_4,2024-08-30T10:11:19.419045
SL-CASE-0182,20,DS Final Notification,DS,DS_Officer_1,2024-08-31T04:25:19.677131
SL-CASE-0183,1,DS Application Received,DS,DS_Officer_6,2024-01-05T20:50:00.181177
SL-CASE-0183,2,DS Initial Review,DS,DS_Officer_7,2024-01-06T20:33:34.923481
SL-CASE-0183,3,Survey Clearance Requested,Survey,Clearance_Officer_5,2024-01-06T23:01:02.831918
SL-CASE-0183,4,Survey Clearance Issued,Survey,Clearance_Officer_8,2024-01-21T18:10:07.748419
SL-CASE-0183,5,Environmental Clearance Requested,Environmental,Clearance_Officer_4,2024-01-22T03:44:00.461691
SL-CASE-0183,6,Environmental Clearance Issued,Environmental,Clearance_Officer_10,2024-02-01T19:12:55.629378
SL-CASE-0183,7,Irrigation Dept Clearance Requested,Irrigation,Clearance_Officer_6,2024-02-02T17:12:53.985588
SL-CASE-0183,8,Irrigation Dept Clearance Issued,Irrigation,Clearance_Officer_12,2024-02-21T05:31:35.141085
SL-CASE-0183,9,DS Field Report Requested,DS,Clearance_Officer_3,2024-02-21T21:58:46.225494
SL-CASE-0183,10,DS Field Report Issued,DS,Clearance_Officer_12,2024-03-10T16:42:23.668114
SL-CASE-0183,11,PLC/DLC Review,PLC_DLC,PLC_Officer_4,2024-03-17T22:54:08.628738
SL-CASE-0183,12,PLC/DLC Recommendation,PLC_DLC,PLC_Officer_6,2024-03-22T03:52:24.966812
SL-CASE-0183,13,LCGD Case Intake,LCGD,LCGD_Officer_3,2024-03-26T21:39:49.072316
SL-CASE-0183,14,LCGD Review,LCGD,LCGD_Officer_2,2024-04-08T01:06:37.606331
SL-CASE-0183,15,LCGD Lease Decision,LCGD,LCGD_Officer_3,2024-04-14T08:37:17.625922
SL-CASE-0183,16,Registration Requested,Registry,Registry_Officer_1,2024-04-17T21:21:39.899993
SL-CASE-0183,17,Registration Completed,Registry,Registry_Officer_2,2024-05-01T13:32:19.772180
SL-CASE-0183,18,DS Final Notification,DS,DS_Officer_3,2024-05-02T03:40:09.130272
SL-CASE-0184,1,DS Application Received,DS,DS_Officer_6,2024-02-29T02:20:42.482826
SL-CASE-0184,2,DS Initial Review,DS,DS_Officer_3,2024-03-01T12:07:47.855578
SL-CASE-0184,3,Survey Clearance Requested,Survey,Clearance_Officer_9,2024-03-02T08:20:41.391700
SL-CASE-0184,4,Survey Clearance Issued,Survey,Clearance_Officer_2,2024-03-03T22:55:23.356453
SL-CASE-0184,5,DS Field Report Requested,DS,Clearance_Officer_2,2024-03-04T08:21:11.949018
SL-CASE-0184,6,DS Field Report Issued,DS,Clearance_Officer_2,2024-03-17T01:57:43.241025
SL-CASE-0184,7,PLC/DLC Review,PLC_DLC,PLC_Officer_4,2024-03-22T22:05:37.614127
SL-CASE-0184,8,PLC/DLC Recommendation,PLC_DLC,PLC_Officer_3,2024-03-24T09:29:07.820795
SL-CASE-0184,9,LCGD Case Intake,LCGD,LCGD_Officer_1,2024-03-29T23:55:39.688334
SL-CASE-0184,10,LCGD Review,LCGD,LCGD_Officer_3,2024-04-10T18:40:46.470860
SL-CASE-0184,11,Higher Approval Requested,Ministry,LCGD_Officer_1,2024-04-15T06:51:35.254607
SL-CASE-0184,12,Higher Approval Granted,Ministry,LCGD_Officer_4,2024-05-15T00:14:23.724576
SL-CASE-0184,13,LCGD Lease Decision,LCGD,LCGD_Officer_1,2024-05-23T01:12:10.276818
SL-CASE-0184,14,Registration Requested,Registry,Registry_Officer_1,2024-05-27T22:18:50.640933
SL-CASE-0184,15,Registration Completed,Registry,Registry_Officer_1,2024-06-13T13:52:49.191251
SL-CASE-0184,16,DS Final Notification,DS,DS_Officer_3,2024-06-15T03:23:30.234504
SL-CASE-0185,1,DS Application Received,DS,DS_Officer_3,2024-03-17T00:29:59.052525
SL-CASE-0185,2,DS Initial Review,DS,DS_Officer_6,2024-03-18T08:58:18.579121
SL-CASE-0185,3,Survey Clearance Requested,Survey,Clearance_Officer_2,2024-03-19T04:59:36.113121
SL-CASE-0185,4,Survey Clearance Issued,Survey,Clearance_Officer_8,2024-04-05T07:57:09.815680
SL-CASE-0185,5,Environmental Clearance Requested,Environmental,Clearance_Officer_1,2024-04-06T07:17:05.039698
SL-CASE-0185,6,Environmental Clearance Issued,Environmental,Clearance_Officer_8,2024-04-11T23:08:55.891373
SL-CASE-0185,7,DS Field Report Requested,DS,Clearance_Officer_9,2024-04-12T08:39:28.440900
SL-CASE-0185,8,DS Field Report Issued,DS,Clearance_Officer_5,2024-04-16T14:45:11.804393
SL-CASE-0185,9,PLC/DLC Review,PLC_DLC,PLC_Officer_4,2024-04-20T15:40:07.566549
SL-CASE-0185,10,PLC/DLC Recommendation,PLC_DLC,PLC_Officer_6,2024-04-22T14:46:55.620549
SL-CASE-0185,11,LCGD Case Intake,LCGD,LCGD_Officer_4,2024-04-24T17:04:21.059461
SL-CASE-0185,12,LCGD Review,LCGD,LCGD_Officer_2,2024-05-06T17:34:37.220003
SL-CASE-0185,13,LCGD Lease Decision,LCGD,LCGD_Officer_4,2024-05-14T19:11:27.154891
SL-CASE-0185,14,Registration Requested,Registry,Registry_Officer_4,2024-05-19T09:50:42.586591
SL-CASE-0185,15,Registration Completed,Registry,Registry_Officer_3,2024-06-07T11:53:04.018954
SL-CASE-0185,16,DS Final Notification,DS,DS_Officer_8,2024-06-10T07:56:46.563555
SL-CASE-0186,1,DS Application Received,DS,DS_Officer_1,2023-04-12T21:56:21.392705
SL-CASE-0186,2,DS Initial Review,DS,DS_Officer_3,2023-04-14T06:59:13.298393
SL-CASE-0186,3,Survey Clearance Requested,Survey,Clearance_Officer_1,2023-04-15T04:50:32.180014
SL-CASE-0186,4,Survey Clearance Issued,Survey,Clearance_Officer_12,2023-05-04T18:41:18.633443
SL-CASE-0186,5,DS Field Report Requested,DS,Clearance_Officer_9,2023-05-05T14:16:05.038073
SL-CASE-0186,6,DS Field Report Issued,DS,Clearance_Officer_7,2023-05-25T01:48:05.577374
SL-CASE-0186,7,PLC/DLC Review,PLC_DLC,PLC_Officer_6,2023-05-29T09:27:29.490414
SL-CASE-0186,8,PLC/DLC Recommendation,PLC_DLC,PLC_Officer_3,2023-06-01T23:20:53.868316
SL-CASE-0186,9,LCGD Case Intake,LCGD,LCGD_Officer_3,2023-06-07T03:54:36.934547
SL-CASE-0186,10,LCGD Review,LCGD,LCGD_Officer_1,2023-06-20T21:24:42.574579
SL-CASE-0186,11,LCGD Lease Decision,LCGD,LCGD_Officer_2,2023-06-29T04:55:50.369812
SL-CASE-0186,12,Registration Requested,Registry,Registry_Officer_4,2023-07-02T18:45:51.464029
SL-CASE-0186,13,Registration Completed,Registry,Registry_Officer_4,2023-07-16T00:22:23.801834
SL-CASE-0186,14,DS Final Notification,DS,DS_Officer_7,2023-07-18T03:11:46.485159
SL-CASE-0187,1,DS Application Received,DS,DS_Officer_5,2024-06-26T19:45:59.617046
SL-CASE-0187,2,DS Initial Review,DS,DS_Officer_5,2024-06-27T09:10:15.164333
SL-CASE-0187,3,Survey Clearance Requested,Survey,Clearance_Officer_11,2024-06-27T22:38:24.964850
SL-CASE-0187,4,Survey Clearance Issued,Survey,Clearance_Officer_1,2024-07-01T23:36:45.846570
SL-CASE-0187,5,Agrarian Services Clearance Requested,Agrarian,Clearance_Officer_9,2024-07-02T21:11:59.138173
SL-CASE-0187,6,Agrarian Services Clearance Issued,Agrarian,Clearance_Officer_4,2024-07-15T03:22:53.050806
SL-CASE-0187,7,PLC/DLC Review,PLC_DLC,PLC_Officer_3,2024-07-23T13:07:46.603111
SL-CASE-0187,8,PLC/DLC Recommendation,PLC_DLC,PLC_Officer_5,2024-07-27T05:57:05.997833
SL-CASE-0187,9,LCGD Case Intake,LCGD,LCGD_Officer_1,2024-07-28T11:10:50.172379
SL-CASE-0187,10,LCGD Review,LCGD,LCGD_Officer_3,2024-08-10T05:57:09.502608
SL-CASE-0187,11,LCGD Lease Decision,LCGD,LCGD_Officer_3,2024-08-16T14:40:05.484633
SL-CASE-0187,12,DS Final Notification,DS,DS_Officer_2,2024-08-17T01:20:06.365310
SL-CASE-0188,1,DS Application Received,DS,DS_Officer_4,2023-11-11T04:34:06.100499
SL-CASE-0188,2,DS Initial Review,DS,DS_Officer_5,2023-11-11T23:58:59.502689
SL-CASE-0188,3,Survey Clearance Requested,Survey,Clearance_Officer_12,2023-11-12T16:39:19.754706
SL-CASE-0188,4,Survey Clearance Issued,Survey,Clearance_Officer_3,2023-11-24T13:50:11.985826
SL-CASE-0188,5,DS Field Report Requested,DS,Clearance_Officer_9,2023-11-25T07:33:08.583352
SL-CASE-0188,6,DS Field Report Issued,DS,Clearance_Officer_2,2023-12-10T07:51:28.811353
SL-CASE-0188,7,PLC/DLC Review,PLC_DLC,PLC_Officer_5,2023-12-13T22:36:25.598650
SL-CASE-0188,8,PLC/DLC Recommendation,PLC_DLC,PLC_Officer_3,2023-12-15T02:33:30.278306
SL-CASE-0188,9,LCGD Case Intake,LCGD,LCGD_Officer_2,2023-12-18T13:25:50.544550
SL-CASE-0188,10,LCGD Review,LCGD,LCGD_Officer_4,2023-12-29T12:32:30.797486
SL-CASE-0188,11,LCGD Lease Decision,LCGD,LCGD_Officer_1,2023-12-30T13:43:03.087963
SL-CASE-0188,12,Registration Requested,Registry,Registry_Officer_2,2024-01-01T20:09:16.602966
SL-CASE-0188,13,Registration Completed,Registry,Registry_Officer_4,2024-01-11T21:19:33.645202
SL-CASE-0188,14,DS Final Notification,DS,DS_Officer_7,2024-01-12T04:47:27.963643
SL-CASE-0189,1,DS Application Received,DS,DS_Officer_7,2024-02-16T19:53:10.775762
SL-CASE-0189,2,DS Initial Review,DS,DS_Officer_3,2024-02-18T12:08:02.569682
SL-CASE-0189,3,Survey Clearance Requested,Survey,Clearance_Officer_8,2024-02-19T01:15:40.812239
SL-CASE-0189,4,Survey Clearance Issued,Survey,Clearance_Officer_3,2024-03-04T13:32:45.584115
SL-CASE-0189,5,Environmental Clearance Requested,Environmental,Clearance_Officer_9,2024-03-05T12:50:33.703192
SL-CASE-0189,6,Environmental Clearance Issued,Environmental,Clearance_Officer_2,2024-03-22T22:29:40.456299
SL-CASE-0189,7,Irrigation Dept Clearance Requested,Irrigation,Clearance_Officer_8,2024-03-23T15:46:22.536150
SL-CASE-0189,8,Irrigation Dept Clearance Issued,Irrigation,Clearance_Officer_12,2024-04-02T15:37:23.026299
SL-CASE-0189,9,DS Field Report Requested,DS,Clearance_Officer_9,2024-04-02T21:04:24.730391
SL-CASE-0189,10,DS Field Report Issued,DS,Clearance_Officer_2,2024-04-10T21:29:20.239487
SL-CASE-0189,11,PLC/DLC Review,PLC_DLC,PLC_Officer_4,2024-04-17T02:39:13.694924
SL-CASE-0189,12,PLC/DLC Recommendation,PLC_DLC,PLC_Officer_3,2024-04-17T21:13:55.656240
SL-CASE-0189,13,LCGD Case Intake,LCGD,LCGD_Officer_1,2024-04-22T02:25:38.742326
SL-CASE-0189,14,LCGD Review,LCGD,LCGD_Officer_1,2024-04-30T10:04:50.405008
SL-CASE-0189,15,Higher Approval Requested,Ministry,LCGD_Officer_3,2024-05-02T10:25:40.607166
SL-CASE-0189,16,Higher Approval Granted,Ministry,LCGD_Officer_4,2024-05-18T01:09:59.097271
SL-CASE-0189,17,LCGD Lease Decision,LCGD,LCGD_Officer_2,2024-05-18T13:42:47.583694
SL-CASE-0189,18,DS Final Notification,DS,DS_Officer_7,2024-05-19T01:39:46.814739
SL-CASE-0190,1,DS Application Received,DS,DS_Officer_1,2023-02-04T01:28:21.761850
SL-CASE-0190,2,DS Initial Review,DS,DS_Officer_5,2023-02-04T23:50:45.666293
SL-CASE-0190,3,Survey Clearance Requested,Survey,Clearance_Officer_6,2023-02-05T14:17:34.173198
SL-CASE-0190,4,Survey Clearance Issued,Survey,Clearance_Officer_8,2023-02-21T10:35:17.264275
SL-CASE-0190,5,Agrarian Services Clearance Requested,Agrarian,Clearance_Officer_10,2023-02-22T06:56:46.495339
SL-CASE-0190,6,Agrarian Services Clearance Issued,Agrarian,Clearance_Officer_3,2023-02-25T19:30:26.746849
SL-CASE-0190,7,PLC/DLC Review,PLC_DLC,PLC_Officer_4,2023-03-03T02:35:36.924181
SL-CASE-0190,8,PLC/DLC Recommendation,PLC_DLC,PLC_Officer_6,2023-03-06T23:25:29.895898
SL-CASE-0190,9,LCGD Case Intake,LCGD,LCGD_Officer_3,2023-03-10T09:28:50.269229
SL-CASE-0190,10,LCGD Review,LCGD,LCGD_Officer_4,2023-03-12T15:29:25.670009
SL-CASE-0190,11,Higher Approval Requested,Ministry,LCGD_Officer_4,2023-03-14T17:38:06.963944
SL-CASE-0190,12,Higher Approval Granted,Ministry,LCGD_Officer_1,2023-03-31T14:23:36.559611
SL-CASE-0190,13,LCGD Lease Decision,LCGD,LCGD_Officer_4,2023-04-10T04:35:02.723740
SL-CASE-0190,14,DS Final Notification,DS,DS_Officer_2,2023-04-12T10:05:52.747942
SL-CASE-0191,1,DS Application Received,DS,DS_Officer_4,2024-08-29T05:32:06.944083
SL-CASE-0191,2,DS Initial Review,DS,DS_Officer_1,2024-08-30T18:33:35.422137
SL-CASE-0191,3,Survey Clearance Requested,Survey,Clearance_Officer_9,2024-08-30T23:12:21.849711
SL-CASE-0191,4,Survey Clearance Issued,Survey,Clearance_Officer_1,2024-09-04T09:10:08.617492
SL-CASE-0191,5,DS Field Report Requested,DS,Clearance_Officer_4,2024-09-04T17:13:05.649706
SL-CASE-0191,6,DS Field Report Issued,DS,Clearance_Officer_12,2024-09-10T09:04:08.287217
SL-CASE-0191,7,PLC/DLC Review,PLC_DLC,PLC_Officer_5,2024-09-18T20:20:31.722650
SL-CASE-0191,8,PLC/DLC Recommendation,PLC_DLC,PLC_Officer_5,2024-09-21T04:59:03.496865
SL-CASE-0191,9,LCGD Case Intake,LCGD,LCGD_Officer_4,2024-09-25T15:39:13.164422
SL-CASE-0191,10,LCGD Review,LCGD,LCGD_Officer_4,2024-10-04T21:31:18.169214
SL-CASE-0191,11,LCGD Lease Decision,LCGD,LCGD_Officer_1,2024-10-13T13:13:25.349620
SL-CASE-0191,12,Registration Requested,Registry,Registry_Officer_2,2024-10-15T09:58:43.519811
SL-CASE-0191,13,Registration Completed,Registry,Registry_Officer_3,2024-10-24T07:11:23.152597
SL-CASE-0191,14,DS Final Notification,DS,DS_Officer_2,2024-10-25T11:55:49.920403
SL-CASE-0192,1,DS Application Received,DS,DS_Officer_3,2023-03-22T07:56:02.454161
SL-CASE-0192,2,DS Initial Review,DS,DS_Officer_6,2023-03-22T14:31:34.389732
SL-CASE-0192,3,Survey Clearance Requested,Survey,Clearance_Officer_12,2023-03-22T20:31:05.850669
SL-CASE-0192,4,Survey Clearance Issued,Survey,Clearance_Officer_7,2023-03-24T23:11:42.376416
SL-CASE-0192,5,DS Field Report Requested,DS,Clearance_Officer_3,2023-03-25T03:22:02.918320
SL-CASE-0192,6,DS Field Report Issued,DS,Clearance_Officer_6,2023-04-02T23:36:52.846497
SL-CASE-0192,7,PLC/DLC Review,PLC_DLC,PLC_Officer_1,2023-04-05T22:25:25.311719
SL-CASE-0192,8,PLC/DLC Recommendation,PLC_DLC,PLC_Officer_2,2023-04-06T10:20:16.091565
SL-CASE-0192,9,LCGD Case Intake,LCGD,LCGD_Officer_2,2023-04-11T19:40:14.399372
SL-CASE-0192,10,LCGD Review,LCGD,LCGD_Officer_4,2023-04-19T17:18:42.331087
SL-CASE-0192,11,LCGD Lease Decision,LCGD,LCGD_Officer_3,2023-04-29T05:27:40.715049
SL-CASE-0192,12,Registration Requested,Registry,Registry_Officer_4,2023-04-29T18:22:24.078781
SL-CASE-0192,13,Registration Completed,Registry,Registry_Officer_1,2023-05-11T06:35:47.652767
SL-CASE-0192,14,DS Final Notification,DS,DS_Officer_7,2023-05-12T18:29:18.873276
SL-CASE-0193,1,DS Application Received,DS,DS_Officer_2,2024-03-19T12:18:26.103347
SL-CASE-0193,2,DS Initial Review,DS,DS_Officer_4,2024-03-21T05:32:36.515203
SL-CASE-0193,3,Survey Clearance Requested,Survey,Clearance_Officer_3,2024-03-22T00:46:00.736933
SL-CASE-0193,4,Survey Clearance Issued,Survey,Clearance_Officer_3,2024-03-30T02:59:38.586837
SL-CASE-0193,5,DS Field Report Requested,DS,Clearance_Officer_9,2024-03-30T22:11:54.860920
SL-CASE-0193,6,DS Field Report Issued,DS,Clearance_Officer_9,2024-04-19T00:35:23.748959
SL-CASE-0193,7,PLC/DLC Review,PLC_DLC,PLC_Officer_1,2024-04-23T19:35:13.583535
SL-CASE-0193,8,PLC/DLC Recommendation,PLC_DLC,PLC_Officer_5,2024-04-27T22:13:42.565284
SL-CASE-0193,9,LCGD Case Intake,LCGD,LCGD_Officer_2,2024-04-30T07:21:05.059119
SL-CASE-0193,10,LCGD Review,LCGD,LCGD_Officer_4,2024-05-01T07:32:01.789312
SL-CASE-0193,11,LCGD Lease Decision,LCGD,LCGD_Officer_3,2024-05-04T05:29:12.185562
SL-CASE-0193,12,Registration Requested,Registry,Registry_Officer_4,2024-05-08T11:11:17.946516
SL-CASE-0193,13,Registration Completed,Registry,Registry_Officer_2,2024-05-28T10:50:33.398321
SL-CASE-0193,14,DS Final Notification,DS,DS_Officer_5,2024-05-30T05:48:13.508269
SL-CASE-0194,1,DS Application Received,DS,DS_Officer_7,2023-02-01T20:42:08.589129
SL-CASE-0194,2,DS Initial Review,DS,DS_Officer_6,2023-02-02T09:58:47.257054
SL-CASE-0194,3,Survey Clearance Requested,Survey,Clearance_Officer_6,2023-02-03T07:25:34.640732
SL-CASE-0194,4,Survey Clearance Issued,Survey,Clearance_Officer_12,2023-02-16T09:03:49.516642
SL-CASE-0194,5,DS Field Report Requested,DS,Clearance_Officer_4,2023-02-16T21:01:24.788667
SL-CASE-0194,6,DS Field Report Issued,DS,Clearance_Officer_6,2023-03-02T11:01:18.757566
SL-CASE-0194,7,PLC/DLC Review,PLC_DLC,PLC_Officer_4,2023-03-06T04:54:48.501305
SL-CASE-0194,8,PLC/DLC Recommendation,PLC_DLC,PLC_Officer_3,2023-03-11T00:14:19.096936
SL-CASE-0194,9,LCGD Case Intake,LCGD,LCGD_Officer_2,2023-03-11T14:42:54.281372
SL-CASE-0194,10,LCGD Review,LCGD,LCGD_Officer_1,2023-03-21T15:55:12.087278
SL-CASE-0194,11,LCGD Lease Decision,LCGD,LCGD_Officer_1,2023-03-27T20:22:34.045823
SL-CASE-0194,12,Registration Requested,Registry,Registry_Officer_2,2023-04-01T09:08:27.071354
SL-CASE-0194,13,Registration Completed,Registry,Registry_Officer_4,2023-04-10T05:32:35.505996
SL-CASE-0194,14,DS Final Notification,DS,DS_Officer_2,2023-04-12T12:54:56.746853
SL-CASE-0195,1,DS Application Received,DS,DS_Officer_7,2024-07-05T04:40:19.290426
SL-CASE-0195,2,DS Initial Review,DS,DS_Officer_6,2024-07-06T21:04:50.037104
SL-CASE-0195,3,Survey Clearance Requested,Survey,Clearance_Officer_12,2024-07-07T07:35:20.719051
SL-CASE-0195,4,Survey Clearance Issued,Survey,Clearance_Officer_2,2024-07-27T00:11:59.414075
SL-CASE-0195,5,DS Field Report Requested,DS,Clearance_Officer_4,2024-07-27T12:22:44.662587
SL-CASE-0195,6,DS Field Report Issued,DS,Clearance_Officer_4,2024-08-05T23:06:23.343918
SL-CASE-0195,7,PLC/DLC Review,PLC_DLC,PLC_Officer_3,2024-08-13T12:32:36.304595
SL-CASE-0195,8,PLC/DLC Recommendation,PLC_DLC,PLC_Officer_6,2024-08-17T00:07:35.810703
SL-CASE-0195,9,LCGD Case Intake,LCGD,LCGD_Officer_1,2024-08-19T19:56:48.094934
SL-CASE-0195,10,LCGD Review,LCGD,LCGD_Officer_3,2024-09-01T06:13:01.379700
SL-CASE-0195,11,LCGD Lease Decision,LCGD,LCGD_Officer_2,2024-09-09T09:23:09.749765
SL-CASE-0195,12,Registration Requested,Registry,Registry_Officer_4,2024-09-10T18:05:29.209892
SL-CASE-0195,13,Registration Completed,Registry,Registry_Officer_1,2024-09-30T03:10:43.154452
SL-CASE-0195,14,DS Final Notification,DS,DS_Officer_4,2024-10-01T00:49:53.756669
SL-CASE-0196,1,DS Application Received,DS,DS_Officer_3,2023-01-06T01:00:22.091628
SL-CASE-0196,2,DS Initial Review,DS,DS_Officer_3,2023-01-06T07:52:55.214628
SL-CASE-0196,3,Survey Clearance Requested,Survey,Clearance_Officer_3,2023-01-07T02:17:36.310958
SL-CASE-0196,4,Survey Clearance Issued,Survey,Clearance_Officer_10,2023-01-13T00:40:55.858485
SL-CASE-0196,5,Environmental Clearance Requested,Environmental,Clearance_Officer_9,2023-01-13T21:30:09.792037
SL-CASE-0196,6,Environmental Clearance Issued,Environmental,Clearance_Officer_5,2023-01-28T17:52:50.171025
SL-CASE-0196,7,Irrigation Dept Clearance Requested,Irrigation,Clearance_Officer_11,2023-01-29T00:06:04.813604
SL-CASE-0196,8,Irrigation Dept Clearance Issued,Irrigation,Clearance_Officer_12,2023-01-30T10:38:34.509736
SL-CASE-0196,9,DS Field Report Requested,DS,Clearance_Officer_10,2023-01-31T03:33:11.079041
SL-CASE-0196,10,DS Field Report Issued,DS,Clearance_Officer_9,2023-02-05T22:53:06.311246
SL-CASE-0196,11,PLC/DLC Review,PLC_DLC,PLC_Officer_1,2023-02-14T20:13:56.380386
SL-CASE-0196,12,PLC/DLC Recommendation,PLC_DLC,PLC_Officer_6,2023-02-19T13:09:06.587783
SL-CASE-0196,13,LCGD Case Intake,LCGD,LCGD_Officer_1,2023-02-24T10:09:19.427387
SL-CASE-0196,14,LCGD Review,LCGD,LCGD_Officer_3,2023-03-09T09:03:08.255456
SL-CASE-0196,15,Higher Approval Requested,Ministry,LCGD_Officer_4,2023-03-11T16:21:46.025086
SL-CASE-0196,16,Higher Approval Granted,Ministry,LCGD_Officer_4,2023-03-26T06:33:09.668189
SL-CASE-0196,17,LCGD Lease Decision,LCGD,LCGD_Officer_1,2023-03-31T08:31:01.808481
SL-CASE-0196,18,Registration Requested,Registry,Registry_Officer_2,2023-04-04T19:16:14.330541
SL-CASE-0196,19,Registration Completed,Registry,Registry_Officer_4,2023-04-06T16:41:11.495806
SL-CASE-0196,20,DS Final Notification,DS,DS_Officer_6,2023-04-08T07:57:18.886936
SL-CASE-0197,1,DS Application Received,DS,DS_Officer_2,2023-01-04T16:03:18.255750
SL-CASE-0197,2,DS Initial Review,DS,DS_Officer_4,2023-01-06T12:24:10.298875
SL-CASE-0197,3,Survey Clearance Requested,Survey,Clearance_Officer_5,2023-01-06T18:01:17.239636
SL-CASE-0197,4,Survey Clearance Issued,Survey,Clearance_Officer_11,2023-01-08T22:40:42.154629
SL-CASE-0197,5,Environmental Clearance Requested,Environmental,Clearance_Officer_8,2023-01-09T02:48:22.861541
SL-CASE-0197,6,Environmental Clearance Issued,Environmental,Clearance_Officer_1,2023-01-18T07:46:30.247184
SL-CASE-0197,7,DS Field Report Requested,DS,Clearance_Officer_11,2023-01-18T22:48:38.684214
SL-CASE-0197,8,DS Field Report Issued,DS,Clearance_Officer_5,2023-02-06T17:11:54.496141
SL-CASE-0197,9,PLC/DLC Review,PLC_DLC,PLC_Officer_4,2023-02-09T13:32:58.143189
SL-CASE-0197,10,PLC/DLC Recommendation,PLC_DLC,PLC_Officer_3,2023-02-10T22:43:20.764027
SL-CASE-0197,11,LCGD Case Intake,LCGD,LCGD_Officer_3,2023-02-16T20:35:42.599074
SL-CASE-0197,12,LCGD Review,LCGD,LCGD_Officer_2,2023-02-25T03:12:21.533109
SL-CASE-0197,13,LCGD Lease Decision,LCGD,LCGD_Officer_4,2023-03-06T13:59:46.012150
SL-CASE-0197,14,Registration Requested,Registry,Registry_Officer_4,2023-03-10T11:06:12.065468
SL-CASE-0197,15,Registration Completed,Registry,Registry_Officer_1,2023-03-22T11:05:50.890204
SL-CASE-0197,16,DS Final Notification,DS,DS_Officer_1,2023-03-25T09:18:51.336055
SL-CASE-0198,1,DS Application Received,DS,DS_Officer_1,2023-09-22T04:22:11.335401
SL-CASE-0198,2,DS Initial Review,DS,DS_Officer_5,2023-09-23T08:58:37.810775
SL-CASE-0198,3,Survey Clearance Requested,Survey,Clearance_Officer_7,2023-09-24T05:40:32.212382
SL-CASE-0198,4,Survey Clearance Issued,Survey,Clearance_Officer_7,2023-09-27T01:22:27.153089
SL-CASE-0198,5,DS Field Report Requested,DS,Clearance_Officer_10,2023-09-27T08:30:09.622223
SL-CASE-0198,6,DS Field Report Issued,DS,Clearance_Officer_10,2023-10-13T07:35:28.267925
SL-CASE-0198,7,PLC/DLC Review,PLC_DLC,PLC_Officer_4,2023-10-13T22:00:34.120560
SL-CASE-0198,8,PLC/DLC Recommendation,PLC_DLC,PLC_Officer_4,2023-10-16T08:55:45.532375
SL-CASE-0198,9,LCGD Case Intake,LCGD,LCGD_Officer_1,2023-10-22T14:11:58.807234
SL-CASE-0198,10,LCGD Review,LCGD,LCGD_Officer_1,2023-10-28T08:18:38.895259
SL-CASE-0198,11,LCGD Lease Decision,LCGD,LCGD_Officer_3,2023-11-02T00:33:53.160723
SL-CASE-0198,12,DS Final Notification,DS,DS_Officer_2,2023-11-03T19:42:42.126552
SL-CASE-0199,1,DS Application Received,DS,DS_Officer_4,2023-03-13T22:04:31.552442
SL-CASE-0199,2,DS Initial Review,DS,DS_Officer_1,2023-03-14T08:07:58.909061
SL-CASE-0199,3,Survey Clearance Requested,Survey,Clearance_Officer_5,2023-03-14T11:27:49.810744
SL-CASE-0199,4,Survey Clearance Issued,Survey,Clearance_Officer_9,2023-03-26T14:00:21.610651
SL-CASE-0199,5,DS Field Report Requested,DS,Clearance_Officer_6,2023-03-27T13:07:13.125681
SL-CASE-0199,6,DS Field Report Issued,DS,Clearance_Officer_9,2023-04-03T11:01:19.740839
SL-CASE-0199,7,PLC/DLC Review,PLC_DLC,PLC_Officer_2,2023-04-11T07:50:06.582154
SL-CASE-0199,8,PLC/DLC Recommendation,PLC_DLC,PLC_Officer_5,2023-04-13T19:21:39.133256
SL-CASE-0199,9,LCGD Case Intake,LCGD,LCGD_Officer_3,2023-04-16T12:51:11.950500
SL-CASE-0199,10,LCGD Review,LCGD,LCGD_Officer_2,2023-05-01T02:51:51.822790
SL-CASE-0199,11,LCGD Lease Decision,LCGD,LCGD_Officer_1,2023-05-01T22:16:36.207887
SL-CASE-0199,12,DS Final Notification,DS,DS_Officer_4,2023-05-03T05:49:15.615272
SL-CASE-0200,1,DS Application Received,DS,DS_Officer_6,2024-11-14T14:45:56.876964
SL-CASE-0200,2,DS Initial Review,DS,DS_Officer_7,2024-11-15T21:52:27.613909
SL-CASE-0200,3,Survey Clearance Requested,Survey,Clearance_Officer_2,2024-11-16T07:06:14.242606
SL-CASE-0200,4,Survey Clearance Issued,Survey,Clearance_Officer_1,2024-11-25T22:15:56.560040
SL-CASE-0200,5,Environmental Clearance Requested,Environmental,Clearance_Officer_1,2024-11-26T11:10:34.269367
SL-CASE-0200,6,Environmental Clearance Issued,Environmental,Clearance_Officer_12,2024-12-09T14:27:14.259268
SL-CASE-0200,7,DS Field Report Requested,DS,Clearance_Officer_10,2024-12-09T21:31:11.960876
SL-CASE-0200,8,DS Field Report Issued,DS,Clearance_Officer_8,2024-12-14T22:42:40.134948
SL-CASE-0200,9,PLC/DLC Review,PLC_DLC,PLC_Officer_3,2024-12-22T10:11:48.469465
SL-CASE-0200,10,PLC/DLC Recommendation,PLC_DLC,PLC_Officer_4,2024-12-26T12:13:32.613965
SL-CASE-0200,11,LCGD Case Intake,LCGD,LCGD_Officer_2,2024-12-28T08:15:18.281908
SL-CASE-0200,12,LCGD Review,LCGD,LCGD_Officer_1,2025-01-09T21:49:09.879193
SL-CASE-0200,13,LCGD Lease Decision,LCGD,LCGD_Officer_1,2025-01-13T16:43:07.042948
SL-CASE-0200,14,Registration Requested,Registry,Registry_Officer_1,2025-01-15T15:31:03.730179
SL-CASE-0200,15,Registration Completed,Registry,Registry_Officer_4,2025-01-19T08:27:10.809200
SL-CASE-0200,16,DS Final Notification,DS,DS_Officer_6,2025-01-20T00:03:40.477205
SL-CASE-0201,1,DS Application Received,DS,DS_Officer_4,2023-01-31T19:17:46.114201
SL-CASE-0201,2,DS Initial Review,DS,DS_Officer_1,2023-02-01T07:09:07.076840
SL-CASE-0201,3,Survey Clearance Requested,Survey,Clearance_Officer_5,2023-02-01T13:01:32.408845
SL-CASE-0201,4,Survey Clearance Issued,Survey,Clearance_Officer_1,2023-02-19T20:16:53.725490
SL-CASE-0201,5,DS Field Report Requested,DS,Clearance_Officer_3,2023-02-20T16:34:24.227803
SL-CASE-0201,6,DS Field Report Issued,DS,Clearance_Officer_2,2023-02-28T21:21:43.827197
SL-CASE-0201,7,PLC/DLC Review,PLC_DLC,PLC_Officer_2,2023-03-04T14:30:48.822818
SL-CASE-0201,8,PLC/DLC Recommendation,PLC_DLC,PLC_Officer_2,2023-03-06T07:17:30.526766
SL-CASE-0201,9,LCGD Case Intake,LCGD,LCGD_Officer_3,2023-03-09T04:57:20.718275
SL-CASE-0201,10,LCGD Review,LCGD,LCGD_Officer_4,2023-03-19T11:01:15.900197
SL-CASE-0201,11,LCGD Lease Decision,LCGD,LCGD_Officer_1,2023-03-28T06:33:49.813621
SL-CASE-0201,12,Registration Requested,Registry,Registry_Officer_2,2023-03-29T02:04:19.471999
SL-CASE-0201,13,Registration Completed,Registry,Registry_Officer_2,2023-04-14T04:32:44.220064
SL-CASE-0201,14,DS Final Notification,DS,DS_Officer_6,2023-04-15T19:49:28.007296
SL-CASE-0202,1,DS Application Received,DS,DS_Officer_4,2023-08-11T13:53:03.005684
SL-CASE-0202,2,DS Initial Review,DS,DS_Officer_5,2023-08-11T20:13:39.227335
SL-CASE-0202,3,Survey Clearance Requested,Survey,Clearance_Officer_9,2023-08-12T17:25:49.065495
SL-CASE-0202,4,Survey Clearance Issued,Survey,Clearance_Officer_8,2023-09-01T03:00:48.744694
SL-CASE-0202,5,Environmental Clearance Requested,Environmental,Clearance_Officer_2,2023-09-01T09:37:00.360515
SL-CASE-0202,6,Environmental Clearance Issued,Environmental,Clearance_Officer_11,2023-09-17T07:25:26.790579
SL-CASE-0202,7,Irrigation Dept Clearance Requested,Irrigation,Clearance_Officer_3,2023-09-17T22:57:05.797282
SL-CASE-0202,8,Irrigation Dept Clearance Issued,Irrigation,Clearance_Officer_11,2023-09-28T14:52:46.220201
SL-CASE-0202,9,DS Field Report Requested,DS,Clearance_Officer_6,2023-09-29T09:24:16.212744
SL-CASE-0202,10,DS Field Report Issued,DS,Clearance_Officer_8,2023-10-09T20:45:37.906016
SL-CASE-0202,11,PLC/DLC Review,PLC_DLC,PLC_Officer_6,2023-10-12T01:34:19.889104
SL-CASE-0202,12,PLC/DLC Recommendation,PLC_DLC,PLC_Officer_6,2023-10-14T02:11:39.716341
SL-CASE-0202,13,LCGD Case Intake,LCGD,LCGD_Officer_4,2023-10-17T17:35:19.342615
SL-CASE-0202,14,LCGD Review,LCGD,LCGD_Officer_4,2023-10-25T08:46:17.207649
SL-CASE-0202,15,LCGD Lease Decision,LCGD,LCGD_Officer_1,2023-10-31T20:05:17.365498
SL-CASE-0202,16,Registration Requested,Registry,Registry_Officer_2,2023-11-02T01:42:32.080314
SL-CASE-0202,17,Registration Completed,Registry,Registry_Officer_2,2023-11-11T15:51:26.723149
SL-CASE-0202,18,DS Final Notification,DS,DS_Officer_5,2023-11-12T21:34:13.516959
SL-CASE-0203,1,DS Application Received,DS,DS_Officer_4,2023-10-25T13:25:17.753694
SL-CASE-0203,2,DS Initial Review,DS,DS_Officer_8,2023-10-26T19:06:57.370091
SL-CASE-0203,3,Survey Clearance Requested,Survey,Clearance_Officer_6,2023-10-27T08:23:08.527478
SL-CASE-0203,4,Survey Clearance Issued,Survey,Clearance_Officer_8,2023-11-05T10:41:18.134703
SL-CASE-0203,5,Environmental Clearance Requested,Environmental,Clearance_Officer_6,2023-11-05T22:12:12.583197
SL-CASE-0203,6,Environmental Clearance Issued,Environmental,Clearance_Officer_6,2023-11-22T05:03:27.113423
SL-CASE-0203,7,Irrigation Dept Clearance Requested,Irrigation,Clearance_Officer_1,2023-11-22T13:03:50.255104
SL-CASE-0203,8,Irrigation Dept Clearance Issued,Irrigation,Clearance_Officer_4,2023-11-26T22:56:45.359116
SL-CASE-0203,9,DS Field Report Requested,DS,Clearance_Officer_2,2023-11-27T06:47:22.849465
SL-CASE-0203,10,DS Field Report Issued,DS,Clearance_Officer_2,2023-12-05T02:32:09.811866
SL-CASE-0203,11,PLC/DLC Review,PLC_DLC,PLC_Officer_5,2023-12-08T09:41:10.039664
SL-CASE-0203,12,PLC/DLC Recommendation,PLC_DLC,PLC_Officer_6,2023-12-11T02:08:39.461746
SL-CASE-0203,13,LCGD Case Intake,LCGD,LCGD_Officer_3,2023-12-12T02:20:13.561933
SL-CASE-0203,14,LCGD Review,LCGD,LCGD_Officer_1,2023-12-26T01:40:36.081810
SL-CASE-0203,15,LCGD Lease Decision,LCGD,LCGD_Officer_3,2023-12-27T11:25:34.513487
SL-CASE-0203,16,Registration Requested,Registry,Registry_Officer_2,2023-12-27T21:47:25.193972
SL-CASE-0203,17,Registration Completed,Registry,Registry_Officer_3,2024-01-04T05:59:02.066680
SL-CASE-0203,18,DS Final Notification,DS,DS_Officer_5,2024-01-05T01:29:08.024703
SL-CASE-0204,1,DS Application Received,DS,DS_Officer_7,2023-05-14T11:36:02.007952
SL-CASE-0204,2,DS Initial Review,DS,DS_Officer_1,2023-05-16T03:45:44.840425
SL-CASE-0204,3,Survey Clearance Requested,Survey,Clearance_Officer_9,2023-05-16T16:08:47.556734
SL-CASE-0204,4,Survey Clearance Issued,Survey,Clearance_Officer_3,2023-06-05T11:15:20.783893
SL-CASE-0204,5,Environmental Clearance Requested,Environmental,Clearance_Officer_4,2023-06-06T08:17:45.700662
SL-CASE-0204,6,Environmental Clearance Issued,Environmental,Clearance_Officer_12,2023-06-11T15:46:27.918581
SL-CASE-0204,7,DS Field Report Requested,DS,Clearance_Officer_4,2023-06-11T22:23:30.020239
SL-CASE-0204,8,DS Field Report Issued,DS,Clearance_Officer_9,2023-06-22T17:36:28.915596
SL-CASE-0204,9,PLC/DLC Review,PLC_DLC,PLC_Officer_6,2023-06-30T10:20:44.478014
SL-CASE-0204,10,PLC/DLC Recommendation,PLC_DLC,PLC_Officer_3,2023-07-04T13:11:13.298616
SL-CASE-0204,11,LCGD Case Intake,LCGD,LCGD_Officer_3,2023-07-10T04:43:32.699922
SL-CASE-0204,12,LCGD Review,LCGD,LCGD_Officer_4,2023-07-23T00:54:54.397267
SL-CASE-0204,13,LCGD Lease Decision,LCGD,LCGD_Officer_4,2023-07-30T19:07:32.807273
SL-CASE-0204,14,Registration Requested,Registry,Registry_Officer_4,2023-08-01T01:01:06.390111
SL-CASE-0204,15,Registration Completed,Registry,Registry_Officer_1,2023-08-18T05:57:39.465589
SL-CASE-0204,16,DS Final Notification,DS,DS_Officer_3,2023-08-19T10:11:23.907754
SL-CASE-0205,1,DS Application Received,DS,DS_Officer_5,2023-08-02T23:09:56.900557
SL-CASE-0205,2,DS Initial Review,DS,DS_Officer_1,2023-08-03T17:30:47.895658
SL-CASE-0205,3,Survey Clearance Requested,Survey,Clearance_Officer_1,2023-08-04T08:00:00.027917
SL-CASE-0205,4,Survey Clearance Issued,Survey,Clearance_Officer_3,2023-08-22T20:29:51.931064
SL-CASE-0205,5,DS Field Report Requested,DS,Clearance_Officer_6,2023-08-23T19:59:49.603093
SL-CASE-0205,6,DS Field Report Issued,DS,Clearance_Officer_10,2023-09-04T15:05:31.759601
SL-CASE-0205,7,PLC/DLC Review,PLC_DLC,PLC_Officer_5,2023-09-13T19:25:39.561501
SL-CASE-0205,8,PLC/DLC Recommendation,PLC_DLC,PLC_Officer_4,2023-09-18T04:15:33.689177
SL-CASE-0205,9,LCGD Case Intake,LCGD,LCGD_Officer_4,2023-09-20T00:06:55.002954
SL-CASE-0205,10,LCGD Review,LCGD,LCGD_Officer_4,2023-09-21T21:31:17.709473
SL-CASE-0205,11,LCGD Lease Decision,LCGD,LCGD_Officer_1,2023-09-23T23:35:34.211940
SL-CASE-0205,12,Registration Requested,Registry,Registry_Officer_4,2023-09-25T19:04:50.707178
SL-CASE-0205,13,Registration Completed,Registry,Registry_Officer_3,2023-10-08T22:27:58.534050
SL-CASE-0205,14,DS Final Notification,DS,DS_Officer_2,2023-10-09T06:59:35.393714
SL-CASE-0206,1,DS Application Received,DS,DS_Officer_5,2024-04-17T10:29:19.754883
SL-CASE-0206,2,DS Initial Review,DS,DS_Officer_2,2024-04-18T19:30:35.625968
SL-CASE-0206,3,Survey Clearance Requested,Survey,Clearance_Officer_6,2024-04-19T07:30:44.989969
SL-CASE-0206,4,Survey Clearance Issued,Survey,Clearance_Officer_3,2024-04-30T03:57:46.596168
SL-CASE-0206,5,Environmental Clearance Requested,Environmental,Clearance_Officer_7,2024-04-30T13:09:06.944142
SL-CASE-0206,6,Environmental Clearance Issued,Environmental,Clearance_Officer_2,2024-05-08T23:29:45.360374
SL-CASE-0206,7,DS Field Report Requested,DS,Clearance_Officer_7,2024-05-09T04:20:13.063761
SL-CASE-0206,8,DS Field Report Issued,DS,Clearance_Officer_2,2024-05-19T06:25:10.139086
SL-CASE-0206,9,PLC/DLC Review,PLC_DLC,PLC_Officer_2,2024-05-23T11:06:35.509626
SL-CASE-0206,10,PLC/DLC Recommendation,PLC_DLC,PLC_Officer_2,2024-05-24T07:55:19.718729
SL-CASE-0206,11,LCGD Case Intake,LCGD,LCGD_Officer_4,2024-05-26T20:14:39.348929
SL-CASE-0206,12,LCGD Review,LCGD,LCGD_Officer_3,2024-05-30T01:35:41.148746
SL-CASE-0206,13,LCGD Lease Decision,LCGD,LCGD_Officer_4,2024-06-05T01:04:04.370286
SL-CASE-0206,14,Registration Requested,Registry,Registry_Officer_1,2024-06-06T14:28:05.347463
SL-CASE-0206,15,Registration Completed,Registry,Registry_Officer_4,2024-06-26T10:24:10.669223
SL-CASE-0206,16,DS Final Notification,DS,DS_Officer_7,2024-06-26T16:52:51.120046
SL-CASE-0207,1,DS Application Received,DS,DS_Officer_5,2024-02-28T10:55:51.790289
SL-CASE-0207,2,DS Initial Review,DS,DS_Officer_8,2024-02-29T19:22:05.573713
SL-CASE-0207,3,Survey Clearance Requested,Survey,Clearance_Officer_12,2024-03-01T04:59:50.695455
SL-CASE-0207,4,Survey Clearance Issued,Survey,Clearance_Officer_7,2024-03-17T06:18:27.178037
SL-CASE-0207,5,Environmental Clearance Requested,Environmental,Clearance_Officer_3,2024-03-17T21:47:38.956965
SL-CASE-0207,6,Environmental Clearance Issued,Environmental,Clearance_Officer_3,2024-03-26T19:03:29.565357
SL-CASE-0207,7,DS Field Report Requested,DS,Clearance_Officer_12,2024-03-27T16:51:26.763285
SL-CASE-0207,8,DS Field Report Issued,DS,Clearance_Officer_7,2024-04-05T21:53:03.732886
SL-CASE-0207,9,PLC/DLC Review,PLC_DLC,PLC_Officer_2,2024-04-15T01:33:15.537635
SL-CASE-0207,10,PLC/DLC Recommendation,PLC_DLC,PLC_Officer_1,2024-04-18T15:11:08.981022
SL-CASE-0207,11,LCGD Case Intake,LCGD,LCGD_Officer_1,2024-04-21T16:34:47.400982
SL-CASE-0207,12,LCGD Review,LCGD,LCGD_Officer_2,2024-04-26T01:07:02.784558
SL-CASE-0207,13,Higher Approval Requested,Ministry,LCGD_Officer_3,2024-04-27T14:19:40.568649
SL-CASE-0207,14,Higher Approval Granted,Ministry,LCGD_Officer_1,2024-05-25T22:19:11.156878
SL-CASE-0207,15,LCGD Lease Decision,LCGD,LCGD_Officer_2,2024-06-01T23:39:43.416217
SL-CASE-0207,16,Registration Requested,Registry,Registry_Officer_4,2024-06-06T13:15:28.863931
SL-CASE-0207,17,Registration Completed,Registry,Registry_Officer_1,2024-06-26T09:47:15.831376
SL-CASE-0207,18,DS Final Notification,DS,DS_Officer_2,2024-06-29T09:27:35.559519
SL-CASE-0208,1,DS Application Received,DS,DS_Officer_8,2024-06-12T19:56:42.300949
SL-CASE-0208,2,DS Initial Review,DS,DS_Officer_7,2024-06-13T16:42:57.342911
SL-CASE-0208,3,Survey Clearance Requested,Survey,Clearance_Officer_7,2024-06-14T13:32:34.575989
SL-CASE-0208,4,Survey Clearance Issued,Survey,Clearance_Officer_5,2024-06-16T06:46:05.457473
SL-CASE-0208,5,Agrarian Services Clearance Requested,Agrarian,Clearance_Officer_3,2024-06-16T11:17:28.328655
SL-CASE-0208,6,Agrarian Services Clearance Issued,Agrarian,Clearance_Officer_12,2024-06-23T16:27:12.699861
SL-CASE-0208,7,PLC/DLC Review,PLC_DLC,PLC_Officer_4,2024-06-28T14:18:05.444425
SL-CASE-0208,8,PLC/DLC Recommendation,PLC_DLC,PLC_Officer_5,2024-06-29T04:04:49.979482
SL-CASE-0208,9,LCGD Case Intake,LCGD,LCGD_Officer_4,2024-07-03T22:34:33.874260
SL-CASE-0208,10,LCGD Review,LCGD,LCGD_Officer_3,2024-07-06T21:42:07.241778
SL-CASE-0208,11,Higher Approval Requested,Ministry,LCGD_Officer_2,2024-07-11T03:38:24.505358
SL-CASE-0208,12,Higher Approval Granted,Ministry,LCGD_Officer_1,2024-08-14T11:58:35.957868
SL-CASE-0208,13,LCGD Lease Decision,LCGD,LCGD_Officer_1,2024-08-16T11:27:00.072995
SL-CASE-0208,14,Registration Requested,Registry,Registry_Officer_4,2024-08-19T06:24:02.006088
SL-CASE-0208,15,Registration Completed,Registry,Registry_Officer_1,2024-08-23T11:12:55.064178
SL-CASE-0208,16,DS Final Notification,DS,DS_Officer_3,2024-08-25T12:37:55.615903
SL-CASE-0209,1,DS Application Received,DS,DS_Officer_2,2023-11-05T12:19:25.778093
SL-CASE-0209,2,DS Initial Review,DS,DS_Officer_5,2023-11-06T09:30:39.730915
SL-CASE-0209,3,Survey Clearance Requested,Survey,Clearance_Officer_10,2023-11-06T21:16:43.476325
SL-CASE-0209,4,Survey Clearance Issued,Survey,Clearance_Officer_7,2023-11-07T23:24:22.743201
SL-CASE-0209,5,Environmental Clearance Requested,Environmental,Clearance_Officer_4,2023-11-08T18:16:58.190887
SL-CASE-0209,6,Environmental Clearance Issued,Environmental,Clearance_Officer_4,2023-11-16T21:07:14.936125
SL-CASE-0209,7,DS Field Report Requested,DS,Clearance_Officer_1,2023-11-17T03:31:13.802860
SL-CASE-0209,8,DS Field Report Issued,DS,Clearance_Officer_1,2023-11-26T03:48:28.173290
SL-CASE-0209,9,PLC/DLC Review,PLC_DLC,PLC_Officer_2,2023-11-29T20:40:13.513412
SL-CASE-0209,10,PLC/DLC Recommendation,PLC_DLC,PLC_Officer_1,2023-12-03T08:11:08.902752
SL-CASE-0209,11,LCGD Case Intake,LCGD,LCGD_Officer_1,2023-12-05T06:35:39.808408
SL-CASE-0209,12,LCGD Review,LCGD,LCGD_Officer_2,2023-12-17T10:21:39.278579
SL-CASE-0209,13,Higher Approval Requested,Ministry,LCGD_Officer_1,2023-12-21T02:53:53.596929
SL-CASE-0209,14,Higher Approval Granted,Ministry,LCGD_Officer_1,2024-01-09T16:04:09.947063
SL-CASE-0209,15,LCGD Lease Decision,LCGD,LCGD_Officer_3,2024-01-17T20:55:31.888009
SL-CASE-0209,16,Registration Requested,Registry,Registry_Officer_2,2024-01-20T18:59:58.897718
SL-CASE-0209,17,Registration Completed,Registry,Registry_Officer_4,2024-02-02T15:51:02.674312
SL-CASE-0209,18,DS Final Notification,DS,DS_Officer_2,2024-02-05T11:34:31.327767
SL-CASE-0210,1,DS Application Received,DS,DS_Officer_2,2023-06-12T17:22:27.356145
SL-CASE-0210,2,DS Initial Review,DS,DS_Officer_5,2023-06-14T02:19:28.489815
SL-CASE-0210,3,Survey Clearance Requested,Survey,Clearance_Officer_6,2023-06-14T18:37:24.133460
SL-CASE-0210,4,Survey Clearance Issued,Survey,Clearance_Officer_4,2023-06-16T14:39:34.301887
SL-CASE-0210,5,DS Field Report Requested,DS,Clearance_Officer_10,2023-06-17T01:42:13.171290
SL-CASE-0210,6,DS Field Report Issued,DS,Clearance_Officer_2,2023-06-27T13:30:37.173249
SL-CASE-0210,7,PLC/DLC Review,PLC_DLC,PLC_Officer_5,2023-07-04T19:58:02.707253
SL-CASE-0210,8,PLC/DLC Recommendation,PLC_DLC,PLC_Officer_1,2023-07-05T21:30:49.526189
SL-CASE-0210,9,LCGD Case Intake,LCGD,LCGD_Officer_4,2023-07-10T07:05:34.914907
SL-CASE-0210,10,LCGD Review,LCGD,LCGD_Officer_2,2023-07-20T18:52:03.386784
SL-CASE-0210,11,LCGD Lease Decision,LCGD,LCGD_Officer_3,2023-07-24T06:33:59.398270
SL-CASE-0210,12,Registration Requested,Registry,Registry_Officer_4,2023-07-29T04:03:39.434671
SL-CASE-0210,13,Registration Completed,Registry,Registry_Officer_1,2023-07-31T10:50:49.568822
SL-CASE-0210,14,DS Final Notification,DS,DS_Officer_8,2023-08-02T07:26:39.966005
SL-CASE-0211,1,DS Application Received,DS,DS_Officer_4,2023-09-25T17:18:55.225495
SL-CASE-0211,2,DS Initial Review,DS,DS_Officer_1,2023-09-27T00:35:06.196088
SL-CASE-0211,3,Survey Clearance Requested,Survey,Clearance_Officer_8,2023-09-27T05:36:40.590325
SL-CASE-0211,4,Survey Clearance Issued,Survey,Clearance_Officer_3,2023-10-03T20:52:03.331706
SL-CASE-0211,5,Environmental Clearance Requested,Environmental,Clearance_Officer_11,2023-10-04T07:08:02.568788
SL-CASE-0211,6,Environmental Clearance Issued,Environmental,Clearance_Officer_12,2023-10-06T00:25:10.233047
SL-CASE-0211,7,DS Field Report Requested,DS,Clearance_Officer_8,2023-10-06T15:34:37.787985
SL-CASE-0211,8,DS Field Report Issued,DS,Clearance_Officer_6,2023-10-21T16:40:39.840070
SL-CASE-0211,9,PLC/DLC Review,PLC_DLC,PLC_Officer_3,2023-10-23T11:17:26.203410
SL-CASE-0211,10,PLC/DLC Recommendation,PLC_DLC,PLC_Officer_1,2023-10-26T18:39:40.493597
SL-CASE-0211,11,LCGD Case Intake,LCGD,LCGD_Officer_4,2023-10-30T15:55:02.691546
SL-CASE-0211,12,LCGD Review,LCGD,LCGD_Officer_3,2023-11-09T17:39:39.647322
SL-CASE-0211,13,LCGD Lease Decision,LCGD,LCGD_Officer_2,2023-11-17T07:17:23.734754
SL-CASE-0211,14,Registration Requested,Registry,Registry_Officer_3,2023-11-21T13:50:25.795365
SL-CASE-0211,15,Registration Completed,Registry,Registry_Officer_2,2023-11-29T02:07:28.762162
SL-CASE-0211,16,DS Final Notification,DS,DS_Officer_4,2023-11-30T17:52:35.323698
SL-CASE-0212,1,DS Application Received,DS,DS_Officer_1,2024-07-15T02:17:51.670600
SL-CASE-0212,2,DS Initial Review,DS,DS_Officer_3,2024-07-16T10:12:35.396949
SL-CASE-0212,3,Survey Clearance Requested,Survey,Clearance_Officer_3,2024-07-17T08:51:06.739458
SL-CASE-0212,4,Survey Clearance Issued,Survey,Clearance_Officer_10,2024-07-20T02:41:38.958060
SL-CASE-0212,5,Environmental Clearance Requested,Environmental,Clearance_Officer_4,2024-07-20T16:46:07.648409
SL-CASE-0212,6,Environmental Clearance Issued,Environmental,Clearance_Officer_2,2024-07-26T04:31:34.354826
SL-CASE-0212,7,DS Field Report Requested,DS,Clearance_Officer_8,2024-07-26T15:54:12.548276
SL-CASE-0212,8,DS Field Report Issued,DS,Clearance_Officer_12,2024-08-02T13:55:50.159518
SL-CASE-0212,9,PLC/DLC Review,PLC_DLC,PLC_Officer_4,2024-08-04T22:58:07.923133
SL-CASE-0212,10,PLC/DLC Recommendation,PLC_DLC,PLC_Officer_2,2024-08-06T01:04:57.054343
SL-CASE-0212,11,LCGD Case Intake,LCGD,LCGD_Officer_4,2024-08-08T12:21:58.411547
SL-CASE-0212,12,LCGD Review,LCGD,LCGD_Officer_2,2024-08-23T01:31:19.552138
SL-CASE-0212,13,Higher Approval Requested,Ministry,LCGD_Officer_4,2024-08-24T14:30:51.218202
SL-CASE-0212,14,Higher Approval Granted,Ministry,LCGD_Officer_3,2024-09-01T09:43:39.517202
SL-CASE-0212,15,LCGD Lease Decision,LCGD,LCGD_Officer_2,2024-09-05T12:55:00.661402
SL-CASE-0212,16,Registration Requested,Registry,Registry_Officer_4,2024-09-08T00:34:41.475480
SL-CASE-0212,17,Registration Completed,Registry,Registry_Officer_4,2024-09-18T14:59:29.732569
SL-CASE-0212,18,DS Final Notification,DS,DS_Officer_8,2024-09-20T22:12:51.497600
SL-CASE-0213,1,DS Application Received,DS,DS_Officer_5,2023-01-14T22:16:45.812254
SL-CASE-0213,2,DS Initial Review,DS,DS_Officer_5,2023-01-15T19:01:09.129838
SL-CASE-0213,3,Survey Clearance Requested,Survey,Clearance_Officer_7,2023-01-16T06:59:54.495823
SL-CASE-0213,4,Survey Clearance Issued,Survey,Clearance_Officer_8,2023-01-27T23:20:06.968784
SL-CASE-0213,5,Environmental Clearance Requested,Environmental,Clearance_Officer_3,2023-01-28T02:55:04.589039
SL-CASE-0213,6,Environmental Clearance Issued,Environmental,Clearance_Officer_4,2023-02-11T16:53:44.298667
SL-CASE-0213,7,Irrigation Dept Clearance Requested,Irrigation,Clearance_Officer_4,2023-02-11T22:17:58.475562
SL-CASE-0213,8,Irrigation Dept Clearance Issued,Irrigation,Clearance_Officer_9,2023-02-13T00:12:21.267543
SL-CASE-0213,9,DS Field Report Requested,DS,Clearance_Officer_6,2023-02-13T18:16:26.463986
SL-CASE-0213,10,DS Field Report Issued,DS,Clearance_Officer_7,2023-02-24T02:22:36.886934
SL-CASE-0213,11,PLC/DLC Review,PLC_DLC,PLC_Officer_6,2023-03-05T12:45:42.802839
SL-CASE-0213,12,PLC/DLC Recommendation,PLC_DLC,PLC_Officer_4,2023-03-07T13:18:01.468855
SL-CASE-0213,13,LCGD Case Intake,LCGD,LCGD_Officer_1,2023-03-10T01:19:08.028408
SL-CASE-0213,14,LCGD Review,LCGD,LCGD_Officer_1,2023-03-16T18:40:17.491149
SL-CASE-0213,15,Higher Approval Requested,Ministry,LCGD_Officer_1,2023-03-21T17:48:48.192518
SL-CASE-0213,16,Higher Approval Granted,Ministry,LCGD_Officer_2,2023-04-09T05:04:02.051143
SL-CASE-0213,17,LCGD Lease Decision,LCGD,LCGD_Officer_4,2023-04-11T08:30:59.887108
SL-CASE-0213,18,Registration Requested,Registry,Registry_Officer_3,2023-04-16T03:37:32.445271
SL-CASE-0213,19,Registration Completed,Registry,Registry_Officer_4,2023-04-26T20:00:25.534675
SL-CASE-0213,20,DS Final Notification,DS,DS_Officer_6,2023-04-28T18:27:20.430394
SL-CASE-0214,1,DS Application Received,DS,DS_Officer_3,2024-05-02T13:48:13.584667
SL-CASE-0214,2,DS Initial Review,DS,DS_Officer_8,2024-05-03T05:18:08.367305
SL-CASE-0214,3,Survey Clearance Requested,Survey,Clearance_Officer_3,2024-05-04T04:04:34.172861
SL-CASE-0214,4,Survey Clearance Issued,Survey,Clearance_Officer_10,2024-05-10T00:01:53.410287
SL-CASE-0214,5,Environmental Clearance Requested,Environmental,Clearance_Officer_11,2024-05-10T14:45:18.080580
SL-CASE-0214,6,Environmental Clearance Issued,Environmental,Clearance_Officer_1,2024-05-27T14:29:10.581868
SL-CASE-0214,7,Irrigation Dept Clearance Requested,Irrigation,Clearance_Officer_2,2024-05-27T19:03:15.648841
SL-CASE-0214,8,Irrigation Dept Clearance Issued,Irrigation,Clearance_Officer_7,2024-06-10T00:53:58.405447
SL-CASE-0214,9,DS Field Report Requested,DS,Clearance_Officer_10,2024-06-10T11:38:53.625631
SL-CASE-0214,10,DS Field Report Issued,DS,Clearance_Officer_2,2024-06-29T23:51:31.027031
SL-CASE-0214,11,PLC/DLC Review,PLC_DLC,PLC_Officer_2,2024-07-05T10:05:06.232627
SL-CASE-0214,12,PLC/DLC Recommendation,PLC_DLC,PLC_Officer_2,2024-07-09T19:56:59.163485
SL-CASE-0214,13,LCGD Case Intake,LCGD,LCGD_Officer_3,2024-07-15T17:23:26.519204
SL-CASE-0214,14,LCGD Review,LCGD,LCGD_Officer_4,2024-07-26T09:50:52.311217
SL-CASE-0214,15,LCGD Lease Decision,LCGD,LCGD_Officer_4,2024-08-01T08:59:25.910418
SL-CASE-0214,16,Registration Requested,Registry,Registry_Officer_1,2024-08-05T04:46:16.418661
SL-CASE-0214,17,Registration Completed,Registry,Registry_Officer_3,2024-08-08T06:36:00.734804
SL-CASE-0214,18,DS Final Notification,DS,DS_Officer_5,2024-08-10T17:35:46.196265
SL-CASE-0215,1,DS Application Received,DS,DS_Officer_7,2024-06-08T04:03:28.262073
SL-CASE-0215,2,DS Initial Review,DS,DS_Officer_7,2024-06-09T12:51:24.418851
SL-CASE-0215,3,Survey Clearance Requested,Survey,Clearance_Officer_6,2024-06-09T18:36:38.651936
SL-CASE-0215,4,Survey Clearance Issued,Survey,Clearance_Officer_3,2024-06-14T07:36:32.955596
SL-CASE-0215,5,Environmental Clearance Requested,Environmental,Clearance_Officer_3,2024-06-14T13:57:56.181485
SL-CASE-0215,6,Environmental Clearance Issued,Environmental,Clearance_Officer_2,2024-06-25T03:09:26.917912
SL-CASE-0215,7,Irrigation Dept Clearance Requested,Irrigation,Clearance_Officer_4,2024-06-25T15:04:19.252028
SL-CASE-0215,8,Irrigation Dept Clearance Issued,Irrigation,Clearance_Officer_1,2024-06-30T03:43:22.661449
SL-CASE-0215,9,DS Field Report Requested,DS,Clearance_Officer_4,2024-06-30T22:13:15.987684
SL-CASE-0215,10,DS Field Report Issued,DS,Clearance_Officer_7,2024-07-06T20:29:08.093784
SL-CASE-0215,11,PLC/DLC Review,PLC_DLC,PLC_Officer_5,2024-07-11T12:58:19.646945
SL-CASE-0215,12,PLC/DLC Recommendation,PLC_DLC,PLC_Officer_6,2024-07-12T07:25:13.458590
SL-CASE-0215,13,LCGD Case Intake,LCGD,LCGD_Officer_3,2024-07-13T21:20:09.894662
SL-CASE-0215,14,LCGD Review,LCGD,LCGD_Officer_1,2024-07-16T02:08:01.159043
SL-CASE-0215,15,Higher Approval Requested,Ministry,LCGD_Officer_3,2024-07-17T15:41:04.367097
SL-CASE-0215,16,Higher Approval Granted,Ministry,LCGD_Officer_2,2024-07-23T16:36:16.321773
SL-CASE-0215,17,LCGD Lease Decision,LCGD,LCGD_Officer_1,2024-07-28T14:25:56.854538
SL-CASE-0215,18,Registration Requested,Registry,Registry_Officer_3,2024-07-28T21:30:58.353418
SL-CASE-0215,19,Registration Completed,Registry,Registry_Officer_1,2024-08-13T04:20:11.093563
SL-CASE-0215,20,DS Final Notification,DS,DS_Officer_1,2024-08-15T04:54:32.307697
SL-CASE-0216,1,DS Application Received,DS,DS_Officer_6,2023-03-09T19:41:04.798897
SL-CASE-0216,2,DS Initial Review,DS,DS_Officer_4,2023-03-11T19:39:36.908322
SL-CASE-0216,3,Survey Clearance Requested,Survey,Clearance_Officer_11,2023-03-12T18:21:43.399223
SL-CASE-0216,4,Survey Clearance Issued,Survey,Clearance_Officer_10,2023-03-21T08:03:53.968708
SL-CASE-0216,5,DS Field Report Requested,DS,Clearance_Officer_6,2023-03-21T11:19:27.498988
SL-CASE-0216,6,DS Field Report Issued,DS,Clearance_Officer_2,2023-04-08T01:26:51.411838
SL-CASE-0216,7,PLC/DLC Review,PLC_DLC,PLC_Officer_6,2023-04-08T14:09:03.303213
SL-CASE-0216,8,PLC/DLC Recommendation,PLC_DLC,PLC_Officer_2,2023-04-10T17:57:25.452795
SL-CASE-0216,9,LCGD Case Intake,LCGD,LCGD_Officer_1,2023-04-11T09:57:47.580748
SL-CASE-0216,10,LCGD Review,LCGD,LCGD_Officer_3,2023-04-24T13:56:56.369500
SL-CASE-0216,11,LCGD Lease Decision,LCGD,LCGD_Officer_2,2023-05-04T02:29:50.947286
SL-CASE-0216,12,Registration Requested,Registry,Registry_Officer_4,2023-05-06T02:29:54.576248
SL-CASE-0216,13,Registration Completed,Registry,Registry_Officer_2,2023-05-16T21:17:57.401311
SL-CASE-0216,14,DS Final Notification,DS,DS_Officer_6,2023-05-16T23:31:05.936940
SL-CASE-0217,1,DS Application Received,DS,DS_Officer_6,2023-01-12T16:58:37.307379
SL-CASE-0217,2,DS Initial Review,DS,DS_Officer_8,2023-01-13T15:48:19.246206
SL-CASE-0217,3,Survey Clearance Requested,Survey,Clearance_Officer_12,2023-01-14T15:30:59.466115
SL-CASE-0217,4,Survey Clearance Issued,Survey,Clearance_Officer_12,2023-02-01T20:17:20.320281
SL-CASE-0217,5,Agrarian Services Clearance Requested,Agrarian,Clearance_Officer_10,2023-02-02T06:45:21.116917
SL-CASE-0217,6,Agrarian Services Clearance Issued,Agrarian,Clearance_Officer_3,2023-02-06T23:42:39.446571
SL-CASE-0217,7,PLC/DLC Review,PLC_DLC,PLC_Officer_5,2023-02-15T18:02:19.486642
SL-CASE-0217,8,PLC/DLC Recommendation,PLC_DLC,PLC_Officer_6,2023-02-19T17:30:46.828274
SL-CASE-0217,9,LCGD Case Intake,LCGD,LCGD_Officer_2,2023-02-23T12:14:10.751680
SL-CASE-0217,10,LCGD Review,LCGD,LCGD_Officer_1,2023-03-03T11:32:20.900014
SL-CASE-0217,11,LCGD Lease Decision,LCGD,LCGD_Officer_4,2023-03-06T16:03:16.712137
SL-CASE-0217,12,DS Final Notification,DS,DS_Officer_8,2023-03-07T05:49:06.030685
SL-CASE-0218,1,DS Application Received,DS,DS_Officer_1,2024-10-30T13:04:17.277067
SL-CASE-0218,2,DS Initial Review,DS,DS_Officer_6,2024-10-31T00:07:18.545067
SL-CASE-0218,3,Survey Clearance Requested,Survey,Clearance_Officer_5,2024-10-31T21:58:48.307760
SL-CASE-0218,4,Survey Clearance Issued,Survey,Clearance_Officer_5,2024-11-06T02:28:17.606765
SL-CASE-0218,5,Environmental Clearance Requested,Environmental,Clearance_Officer_11,2024-11-06T19:07:19.475119
SL-CASE-0218,6,Environmental Clearance Issued,Environmental,Clearance_Officer_3,2024-11-10T03:15:17.332742
SL-CASE-0218,7,Irrigation Dept Clearance Requested,Irrigation,Clearance_Officer_11,2024-11-11T01:33:18.038736
SL-CASE-0218,8,Irrigation Dept Clearance Issued,Irrigation,Clearance_Officer_2,2024-11-25T20:20:38.328362
SL-CASE-0218,9,DS Field Report Requested,DS,Clearance_Officer_6,2024-11-26T15:50:45.133159
SL-CASE-0218,10,DS Field Report Issued,DS,Clearance_Officer_10,2024-12-14T05:27:02.833626
SL-CASE-0218,11,PLC/DLC Review,PLC_DLC,PLC_Officer_5,2024-12-22T00:10:32.560626
SL-CASE-0218,12,PLC/DLC Recommendation,PLC_DLC,PLC_Officer_3,2024-12-22T13:32:51.909129
SL-CASE-0218,13,LCGD Case Intake,LCGD,LCGD_Officer_4,2024-12-25T12:21:40.906210
SL-CASE-0218,14,LCGD Review,LCGD,LCGD_Officer_4,2025-01-04T16:04:42.114170
SL-CASE-0218,15,LCGD Lease Decision,LCGD,LCGD_Officer_2,2025-01-12T19:15:18.272957
SL-CASE-0218,16,Registration Requested,Registry,Registry_Officer_3,2025-01-14T06:47:30.429450
SL-CASE-0218,17,Registration Completed,Registry,Registry_Officer_1,2025-01-16T22:46:26.476650
SL-CASE-0218,18,DS Final Notification,DS,DS_Officer_4,2025-01-18T00:35:26.415853
SL-CASE-0219,1,DS Application Received,DS,DS_Officer_4,2024-06-05T05:42:07.230574
SL-CASE-0219,2,DS Initial Review,DS,DS_Officer_7,2024-06-06T22:58:30.816282
SL-CASE-0219,3,Survey Clearance Requested,Survey,Clearance_Officer_6,2024-06-07T08:00:26.541021
SL-CASE-0219,4,Survey Clearance Issued,Survey,Clearance_Officer_3,2024-06-23T11:40:32.318296
SL-CASE-0219,5,DS Field Report Requested,DS,Clearance_Officer_10,2024-06-24T01:06:36.627778
SL-CASE-0219,6,DS Field Report Issued,DS,Clearance_Officer_2,2024-07-06T06:30:14.481800
SL-CASE-0219,7,PLC/DLC Review,PLC_DLC,PLC_Officer_5,2024-07-10T12:38:06.886455
SL-CASE-0219,8,PLC/DLC Recommendation,PLC_DLC,PLC_Officer_3,2024-07-14T19:48:16.261612
SL-CASE-0219,9,LCGD Case Intake,LCGD,LCGD_Officer_3,2024-07-16T06:22:40.223362
SL-CASE-0219,10,LCGD Review,LCGD,LCGD_Officer_4,2024-07-28T23:40:57.488719
SL-CASE-0219,11,LCGD Lease Decision,LCGD,LCGD_Officer_2,2024-08-04T20:47:53.417547
SL-CASE-0219,12,Registration Requested,Registry,Registry_Officer_2,2024-08-07T23:21:54.823287
SL-CASE-0219,13,Registration Completed,Registry,Registry_Officer_1,2024-08-23T04:01:28.406588
SL-CASE-0219,14,DS Final Notification,DS,DS_Officer_5,2024-08-24T23:56:46.244272
SL-CASE-0220,1,DS Application Received,DS,DS_Officer_6,2023-12-18T16:04:04.545085
SL-CASE-0220,2,DS Initial Review,DS,DS_Officer_4,2023-12-19T02:47:12.578856
SL-CASE-0220,3,Survey Clearance Requested,Survey,Clearance_Officer_4,2023-12-19T23:26:39.718813
SL-CASE-0220,4,Survey Clearance Issued,Survey,Clearance_Officer_1,2024-01-03T06:49:48.529076
SL-CASE-0220,5,DS Field Report Requested,DS,Clearance_Officer_3,2024-01-04T05:08:22.631181
SL-CASE-0220,6,DS Field Report Issued,DS,Clearance_Officer_12,2024-01-21T11:49:50.703793
SL-CASE-0220,7,PLC/DLC Review,PLC_DLC,PLC_Officer_6,2024-01-25T17:09:46.598445
SL-CASE-0220,8,PLC/DLC Recommendation,PLC_DLC,PLC_Officer_2,2024-01-30T07:10:25.861874
SL-CASE-0220,9,LCGD Case Intake,LCGD,LCGD_Officer_4,2024-02-06T05:46:46.963418
SL-CASE-0220,10,LCGD Review,LCGD,LCGD_Officer_4,2024-02-11T23:08:58.278022
SL-CASE-0220,11,LCGD Lease Decision,LCGD,LCGD_Officer_4,2024-02-21T20:52:59.044319
SL-CASE-0220,12,DS Final Notification,DS,DS_Officer_5,2024-02-23T02:15:26.944177
SL-CASE-0221,1,DS Application Received,DS,DS_Officer_5,2023-07-17T15:49:29.430921
SL-CASE-0221,2,DS Initial Review,DS,DS_Officer_3,2023-07-18T15:57:22.578943
SL-CASE-0221,3,Survey Clearance Requested,Survey,Clearance_Officer_8,2023-07-19T06:39:13.445738
SL-CASE-0221,4,Survey Clearance Issued,Survey,Clearance_Officer_5,2023-08-02T12:00:34.037142
SL-CASE-0221,5,Environmental Clearance Requested,Environmental,Clearance_Officer_4,2023-08-03T09:44:53.709625
SL-CASE-0221,6,Environmental Clearance Issued,Environmental,Clearance_Officer_12,2023-08-08T13:13:06.543755
SL-CASE-0221,7,DS Field Report Requested,DS,Clearance_Officer_11,2023-08-08T19:31:22.425162
SL-CASE-0221,8,DS Field Report Issued,DS,Clearance_Officer_12,2023-08-09T23:41:14.361150
SL-CASE-0221,9,PLC/DLC Review,PLC_DLC,PLC_Officer_1,2023-08-18T14:53:15.136782
SL-CASE-0221,10,PLC/DLC Recommendation,PLC_DLC,PLC_Officer_2,2023-08-22T02:12:56.764371
SL-CASE-0221,11,LCGD Case Intake,LCGD,LCGD_Officer_4,2023-08-25T00:57:30.497505
SL-CASE-0221,12,LCGD Review,LCGD,LCGD_Officer_2,2023-09-04T13:15:07.490707
SL-CASE-0221,13,LCGD Lease Decision,LCGD,LCGD_Officer_1,2023-09-13T19:55:57.538363
SL-CASE-0221,14,DS Final Notification,DS,DS_Officer_8,2023-09-14T22:49:24.669527
SL-CASE-0222,1,DS Application Received,DS,DS_Officer_4,2023-05-06T17:54:01.293524
SL-CASE-0222,2,DS Initial Review,DS,DS_Officer_5,2023-05-07T15:21:09.829383
SL-CASE-0222,3,Survey Clearance Requested,Survey,Clearance_Officer_3,2023-05-08T08:29:18.170572
SL-CASE-0222,4,Survey Clearance Issued,Survey,Clearance_Officer_7,2023-05-21T18:09:49.671467
SL-CASE-0222,5,DS Field Report Requested,DS,Clearance_Officer_11,2023-05-22T13:13:56.976374
SL-CASE-0222,6,DS Field Report Issued,DS,Clearance_Officer_8,2023-06-05T01:31:01.522949
SL-CASE-0222,7,PLC/DLC Review,PLC_DLC,PLC_Officer_6,2023-06-13T18:42:47.986938
SL-CASE-0222,8,PLC/DLC Recommendation,PLC_DLC,PLC_Officer_6,2023-06-15T20:16:22.204280
SL-CASE-0222,9,LCGD Case Intake,LCGD,LCGD_Officer_3,2023-06-20T14:10:16.782415
SL-CASE-0222,10,LCGD Review,LCGD,LCGD_Officer_1,2023-06-21T18:04:11.066658
SL-CASE-0222,11,LCGD Lease Decision,LCGD,LCGD_Officer_4,2023-06-22T19:24:24.467508
SL-CASE-0222,12,Registration Requested,Registry,Registry_Officer_2,2023-06-26T02:31:38.855556
SL-CASE-0222,13,Registration Completed,Registry,Registry_Officer_4,2023-06-27T13:01:39.586930
SL-CASE-0222,14,DS Final Notification,DS,DS_Officer_2,2023-06-28T10:11:18.238296
SL-CASE-0223,1,DS Application Received,DS,DS_Officer_3,2024-07-10T01:37:29.493291
SL-CASE-0223,2,DS Initial Review,DS,DS_Officer_1,2024-07-10T23:27:33.846868
SL-CASE-0223,3,Survey Clearance Requested,Survey,Clearance_Officer_9,2024-07-11T10:07:22.533227
SL-CASE-0223,4,Survey Clearance Issued,Survey,Clearance_Officer_9,2024-07-27T07:23:14.363868
SL-CASE-0223,5,Environmental Clearance Requested,Environmental,Clearance_Officer_9,2024-07-27T20:08:08.574250
SL-CASE-0223,6,Environmental Clearance Issued,Environmental,Clearance_Officer_9,2024-08-13T17:52:24.065530
SL-CASE-0223,7,DS Field Report Requested,DS,Clearance_Officer_11,2024-08-14T11:34:32.996171
SL-CASE-0223,8,DS Field Report Issued,DS,Clearance_Officer_4,2024-08-17T20:09:38.037998
SL-CASE-0223,9,PLC/DLC Review,PLC_DLC,PLC_Officer_1,2024-08-27T12:20:09.038670
SL-CASE-0223,10,PLC/DLC Recommendation,PLC_DLC,PLC_Officer_5,2024-08-28T14:55:53.615364
SL-CASE-0223,11,LCGD Case Intake,LCGD,LCGD_Officer_1,2024-09-02T15:23:06.858998
SL-CASE-0223,12,LCGD Review,LCGD,LCGD_Officer_3,2024-09-11T09:46:18.310239
SL-CASE-0223,13,Higher Approval Requested,Ministry,LCGD_Officer_2,2024-09-12T05:47:56.102680
SL-CASE-0223,14,Higher Approval Granted,Ministry,LCGD_Officer_2,2024-10-07T08:52:01.136132
SL-CASE-0223,15,LCGD Lease Decision,LCGD,LCGD_Officer_3,2024-10-08T11:25:01.486730
SL-CASE-0223,16,Registration Requested,Registry,Registry_Officer_1,2024-10-12T18:28:56.610295
SL-CASE-0223,17,Registration Completed,Registry,Registry_Officer_1,2024-10-15T09:03:52.924623
SL-CASE-0223,18,DS Final Notification,DS,DS_Officer_6,2024-10-16T22:29:42.298930
SL-CASE-0224,1,DS Application Received,DS,DS_Officer_8,2024-11-07T10:01:34.942305
SL-CASE-0224,2,DS Initial Review,DS,DS_Officer_8,2024-11-07T20:10:47.981655
SL-CASE-0224,3,Survey Clearance Requested,Survey,Clearance_Officer_9,2024-11-08T13:28:20.020015
SL-CASE-0224,4,Survey Clearance Issued,Survey,Clearance_Officer_6,2024-11-26T20:47:21.649969
SL-CASE-0224,5,Environmental Clearance Requested,Environmental,Clearance_Officer_9,2024-11-27T12:07:30.482944
SL-CASE-0224,6,Environmental Clearance Issued,Environmental,Clearance_Officer_2,2024-12-02T11:48:43.015357
SL-CASE-0224,7,DS Field Report Requested,DS,Clearance_Officer_1,2024-12-03T04:23:22.281489
SL-CASE-0224,8,DS Field Report Issued,DS,Clearance_Officer_4,2024-12-08T16:30:26.225243
SL-CASE-0224,9,PLC/DLC Review,PLC_DLC,PLC_Officer_2,2024-12-10T12:48:26.770534
SL-CASE-0224,10,PLC/DLC Recommendation,PLC_DLC,PLC_Officer_5,2024-12-15T07:57:13.140194
SL-CASE-0224,11,LCGD Case Intake,LCGD,LCGD_Officer_3,2024-12-19T10:04:36.004169
SL-CASE-0224,12,LCGD Review,LCGD,LCGD_Officer_4,2024-12-24T07:16:53.865577
SL-CASE-0224,13,LCGD Lease Decision,LCGD,LCGD_Officer_3,2024-12-25T06:40:54.442720
SL-CASE-0224,14,DS Final Notification,DS,DS_Officer_3,2024-12-26T02:55:44.402158
SL-CASE-0225,1,DS Application Received,DS,DS_Officer_4,2023-10-08T01:32:10.713109
SL-CASE-0225,2,DS Initial Review,DS,DS_Officer_3,2023-10-09T12:58:18.796024
SL-CASE-0225,3,Survey Clearance Requested,Survey,Clearance_Officer_3,2023-10-10T00:12:17.964652
SL-CASE-0225,4,Survey Clearance Issued,Survey,Clearance_Officer_7,2023-10-17T00:27:55.097920
SL-CASE-0225,5,DS Field Report Requested,DS,Clearance_Officer_10,2023-10-17T10:48:07.296497
SL-CASE-0225,6,DS Field Report Issued,DS,Clearance_Officer_5,2023-10-23T03:39:39.497558
SL-CASE-0225,7,PLC/DLC Review,PLC_DLC,PLC_Officer_1,2023-10-24T20:04:28.598129
SL-CASE-0225,8,PLC/DLC Recommendation,PLC_DLC,PLC_Officer_4,2023-10-28T08:02:53.681149
SL-CASE-0225,9,LCGD Case Intake,LCGD,LCGD_Officer_1,2023-10-29T06:20:16.457264
SL-CASE-0225,10,LCGD Review,LCGD,LCGD_Officer_3,2023-11-04T08:14:42.905945
SL-CASE-0225,11,LCGD Lease Decision,LCGD,LCGD_Officer_2,2023-11-12T04:18:49.875113
SL-CASE-0225,12,DS Final Notification,DS,DS_Officer_4,2023-11-14T19:08:01.428496
SL-CASE-0226,1,DS Application Received,DS,DS_Officer_5,2023-07-11T14:43:21.628039
SL-CASE-0226,2,DS Initial Review,DS,DS_Officer_8,2023-07-12T20:37:51.832742
SL-CASE-0226,3,Survey Clearance Requested,Survey,Clearance_Officer_6,2023-07-13T00:43:58.644878
SL-CASE-0226,4,Survey Clearance Issued,Survey,Clearance_Officer_5,2023-07-27T08:08:26.452350
SL-CASE-0226,5,DS Field Report Requested,DS,Clearance_Officer_10,2023-07-27T22:16:28.597122
SL-CASE-0226,6,DS Field Report Issued,DS,Clearance_Officer_1,2023-07-30T19:26:55.592899
SL-CASE-0226,7,PLC/DLC Review,PLC_DLC,PLC_Officer_4,2023-08-01T22:22:45.072445
SL-CASE-0226,8,PLC/DLC Recommendation,PLC_DLC,PLC_Officer_6,2023-08-03T00:58:33.059972
SL-CASE-0226,9,LCGD Case Intake,LCGD,LCGD_Officer_4,2023-08-07T22:42:52.213550
SL-CASE-0226,10,LCGD Review,LCGD,LCGD_Officer_2,2023-08-15T14:56:24.329980
SL-CASE-0226,11,LCGD Lease Decision,LCGD,LCGD_Officer_2,2023-08-18T09:33:37.342591
SL-CASE-0226,12,Registration Requested,Registry,Registry_Officer_2,2023-08-21T18:31:21.171034
SL-CASE-0226,13,Registration Completed,Registry,Registry_Officer_3,2023-08-29T23:15:20.342042
SL-CASE-0226,14,DS Final Notification,DS,DS_Officer_6,2023-08-30T04:57:22.227653
SL-CASE-0227,1,DS Application Received,DS,DS_Officer_7,2024-05-10T06:35:32.021438
SL-CASE-0227,2,DS Initial Review,DS,DS_Officer_4,2024-05-11T09:29:54.216134
SL-CASE-0227,3,Survey Clearance Requested,Survey,Clearance_Officer_2,2024-05-11T18:12:45.060688
SL-CASE-0227,4,Survey Clearance Issued,Survey,Clearance_Officer_7,2024-05-30T18:15:06.611677
SL-CASE-0227,5,Environmental Clearance Requested,Environmental,Clearance_Officer_2,2024-05-31T13:12:16.421086
SL-CASE-0227,6,Environmental Clearance Issued,Environmental,Clearance_Officer_2,2024-06-13T14:37:01.659895
SL-CASE-0227,7,DS Field Report Requested,DS,Clearance_Officer_2,2024-06-14T08:40:33.939875
SL-CASE-0227,8,DS Field Report Issued,DS,Clearance_Officer_1,2024-06-18T11:58:03.646790
SL-CASE-0227,9,PLC/DLC Review,PLC_DLC,PLC_Officer_3,2024-06-19T19:15:11.113986
SL-CASE-0227,10,PLC/DLC Recommendation,PLC_DLC,PLC_Officer_4,2024-06-22T16:25:38.285585
SL-CASE-0227,11,LCGD Case Intake,LCGD,LCGD_Officer_1,2024-06-28T10:31:45.915171
SL-CASE-0227,12,LCGD Review,LCGD,LCGD_Officer_4,2024-07-12T21:49:02.309540
SL-CASE-0227,13,LCGD Lease Decision,LCGD,LCGD_Officer_2,2024-07-19T18:14:34.961886
SL-CASE-0227,14,Registration Requested,Registry,Registry_Officer_1,2024-07-22T06:55:25.762748
SL-CASE-0227,15,Registration Completed,Registry,Registry_Officer_2,2024-07-30T23:49:07.697833
SL-CASE-0227,16,DS Final Notification,DS,DS_Officer_1,2024-08-02T17:34:51.072055
SL-CASE-0228,1,DS Application Received,DS,DS_Officer_4,2024-05-14T22:56:10.532605
SL-CASE-0228,2,DS Initial Review,DS,DS_Officer_6,2024-05-15T10:37:41.101093
SL-CASE-0228,3,Survey Clearance Requested,Survey,Clearance_Officer_9,2024-05-16T07:05:42.288754
SL-CASE-0228,4,Survey Clearance Issued,Survey,Clearance_Officer_1,2024-05-24T00:11:45.670202
SL-CASE-0228,5,Agrarian Services Clearance Requested,Agrarian,Clearance_Officer_7,2024-05-24T11:29:45.273892
SL-CASE-0228,6,Agrarian Services Clearance Issued,Agrarian,Clearance_Officer_2,2024-05-28T17:14:11.749987
SL-CASE-0228,7,PLC/DLC Review,PLC_DLC,PLC_Officer_6,2024-06-01T10:17:28.165589
SL-CASE-0228,8,PLC/DLC Recommendation,PLC_DLC,PLC_Officer_5,2024-06-02T20:45:51.813314
SL-CASE-0228,9,LCGD Case Intake,LCGD,LCGD_Officer_1,2024-06-08T21:29:08.204932
SL-CASE-0228,10,LCGD Review,LCGD,LCGD_Officer_4,2024-06-13T22:56:50.513746
SL-CASE-0228,11,LCGD Lease Decision,LCGD,LCGD_Officer_2,2024-06-17T01:38:12.855004
SL-CASE-0228,12,DS Final Notification,DS,DS_Officer_7,2024-06-17T03:47:35.900610
SL-CASE-0229,1,DS Application Received,DS,DS_Officer_8,2023-06-02T05:23:36.434470
SL-CASE-0229,2,DS Initial Review,DS,DS_Officer_6,2023-06-02T23:50:59.039793
SL-CASE-0229,3,Survey Clearance Requested,Survey,Clearance_Officer_6,2023-06-03T04:12:26.432961
SL-CASE-0229,4,Survey Clearance Issued,Survey,Clearance_Officer_3,2023-06-21T02:08:12.640666
SL-CASE-0229,5,Agrarian Services Clearance Requested,Agrarian,Clearance_Officer_1,2023-06-21T12:58:56.433284
SL-CASE-0229,6,Agrarian Services Clearance Issued,Agrarian,Clearance_Officer_8,2023-06-24T11:11:32.530958
SL-CASE-0229,7,PLC/DLC Review,PLC_DLC,PLC_Officer_5,2023-06-26T20:13:57.002228
SL-CASE-0229,8,PLC/DLC Recommendation,PLC_DLC,PLC_Officer_2,2023-06-29T12:51:53.355480
SL-CASE-0229,9,LCGD Case Intake,LCGD,LCGD_Officer_4,2023-07-02T16:56:13.175577
SL-CASE-0229,10,LCGD Review,LCGD,LCGD_Officer_3,2023-07-03T19:15:32.058215
SL-CASE-0229,11,LCGD Lease Decision,LCGD,LCGD_Officer_4,2023-07-06T06:09:54.682405
SL-CASE-0229,12,Registration Requested,Registry,Registry_Officer_3,2023-07-08T06:50:11.287875
SL-CASE-0229,13,Registration Completed,Registry,Registry_Officer_2,2023-07-17T10:09:36.644790
SL-CASE-0229,14,DS Final Notification,DS,DS_Officer_5,2023-07-19T01:42:36.345735
SL-CASE-0230,1,DS Application Received,DS,DS_Officer_2,2023-03-18T03:29:39.549331
SL-CASE-0230,2,DS Initial Review,DS,DS_Officer_1,2023-03-18T15:50:06.973037
SL-CASE-0230,3,Survey Clearance Requested,Survey,Clearance_Officer_7,2023-03-18T20:46:34.455305
SL-CASE-0230,4,Survey Clearance Issued,Survey,Clearance_Officer_1,2023-04-03T00:00:20.072259
SL-CASE-0230,5,Environmental Clearance Requested,Environmental,Clearance_Officer_4,2023-04-03T05:31:56.822345
SL-CASE-0230,6,Environmental Clearance Issued,Environmental,Clearance_Officer_11,2023-04-22T05:59:30.600609
SL-CASE-0230,7,Irrigation Dept Clearance Requested,Irrigation,Clearance_Officer_2,2023-04-23T05:36:58.553865
SL-CASE-0230,8,Irrigation Dept Clearance Issued,Irrigation,Clearance_Officer_9,2023-05-02T05:38:08.635669
SL-CASE-0230,9,DS Field Report Requested,DS,Clearance_Officer_11,2023-05-02T18:32:17.589269
SL-CASE-0230,10,DS Field Report Issued,DS,Clearance_Officer_6,2023-05-17T08:16:06.874923
SL-CASE-0230,11,PLC/DLC Review,PLC_DLC,PLC_Officer_4,2023-05-24T23:31:01.470118
SL-CASE-0230,12,PLC/DLC Recommendation,PLC_DLC,PLC_Officer_6,2023-05-27T14:43:44.232393
SL-CASE-0230,13,LCGD Case Intake,LCGD,LCGD_Officer_4,2023-06-02T14:14:48.364676
SL-CASE-0230,14,LCGD Review,LCGD,LCGD_Officer_1,2023-06-05T10:24:11.178518
SL-CASE-0230,15,Higher Approval Requested,Ministry,LCGD_Officer_2,2023-06-09T10:46:20.575999
SL-CASE-0230,16,Higher Approval Granted,Ministry,LCGD_Officer_1,2023-06-19T21:25:39.550103
SL-CASE-0230,17,LCGD Lease Decision,LCGD,LCGD_Officer_2,2023-06-27T14:59:44.633201
SL-CASE-0230,18,Registration Requested,Registry,Registry_Officer_3,2023-06-28T02:55:41.782277
SL-CASE-0230,19,Registration Completed,Registry,Registry_Officer_1,2023-07-07T06:51:19.930368
SL-CASE-0230,20,DS Final Notification,DS,DS_Officer_5,2023-07-08T15:15:30.716132
SL-CASE-0231,1,DS Application Received,DS,DS_Officer_5,2023-07-17T13:34:57.550732
SL-CASE-0231,2,DS Initial Review,DS,DS_Officer_4,2023-07-19T13:19:47.869107
SL-CASE-0231,3,Survey Clearance Requested,Survey,Clearance_Officer_7,2023-07-20T05:59:21.240584
SL-CASE-0231,4,Survey Clearance Issued,Survey,Clearance_Officer_12,2023-07-25T00:27:55.133523
SL-CASE-0231,5,DS Field Report Requested,DS,Clearance_Officer_2,2023-07-25T19:41:06.313670
SL-CASE-0231,6,DS Field Report Issued,DS,Clearance_Officer_9,2023-08-09T03:24:25.870229
SL-CASE-0231,7,PLC/DLC Review,PLC_DLC,PLC_Officer_2,2023-08-15T10:44:17.114711
SL-CASE-0231,8,PLC/DLC Recommendation,PLC_DLC,PLC_Officer_5,2023-08-20T09:53:20.319421
SL-CASE-0231,9,LCGD Case Intake,LCGD,LCGD_Officer_2,2023-08-24T23:59:55.000978
SL-CASE-0231,10,LCGD Review,LCGD,LCGD_Officer_2,2023-08-29T05:04:18.119902
SL-CASE-0231,11,LCGD Lease Decision,LCGD,LCGD_Officer_3,2023-09-02T08:58:19.054002
SL-CASE-0231,12,Registration Requested,Registry,Registry_Officer_2,2023-09-07T07:52:38.719817
SL-CASE-0231,13,Registration Completed,Registry,Registry_Officer_2,2023-09-16T10:16:17.686922
SL-CASE-0231,14,DS Final Notification,DS,DS_Officer_1,2023-09-16T18:38:13.415385
SL-CASE-0232,1,DS Application Received,DS,DS_Officer_5,2023-09-24T06:31:59.108341
SL-CASE-0232,2,DS Initial Review,DS,DS_Officer_6,2023-09-25T02:31:49.569879
SL-CASE-0232,3,Survey Clearance Requested,Survey,Clearance_Officer_4,2023-09-25T20:11:07.149345
SL-CASE-0232,4,Survey Clearance Issued,Survey,Clearance_Officer_1,2023-10-02T22:01:57.946025
SL-CASE-0232,5,Agrarian Services Clearance Requested,Agrarian,Clearance_Officer_1,2023-10-03T04:01:52.674650
SL-CASE-0232,6,Agrarian Services Clearance Issued,Agrarian,Clearance_Officer_12,2023-10-05T03:48:10.328387
SL-CASE-0232,7,PLC/DLC Review,PLC_DLC,PLC_Officer_3,2023-10-08T17:08:12.117358
SL-CASE-0232,8,PLC/DLC Recommendation,PLC_DLC,PLC_Officer_5,2023-10-11T04:57:04.787938
SL-CASE-0232,9,LCGD Case Intake,LCGD,LCGD_Officer_2,2023-10-12T08:40:12.558606
SL-CASE-0232,10,LCGD Review,LCGD,LCGD_Officer_4,2023-10-16T21:25:49.939551
SL-CASE-0232,11,LCGD Lease Decision,LCGD,LCGD_Officer_3,2023-10-20T16:30:30.778374
SL-CASE-0232,12,DS Final Notification,DS,DS_Officer_1,2023-10-21T02:18:55.988950
SL-CASE-0233,1,DS Application Received,DS,DS_Officer_5,2024-04-23T02:29:47.755130
SL-CASE-0233,2,DS Initial Review,DS,DS_Officer_7,2024-04-23T15:44:17.030150
SL-CASE-0233,3,Survey Clearance Requested,Survey,Clearance_Officer_2,2024-04-23T19:39:25.739073
SL-CASE-0233,4,Survey Clearance Issued,Survey,Clearance_Officer_12,2024-04-27T07:09:30.580328
SL-CASE-0233,5,Environmental Clearance Requested,Environmental,Clearance_Officer_1,2024-04-27T22:23:55.922235
SL-CASE-0233,6,Environmental Clearance Issued,Environmental,Clearance_Officer_11,2024-05-10T01:52:15.208547
SL-CASE-0233,7,DS Field Report Requested,DS,Clearance_Officer_4,2024-05-10T21:51:14.013363
SL-CASE-0233,8,DS Field Report Issued,DS,Clearance_Officer_2,2024-05-25T07:10:43.957832
SL-CASE-0233,9,PLC/DLC Review,PLC_DLC,PLC_Officer_5,2024-05-26T12:15:05.134468
SL-CASE-0233,10,PLC/DLC Recommendation,PLC_DLC,PLC_Officer_3,2024-05-29T16:49:06.989928
SL-CASE-0233,11,LCGD Case Intake,LCGD,LCGD_Officer_2,2024-06-03T21:58:23.920106
SL-CASE-0233,12,LCGD Review,LCGD,LCGD_Officer_2,2024-06-12T09:14:55.138016
SL-CASE-0233,13,LCGD Lease Decision,LCGD,LCGD_Officer_2,2024-06-13T01:30:01.613832
SL-CASE-0233,14,Registration Requested,Registry,Registry_Officer_3,2024-06-15T07:10:36.048230
SL-CASE-0233,15,Registration Completed,Registry,Registry_Officer_3,2024-07-03T05:44:24.697749
SL-CASE-0233,16,DS Final Notification,DS,DS_Officer_8,2024-07-05T22:23:02.780787
SL-CASE-0234,1,DS Application Received,DS,DS_Officer_5,2024-03-16T22:03:35.265037
SL-CASE-0234,2,DS Initial Review,DS,DS_Officer_3,2024-03-18T08:42:53.531507
SL-CASE-0234,3,Survey Clearance Requested,Survey,Clearance_Officer_10,2024-03-18T17:05:14.314927
SL-CASE-0234,4,Survey Clearance Issued,Survey,Clearance_Officer_12,2024-03-20T20:48:32.745311
SL-CASE-0234,5,DS Field Report Requested,DS,Clearance_Officer_7,2024-03-21T02:59:35.865922
SL-CASE-0234,6,DS Field Report Issued,DS,Clearance_Officer_9,2024-03-31T12:43:30.384408
SL-CASE-0234,7,PLC/DLC Review,PLC_DLC,PLC_Officer_1,2024-04-09T07:08:36.279360
SL-CASE-0234,8,PLC/DLC Recommendation,PLC_DLC,PLC_Officer_5,2024-04-10T08:00:44.956869
SL-CASE-0234,9,LCGD Case Intake,LCGD,LCGD_Officer_4,2024-04-13T07:56:23.832657
SL-CASE-0234,10,LCGD Review,LCGD,LCGD_Officer_3,2024-04-19T22:37:30.733996
SL-CASE-0234,11,LCGD Lease Decision,LCGD,LCGD_Officer_1,2024-04-22T05:02:44.013928
SL-CASE-0234,12,DS Final Notification,DS,DS_Officer_4,2024-04-22T18:14:44.783895
SL-CASE-0235,1,DS Application Received,DS,DS_Officer_5,2024-02-19T12:05:13.241306
SL-CASE-0235,2,DS Initial Review,DS,DS_Officer_3,2024-02-20T16:22:53.947180
SL-CASE-0235,3,Survey Clearance Requested,Survey,Clearance_Officer_9,2024-02-20T23:18:29.159640
SL-CASE-0235,4,Survey Clearance Issued,Survey,Clearance_Officer_1,2024-02-26T11:56:05.817234
SL-CASE-0235,5,DS Field Report Requested,DS,Clearance_Officer_5,2024-02-27T04:00:23.352409
SL-CASE-0235,6,DS Field Report Issued,DS,Clearance_Officer_5,2024-03-16T18:49:53.599254
SL-CASE-0235,7,PLC/DLC Review,PLC_DLC,PLC_Officer_1,2024-03-25T13:57:46.236354
SL-CASE-0235,8,PLC/DLC Recommendation,PLC_DLC,PLC_Officer_2,2024-03-28T21:11:52.582564
SL-CASE-0235,9,LCGD Case Intake,LCGD,LCGD_Officer_2,2024-04-04T19:33:56.151337
SL-CASE-0235,10,LCGD Review,LCGD,LCGD_Officer_1,2024-04-13T07:11:22.171557
SL-CASE-0235,11,LCGD Lease Decision,LCGD,LCGD_Officer_3,2024-04-19T20:58:21.141134
SL-CASE-0235,12,DS Final Notification,DS,DS_Officer_5,2024-04-20T21:41:30.732931
SL-CASE-0236,1,DS Application Received,DS,DS_Officer_5,2024-05-20T12:23:53.093243
SL-CASE-0236,2,DS Initial Review,DS,DS_Officer_1,2024-05-21T00:10:27.955124
SL-CASE-0236,3,Survey Clearance Requested,Survey,Clearance_Officer_10,2024-05-21T13:59:49.139745
SL-CASE-0236,4,Survey Clearance Issued,Survey,Clearance_Officer_12,2024-05-24T14:32:05.529470
SL-CASE-0236,5,Environmental Clearance Requested,Environmental,Clearance_Officer_11,2024-05-25T07:40:24.268437
SL-CASE-0236,6,Environmental Clearance Issued,Environmental,Clearance_Officer_11,2024-05-31T05:01:22.097562
SL-CASE-0236,7,Irrigation Dept Clearance Requested,Irrigation,Clearance_Officer_9,2024-05-31T20:58:39.096429
SL-CASE-0236,8,Irrigation Dept Clearance Issued,Irrigation,Clearance_Officer_8,2024-06-05T18:59:09.725874
SL-CASE-0236,9,DS Field Report Requested,DS,Clearance_Officer_5,2024-06-06T01:50:24.337646
SL-CASE-0236,10,DS Field Report Issued,DS,Clearance_Officer_11,2024-06-10T22:49:37.165133
SL-CASE-0236,11,PLC/DLC Review,PLC_DLC,PLC_Officer_4,2024-06-19T02:59:24.379535
SL-CASE-0236,12,PLC/DLC Recommendation,PLC_DLC,PLC_Officer_2,2024-06-20T02:43:59.641759
SL-CASE-0236,13,LCGD Case Intake,LCGD,LCGD_Officer_4,2024-06-25T08:35:02.007481
SL-CASE-0236,14,LCGD Review,LCGD,LCGD_Officer_4,2024-07-01T12:26:48.959578
SL-CASE-0236,15,Higher Approval Requested,Ministry,LCGD_Officer_2,2024-07-02T05:07:39.771485
SL-CASE-0236,16,Higher Approval Granted,Ministry,LCGD_Officer_2,2024-07-23T07:00:55.472127
SL-CASE-0236,17,LCGD Lease Decision,LCGD,LCGD_Officer_4,2024-07-25T09:12:31.069971
SL-CASE-0236,18,Registration Requested,Registry,Registry_Officer_2,2024-07-30T02:45:03.986225
SL-CASE-0236,19,Registration Completed,Registry,Registry_Officer_1,2024-08-12T10:02:25.494654
SL-CASE-0236,20,DS Final Notification,DS,DS_Officer_3,2024-08-13T09:45:05.870317
SL-CASE-0237,1,DS Application Received,DS,DS_Officer_3,2024-07-26T06:11:13.357199
SL-CASE-0237,2,DS Initial Review,DS,DS_Officer_1,2024-07-27T18:09:52.873790
SL-CASE-0237,3,Survey Clearance Requested,Survey,Clearance_Officer_7,2024-07-28T09:26:13.720296
SL-CASE-0237,4,Survey Clearance Issued,Survey,Clearance_Officer_2,2024-08-05T16:32:12.605051
SL-CASE-0237,5,Environmental Clearance Requested,Environmental,Clearance_Officer_11,2024-08-06T12:43:16.335114
SL-CASE-0237,6,Environmental Clearance Issued,Environmental,Clearance_Officer_3,2024-08-25T06:56:03.305377
SL-CASE-0237,7,DS Field Report Requested,DS,Clearance_Officer_2,2024-08-25T14:23:52.066578
SL-CASE-0237,8,DS Field Report Issued,DS,Clearance_Officer_11,2024-08-31T16:26:56.938184
SL-CASE-0237,9,PLC/DLC Review,PLC_DLC,PLC_Officer_1,2024-09-06T21:09:59.136076
SL-CASE-0237,10,PLC/DLC Recommendation,PLC_DLC,PLC_Officer_1,2024-09-11T16:20:05.436502
SL-CASE-0237,11,LCGD Case Intake,LCGD,LCGD_Officer_3,2024-09-15T16:56:40.523069
SL-CASE-0237,12,LCGD Review,LCGD,LCGD_Officer_1,2024-09-28T15:27:30.893605
SL-CASE-0237,13,LCGD Lease Decision,LCGD,LCGD_Officer_4,2024-09-30T20:48:06.644981
SL-CASE-0237,14,DS Final Notification,DS,DS_Officer_8,2024-10-03T03:58:43.926454
SL-CASE-0238,1,DS Application Received,DS,DS_Officer_1,2024-07-24T20:03:24.657184
SL-CASE-0238,2,DS Initial Review,DS,DS_Officer_5,2024-07-25T04:34:50.602563
SL-CASE-0238,3,Survey Clearance Requested,Survey,Clearance_Officer_7,2024-07-25T08:50:13.836857
SL-CASE-0238,4,Survey Clearance Issued,Survey,Clearance_Officer_4,2024-07-29T01:30:50.216281
SL-CASE-0238,5,Agrarian Services Clearance Requested,Agrarian,Clearance_Officer_7,2024-07-29T04:02:31.085176
SL-CASE-0238,6,Agrarian Services Clearance Issued,Agrarian,Clearance_Officer_6,2024-08-06T11:46:35.909433
SL-CASE-0238,7,PLC/DLC Review,PLC_DLC,PLC_Officer_2,2024-08-13T05:11:59.171053
SL-CASE-0238,8,PLC/DLC Recommendation,PLC_DLC,PLC_Officer_6,2024-08-17T20:16:21.123638
SL-CASE-0238,9,LCGD Case Intake,LCGD,LCGD_Officer_1,2024-08-20T20:17:33.245855
SL-CASE-0238,10,LCGD Review,LCGD,LCGD_Officer_1,2024-08-28T17:32:39.413460
SL-CASE-0238,11,LCGD Lease Decision,LCGD,LCGD_Officer_3,2024-08-31T04:04:57.131477
SL-CASE-0238,12,DS Final Notification,DS,DS_Officer_6,2024-09-01T07:05:38.723294
SL-CASE-0239,1,DS Application Received,DS,DS_Officer_5,2023-03-24T20:35:48.277118
SL-CASE-0239,2,DS Initial Review,DS,DS_Officer_5,2023-03-26T04:05:09.987403
SL-CASE-0239,3,Survey Clearance Requested,Survey,Clearance_Officer_2,2023-03-26T13:45:02.133517
SL-CASE-0239,4,Survey Clearance Issued,Survey,Clearance_Officer_8,2023-04-01T17:22:08.859501
SL-CASE-0239,5,DS Field Report Requested,DS,Clearance_Officer_5,2023-04-02T09:55:38.011350
SL-CASE-0239,6,DS Field Report Issued,DS,Clearance_Officer_12,2023-04-18T19:36:55.002772
SL-CASE-0239,7,PLC/DLC Review,PLC_DLC,PLC_Officer_1,2023-04-26T21:42:54.452077
SL-CASE-0239,8,PLC/DLC Recommendation,PLC_DLC,PLC_Officer_2,2023-05-01T05:57:01.867487
SL-CASE-0239,9,LCGD Case Intake,LCGD,LCGD_Officer_2,2023-05-06T19:17:05.384068
SL-CASE-0239,10,LCGD Review,LCGD,LCGD_Officer_4,2023-05-12T06:53:27.045718
SL-CASE-0239,11,LCGD Lease Decision,LCGD,LCGD_Officer_4,2023-05-16T21:25:03.244560
SL-CASE-0239,12,DS Final Notification,DS,DS_Officer_2,2023-05-19T08:26:34.984389
SL-CASE-0240,1,DS Application Received,DS,DS_Officer_8,2024-02-09T12:44:55.638783
SL-CASE-0240,2,DS Initial Review,DS,DS_Officer_7,2024-02-10T23:15:33.498990
SL-CASE-0240,3,Survey Clearance Requested,Survey,Clearance_Officer_11,2024-02-11T14:29:51.553733
SL-CASE-0240,4,Survey Clearance Issued,Survey,Clearance_Officer_11,2024-02-18T22:33:27.935877
SL-CASE-0240,5,Agrarian Services Clearance Requested,Agrarian,Clearance_Officer_7,2024-02-19T20:49:59.044225
SL-CASE-0240,6,Agrarian Services Clearance Issued,Agrarian,Clearance_Officer_8,2024-02-28T19:44:30.695345
SL-CASE-0240,7,PLC/DLC Review,PLC_DLC,PLC_Officer_4,2024-03-05T10:34:34.430027
SL-CASE-0240,8,PLC/DLC Recommendation,PLC_DLC,PLC_Officer_2,2024-03-08T05:16:41.937088
SL-CASE-0240,9,LCGD Case Intake,LCGD,LCGD_Officer_4,2024-03-11T05:16:48.602620
SL-CASE-0240,10,LCGD Review,LCGD,LCGD_Officer_2,2024-03-19T14:20:02.418243
SL-CASE-0240,11,LCGD Lease Decision,LCGD,LCGD_Officer_2,2024-03-26T16:51:28.225393
SL-CASE-0240,12,Registration Requested,Registry,Registry_Officer_2,2024-03-28T16:05:33.775808
SL-CASE-0240,13,Registration Completed,Registry,Registry_Officer_1,2024-04-17T13:18:48.736315
SL-CASE-0240,14,DS Final Notification,DS,DS_Officer_8,2024-04-18T16:40:53.143779
SL-CASE-0241,1,DS Application Received,DS,DS_Officer_7,2024-11-01T08:51:56.650342
SL-CASE-0241,2,DS Initial Review,DS,DS_Officer_4,2024-11-01T23:32:08.239844
SL-CASE-0241,3,Survey Clearance Requested,Survey,Clearance_Officer_3,2024-11-02T02:45:52.800581
SL-CASE-0241,4,Survey Clearance Issued,Survey,Clearance_Officer_12,2024-11-05T08:13:27.105098
SL-CASE-0241,5,DS Field Report Requested,DS,Clearance_Officer_7,2024-11-06T01:42:40.963302
SL-CASE-0241,6,DS Field Report Issued,DS,Clearance_Officer_12,2024-11-20T23:59:47.586206
SL-CASE-0241,7,PLC/DLC Review,PLC_DLC,PLC_Officer_3,2024-11-30T15:59:48.334672
SL-CASE-0241,8,PLC/DLC Recommendation,PLC_DLC,PLC_Officer_1,2024-12-01T04:09:44.139499
SL-CASE-0241,9,LCGD Case Intake,LCGD,LCGD_Officer_1,2024-12-05T23:33:03.034633
SL-CASE-0241,10,LCGD Review,LCGD,LCGD_Officer_2,2024-12-13T15:45:52.453363
SL-CASE-0241,11,LCGD Lease Decision,LCGD,LCGD_Officer_3,2024-12-14T04:49:40.912618
SL-CASE-0241,12,Registration Requested,Registry,Registry_Officer_2,2024-12-15T02:56:01.195595
SL-CASE-0241,13,Registration Completed,Registry,Registry_Officer_4,2024-12-17T14:04:31.586435
SL-CASE-0241,14,DS Final Notification,DS,DS_Officer_3,2024-12-18T02:33:20.327104
SL-CASE-0242,1,DS Application Received,DS,DS_Officer_2,2023-11-25T20:04:26.423616
SL-CASE-0242,2,DS Initial Review,DS,DS_Officer_1,2023-11-26T06:55:58.977636
SL-CASE-0242,3,Survey Clearance Requested,Survey,Clearance_Officer_3,2023-11-26T22:13:29.526663
SL-CASE-0242,4,Survey Clearance Issued,Survey,Clearance_Officer_1,2023-12-07T11:43:39.292723
SL-CASE-0242,5,Environmental Clearance Requested,Environmental,Clearance_Officer_7,2023-12-07T22:26:53.435383
SL-CASE-0242,6,Environmental Clearance Issued,Environmental,Clearance_Officer_8,2023-12-21T20:29:03.093377
SL-CASE-0242,7,DS Field Report Requested,DS,Clearance_Officer_5,2023-12-22T10:40:32.242342
SL-CASE-0242,8,DS Field Report Issued,DS,Clearance_Officer_9,2024-01-09T21:48:29.260042
SL-CASE-0242,9,PLC/DLC Review,PLC_DLC,PLC_Officer_2,2024-01-13T07:35:01.933843
SL-CASE-0242,10,PLC/DLC Recommendation,PLC_DLC,PLC_Officer_2,2024-01-15T13:52:56.209199
SL-CASE-0242,11,LCGD Case Intake,LCGD,LCGD_Officer_1,2024-01-17T20:17:14.593934
SL-CASE-0242,12,LCGD Review,LCGD,LCGD_Officer_2,2024-01-26T03:30:42.257678
SL-CASE-0242,13,Higher Approval Requested,Ministry,LCGD_Officer_4,2024-01-29T22:13:44.754397
SL-CASE-0242,14,Higher Approval Granted,Ministry,LCGD_Officer_2,2024-02-25T14:13:33.085904
SL-CASE-0242,15,LCGD Lease Decision,LCGD,LCGD_Officer_1,2024-02-29T16:01:18.989463
SL-CASE-0242,16,Registration Requested,Registry,Registry_Officer_4,2024-03-04T19:06:34.735593
SL-CASE-0242,17,Registration Completed,Registry,Registry_Officer_4,2024-03-14T20:48:41.275173
SL-CASE-0242,18,DS Final Notification,DS,DS_Officer_3,2024-03-17T08:43:09.202479
SL-CASE-0243,1,DS Application Received,DS,DS_Officer_4,2023-02-08T07:09:17.308106
SL-CASE-0243,2,DS Initial Review,DS,DS_Officer_2,2023-02-08T23:34:18.886045
SL-CASE-0243,3,Survey Clearance Requested,Survey,Clearance_Officer_10,2023-02-09T03:00:32.164085
SL-CASE-0243,4,Survey Clearance Issued,Survey,Clearance_Officer_5,2023-02-10T08:00:52.028766
SL-CASE-0243,5,Agrarian Services Clearance Requested,Agrarian,Clearance_Officer_4,2023-02-10T14:08:41.338475
SL-CASE-0243,6,Agrarian Services Clearance Issued,Agrarian,Clearance_Officer_1,2023-02-23T17:15:00.656895
SL-CASE-0243,7,PLC/DLC Review,PLC_DLC,PLC_Officer_1,2023-02-26T12:02:47.750936
SL-CASE-0243,8,PLC/DLC Recommendation,PLC_DLC,PLC_Officer_5,2023-03-03T09:23:10.306338
SL-CASE-0243,9,LCGD Case Intake,LCGD,LCGD_Officer_4,2023-03-04T04:23:11.846997
SL-CASE-0243,10,LCGD Review,LCGD,LCGD_Officer_3,2023-03-05T19:44:07.116099
SL-CASE-0243,11,LCGD Lease Decision,LCGD,LCGD_Officer_3,2023-03-06T23:32:48.007888
SL-CASE-0243,12,DS Final Notification,DS,DS_Officer_6,2023-03-07T02:08:24.648043
SL-CASE-0244,1,DS Application Received,DS,DS_Officer_6,2024-06-10T05:33:49.670170
SL-CASE-0244,2,DS Initial Review,DS,DS_Officer_2,2024-06-11T03:29:03.861473
SL-CASE-0244,3,Survey Clearance Requested,Survey,Clearance_Officer_3,2024-06-11T16:31:56.289204
SL-CASE-0244,4,Survey Clearance Issued,Survey,Clearance_Officer_7,2024-06-13T03:19:58.095225
SL-CASE-0244,5,Environmental Clearance Requested,Environmental,Clearance_Officer_1,2024-06-13T15:49:32.775518
SL-CASE-0244,6,Environmental Clearance Issued,Environmental,Clearance_Officer_3,2024-06-20T04:07:12.751302
SL-CASE-0244,7,Irrigation Dept Clearance Requested,Irrigation,Clearance_Officer_2,2024-06-20T21:07:56.770649
SL-CASE-0244,8,Irrigation Dept Clearance Issued,Irrigation,Clearance_Officer_2,2024-07-08T16:47:07.448261
SL-CASE-0244,9,DS Field Report Requested,DS,Clearance_Officer_4,2024-07-09T15:44:50.657205
SL-CASE-0244,10,DS Field Report Issued,DS,Clearance_Officer_11,2024-07-27T11:02:05.092158
SL-CASE-0244,11,PLC/DLC Review,PLC_DLC,PLC_Officer_6,2024-08-03T04:11:48.991254
SL-CASE-0244,12,PLC/DLC Recommendation,PLC_DLC,PLC_Officer_5,2024-08-04T04:33:22.690916
SL-CASE-0244,13,LCGD Case Intake,LCGD,LCGD_Officer_3,2024-08-08T01:05:57.218739
SL-CASE-0244,14,LCGD Review,LCGD,LCGD_Officer_2,2024-08-15T07:27:09.277819
SL-CASE-0244,15,Higher Approval Requested,Ministry,LCGD_Officer_3,2024-08-17T04:06:03.376743
SL-CASE-0244,16,Higher Approval Granted,Ministry,LCGD_Officer_4,2024-09-12T23:48:58.976935
SL-CASE-0244,17,LCGD Lease Decision,LCGD,LCGD_Officer_4,2024-09-13T15:10:45.846167
SL-CASE-0244,18,Registration Requested,Registry,Registry_Officer_1,2024-09-15T00:26:16.847831
SL-CASE-0244,19,Registration Completed,Registry,Registry_Officer_4,2024-10-04T05:17:35.341574
SL-CASE-0244,20,DS Final Notification,DS,DS_Officer_1,2024-10-04T14:06:41.664447
SL-CASE-0245,1,DS Application Received,DS,DS_Officer_6,2023-04-10T20:11:40.851578
SL-CASE-0245,2,DS Initial Review,DS,DS_Officer_2,2023-04-11T15:44:34.418287
SL-CASE-0245,3,Survey Clearance Requested,Survey,Clearance_Officer_8,2023-04-11T21:41:05.969492
SL-CASE-0245,4,Survey Clearance Issued,Survey,Clearance_Officer_8,2023-04-17T19:18:27.003234
SL-CASE-0245,5,Agrarian Services Clearance Requested,Agrarian,Clearance_Officer_8,2023-04-18T18:50:02.917087
SL-CASE-0245,6,Agrarian Services Clearance Issued,Agrarian,Clearance_Officer_3,2023-05-02T03:22:02.400632
SL-CASE-0245,7,PLC/DLC Review,PLC_DLC,PLC_Officer_5,2023-05-11T13:38:54.429321
SL-CASE-0245,8,PLC/DLC Recommendation,PLC_DLC,PLC_Officer_3,2023-05-14T03:18:35.921038
SL-CASE-0245,9,LCGD Case Intake,LCGD,LCGD_Officer_4,2023-05-20T05:18:52.149280
SL-CASE-0245,10,LCGD Review,LCGD,LCGD_Officer_2,2023-05-26T22:44:58.744738
SL-CASE-0245,11,Higher Approval Requested,Ministry,LCGD_Officer_3,2023-05-29T07:00:14.423747
SL-CASE-0245,12,Higher Approval Granted,Ministry,LCGD_Officer_4,2023-06-16T08:53:52.104843
SL-CASE-0245,13,LCGD Lease Decision,LCGD,LCGD_Officer_3,2023-06-21T13:17:18.007854
SL-CASE-0245,14,Registration Requested,Registry,Registry_Officer_1,2023-06-25T23:18:46.506638
SL-CASE-0245,15,Registration Completed,Registry,Registry_Officer_1,2023-07-08T18:18:45.995669
SL-CASE-0245,16,DS Final Notification,DS,DS_Officer_4,2023-07-11T00:11:08.720857
SL-CASE-0246,1,DS Application Received,DS,DS_Officer_8,2024-05-04T20:29:50.713723
SL-CASE-0246,2,DS Initial Review,DS,DS_Officer_6,2024-05-06T05:56:24.162711
SL-CASE-0246,3,Survey Clearance Requested,Survey,Clearance_Officer_11,2024-05-06T18:11:21.668318
SL-CASE-0246,4,Survey Clearance Issued,Survey,Clearance_Officer_8,2024-05-17T22:12:07.692301
SL-CASE-0246,5,DS Field Report Requested,DS,Clearance_Officer_3,2024-05-18T02:36:09.921128
SL-CASE-0246,6,DS Field Report Issued,DS,Clearance_Officer_7,2024-06-02T00:17:36.888324
SL-CASE-0246,7,PLC/DLC Review,PLC_DLC,PLC_Officer_2,2024-06-09T19:26:49.115001
SL-CASE-0246,8,PLC/DLC Recommendation,PLC_DLC,PLC_Officer_1,2024-06-11T23:13:13.116194
SL-CASE-0246,9,LCGD Case Intake,LCGD,LCGD_Officer_4,2024-06-14T12:43:00.294844
SL-CASE-0246,10,LCGD Review,LCGD,LCGD_Officer_4,2024-06-18T12:09:43.817132
SL-CASE-0246,11,LCGD Lease Decision,LCGD,LCGD_Officer_4,2024-06-19T20:54:52.405489
SL-CASE-0246,12,Registration Requested,Registry,Registry_Officer_2,2024-06-20T07:16:43.477359
SL-CASE-0246,13,Registration Completed,Registry,Registry_Officer_2,2024-07-09T07:48:36.366556
SL-CASE-0246,14,DS Final Notification,DS,DS_Officer_6,2024-07-11T06:37:30.894807
SL-CASE-0247,1,DS Application Received,DS,DS_Officer_7,2024-02-02T17:54:58.618469
SL-CASE-0247,2,DS Initial Review,DS,DS_Officer_3,2024-02-03T09:47:22.559120
SL-CASE-0247,3,Survey Clearance Requested,Survey,Clearance_Officer_2,2024-02-03T13:37:42.988767
SL-CASE-0247,4,Survey Clearance Issued,Survey,Clearance_Officer_2,2024-02-09T18:31:45.958013
SL-CASE-0247,5,Environmental Clearance Requested,Environmental,Clearance_Officer_12,2024-02-10T03:05:34.232808
SL-CASE-0247,6,Environmental Clearance Issued,Environmental,Clearance_Officer_7,2024-02-19T16:56:26.834860
SL-CASE-0247,7,Irrigation Dept Clearance Requested,Irrigation,Clearance_Officer_11,2024-02-20T06:29:09.247946
SL-CASE-0247,8,Irrigation Dept Clearance Issued,Irrigation,Clearance_Officer_3,2024-03-09T05:43:38.523947
SL-CASE-0247,9,DS Field Report Requested,DS,Clearance_Officer_2,2024-03-10T01:59:58.011994
SL-CASE-0247,10,DS Field Report Issued,DS,Clearance_Officer_7,2024-03-28T02:05:58.746875
SL-CASE-0247,11,PLC/DLC Review,PLC_DLC,PLC_Officer_3,2024-03-31T20:04:48.063470
SL-CASE-0247,12,PLC/DLC Recommendation,PLC_DLC,PLC_Officer_3,2024-04-01T20:50:12.522122
SL-CASE-0247,13,LCGD Case Intake,LCGD,LCGD_Officer_4,2024-04-08T11:46:46.949613
SL-CASE-0247,14,LCGD Review,LCGD,LCGD_Officer_2,2024-04-16T03:32:51.045502
SL-CASE-0247,15,Higher Approval Requested,Ministry,LCGD_Officer_4,2024-04-20T23:37:29.113367
SL-CASE-0247,16,Higher Approval Granted,Ministry,LCGD_Officer_4,2024-05-08T09:33:58.859900
SL-CASE-0247,17,LCGD Lease Decision,LCGD,LCGD_Officer_2,2024-05-16T16:09:07.283368
SL-CASE-0247,18,Registration Requested,Registry,Registry_Officer_2,2024-05-17T07:01:19.979322
SL-CASE-0247,19,Registration Completed,Registry,Registry_Officer_3,2024-05-24T10:38:39.374050
SL-CASE-0247,20,DS Final Notification,DS,DS_Officer_8,2024-05-24T13:38:14.442181
SL-CASE-0248,1,DS Application Received,DS,DS_Officer_3,2024-10-15T18:08:32.592638
SL-CASE-0248,2,DS Initial Review,DS,DS_Officer_2,2024-10-17T02:03:04.612221
SL-CASE-0248,3,Survey Clearance Requested,Survey,Clearance_Officer_12,2024-10-17T04:51:14.301176
SL-CASE-0248,4,Survey Clearance Issued,Survey,Clearance_Officer_7,2024-11-05T19:17:33.214132
SL-CASE-0248,5,Environmental Clearance Requested,Environmental,Clearance_Officer_3,2024-11-06T12:36:51.744266
SL-CASE-0248,6,Environmental Clearance Issued,Environmental,Clearance_Officer_4,2024-11-18T22:38:40.363329
SL-CASE-0248,7,Irrigation Dept Clearance Requested,Irrigation,Clearance_Officer_4,2024-11-19T08:18:08.739207
SL-CASE-0248,8,Irrigation Dept Clearance Issued,Irrigation,Clearance_Officer_10,2024-12-08T19:25:04.518885
SL-CASE-0248,9,DS Field Report Requested,DS,Clearance_Officer_6,2024-12-09T18:25:48.791757
SL-CASE-0248,10,DS Field Report Issued,DS,Clearance_Officer_1,2024-12-26T05:30:48.971659
SL-CASE-0248,11,PLC/DLC Review,PLC_DLC,PLC_Officer_3,2024-12-29T14:21:24.993559
SL-CASE-0248,12,PLC/DLC Recommendation,PLC_DLC,PLC_Officer_1,2025-01-01T05:35:40.759678
SL-CASE-0248,13,LCGD Case Intake,LCGD,LCGD_Officer_4,2025-01-06T06:41:17.268920
SL-CASE-0248,14,LCGD Review,LCGD,LCGD_Officer_3,2025-01-13T01:48:36.656221
SL-CASE-0248,15,Higher Approval Requested,Ministry,LCGD_Officer_4,2025-01-14T23:57:44.141226
SL-CASE-0248,16,Higher Approval Granted,Ministry,LCGD_Officer_3,2025-02-07T07:25:29.685366
SL-CASE-0248,17,LCGD Lease Decision,LCGD,LCGD_Officer_2,2025-02-08T15:57:20.996900
SL-CASE-0248,18,Registration Requested,Registry,Registry_Officer_3,2025-02-11T02:15:42.187919
SL-CASE-0248,19,Registration Completed,Registry,Registry_Officer_2,2025-02-15T10:55:33.283595
SL-CASE-0248,20,DS Final Notification,DS,DS_Officer_7,2025-02-17T02:55:09.529054
SL-CASE-0249,1,DS Application Received,DS,DS_Officer_7,2023-07-19T13:42:06.580259
SL-CASE-0249,2,DS Initial Review,DS,DS_Officer_2,2023-07-19T22:15:48.748110
SL-CASE-0249,3,Survey Clearance Requested,Survey,Clearance_Officer_9,2023-07-20T14:12:03.940096
SL-CASE-0249,4,Survey Clearance Issued,Survey,Clearance_Officer_1,2023-08-01T15:14:36.988216
SL-CASE-0249,5,Environmental Clearance Requested,Environmental,Clearance_Officer_7,2023-08-02T07:55:59.630913
SL-CASE-0249,6,Environmental Clearance Issued,Environmental,Clearance_Officer_8,2023-08-07T08:32:47.272117
SL-CASE-0249,7,Irrigation Dept Clearance Requested,Irrigation,Clearance_Officer_2,2023-08-07T22:40:53.034771
SL-CASE-0249,8,Irrigation Dept Clearance Issued,Irrigation,Clearance_Officer_8,2023-08-12T15:51:24.721776
SL-CASE-0249,9,DS Field Report Requested,DS,Clearance_Officer_6,2023-08-13T14:46:08.400250
SL-CASE-0249,10,DS Field Report Issued,DS,Clearance_Officer_8,2023-09-02T00:00:06.993380
SL-CASE-0249,11,PLC/DLC Review,PLC_DLC,PLC_Officer_6,2023-09-06T10:09:03.829763
SL-CASE-0249,12,PLC/DLC Recommendation,PLC_DLC,PLC_Officer_6,2023-09-10T00:23:17.696021
SL-CASE-0249,13,LCGD Case Intake,LCGD,LCGD_Officer_3,2023-09-13T02:08:03.780645
SL-CASE-0249,14,LCGD Review,LCGD,LCGD_Officer_3,2023-09-25T00:57:08.127613
SL-CASE-0249,15,Higher Approval Requested,Ministry,LCGD_Officer_3,2023-09-26T13:27:34.919026
SL-CASE-0249,16,Higher Approval Granted,Ministry,LCGD_Officer_4,2023-10-12T07:40:22.498590
SL-CASE-0249,17,LCGD Lease Decision,LCGD,LCGD_Officer_1,2023-10-19T03:13:31.102583
SL-CASE-0249,18,Registration Requested,Registry,Registry_Officer_4,2023-10-23T15:50:47.951327
SL-CASE-0249,19,Registration Completed,Registry,Registry_Officer_1,2023-10-25T06:44:46.592302
SL-CASE-0249,20,DS Final Notification,DS,DS_Officer_6,2023-10-25T19:28:57.180093
SL-CASE-0250,1,DS Application Received,DS,DS_Officer_7,2024-08-11T13:18:54.064898
SL-CASE-0250,2,DS Initial Review,DS,DS_Officer_7,2024-08-13T05:46:16.368986
SL-CASE-0250,3,Survey Clearance Requested,Survey,Clearance_Officer_11,2024-08-13T10:36:22.909767
SL-CASE-0250,4,Survey Clearance Issued,Survey,Clearance_Officer_12,2024-08-21T20:38:02.751824
SL-CASE-0250,5,Agrarian Services Clearance Requested,Agrarian,Clearance_Officer_6,2024-08-22T02:27:21.159673
SL-CASE-0250,6,Agrarian Services Clearance Issued,Agrarian,Clearance_Officer_7,2024-09-01T22:20:03.210952
SL-CASE-0250,7,PLC/DLC Review,PLC_DLC,PLC_Officer_6,2024-09-04T14:59:42.980052
SL-CASE-0250,8,PLC/DLC Recommendation,PLC_DLC,PLC_Officer_5,2024-09-08T16:19:43.958300
SL-CASE-0250,9,LCGD Case Intake,LCGD,LCGD_Officer_4,2024-09-09T22:47:42.082437
SL-CASE-0250,10,LCGD Review,LCGD,LCGD_Officer_3,2024-09-22T18:03:12.049366
SL-CASE-0250,11,LCGD Lease Decision,LCGD,LCGD_Officer_2,2024-10-01T03:59:25.477789
SL-CASE-0250,12,DS Final Notification,DS,DS_Officer_4,2024-10-04T00:23:57.954334
SL-CASE-0251,1,DS Application Received,DS,DS_Officer_2,2023-03-07T08:30:55.923382
SL-CASE-0251,2,DS Initial Review,DS,DS_Officer_1,2023-03-08T13:40:28.066804
SL-CASE-0251,3,Survey Clearance Requested,Survey,Clearance_Officer_3,2023-03-09T08:00:21.365023
SL-CASE-0251,4,Survey Clearance Issued,Survey,Clearance_Officer_11,2023-03-29T00:26:34.101638
SL-CASE-0251,5,DS Field Report Requested,DS,Clearance_Officer_6,2023-03-29T16:20:09.043581
SL-CASE-0251,6,DS Field Report Issued,DS,Clearance_Officer_11,2023-04-03T05:24:18.012802
SL-CASE-0251,7,PLC/DLC Review,PLC_DLC,PLC_Officer_3,2023-04-12T06:07:41.917476
SL-CASE-0251,8,PLC/DLC Recommendation,PLC_DLC,PLC_Officer_2,2023-04-13T10:13:29.304019
SL-CASE-0251,9,LCGD Case Intake,LCGD,LCGD_Officer_4,2023-04-18T15:31:46.471854
SL-CASE-0251,10,LCGD Review,LCGD,LCGD_Officer_1,2023-04-30T10:22:52.133534
SL-CASE-0251,11,Higher Approval Requested,Ministry,LCGD_Officer_2,2023-05-01T23:43:37.697688
SL-CASE-0251,12,Higher Approval Granted,Ministry,LCGD_Officer_1,2023-05-28T22:46:30.236776
SL-CASE-0251,13,LCGD Lease Decision,LCGD,LCGD_Officer_1,2023-05-30T06:43:58.948478
SL-CASE-0251,14,DS Final Notification,DS,DS_Officer_5,2023-05-30T16:13:42.265136
SL-CASE-0252,1,DS Application Received,DS,DS_Officer_1,2023-07-03T10:29:33.350616
SL-CASE-0252,2,DS Initial Review,DS,DS_Officer_8,2023-07-04T08:41:50.578918
SL-CASE-0252,3,Survey Clearance Requested,Survey,Clearance_Officer_2,2023-07-05T07:48:00.579024
SL-CASE-0252,4,Survey Clearance Issued,Survey,Clearance_Officer_7,2023-07-10T07:41:42.448102
SL-CASE-0252,5,Environmental Clearance Requested,Environmental,Clearance_Officer_6,2023-07-10T17:57:02.594162
SL-CASE-0252,6,Environmental Clearance Issued,Environmental,Clearance_Officer_8,2023-07-23T18:51:01.225886
SL-CASE-0252,7,DS Field Report Requested,DS,Clearance_Officer_3,2023-07-24T14:38:18.311055
SL-CASE-0252,8,DS Field Report Issued,DS,Clearance_Officer_3,2023-07-31T06:52:14.490698
SL-CASE-0252,9,PLC/DLC Review,PLC_DLC,PLC_Officer_6,2023-08-07T01:16:28.666445
SL-CASE-0252,10,PLC/DLC Recommendation,PLC_DLC,PLC_Officer_1,2023-08-10T04:25:59.820578
SL-CASE-0252,11,LCGD Case Intake,LCGD,LCGD_Officer_3,2023-08-11T10:43:03.350150
SL-CASE-0252,12,LCGD Review,LCGD,LCGD_Officer_4,2023-08-26T08:36:50.743374
SL-CASE-0252,13,LCGD Lease Decision,LCGD,LCGD_Officer_1,2023-09-05T07:25:28.022841
SL-CASE-0252,14,Registration Requested,Registry,Registry_Officer_3,2023-09-06T07:28:50.568178
SL-CASE-0252,15,Registration Completed,Registry,Registry_Officer_2,2023-09-24T22:00:09.515230
SL-CASE-0252,16,DS Final Notification,DS,DS_Officer_1,2023-09-26T18:25:49.430329
SL-CASE-0253,1,DS Application Received,DS,DS_Officer_3,2023-12-29T15:46:12.623027
SL-CASE-0253,2,DS Initial Review,DS,DS_Officer_8,2023-12-30T07:32:38.963336
SL-CASE-0253,3,Survey Clearance Requested,Survey,Clearance_Officer_2,2023-12-30T13:55:38.575915
SL-CASE-0253,4,Survey Clearance Issued,Survey,Clearance_Officer_9,2024-01-07T04:52:03.804006
SL-CASE-0253,5,Environmental Clearance Requested,Environmental,Clearance_Officer_8,2024-01-07T21:12:36.226812
SL-CASE-0253,6,Environmental Clearance Issued,Environmental,Clearance_Officer_8,2024-01-23T01:01:07.445861
SL-CASE-0253,7,DS Field Report Requested,DS,Clearance_Officer_7,2024-01-23T12:36:43.555438
SL-CASE-0253,8,DS Field Report Issued,DS,Clearance_Officer_5,2024-02-11T01:12:10.193780
SL-CASE-0253,9,PLC/DLC Review,PLC_DLC,PLC_Officer_6,2024-02-13T04:38:15.364050
SL-CASE-0253,10,PLC/DLC Recommendation,PLC_DLC,PLC_Officer_6,2024-02-17T11:05:08.447211
SL-CASE-0253,11,LCGD Case Intake,LCGD,LCGD_Officer_4,2024-02-19T18:56:04.527464
SL-CASE-0253,12,LCGD Review,LCGD,LCGD_Officer_3,2024-02-22T05:30:25.836959
SL-CASE-0253,13,Higher Approval Requested,Ministry,LCGD_Officer_2,2024-02-23T06:23:29.875547
SL-CASE-0253,14,Higher Approval Granted,Ministry,LCGD_Officer_4,2024-04-01T15:33:06.389513
SL-CASE-0253,15,LCGD Lease Decision,LCGD,LCGD_Officer_4,2024-04-06T02:59:02.925470
SL-CASE-0253,16,Registration Requested,Registry,Registry_Officer_3,2024-04-08T09:17:24.722323
SL-CASE-0253,17,Registration Completed,Registry,Registry_Officer_1,2024-04-24T21:20:13.357131
SL-CASE-0253,18,DS Final Notification,DS,DS_Officer_7,2024-04-26T17:50:51.860961
SL-CASE-0254,1,DS Application Received,DS,DS_Officer_6,2023-05-20T20:07:43.051967
SL-CASE-0254,2,DS Initial Review,DS,DS_Officer_2,2023-05-21T17:39:14.828183
SL-CASE-0254,3,Survey Clearance Requested,Survey,Clearance_Officer_6,2023-05-21T23:36:43.243672
SL-CASE-0254,4,Survey Clearance Issued,Survey,Clearance_Officer_3,2023-05-31T03:24:44.615307
SL-CASE-0254,5,Agrarian Services Clearance Requested,Agrarian,Clearance_Officer_2,2023-05-31T13:16:57.981035
SL-CASE-0254,6,Agrarian Services Clearance Issued,Agrarian,Clearance_Officer_6,2023-06-05T15:24:24.305432
SL-CASE-0254,7,PLC/DLC Review,PLC_DLC,PLC_Officer_3,2023-06-09T16:12:52.590041
SL-CASE-0254,8,PLC/DLC Recommendation,PLC_DLC,PLC_Officer_3,2023-06-10T12:09:25.989595
SL-CASE-0254,9,LCGD Case Intake,LCGD,LCGD_Officer_3,2023-06-15T11:31:51.009315
SL-CASE-0254,10,LCGD Review,LCGD,LCGD_Officer_3,2023-06-19T11:21:30.137054
SL-CASE-0254,11,LCGD Lease Decision,LCGD,LCGD_Officer_1,2023-06-28T11:39:52.060681
SL-CASE-0254,12,Registration Requested,Registry,Registry_Officer_2,2023-06-30T13:37:18.559155
SL-CASE-0254,13,Registration Completed,Registry,Registry_Officer_1,2023-07-11T14:03:12.451757
SL-CASE-0254,14,DS Final Notification,DS,DS_Officer_2,2023-07-13T07:19:14.044274
SL-CASE-0255,1,DS Application Received,DS,DS_Officer_5,2024-02-06T18:25:35.978009
SL-CASE-0255,2,DS Initial Review,DS,DS_Officer_2,2024-02-07T16:57:39.957790
SL-CASE-0255,3,Survey Clearance Requested,Survey,Clearance_Officer_10,2024-02-08T04:55:20.538168
SL-CASE-0255,4,Survey Clearance Issued,Survey,Clearance_Officer_7,2024-02-15T09:58:38.143737
SL-CASE-0255,5,Environmental Clearance Requested,Environmental,Clearance_Officer_1,2024-02-15T17:10:42.759579
SL-CASE-0255,6,Environmental Clearance Issued,Environmental,Clearance_Officer_11,2024-02-22T03:09:19.357903
SL-CASE-0255,7,Irrigation Dept Clearance Requested,Irrigation,Clearance_Officer_10,2024-02-22T22:23:17.164311
SL-CASE-0255,8,Irrigation Dept Clearance Issued,Irrigation,Clearance_Officer_8,2024-03-13T16:53:43.707508
SL-CASE-0255,9,DS Field Report Requested,DS,Clearance_Officer_7,2024-03-14T01:09:05.480363
SL-CASE-0255,10,DS Field Report Issued,DS,Clearance_Officer_9,2024-03-15T18:01:38.133832
SL-CASE-0255,11,PLC/DLC Review,PLC_DLC,PLC_Officer_1,2024-03-24T23:20:20.837439
SL-CASE-0255,12,PLC/DLC Recommendation,PLC_DLC,PLC_Officer_1,2024-03-26T19:48:05.639607
SL-CASE-0255,13,LCGD Case Intake,LCGD,LCGD_Officer_1,2024-03-27T18:38:11.070400
SL-CASE-0255,14,LCGD Review,LCGD,LCGD_Officer_4,2024-04-09T09:27:57.893753
SL-CASE-0255,15,Higher Approval Requested,Ministry,LCGD_Officer_3,2024-04-13T01:55:01.199756
SL-CASE-0255,16,Higher Approval Granted,Ministry,LCGD_Officer_3,2024-04-29T04:21:22.737080
SL-CASE-0255,17,LCGD Lease Decision,LCGD,LCGD_Officer_3,2024-05-03T08:02:12.811276
SL-CASE-0255,18,Registration Requested,Registry,Registry_Officer_1,2024-05-05T22:19:55.964949
SL-CASE-0255,19,Registration Completed,Registry,Registry_Officer_4,2024-05-14T09:41:22.375355
SL-CASE-0255,20,DS Final Notification,DS,DS_Officer_2,2024-05-15T22:13:23.204671
SL-CASE-0256,1,DS Application Received,DS,DS_Officer_7,2024-08-13T05:02:45.618067
SL-CASE-0256,2,DS Initial Review,DS,DS_Officer_2,2024-08-13T19:00:18.073061
SL-CASE-0256,3,Survey Clearance Requested,Survey,Clearance_Officer_6,2024-08-14T01:12:37.920773
SL-CASE-0256,4,Survey Clearance Issued,Survey,Clearance_Officer_9,2024-08-30T13:22:25.849287
SL-CASE-0256,5,DS Field Report Requested,DS,Clearance_Officer_12,2024-08-31T13:08:39.399645
SL-CASE-0256,6,DS Field Report Issued,DS,Clearance_Officer_5,2024-09-18T00:57:32.614284
SL-CASE-0256,7,PLC/DLC Review,PLC_DLC,PLC_Officer_1,2024-09-26T22:21:21.133887
SL-CASE-0256,8,PLC/DLC Recommendation,PLC_DLC,PLC_Officer_3,2024-09-27T16:59:14.930109
SL-CASE-0256,9,LCGD Case Intake,LCGD,LCGD_Officer_3,2024-09-28T16:41:38.615719
SL-CASE-0256,10,LCGD Review,LCGD,LCGD_Officer_4,2024-10-09T07:50:08.577840
SL-CASE-0256,11,LCGD Lease Decision,LCGD,LCGD_Officer_2,2024-10-12T04:59:42.492450
SL-CASE-0256,12,Registration Requested,Registry,Registry_Officer_4,2024-10-16T20:25:44.382770
SL-CASE-0256,13,Registration Completed,Registry,Registry_Officer_3,2024-10-20T03:06:14.553229
SL-CASE-0256,14,DS Final Notification,DS,DS_Officer_7,2024-10-22T17:26:12.067832
SL-CASE-0257,1,DS Application Received,DS,DS_Officer_4,2024-03-21T21:26:34.791721
SL-CASE-0257,2,DS Initial Review,DS,DS_Officer_5,2024-03-22T05:28:55.812390
SL-CASE-0257,3,Survey Clearance Requested,Survey,Clearance_Officer_6,2024-03-22T23:07:57.217401
SL-CASE-0257,4,Survey Clearance Issued,Survey,Clearance_Officer_4,2024-04-03T13:48:55.826449
SL-CASE-0257,5,DS Field Report Requested,DS,Clearance_Officer_12,2024-04-04T06:19:26.704046
SL-CASE-0257,6,DS Field Report Issued,DS,Clearance_Officer_12,2024-04-21T12:35:52.185991
SL-CASE-0257,7,PLC/DLC Review,PLC_DLC,PLC_Officer_4,2024-04-22T18:23:08.316927
SL-CASE-0257,8,PLC/DLC Recommendation,PLC_DLC,PLC_Officer_1,2024-04-23T07:15:21.864370
SL-CASE-0257,9,LCGD Case Intake,LCGD,LCGD_Officer_4,2024-04-28T03:51:14.076869
SL-CASE-0257,10,LCGD Review,LCGD,LCGD_Officer_2,2024-05-10T14:52:25.519796
SL-CASE-0257,11,LCGD Lease Decision,LCGD,LCGD_Officer_3,2024-05-15T14:58:58.151917
SL-CASE-0257,12,Registration Requested,Registry,Registry_Officer_3,2024-05-16T20:46:12.814280
SL-CASE-0257,13,Registration Completed,Registry,Registry_Officer_3,2024-06-01T07:33:09.846748
SL-CASE-0257,14,DS Final Notification,DS,DS_Officer_3,2024-06-03T11:08:54.961909
SL-CASE-0258,1,DS Application Received,DS,DS_Officer_7,2024-08-16T11:33:47.839423
SL-CASE-0258,2,DS Initial Review,DS,DS_Officer_5,2024-08-16T23:49:59.669491
SL-CASE-0258,3,Survey Clearance Requested,Survey,Clearance_Officer_11,2024-08-17T11:08:28.712966
SL-CASE-0258,4,Survey Clearance Issued,Survey,Clearance_Officer_10,2024-08-24T07:12:00.866737
SL-CASE-0258,5,DS Field Report Requested,DS,Clearance_Officer_3,2024-08-24T23:27:52.797368
SL-CASE-0258,6,DS Field Report Issued,DS,Clearance_Officer_2,2024-09-03T17:39:35.082932
SL-CASE-0258,7,PLC/DLC Review,PLC_DLC,PLC_Officer_2,2024-09-11T07:31:32.418162
SL-CASE-0258,8,PLC/DLC Recommendation,PLC_DLC,PLC_Officer_4,2024-09-11T15:25:00.106521
SL-CASE-0258,9,LCGD Case Intake,LCGD,LCGD_Officer_1,2024-09-13T08:35:36.023131
SL-CASE-0258,10,LCGD Review,LCGD,LCGD_Officer_4,2024-09-21T00:36:36.439739
SL-CASE-0258,11,LCGD Lease Decision,LCGD,LCGD_Officer_1,2024-09-24T16:58:04.868240
SL-CASE-0258,12,DS Final Notification,DS,DS_Officer_2,2024-09-27T11:51:10.653589
SL-CASE-0259,1,DS Application Received,DS,DS_Officer_7,2023-09-06T02:33:59.185153
SL-CASE-0259,2,DS Initial Review,DS,DS_Officer_7,2023-09-07T14:46:28.240108
SL-CASE-0259,3,Survey Clearance Requested,Survey,Clearance_Officer_4,2023-09-07T21:02:27.624926
SL-CASE-0259,4,Survey Clearance Issued,Survey,Clearance_Officer_10,2023-09-16T12:40:06.981559
SL-CASE-0259,5,Environmental Clearance Requested,Environmental,Clearance_Officer_10,2023-09-16T20:44:20.296986
SL-CASE-0259,6,Environmental Clearance Issued,Environmental,Clearance_Officer_7,2023-09-27T05:49:40.695556
SL-CASE-0259,7,DS Field Report Requested,DS,Clearance_Officer_1,2023-09-27T10:13:48.112770
SL-CASE-0259,8,DS Field Report Issued,DS,Clearance_Officer_2,2023-10-10T16:57:47.830485
SL-CASE-0259,9,PLC/DLC Review,PLC_DLC,PLC_Officer_1,2023-10-13T07:01:38.901243
SL-CASE-0259,10,PLC/DLC Recommendation,PLC_DLC,PLC_Officer_5,2023-10-17T19:03:50.893555
SL-CASE-0259,11,LCGD Case Intake,LCGD,LCGD_Officer_1,2023-10-20T00:35:16.595745
SL-CASE-0259,12,LCGD Review,LCGD,LCGD_Officer_3,2023-10-28T11:23:03.130078
SL-CASE-0259,13,Higher Approval Requested,Ministry,LCGD_Officer_4,2023-10-29T19:12:04.372533
SL-CASE-0259,14,Higher Approval Granted,Ministry,LCGD_Officer_1,2023-11-17T12:24:14.435978
SL-CASE-0259,15,LCGD Lease Decision,LCGD,LCGD_Officer_3,2023-11-19T21:51:28.337978
SL-CASE-0259,16,Registration Requested,Registry,Registry_Officer_2,2023-11-22T12:18:26.787335
SL-CASE-0259,17,Registration Completed,Registry,Registry_Officer_3,2023-12-08T10:35:57.299945
SL-CASE-0259,18,DS Final Notification,DS,DS_Officer_5,2023-12-10T09:10:55.901535
SL-CASE-0260,1,DS Application Received,DS,DS_Officer_3,2024-05-28T18:35:06.122455
SL-CASE-0260,2,DS Initial Review,DS,DS_Officer_8,2024-05-29T06:49:41.477316
SL-CASE-0260,3,Survey Clearance Requested,Survey,Clearance_Officer_1,2024-05-29T11:56:54.702812
SL-CASE-0260,4,Survey Clearance Issued,Survey,Clearance_Officer_7,2024-06-12T03:39:31.814683
SL-CASE-0260,5,DS Field Report Requested,DS,Clearance_Officer_3,2024-06-12T13:00:28.903351
SL-CASE-0260,6,DS Field Report Issued,DS,Clearance_Officer_2,2024-07-02T01:19:16.097406
SL-CASE-0260,7,PLC/DLC Review,PLC_DLC,PLC_Officer_1,2024-07-04T04:14:47.269544
SL-CASE-0260,8,PLC/DLC Recommendation,PLC_DLC,PLC_Officer_4,2024-07-07T05:57:46.985241
SL-CASE-0260,9,LCGD Case Intake,LCGD,LCGD_Officer_4,2024-07-11T12:56:08.999966
SL-CASE-0260,10,LCGD Review,LCGD,LCGD_Officer_4,2024-07-24T18:20:14.143798
SL-CASE-0260,11,LCGD Lease Decision,LCGD,LCGD_Officer_1,2024-07-26T01:56:00.908002
SL-CASE-0260,12,Registration Requested,Registry,Registry_Officer_3,2024-07-29T00:36:07.174023
SL-CASE-0260,13,Registration Completed,Registry,Registry_Officer_2,2024-08-14T21:31:32.559596
SL-CASE-0260,14,DS Final Notification,DS,DS_Officer_2,2024-08-17T04:22:30.664225
SL-CASE-0261,1,DS Application Received,DS,DS_Officer_1,2023-03-12T00:36:07.092121
SL-CASE-0261,2,DS Initial Review,DS,DS_Officer_5,2023-03-13T17:01:22.609510
SL-CASE-0261,3,Survey Clearance Requested,Survey,Clearance_Officer_9,2023-03-14T10:38:47.055871
SL-CASE-0261,4,Survey Clearance Issued,Survey,Clearance_Officer_10,2023-03-30T03:49:49.422633
SL-CASE-0261,5,Agrarian Services Clearance Requested,Agrarian,Clearance_Officer_5,2023-03-30T16:29:10.325927
SL-CASE-0261,6,Agrarian Services Clearance Issued,Agrarian,Clearance_Officer_12,2023-04-13T17:12:13.598894
SL-CASE-0261,7,PLC/DLC Review,PLC_DLC,PLC_Officer_2,2023-04-20T07:04:41.693579
SL-CASE-0261,8,PLC/DLC Recommendation,PLC_DLC,PLC_Officer_2,2023-04-25T04:38:34.497970
SL-CASE-0261,9,LCGD Case Intake,LCGD,LCGD_Officer_2,2023-04-29T23:30:14.956365
SL-CASE-0261,10,LCGD Review,LCGD,LCGD_Officer_1,2023-05-05T23:31:17.308693
SL-CASE-0261,11,LCGD Lease Decision,LCGD,LCGD_Officer_4,2023-05-08T14:42:12.747588
SL-CASE-0261,12,DS Final Notification,DS,DS_Officer_2,2023-05-09T17:51:46.569580
SL-CASE-0262,1,DS Application Received,DS,DS_Officer_3,2023-05-16T18:27:50.763677
SL-CASE-0262,2,DS Initial Review,DS,DS_Officer_6,2023-05-17T10:08:15.762045
SL-CASE-0262,3,Survey Clearance Requested,Survey,Clearance_Officer_7,2023-05-18T07:40:24.958348
SL-CASE-0262,4,Survey Clearance Issued,Survey,Clearance_Officer_5,2023-05-30T12:19:30.050980
SL-CASE-0262,5,Environmental Clearance Requested,Environmental,Clearance_Officer_1,2023-05-30T21:07:48.456132
SL-CASE-0262,6,Environmental Clearance Issued,Environmental,Clearance_Officer_12,2023-06-11T21:23:23.287437
SL-CASE-0262,7,Irrigation Dept Clearance Requested,Irrigation,Clearance_Officer_10,2023-06-12T06:56:30.623331
SL-CASE-0262,8,Irrigation Dept Clearance Issued,Irrigation,Clearance_Officer_8,2023-06-15T15:00:43.833670
SL-CASE-0262,9,DS Field Report Requested,DS,Clearance_Officer_6,2023-06-16T05:28:43.498168
SL-CASE-0262,10,DS Field Report Issued,DS,Clearance_Officer_1,2023-06-22T16:59:34.946860
SL-CASE-0262,11,PLC/DLC Review,PLC_DLC,PLC_Officer_6,2023-06-27T22:44:54.244051
SL-CASE-0262,12,PLC/DLC Recommendation,PLC_DLC,PLC_Officer_6,2023-06-28T21:31:16.842923
SL-CASE-0262,13,LCGD Case Intake,LCGD,LCGD_Officer_3,2023-06-30T08:57:24.748309
SL-CASE-0262,14,LCGD Review,LCGD,LCGD_Officer_2,2023-07-10T02:33:07.341811
SL-CASE-0262,15,LCGD Lease Decision,LCGD,LCGD_Officer_3,2023-07-13T07:36:18.394860
SL-CASE-0262,16,Registration Requested,Registry,Registry_Officer_3,2023-07-13T20:58:17.003336
SL-CASE-0262,17,Registration Completed,Registry,Registry_Officer_1,2023-07-15T04:04:53.486586
SL-CASE-0262,18,DS Final Notification,DS,DS_Officer_2,2023-07-15T21:17:39.462712
SL-CASE-0263,1,DS Application Received,DS,DS_Officer_3,2023-02-07T07:24:16.509531
SL-CASE-0263,2,DS Initial Review,DS,DS_Officer_5,2023-02-09T05:22:00.253844
SL-CASE-0263,3,Survey Clearance Requested,Survey,Clearance_Officer_12,2023-02-09T10:30:17.678945
SL-CASE-0263,4,Survey Clearance Issued,Survey,Clearance_Officer_10,2023-02-14T04:12:45.400418
SL-CASE-0263,5,Agrarian Services Clearance Requested,Agrarian,Clearance_Officer_5,2023-02-15T02:24:51.579535
SL-CASE-0263,6,Agrarian Services Clearance Issued,Agrarian,Clearance_Officer_8,2023-02-20T06:12:48.487277
SL-CASE-0263,7,PLC/DLC Review,PLC_DLC,PLC_Officer_2,2023-03-01T14:55:21.341313
SL-CASE-0263,8,PLC/DLC Recommendation,PLC_DLC,PLC_Officer_6,2023-03-05T17:27:26.751304
SL-CASE-0263,9,LCGD Case Intake,LCGD,LCGD_Officer_4,2023-03-08T17:42:39.604608
SL-CASE-0263,10,LCGD Review,LCGD,LCGD_Officer_1,2023-03-23T06:35:30.088096
SL-CASE-0263,11,Higher Approval Requested,Ministry,LCGD_Officer_3,2023-03-27T18:23:51.094175
SL-CASE-0263,12,Higher Approval Granted,Ministry,LCGD_Officer_2,2023-04-22T15:54:36.403901
SL-CASE-0263,13,LCGD Lease Decision,LCGD,LCGD_Officer_3,2023-04-28T09:51:52.175944
SL-CASE-0263,14,Registration Requested,Registry,Registry_Officer_2,2023-05-02T11:33:49.830468
SL-CASE-0263,15,Registration Completed,Registry,Registry_Officer_2,2023-05-16T11:09:29.885595
SL-CASE-0263,16,DS Final Notification,DS,DS_Officer_7,2023-05-17T06:39:35.037837
SL-CASE-0264,1,DS Application Received,DS,DS_Officer_7,2024-01-24T01:31:55.696114
SL-CASE-0264,2,DS Initial Review,DS,DS_Officer_8,2024-01-24T09:45:28.796246
SL-CASE-0264,3,Survey Clearance Requested,Survey,Clearance_Officer_9,2024-01-25T03:01:44.160603
SL-CASE-0264,4,Survey Clearance Issued,Survey,Clearance_Officer_12,2024-02-12T21:20:02.864452
SL-CASE-0264,5,Agrarian Services Clearance Requested,Agrarian,Clearance_Officer_6,2024-02-13T07:12:01.536581
SL-CASE-0264,6,Agrarian Services Clearance Issued,Agrarian,Clearance_Officer_7,2024-02-22T10:13:03.247686
SL-CASE-0264,7,PLC/DLC Review,PLC_DLC,PLC_Officer_4,2024-03-03T01:25:38.880938
SL-CASE-0264,8,PLC/DLC Recommendation,PLC_DLC,PLC_Officer_5,2024-03-03T10:34:55.854837
SL-CASE-0264,9,LCGD Case Intake,LCGD,LCGD_Officer_4,2024-03-04T02:42:14.517605
SL-CASE-0264,10,LCGD Review,LCGD,LCGD_Officer_2,2024-03-06T08:24:58.220563
SL-CASE-0264,11,LCGD Lease Decision,LCGD,LCGD_Officer_3,2024-03-12T14:22:29.903583
SL-CASE-0264,12,Registration Requested,Registry,Registry_Officer_3,2024-03-16T14:03:03.708277
SL-CASE-0264,13,Registration Completed,Registry,Registry_Officer_3,2024-03-20T00:05:18.119434
SL-CASE-0264,14,DS Final Notification,DS,DS_Officer_7,2024-03-20T05:50:09.197947
SL-CASE-0265,1,DS Application Received,DS,DS_Officer_2,2023-03-30T03:56:10.393416
SL-CASE-0265,2,DS Initial Review,DS,DS_Officer_8,2023-03-31T20:06:05.710586
SL-CASE-0265,3,Survey Clearance Requested,Survey,Clearance_Officer_1,2023-04-01T13:17:40.668455
SL-CASE-0265,4,Survey Clearance Issued,Survey,Clearance_Officer_10,2023-04-04T20:40:20.973761
SL-CASE-0265,5,DS Field Report Requested,DS,Clearance_Officer_12,2023-04-05T13:30:34.483312
SL-CASE-0265,6,DS Field Report Issued,DS,Clearance_Officer_12,2023-04-20T04:26:21.865576
SL-CASE-0265,7,PLC/DLC Review,PLC_DLC,PLC_Officer_2,2023-04-22T15:11:38.765792
SL-CASE-0265,8,PLC/DLC Recommendation,PLC_DLC,PLC_Officer_4,2023-04-25T13:16:03.779158
SL-CASE-0265,9,LCGD Case Intake,LCGD,LCGD_Officer_2,2023-04-26T22:32:47.563665
SL-CASE-0265,10,LCGD Review,LCGD,LCGD_Officer_3,2023-05-02T03:38:46.779341
SL-CASE-0265,11,LCGD Lease Decision,LCGD,LCGD_Officer_1,2023-05-09T09:55:32.035538
SL-CASE-0265,12,DS Final Notification,DS,DS_Officer_4,2023-05-11T20:19:07.480310
SL-CASE-0266,1,DS Application Received,DS,DS_Officer_7,2023-03-22T08:07:13.868950
SL-CASE-0266,2,DS Initial Review,DS,DS_Officer_2,2023-03-22T14:34:09.329771
SL-CASE-0266,3,Survey Clearance Requested,Survey,Clearance_Officer_8,2023-03-22T23:10:03.291424
SL-CASE-0266,4,Survey Clearance Issued,Survey,Clearance_Officer_4,2023-04-11T15:16:37.482270
SL-CASE-0266,5,DS Field Report Requested,DS,Clearance_Officer_9,2023-04-12T11:47:41.769902
SL-CASE-0266,6,DS Field Report Issued,DS,Clearance_Officer_10,2023-04-18T10:28:43.506236
SL-CASE-0266,7,PLC/DLC Review,PLC_DLC,PLC_Officer_6,2023-04-25T09:49:11.329151
SL-CASE-0266,8,PLC/DLC Recommendation,PLC_DLC,PLC_Officer_4,2023-04-28T14:10:33.185004
SL-CASE-0266,9,LCGD Case Intake,LCGD,LCGD_Officer_1,2023-04-30T00:59:25.146926
SL-CASE-0266,10,LCGD Review,LCGD,LCGD_Officer_2,2023-05-03T15:05:08.725874
SL-CASE-0266,11,LCGD Lease Decision,LCGD,LCGD_Officer_2,2023-05-05T13:02:50.000192
SL-CASE-0266,12,Registration Requested,Registry,Registry_Officer_3,2023-05-08T01:19:45.407137
SL-CASE-0266,13,Registration Completed,Registry,Registry_Officer_1,2023-05-14T13:19:04.940768
SL-CASE-0266,14,DS Final Notification,DS,DS_Officer_8,2023-05-17T10:27:15.977204
SL-CASE-0267,1,DS Application Received,DS,DS_Officer_8,2023-09-15T03:21:28.749019
SL-CASE-0267,2,DS Initial Review,DS,DS_Officer_7,2023-09-15T12:38:36.786220
SL-CASE-0267,3,Survey Clearance Requested,Survey,Clearance_Officer_5,2023-09-15T14:53:09.542024
SL-CASE-0267,4,Survey Clearance Issued,Survey,Clearance_Officer_11,2023-09-17T06:25:41.085497
SL-CASE-0267,5,Agrarian Services Clearance Requested,Agrarian,Clearance_Officer_10,2023-09-18T04:04:44.186594
SL-CASE-0267,6,Agrarian Services Clearance Issued,Agrarian,Clearance_Officer_6,2023-09-27T14:45:41.543115
SL-CASE-0267,7,PLC/DLC Review,PLC_DLC,PLC_Officer_4,2023-10-07T06:16:44.931003
SL-CASE-0267,8,PLC/DLC Recommendation,PLC_DLC,PLC_Officer_4,2023-10-11T16:52:31.817995
SL-CASE-0267,9,LCGD Case Intake,LCGD,LCGD_Officer_2,2023-10-14T00:04:21.126383
SL-CASE-0267,10,LCGD Review,LCGD,LCGD_Officer_2,2023-10-20T00:16:32.699327
SL-CASE-0267,11,LCGD Lease Decision,LCGD,LCGD_Officer_4,2023-10-23T15:54:10.529800
SL-CASE-0267,12,DS Final Notification,DS,DS_Officer_3,2023-10-25T05:48:57.908855
SL-CASE-0268,1,DS Application Received,DS,DS_Officer_7,2024-04-04T04:02:57.184191
SL-CASE-0268,2,DS Initial Review,DS,DS_Officer_8,2024-04-04T11:03:01.665527
SL-CASE-0268,3,Survey Clearance Requested,Survey,Clearance_Officer_8,2024-04-04T21:20:02.266098
SL-CASE-0268,4,Survey Clearance Issued,Survey,Clearance_Officer_3,2024-04-17T09:35:52.161743
SL-CASE-0268,5,Agrarian Services Clearance Requested,Agrarian,Clearance_Officer_9,2024-04-18T00:16:14.446937
SL-CASE-0268,6,Agrarian Services Clearance Issued,Agrarian,Clearance_Officer_9,2024-05-03T17:51:07.801329
SL-CASE-0268,7,PLC/DLC Review,PLC_DLC,PLC_Officer_6,2024-05-06T16:57:20.516628
SL-CASE-0268,8,PLC/DLC Recommendation,PLC_DLC,PLC_Officer_5,2024-05-08T11:54:01.558279
SL-CASE-0268,9,LCGD Case Intake,LCGD,LCGD_Officer_4,2024-05-11T06:12:11.833950
SL-CASE-0268,10,LCGD Review,LCGD,LCGD_Officer_1,2024-05-13T04:54:24.471379
SL-CASE-0268,11,LCGD Lease Decision,LCGD,LCGD_Officer_2,2024-05-21T18:16:55.540977
SL-CASE-0268,12,DS Final Notification,DS,DS_Officer_2,2024-05-22T12:30:05.027173
SL-CASE-0269,1,DS Application Received,DS,DS_Officer_3,2023-12-16T16:17:21.056913
SL-CASE-0269,2,DS Initial Review,DS,DS_Officer_7,2023-12-18T04:19:42.101391
SL-CASE-0269,3,Survey Clearance Requested,Survey,Clearance_Officer_7,2023-12-18T22:57:22.560220
SL-CASE-0269,4,Survey Clearance Issued,Survey,Clearance_Officer_1,2024-01-06T11:33:34.671374
SL-CASE-0269,5,Environmental Clearance Requested,Environmental,Clearance_Officer_2,2024-01-07T03:01:17.438443
SL-CASE-0269,6,Environmental Clearance Issued,Environmental,Clearance_Officer_12,2024-01-08T20:05:03.278568
SL-CASE-0269,7,Irrigation Dept Clearance Requested,Irrigation,Clearance_Officer_6,2024-01-08T23:41:15.508768
SL-CASE-0269,8,Irrigation Dept Clearance Issued,Irrigation,Clearance_Officer_1,2024-01-21T12:16:00.575870
SL-CASE-0269,9,DS Field Report Requested,DS,Clearance_Officer_6,2024-01-22T10:35:05.802833
SL-CASE-0269,10,DS Field Report Issued,DS,Clearance_Officer_8,2024-01-25T11:40:42.111251
SL-CASE-0269,11,PLC/DLC Review,PLC_DLC,PLC_Officer_6,2024-01-29T13:46:39.949969
SL-CASE-0269,12,PLC/DLC Recommendation,PLC_DLC,PLC_Officer_2,2024-02-01T13:11:19.123102
SL-CASE-0269,13,LCGD Case Intake,LCGD,LCGD_Officer_4,2024-02-03T07:43:14.322461
SL-CASE-0269,14,LCGD Review,LCGD,LCGD_Officer_3,2024-02-10T10:43:32.289938
SL-CASE-0269,15,Higher Approval Requested,Ministry,LCGD_Officer_2,2024-02-11T18:25:56.069742
SL-CASE-0269,16,Higher Approval Granted,Ministry,LCGD_Officer_2,2024-03-02T23:02:42.607539
SL-CASE-0269,17,LCGD Lease Decision,LCGD,LCGD_Officer_1,2024-03-04T01:10:24.422139
SL-CASE-0269,18,Registration Requested,Registry,Registry_Officer_1,2024-03-07T06:53:33.490304
SL-CASE-0269,19,Registration Completed,Registry,Registry_Officer_2,2024-03-12T03:42:24.114337
SL-CASE-0269,20,DS Final Notification,DS,DS_Officer_6,2024-03-14T20:14:13.449233
SL-CASE-0270,1,DS Application Received,DS,DS_Officer_4,2024-06-26T02:03:34.390590
SL-CASE-0270,2,DS Initial Review,DS,DS_Officer_8,2024-06-27T07:09:21.009575
SL-CASE-0270,3,Survey Clearance Requested,Survey,Clearance_Officer_6,2024-06-27T20:10:28.352165
SL-CASE-0270,4,Survey Clearance Issued,Survey,Clearance_Officer_9,2024-07-10T14:12:03.254789
SL-CASE-0270,5,DS Field Report Requested,DS,Clearance_Officer_2,2024-07-11T10:58:34.245485
SL-CASE-0270,6,DS Field Report Issued,DS,Clearance_Officer_11,2024-07-20T19:06:16.473004
SL-CASE-0270,7,PLC/DLC Review,PLC_DLC,PLC_Officer_1,2024-07-24T20:51:34.313644
SL-CASE-0270,8,PLC/DLC Recommendation,PLC_DLC,PLC_Officer_2,2024-07-27T19:44:34.467974
SL-CASE-0270,9,LCGD Case Intake,LCGD,LCGD_Officer_3,2024-08-02T09:47:43.207853
SL-CASE-0270,10,LCGD Review,LCGD,LCGD_Officer_4,2024-08-04T19:42:07.577450
SL-CASE-0270,11,LCGD Lease Decision,LCGD,LCGD_Officer_3,2024-08-07T07:39:22.698523
SL-CASE-0270,12,Registration Requested,Registry,Registry_Officer_3,2024-08-07T16:13:34.131627
SL-CASE-0270,13,Registration Completed,Registry,Registry_Officer_3,2024-08-26T04:46:58.028694
SL-CASE-0270,14,DS Final Notification,DS,DS_Officer_6,2024-08-27T10:06:45.484018
SL-CASE-0271,1,DS Application Received,DS,DS_Officer_1,2023-02-17T14:13:54.568955
SL-CASE-0271,2,DS Initial Review,DS,DS_Officer_2,2023-02-18T18:15:11.721375
SL-CASE-0271,3,Survey Clearance Requested,Survey,Clearance_Officer_5,2023-02-19T09:04:27.304307
SL-CASE-0271,4,Survey Clearance Issued,Survey,Clearance_Officer_1,2023-03-04T18:56:52.957135
SL-CASE-0271,5,Environmental Clearance Requested,Environmental,Clearance_Officer_5,2023-03-05T04:23:06.140348
SL-CASE-0271,6,Environmental Clearance Issued,Environmental,Clearance_Officer_1,2023-03-09T23:49:05.419614
SL-CASE-0271,7,DS Field Report Requested,DS,Clearance_Officer_9,2023-03-10T04:52:57.078962
SL-CASE-0271,8,DS Field Report Issued,DS,Clearance_Officer_6,2023-03-26T17:19:34.199211
SL-CASE-0271,9,PLC/DLC Review,PLC_DLC,PLC_Officer_6,2023-04-05T00:02:16.433678
SL-CASE-0271,10,PLC/DLC Recommendation,PLC_DLC,PLC_Officer_1,2023-04-09T14:02:32.372923
SL-CASE-0271,11,LCGD Case Intake,LCGD,LCGD_Officer_1,2023-04-11T14:47:54.993413
SL-CASE-0271,12,LCGD Review,LCGD,LCGD_Officer_1,2023-04-23T21:30:03.836681
SL-CASE-0271,13,Higher Approval Requested,Ministry,LCGD_Officer_1,2023-04-25T18:55:38.859639
SL-CASE-0271,14,Higher Approval Granted,Ministry,LCGD_Officer_1,2023-06-03T00:50:59.994811
SL-CASE-0271,15,LCGD Lease Decision,LCGD,LCGD_Officer_4,2023-06-11T22:31:45.691705
SL-CASE-0271,16,Registration Requested,Registry,Registry_Officer_3,2023-06-16T16:26:30.609360
SL-CASE-0271,17,Registration Completed,Registry,Registry_Officer_1,2023-07-01T10:16:48.768569
SL-CASE-0271,18,DS Final Notification,DS,DS_Officer_4,2023-07-01T14:46:19.989935
SL-CASE-0272,1,DS Application Received,DS,DS_Officer_4,2024-03-31T05:42:49.604083
SL-CASE-0272,2,DS Initial Review,DS,DS_Officer_7,2024-04-01T09:13:04.644483
SL-CASE-0272,3,Survey Clearance Requested,Survey,Clearance_Officer_12,2024-04-02T02:13:14.388815
SL-CASE-0272,4,Survey Clearance Issued,Survey,Clearance_Officer_8,2024-04-03T10:28:18.917777
SL-CASE-0272,5,Environmental Clearance Requested,Environmental,Clearance_Officer_7,2024-04-03T13:37:08.438851
SL-CASE-0272,6,Environmental Clearance Issued,Environmental,Clearance_Officer_7,2024-04-17T18:44:23.615706
SL-CASE-0272,7,Irrigation Dept Clearance Requested,Irrigation,Clearance_Officer_9,2024-04-18T12:10:09.568493
SL-CASE-0272,8,Irrigation Dept Clearance Issued,Irrigation,Clearance_Officer_8,2024-04-22T02:59:33.506569
SL-CASE-0272,9,DS Field Report Requested,DS,Clearance_Officer_10,2024-04-22T07:35:18.517069
SL-CASE-0272,10,DS Field Report Issued,DS,Clearance_Officer_6,2024-05-11T23:37:27.245614
SL-CASE-0272,11,PLC/DLC Review,PLC_DLC,PLC_Officer_3,2024-05-15T19:49:55.735570
SL-CASE-0272,12,PLC/DLC Recommendation,PLC_DLC,PLC_Officer_1,2024-05-18T03:35:45.525863
SL-CASE-0272,13,LCGD Case Intake,LCGD,LCGD_Officer_1,2024-05-20T04:45:01.914831
SL-CASE-0272,14,LCGD Review,LCGD,LCGD_Officer_2,2024-05-29T10:31:33.611279
SL-CASE-0272,15,Higher Approval Requested,Ministry,LCGD_Officer_1,2024-05-31T15:36:55.685820
SL-CASE-0272,16,Higher Approval Granted,Ministry,LCGD_Officer_1,2024-07-10T08:00:14.425031
SL-CASE-0272,17,LCGD Lease Decision,LCGD,LCGD_Officer_2,2024-07-19T02:20:45.118991
SL-CASE-0272,18,DS Final Notification,DS,DS_Officer_2,2024-07-21T13:13:45.835755
SL-CASE-0273,1,DS Application Received,DS,DS_Officer_7,2023-02-09T16:22:54.873923
SL-CASE-0273,2,DS Initial Review,DS,DS_Officer_2,2023-02-10T17:26:41.170206
SL-CASE-0273,3,Survey Clearance Requested,Survey,Clearance_Officer_2,2023-02-11T09:53:23.120658
SL-CASE-0273,4,Survey Clearance Issued,Survey,Clearance_Officer_9,2023-02-17T03:58:49.561907
SL-CASE-0273,5,Environmental Clearance Requested,Environmental,Clearance_Officer_12,2023-02-17T10:30:33.750033
SL-CASE-0273,6,Environmental Clearance Issued,Environmental,Clearance_Officer_6,2023-03-04T09:46:08.649513
SL-CASE-0273,7,Irrigation Dept Clearance Requested,Irrigation,Clearance_Officer_4,2023-03-05T07:31:01.751411
SL-CASE-0273,8,Irrigation Dept Clearance Issued,Irrigation,Clearance_Officer_5,2023-03-14T17:46:20.031985
SL-CASE-0273,9,DS Field Report Requested,DS,Clearance_Officer_9,2023-03-15T16:29:01.049411
SL-CASE-0273,10,DS Field Report Issued,DS,Clearance_Officer_11,2023-03-22T05:56:50.142061
SL-CASE-0273,11,PLC/DLC Review,PLC_DLC,PLC_Officer_3,2023-03-25T01:37:34.255891
SL-CASE-0273,12,PLC/DLC Recommendation,PLC_DLC,PLC_Officer_5,2023-03-26T19:58:33.968593
SL-CASE-0273,13,LCGD Case Intake,LCGD,LCGD_Officer_1,2023-03-30T14:30:48.906674
SL-CASE-0273,14,LCGD Review,LCGD,LCGD_Officer_4,2023-04-05T10:58:59.150213
SL-CASE-0273,15,Higher Approval Requested,Ministry,LCGD_Officer_4,2023-04-09T01:24:37.037730
SL-CASE-0273,16,Higher Approval Granted,Ministry,LCGD_Officer_2,2023-04-23T20:25:43.386620
SL-CASE-0273,17,LCGD Lease Decision,LCGD,LCGD_Officer_2,2023-05-02T23:50:53.643300
SL-CASE-0273,18,Registration Requested,Registry,Registry_Officer_2,2023-05-04T16:36:40.691407
SL-CASE-0273,19,Registration Completed,Registry,Registry_Officer_2,2023-05-08T00:35:03.890103
SL-CASE-0273,20,DS Final Notification,DS,DS_Officer_4,2023-05-08T05:05:42.544449
SL-CASE-0274,1,DS Application Received,DS,DS_Officer_2,2024-05-03T21:47:56.167719
SL-CASE-0274,2,DS Initial Review,DS,DS_Officer_7,2024-05-04T04:25:35.822284
SL-CASE-0274,3,Survey Clearance Requested,Survey,Clearance_Officer_7,2024-05-04T17:19:28.136178
SL-CASE-0274,4,Survey Clearance Issued,Survey,Clearance_Officer_1,2024-05-13T00:43:51.327181
SL-CASE-0274,5,Environmental Clearance Requested,Environmental,Clearance_Officer_7,2024-05-13T07:40:07.644535
SL-CASE-0274,6,Environmental Clearance Issued,Environmental,Clearance_Officer_7,2024-05-17T19:46:02.674298
SL-CASE-0274,7,Irrigation Dept Clearance Requested,Irrigation,Clearance_Officer_11,2024-05-18T09:28:56.035761
SL-CASE-0274,8,Irrigation Dept Clearance Issued,Irrigation,Clearance_Officer_9,2024-05-25T04:37:47.112027
SL-CASE-0274,9,DS Field Report Requested,DS,Clearance_Officer_1,2024-05-25T23:24:56.419866
SL-CASE-0274,10,DS Field Report Issued,DS,Clearance_Officer_6,2024-06-13T06:24:01.070809
SL-CASE-0274,11,PLC/DLC Review,PLC_DLC,PLC_Officer_3,2024-06-22T12:46:32.149615
SL-CASE-0274,12,PLC/DLC Recommendation,PLC_DLC,PLC_Officer_5,2024-06-26T15:08:36.158631
SL-CASE-0274,13,LCGD Case Intake,LCGD,LCGD_Officer_1,2024-06-28T12:55:27.352989
SL-CASE-0274,14,LCGD Review,LCGD,LCGD_Officer_4,2024-07-04T07:28:53.681056
SL-CASE-0274,15,Higher Approval Requested,Ministry,LCGD_Officer_1,2024-07-08T16:10:34.317576
SL-CASE-0274,16,Higher Approval Granted,Ministry,LCGD_Officer_4,2024-08-10T22:23:21.925770
SL-CASE-0274,17,LCGD Lease Decision,LCGD,LCGD_Officer_3,2024-08-20T11:16:05.681071
SL-CASE-0274,18,Registration Requested,Registry,Registry_Officer_4,2024-08-24T19:08:19.864754
SL-CASE-0274,19,Registration Completed,Registry,Registry_Officer_3,2024-09-02T20:24:27.435315
SL-CASE-0274,20,DS Final Notification,DS,DS_Officer_7,2024-09-03T09:47:09.750442
SL-CASE-0275,1,DS Application Received,DS,DS_Officer_5,2023-11-24T04:43:41.608840
SL-CASE-0275,2,DS Initial Review,DS,DS_Officer_7,2023-11-24T23:34:46.733585
SL-CASE-0275,3,Survey Clearance Requested,Survey,Clearance_Officer_5,2023-11-25T02:25:44.345312
SL-CASE-0275,4,Survey Clearance Issued,Survey,Clearance_Officer_11,2023-12-02T23:21:42.638866
SL-CASE-0275,5,Environmental Clearance Requested,Environmental,Clearance_Officer_11,2023-12-03T06:52:23.290351
SL-CASE-0275,6,Environmental Clearance Issued,Environmental,Clearance_Officer_10,2023-12-19T16:21:05.280550
SL-CASE-0275,7,DS Field Report Requested,DS,Clearance_Officer_5,2023-12-19T18:37:22.538543
SL-CASE-0275,8,DS Field Report Issued,DS,Clearance_Officer_6,2023-12-31T13:49:55.408149
SL-CASE-0275,9,PLC/DLC Review,PLC_DLC,PLC_Officer_2,2024-01-09T00:26:24.040932
SL-CASE-0275,10,PLC/DLC Recommendation,PLC_DLC,PLC_Officer_1,2024-01-11T09:02:03.125548
SL-CASE-0275,11,LCGD Case Intake,LCGD,LCGD_Officer_4,2024-01-14T17:39:36.176866
SL-CASE-0275,12,LCGD Review,LCGD,LCGD_Officer_3,2024-01-16T06:05:35.928308
SL-CASE-0275,13,Higher Approval Requested,Ministry,LCGD_Officer_2,2024-01-18T18:50:13.254541
SL-CASE-0275,14,Higher Approval Granted,Ministry,LCGD_Officer_1,2024-02-07T02:04:12.580645
SL-CASE-0275,15,LCGD Lease Decision,LCGD,LCGD_Officer_3,2024-02-10T00:45:30.414021
SL-CASE-0275,16,DS Final Notification,DS,DS_Officer_8,2024-02-12T21:29:20.322280
SL-CASE-0276,1,DS Application Received,DS,DS_Officer_2,2023-05-06T20:48:17.437969
SL-CASE-0276,2,DS Initial Review,DS,DS_Officer_3,2023-05-08T05:36:26.209310
SL-CASE-0276,3,Survey Clearance Requested,Survey,Clearance_Officer_8,2023-05-08T22:39:53.966921
SL-CASE-0276,4,Survey Clearance Issued,Survey,Clearance_Officer_1,2023-05-20T23:05:42.565420
SL-CASE-0276,5,Agrarian Services Clearance Requested,Agrarian,Clearance_Officer_4,2023-05-21T13:16:12.457364
SL-CASE-0276,6,Agrarian Services Clearance Issued,Agrarian,Clearance_Officer_12,2023-05-23T17:00:02.861174
SL-CASE-0276,7,PLC/DLC Review,PLC_DLC,PLC_Officer_3,2023-06-02T15:10:12.770481
SL-CASE-0276,8,PLC/DLC Recommendation,PLC_DLC,PLC_Officer_3,2023-06-02T23:00:27.669044
SL-CASE-0276,9,LCGD Case Intake,LCGD,LCGD_Officer_1,2023-06-06T23:18:59.533732
SL-CASE-0276,10,LCGD Review,LCGD,LCGD_Officer_3,2023-06-16T09:06:39.697199
SL-CASE-0276,11,Higher Approval Requested,Ministry,LCGD_Officer_4,2023-06-17T03:33:20.388814
SL-CASE-0276,12,Higher Approval Granted,Ministry,LCGD_Officer_1,2023-06-26T02:37:44.460587
SL-CASE-0276,13,LCGD Lease Decision,LCGD,LCGD_Officer_3,2023-06-28T16:04:55.326917
SL-CASE-0276,14,DS Final Notification,DS,DS_Officer_7,2023-06-30T10:00:27.532111
SL-CASE-0277,1,DS Application Received,DS,DS_Officer_6,2023-02-20T01:12:00.402369
SL-CASE-0277,2,DS Initial Review,DS,DS_Officer_5,2023-02-21T01:54:36.911844
SL-CASE-0277,3,Survey Clearance Requested,Survey,Clearance_Officer_3,2023-02-21T17:35:32.688256
SL-CASE-0277,4,Survey Clearance Issued,Survey,Clearance_Officer_5,2023-03-01T17:32:17.109416
SL-CASE-0277,5,Environmental Clearance Requested,Environmental,Clearance_Officer_10,2023-03-02T16:00:17.543761
SL-CASE-0277,6,Environmental Clearance Issued,Environmental,Clearance_Officer_10,2023-03-04T03:38:56.269693
SL-CASE-0277,7,Irrigation Dept Clearance Requested,Irrigation,Clearance_Officer_6,2023-03-04T10:18:05.457776
SL-CASE-0277,8,Irrigation Dept Clearance Issued,Irrigation,Clearance_Officer_12,2023-03-15T03:13:28.405283
SL-CASE-0277,9,DS Field Report Requested,DS,Clearance_Officer_10,2023-03-15T16:24:16.441123
SL-CASE-0277,10,DS Field Report Issued,DS,Clearance_Officer_4,2023-03-30T05:27:34.977936
SL-CASE-0277,11,PLC/DLC Review,PLC_DLC,PLC_Officer_5,2023-04-03T07:50:06.597706
SL-CASE-0277,12,PLC/DLC Recommendation,PLC_DLC,PLC_Officer_6,2023-04-03T17:33:05.444227
SL-CASE-0277,13,LCGD Case Intake,LCGD,LCGD_Officer_1,2023-04-05T04:57:47.387867
SL-CASE-0277,14,LCGD Review,LCGD,LCGD_Officer_2,2023-04-19T13:54:12.328616
SL-CASE-0277,15,Higher Approval Requested,Ministry,LCGD_Officer_4,2023-04-22T12:21:33.467368
SL-CASE-0277,16,Higher Approval Granted,Ministry,LCGD_Officer_1,2023-05-16T09:05:30.836279
SL-CASE-0277,17,LCGD Lease Decision,LCGD,LCGD_Officer_1,2023-05-24T21:25:44.931526
SL-CASE-0277,18,DS Final Notification,DS,DS_Officer_8,2023-05-26T17:55:34.638095
SL-CASE-0278,1,DS Application Received,DS,DS_Officer_2,2023-08-10T21:12:38.925671
SL-CASE-0278,2,DS Initial Review,DS,DS_Officer_8,2023-08-12T07:42:21.709929
SL-CASE-0278,3,Survey Clearance Requested,Survey,Clearance_Officer_7,2023-08-13T01:49:39.337678
SL-CASE-0278,4,Survey Clearance Issued,Survey,Clearance_Officer_6,2023-08-20T22:50:43.449671
SL-CASE-0278,5,Environmental Clearance Requested,Environmental,Clearance_Officer_2,2023-08-21T13:10:31.654294
SL-CASE-0278,6,Environmental Clearance Issued,Environmental,Clearance_Officer_11,2023-09-08T22:14:57.310714
SL-CASE-0278,7,DS Field Report Requested,DS,Clearance_Officer_4,2023-09-09T10:54:02.348657
SL-CASE-0278,8,DS Field Report Issued,DS,Clearance_Officer_7,2023-09-18T23:37:48.252701
SL-CASE-0278,9,PLC/DLC Review,PLC_DLC,PLC_Officer_2,2023-09-21T16:00:57.972188
SL-CASE-0278,10,PLC/DLC Recommendation,PLC_DLC,PLC_Officer_2,2023-09-26T07:32:52.207665
SL-CASE-0278,11,LCGD Case Intake,LCGD,LCGD_Officer_4,2023-10-01T20:40:25.556935
SL-CASE-0278,12,LCGD Review,LCGD,LCGD_Officer_2,2023-10-12T07:10:23.118605
SL-CASE-0278,13,LCGD Lease Decision,LCGD,LCGD_Officer_3,2023-10-18T10:52:14.786197
SL-CASE-0278,14,Registration Requested,Registry,Registry_Officer_1,2023-10-20T07:48:35.854045
SL-CASE-0278,15,Registration Completed,Registry,Registry_Officer_4,2023-10-22T20:58:36.033564
SL-CASE-0278,16,DS Final Notification,DS,DS_Officer_3,2023-10-24T10:19:42.569947
SL-CASE-0279,1,DS Application Received,DS,DS_Officer_2,2024-02-08T06:51:27.589811
SL-CASE-0279,2,DS Initial Review,DS,DS_Officer_1,2024-02-08T16:25:09.025323
SL-CASE-0279,3,Survey Clearance Requested,Survey,Clearance_Officer_1,2024-02-09T12:45:50.623296
SL-CASE-0279,4,Survey Clearance Issued,Survey,Clearance_Officer_2,2024-02-23T15:25:31.064381
SL-CASE-0279,5,Environmental Clearance Requested,Environmental,Clearance_Officer_9,2024-02-23T20:20:15.382578
SL-CASE-0279,6,Environmental Clearance Issued,Environmental,Clearance_Officer_7,2024-03-13T07:13:46.904754
SL-CASE-0279,7,DS Field Report Requested,DS,Clearance_Officer_7,2024-03-13T17:01:32.832233
SL-CASE-0279,8,DS Field Report Issued,DS,Clearance_Officer_4,2024-03-27T22:49:30.984501
SL-CASE-0279,9,PLC/DLC Review,PLC_DLC,PLC_Officer_1,2024-04-04T05:09:27.050779
SL-CASE-0279,10,PLC/DLC Recommendation,PLC_DLC,PLC_Officer_3,2024-04-06T01:33:13.174347
SL-CASE-0279,11,LCGD Case Intake,LCGD,LCGD_Officer_1,2024-04-10T09:49:27.220347
SL-CASE-0279,12,LCGD Review,LCGD,LCGD_Officer_1,2024-04-25T07:51:11.832149
SL-CASE-0279,13,Higher Approval Requested,Ministry,LCGD_Officer_3,2024-04-25T22:15:39.875744
SL-CASE-0279,14,Higher Approval Granted,Ministry,LCGD_Officer_4,2024-06-03T04:11:35.100382
SL-CASE-0279,15,LCGD Lease Decision,LCGD,LCGD_Officer_4,2024-06-09T13:48:27.975048
SL-CASE-0279,16,Registration Requested,Registry,Registry_Officer_4,2024-06-11T04:47:13.059565
SL-CASE-0279,17,Registration Completed,Registry,Registry_Officer_2,2024-06-25T12:02:19.696996
SL-CASE-0279,18,DS Final Notification,DS,DS_Officer_2,2024-06-27T16:41:53.978321
SL-CASE-0280,1,DS Application Received,DS,DS_Officer_2,2023-04-17T15:47:49.318564
SL-CASE-0280,2,DS Initial Review,DS,DS_Officer_8,2023-04-18T06:00:59.864080
SL-CASE-0280,3,Survey Clearance Requested,Survey,Clearance_Officer_10,2023-04-18T15:31:16.347195
SL-CASE-0280,4,Survey Clearance Issued,Survey,Clearance_Officer_9,2023-04-29T11:34:55.963711
SL-CASE-0280,5,DS Field Report Requested,DS,Clearance_Officer_7,2023-04-30T02:20:18.357667
SL-CASE-0280,6,DS Field Report Issued,DS,Clearance_Officer_7,2023-05-06T12:24:56.577715
SL-CASE-0280,7,PLC/DLC Review,PLC_DLC,PLC_Officer_2,2023-05-10T01:03:05.647218
SL-CASE-0280,8,PLC/DLC Recommendation,PLC_DLC,PLC_Officer_1,2023-05-14T19:45:07.656587
SL-CASE-0280,9,LCGD Case Intake,LCGD,LCGD_Officer_2,2023-05-20T14:44:02.856977
SL-CASE-0280,10,LCGD Review,LCGD,LCGD_Officer_3,2023-05-27T15:23:41.201280
SL-CASE-0280,11,LCGD Lease Decision,LCGD,LCGD_Officer_3,2023-06-02T11:58:37.303310
SL-CASE-0280,12,Registration Requested,Registry,Registry_Officer_3,2023-06-03T05:18:58.369297
SL-CASE-0280,13,Registration Completed,Registry,Registry_Officer_3,2023-06-07T08:49:35.078387
SL-CASE-0280,14,DS Final Notification,DS,DS_Officer_8,2023-06-08T05:59:44.900388
SL-CASE-0281,1,DS Application Received,DS,DS_Officer_4,2023-06-06T13:19:21.016061
SL-CASE-0281,2,DS Initial Review,DS,DS_Officer_3,2023-06-07T17:37:03.705473
SL-CASE-0281,3,Survey Clearance Requested,Survey,Clearance_Officer_1,2023-06-07T20:13:09.835350
SL-CASE-0281,4,Survey Clearance Issued,Survey,Clearance_Officer_9,2023-06-27T01:54:50.599098
SL-CASE-0281,5,Environmental Clearance Requested,Environmental,Clearance_Officer_4,2023-06-27T15:44:53.540057
SL-CASE-0281,6,Environmental Clearance Issued,Environmental,Clearance_Officer_1,2023-06-28T18:47:14.979341
SL-CASE-0281,7,DS Field Report Requested,DS,Clearance_Officer_5,2023-06-29T04:55:02.591596
SL-CASE-0281,8,DS Field Report Issued,DS,Clearance_Officer_10,2023-07-18T02:22:51.252839
SL-CASE-0281,9,PLC/DLC Review,PLC_DLC,PLC_Officer_4,2023-07-22T15:37:24.554960
SL-CASE-0281,10,PLC/DLC Recommendation,PLC_DLC,PLC_Officer_4,2023-07-25T09:00:19.409499
SL-CASE-0281,11,LCGD Case Intake,LCGD,LCGD_Officer_1,2023-07-27T19:00:58.601487
SL-CASE-0281,12,LCGD Review,LCGD,LCGD_Officer_1,2023-08-07T19:40:35.701215
SL-CASE-0281,13,LCGD Lease Decision,LCGD,LCGD_Officer_4,2023-08-12T09:40:02.526420
SL-CASE-0281,14,Registration Requested,Registry,Registry_Officer_1,2023-08-14T23:53:54.604197
SL-CASE-0281,15,Registration Completed,Registry,Registry_Officer_3,2023-09-01T10:06:42.320824
SL-CASE-0281,16,DS Final Notification,DS,DS_Officer_2,2023-09-03T15:19:34.023976
SL-CASE-0282,1,DS Application Received,DS,DS_Officer_2,2024-11-08T22:48:37.924919
SL-CASE-0282,2,DS Initial Review,DS,DS_Officer_6,2024-11-10T09:54:36.597480
SL-CASE-0282,3,Survey Clearance Requested,Survey,Clearance_Officer_1,2024-11-11T07:32:24.580199
SL-CASE-0282,4,Survey Clearance Issued,Survey,Clearance_Officer_12,2024-11-20T13:09:37.288260
SL-CASE-0282,5,DS Field Report Requested,DS,Clearance_Officer_6,2024-11-21T08:37:57.722287
SL-CASE-0282,6,DS Field Report Issued,DS,Clearance_Officer_9,2024-11-25T23:27:16.190454
SL-CASE-0282,7,PLC/DLC Review,PLC_DLC,PLC_Officer_6,2024-12-02T18:11:32.045021
SL-CASE-0282,8,PLC/DLC Recommendation,PLC_DLC,PLC_Officer_6,2024-12-03T04:15:17.135846
SL-CASE-0282,9,LCGD Case Intake,LCGD,LCGD_Officer_2,2024-12-07T18:06:40.419041
SL-CASE-0282,10,LCGD Review,LCGD,LCGD_Officer_4,2024-12-10T16:06:04.023101
SL-CASE-0282,11,LCGD Lease Decision,LCGD,LCGD_Officer_2,2024-12-19T10:10:33.549023
SL-CASE-0282,12,DS Final Notification,DS,DS_Officer_5,2024-12-21T11:18:37.152051
SL-CASE-0283,1,DS Application Received,DS,DS_Officer_4,2023-11-26T03:39:11.491236
SL-CASE-0283,2,DS Initial Review,DS,DS_Officer_2,2023-11-26T07:47:38.008575
SL-CASE-0283,3,Survey Clearance Requested,Survey,Clearance_Officer_10,2023-11-26T20:35:20.747805
SL-CASE-0283,4,Survey Clearance Issued,Survey,Clearance_Officer_3,2023-12-01T19:41:11.456390
SL-CASE-0283,5,Environmental Clearance Requested,Environmental,Clearance_Officer_12,2023-12-01T22:32:25.424594
SL-CASE-0283,6,Environmental Clearance Issued,Environmental,Clearance_Officer_7,2023-12-07T22:30:07.397681
SL-CASE-0283,7,Irrigation Dept Clearance Requested,Irrigation,Clearance_Officer_4,2023-12-08T14:23:04.687303
SL-CASE-0283,8,Irrigation Dept Clearance Issued,Irrigation,Clearance_Officer_8,2023-12-21T17:10:57.018991
SL-CASE-0283,9,DS Field Report Requested,DS,Clearance_Officer_3,2023-12-22T06:51:09.541075
SL-CASE-0283,10,DS Field Report Issued,DS,Clearance_Officer_4,2024-01-08T23:10:13.191033
SL-CASE-0283,11,PLC/DLC Review,PLC_DLC,PLC_Officer_6,2024-01-17T18:40:45.262169
SL-CASE-0283,12,PLC/DLC Recommendation,PLC_DLC,PLC_Officer_6,2024-01-20T07:58:33.865825
SL-CASE-0283,13,LCGD Case Intake,LCGD,LCGD_Officer_3,2024-01-23T09:09:39.033203
SL-CASE-0283,14,LCGD Review,LCGD,LCGD_Officer_3,2024-01-31T23:44:51.778817
SL-CASE-0283,15,LCGD Lease Decision,LCGD,LCGD_Officer_1,2024-02-02T04:20:11.374354
SL-CASE-0283,16,DS Final Notification,DS,DS_Officer_5,2024-02-05T01:44:26.950061
SL-CASE-0284,1,DS Application Received,DS,DS_Officer_7,2023-10-21T17:24:24.206636
SL-CASE-0284,2,DS Initial Review,DS,DS_Officer_8,2023-10-23T04:25:07.504722
SL-CASE-0284,3,Survey Clearance Requested,Survey,Clearance_Officer_8,2023-10-24T00:54:05.074314
SL-CASE-0284,4,Survey Clearance Issued,Survey,Clearance_Officer_11,2023-11-05T10:59:03.186715
SL-CASE-0284,5,Environmental Clearance Requested,Environmental,Clearance_Officer_5,2023-11-05T18:09:04.101920
SL-CASE-0284,6,Environmental Clearance Issued,Environmental,Clearance_Officer_4,2023-11-11T20:19:27.919563
SL-CASE-0284,7,Irrigation Dept Clearance Requested,Irrigation,Clearance_Officer_7,2023-11-12T17:54:00.920127
SL-CASE-0284,8,Irrigation Dept Clearance Issued,Irrigation,Clearance_Officer_6,2023-11-14T21:37:35.553578
SL-CASE-0284,9,DS Field Report Requested,DS,Clearance_Officer_6,2023-11-15T05:22:54.689606
SL-CASE-0284,10,DS Field Report Issued,DS,Clearance_Officer_8,2023-11-24T00:54:08.354504
SL-CASE-0284,11,PLC/DLC Review,PLC_DLC,PLC_Officer_3,2023-11-28T13:50:51.924077
SL-CASE-0284,12,PLC/DLC Recommendation,PLC_DLC,PLC_Officer_3,2023-12-03T03:51:28.050917
SL-CASE-0284,13,LCGD Case Intake,LCGD,LCGD_Officer_2,2023-12-06T19:35:47.879408
SL-CASE-0284,14,LCGD Review,LCGD,LCGD_Officer_1,2023-12-12T13:47:00.226537
SL-CASE-0284,15,Higher Approval Requested,Ministry,LCGD_Officer_4,2023-12-14T06:57:12.997116
SL-CASE-0284,16,Higher Approval Granted,Ministry,LCGD_Officer_2,2023-12-27T00:51:14.576554
SL-CASE-0284,17,LCGD Lease Decision,LCGD,LCGD_Officer_1,2024-01-01T12:16:52.010400
SL-CASE-0284,18,Registration Requested,Registry,Registry_Officer_3,2024-01-06T06:20:21.057167
SL-CASE-0284,19,Registration Completed,Registry,Registry_Officer_1,2024-01-09T17:15:40.950106
SL-CASE-0284,20,DS Final Notification,DS,DS_Officer_1,2024-01-12T13:46:51.148037
SL-CASE-0285,1,DS Application Received,DS,DS_Officer_4,2024-07-15T17:15:37.954477
SL-CASE-0285,2,DS Initial Review,DS,DS_Officer_7,2024-07-17T16:36:36.374283
SL-CASE-0285,3,Survey Clearance Requested,Survey,Clearance_Officer_4,2024-07-18T13:31:26.422871
SL-CASE-0285,4,Survey Clearance Issued,Survey,Clearance_Officer_3,2024-07-25T01:50:58.196664
SL-CASE-0285,5,DS Field Report Requested,DS,Clearance_Officer_6,2024-07-25T23:53:01.976056
SL-CASE-0285,6,DS Field Report Issued,DS,Clearance_Officer_9,2024-08-03T20:23:31.667314
SL-CASE-0285,7,PLC/DLC Review,PLC_DLC,PLC_Officer_1,2024-08-11T07:35:32.501350
SL-CASE-0285,8,PLC/DLC Recommendation,PLC_DLC,PLC_Officer_1,2024-08-11T17:42:17.670061
SL-CASE-0285,9,LCGD Case Intake,LCGD,LCGD_Officer_1,2024-08-17T03:30:14.079557
SL-CASE-0285,10,LCGD Review,LCGD,LCGD_Officer_4,2024-08-25T04:00:27.657696
SL-CASE-0285,11,LCGD Lease Decision,LCGD,LCGD_Officer_3,2024-08-25T19:54:08.683093
SL-CASE-0285,12,Registration Requested,Registry,Registry_Officer_2,2024-08-27T12:16:10.508171
SL-CASE-0285,13,Registration Completed,Registry,Registry_Officer_2,2024-09-09T12:15:32.022554
SL-CASE-0285,14,DS Final Notification,DS,DS_Officer_2,2024-09-09T16:37:24.082039
SL-CASE-0286,1,DS Application Received,DS,DS_Officer_7,2024-07-23T03:20:20.992547
SL-CASE-0286,2,DS Initial Review,DS,DS_Officer_3,2024-07-23T08:13:33.414382
SL-CASE-0286,3,Survey Clearance Requested,Survey,Clearance_Officer_10,2024-07-23T12:19:41.502996
SL-CASE-0286,4,Survey Clearance Issued,Survey,Clearance_Officer_4,2024-08-08T13:45:46.505071
SL-CASE-0286,5,Environmental Clearance Requested,Environmental,Clearance_Officer_5,2024-08-09T10:03:19.064971
SL-CASE-0286,6,Environmental Clearance Issued,Environmental,Clearance_Officer_7,2024-08-25T07:54:40.382493
SL-CASE-0286,7,Irrigation Dept Clearance Requested,Irrigation,Clearance_Officer_1,2024-08-25T21:10:58.948482
SL-CASE-0286,8,Irrigation Dept Clearance Issued,Irrigation,Clearance_Officer_8,2024-09-01T14:57:54.916819
SL-CASE-0286,9,DS Field Report Requested,DS,Clearance_Officer_5,2024-09-01T21:25:26.118919
SL-CASE-0286,10,DS Field Report Issued,DS,Clearance_Officer_10,2024-09-21T07:24:27.256318
SL-CASE-0286,11,PLC/DLC Review,PLC_DLC,PLC_Officer_3,2024-09-26T06:53:12.666174
SL-CASE-0286,12,PLC/DLC Recommendation,PLC_DLC,PLC_Officer_2,2024-09-28T13:51:13.653733
SL-CASE-0286,13,LCGD Case Intake,LCGD,LCGD_Officer_3,2024-10-05T08:41:17.016491
SL-CASE-0286,14,LCGD Review,LCGD,LCGD_Officer_2,2024-10-13T03:05:36.594803
SL-CASE-0286,15,LCGD Lease Decision,LCGD,LCGD_Officer_4,2024-10-17T02:34:37.376993
SL-CASE-0286,16,Registration Requested,Registry,Registry_Officer_3,2024-10-20T19:31:06.955895
SL-CASE-0286,17,Registration Completed,Registry,Registry_Officer_1,2024-11-05T07:18:35.904574
SL-CASE-0286,18,DS Final Notification,DS,DS_Officer_1,2024-11-06T16:58:08.033535
SL-CASE-0287,1,DS Application Received,DS,DS_Officer_2,2023-10-06T04:42:59.813921
SL-CASE-0287,2,DS Initial Review,DS,DS_Officer_3,2023-10-06T12:54:49.437073
SL-CASE-0287,3,Survey Clearance Requested,Survey,Clearance_Officer_8,2023-10-06T19:28:57.837121
SL-CASE-0287,4,Survey Clearance Issued,Survey,Clearance_Officer_2,2023-10-19T02:04:38.925970
SL-CASE-0287,5,Environmental Clearance Requested,Environmental,Clearance_Officer_10,2023-10-19T07:11:12.306760
SL-CASE-0287,6,Environmental Clearance Issued,Environmental,Clearance_Officer_9,2023-11-05T05:20:48.669058
SL-CASE-0287,7,DS Field Report Requested,DS,Clearance_Officer_10,2023-11-05T23:15:12.836225
SL-CASE-0287,8,DS Field Report Issued,DS,Clearance_Officer_1,2023-11-21T10:04:43.589829
SL-CASE-0287,9,PLC/DLC Review,PLC_DLC,PLC_Officer_3,2023-11-29T05:02:52.469356
SL-CASE-0287,10,PLC/DLC Recommendation,PLC_DLC,PLC_Officer_6,2023-12-01T09:59:59.231953
SL-CASE-0287,11,LCGD Case Intake,LCGD,LCGD_Officer_2,2023-12-04T02:42:26.170680
SL-CASE-0287,12,LCGD Review,LCGD,LCGD_Officer_4,2023-12-05T14:58:28.315854
SL-CASE-0287,13,Higher Approval Requested,Ministry,LCGD_Officer_3,2023-12-10T00:19:02.332593
SL-CASE-0287,14,Higher Approval Granted,Ministry,LCGD_Officer_4,2024-01-08T04:15:03.884634
SL-CASE-0287,15,LCGD Lease Decision,LCGD,LCGD_Officer_3,2024-01-13T17:55:07.835410
SL-CASE-0287,16,Registration Requested,Registry,Registry_Officer_2,2024-01-18T13:17:56.491845
SL-CASE-0287,17,Registration Completed,Registry,Registry_Officer_4,2024-01-25T16:03:25.683141
SL-CASE-0287,18,DS Final Notification,DS,DS_Officer_2,2024-01-27T06:04:02.324284
SL-CASE-0288,1,DS Application Received,DS,DS_Officer_2,2024-10-06T21:03:55.121734
SL-CASE-0288,2,DS Initial Review,DS,DS_Officer_7,2024-10-07T02:47:02.534266
SL-CASE-0288,3,Survey Clearance Requested,Survey,Clearance_Officer_11,2024-10-07T15:40:41.148814
SL-CASE-0288,4,Survey Clearance Issued,Survey,Clearance_Officer_8,2024-10-23T21:54:58.148691
SL-CASE-0288,5,Environmental Clearance Requested,Environmental,Clearance_Officer_9,2024-10-24T02:59:35.487507
SL-CASE-0288,6,Environmental Clearance Issued,Environmental,Clearance_Officer_1,2024-11-02T01:40:06.166420
SL-CASE-0288,7,Irrigation Dept Clearance Requested,Irrigation,Clearance_Officer_7,2024-11-02T10:11:48.847459
SL-CASE-0288,8,Irrigation Dept Clearance Issued,Irrigation,Clearance_Officer_12,2024-11-22T08:15:22.710878
SL-CASE-0288,9,DS Field Report Requested,DS,Clearance_Officer_11,2024-11-23T06:32:22.752106
SL-CASE-0288,10,DS Field Report Issued,DS,Clearance_Officer_6,2024-11-29T10:09:53.042167
SL-CASE-0288,11,PLC/DLC Review,PLC_DLC,PLC_Officer_3,2024-12-05T18:24:27.522097
SL-CASE-0288,12,PLC/DLC Recommendation,PLC_DLC,PLC_Officer_2,2024-12-08T16:40:55.303345
SL-CASE-0288,13,LCGD Case Intake,LCGD,LCGD_Officer_2,2024-12-10T02:45:31.585606
SL-CASE-0288,14,LCGD Review,LCGD,LCGD_Officer_3,2024-12-22T08:30:15.071307
SL-CASE-0288,15,Higher Approval Requested,Ministry,LCGD_Officer_3,2024-12-25T01:42:48.534743
SL-CASE-0288,16,Higher Approval Granted,Ministry,LCGD_Officer_2,2025-01-15T14:17:09.285071
SL-CASE-0288,17,LCGD Lease Decision,LCGD,LCGD_Officer_2,2025-01-24T23:21:26.270018
SL-CASE-0288,18,Registration Requested,Registry,Registry_Officer_4,2025-01-26T00:04:49.631792
SL-CASE-0288,19,Registration Completed,Registry,Registry_Officer_4,2025-01-27T04:33:32.091298
SL-CASE-0288,20,DS Final Notification,DS,DS_Officer_8,2025-01-27T19:06:16.988158
SL-CASE-0289,1,DS Application Received,DS,DS_Officer_3,2023-02-16T23:39:23.639846
SL-CASE-0289,2,DS Initial Review,DS,DS_Officer_4,2023-02-17T06:35:40.324901
SL-CASE-0289,3,Survey Clearance Requested,Survey,Clearance_Officer_1,2023-02-17T16:11:00.954607
SL-CASE-0289,4,Survey Clearance Issued,Survey,Clearance_Officer_5,2023-03-08T07:17:47.939910
SL-CASE-0289,5,DS Field Report Requested,DS,Clearance_Officer_7,2023-03-08T15:32:55.595955
SL-CASE-0289,6,DS Field Report Issued,DS,Clearance_Officer_5,2023-03-20T18:03:58.896854
SL-CASE-0289,7,PLC/DLC Review,PLC_DLC,PLC_Officer_4,2023-03-24T17:48:18.055243
SL-CASE-0289,8,PLC/DLC Recommendation,PLC_DLC,PLC_Officer_5,2023-03-29T10:18:58.025550
SL-CASE-0289,9,LCGD Case Intake,LCGD,LCGD_Officer_2,2023-04-02T10:42:53.168952
SL-CASE-0289,10,LCGD Review,LCGD,LCGD_Officer_2,2023-04-04T12:44:48.290842
SL-CASE-0289,11,LCGD Lease Decision,LCGD,LCGD_Officer_2,2023-04-05T18:50:35.511569
SL-CASE-0289,12,Registration Requested,Registry,Registry_Officer_3,2023-04-07T08:45:41.574515
SL-CASE-0289,13,Registration Completed,Registry,Registry_Officer_2,2023-04-19T01:47:25.445705
SL-CASE-0289,14,DS Final Notification,DS,DS_Officer_7,2023-04-21T11:34:20.334925
SL-CASE-0290,1,DS Application Received,DS,DS_Officer_3,2023-08-20T04:17:52.437776
SL-CASE-0290,2,DS Initial Review,DS,DS_Officer_8,2023-08-20T14:36:16.437561
SL-CASE-0290,3,Survey Clearance Requested,Survey,Clearance_Officer_6,2023-08-21T11:50:45.873468
SL-CASE-0290,4,Survey Clearance Issued,Survey,Clearance_Officer_1,2023-08-23T23:19:01.715797
SL-CASE-0290,5,Agrarian Services Clearance Requested,Agrarian,Clearance_Officer_8,2023-08-24T04:19:50.130025
SL-CASE-0290,6,Agrarian Services Clearance Issued,Agrarian,Clearance_Officer_8,2023-09-02T06:18:56.189921
SL-CASE-0290,7,PLC/DLC Review,PLC_DLC,PLC_Officer_5,2023-09-05T20:53:31.139975
SL-CASE-0290,8,PLC/DLC Recommendation,PLC_DLC,PLC_Officer_2,2023-09-09T17:31:58.188023
SL-CASE-0290,9,LCGD Case Intake,LCGD,LCGD_Officer_4,2023-09-13T20:54:55.695936
SL-CASE-0290,10,LCGD Review,LCGD,LCGD_Officer_4,2023-09-25T16:57:08.871303
SL-CASE-0290,11,LCGD Lease Decision,LCGD,LCGD_Officer_3,2023-09-29T10:01:13.822136
SL-CASE-0290,12,Registration Requested,Registry,Registry_Officer_2,2023-10-02T04:31:07.154350
SL-CASE-0290,13,Registration Completed,Registry,Registry_Officer_3,2023-10-21T08:09:46.332698
SL-CASE-0290,14,DS Final Notification,DS,DS_Officer_7,2023-10-23T11:57:25.947523
SL-CASE-0291,1,DS Application Received,DS,DS_Officer_8,2024-01-28T08:53:38.092258
SL-CASE-0291,2,DS Initial Review,DS,DS_Officer_6,2024-01-29T22:48:24.065918
SL-CASE-0291,3,Survey Clearance Requested,Survey,Clearance_Officer_4,2024-01-30T16:50:00.592970
SL-CASE-0291,4,Survey Clearance Issued,Survey,Clearance_Officer_4,2024-02-12T10:10:25.429920
SL-CASE-0291,5,Environmental Clearance Requested,Environmental,Clearance_Officer_3,2024-02-12T20:35:16.057233
SL-CASE-0291,6,Environmental Clearance Issued,Environmental,Clearance_Officer_1,2024-03-02T14:07:24.774859
SL-CASE-0291,7,Irrigation Dept Clearance Requested,Irrigation,Clearance_Officer_6,2024-03-02T20:25:54.992822
SL-CASE-0291,8,Irrigation Dept Clearance Issued,Irrigation,Clearance_Officer_1,2024-03-13T20:17:20.852430
SL-CASE-0291,9,DS Field Report Requested,DS,Clearance_Officer_6,2024-03-14T11:11:06.974349
SL-CASE-0291,10,DS Field Report Issued,DS,Clearance_Officer_6,2024-03-17T06:05:55.461721
SL-CASE-0291,11,PLC/DLC Review,PLC_DLC,PLC_Officer_5,2024-03-26T10:54:09.929435
SL-CASE-0291,12,PLC/DLC Recommendation,PLC_DLC,PLC_Officer_5,2024-03-31T01:57:39.775852
SL-CASE-0291,13,LCGD Case Intake,LCGD,LCGD_Officer_3,2024-04-02T08:33:12.205223
SL-CASE-0291,14,LCGD Review,LCGD,LCGD_Officer_4,2024-04-12T08:09:21.148460
SL-CASE-0291,15,Higher Approval Requested,Ministry,LCGD_Officer_3,2024-04-12T19:09:44.844369
SL-CASE-0291,16,Higher Approval Granted,Ministry,LCGD_Officer_1,2024-04-27T09:28:06.508218
SL-CASE-0291,17,LCGD Lease Decision,LCGD,LCGD_Officer_1,2024-05-07T02:42:55.429190
SL-CASE-0291,18,Registration Requested,Registry,Registry_Officer_4,2024-05-11T11:07:06.685205
SL-CASE-0291,19,Registration Completed,Registry,Registry_Officer_4,2024-05-31T09:51:22.042653
SL-CASE-0291,20,DS Final Notification,DS,DS_Officer_8,2024-06-01T22:10:37.764948
SL-CASE-0292,1,DS Application Received,DS,DS_Officer_3,2024-06-09T00:39:59.769366
SL-CASE-0292,2,DS Initial Review,DS,DS_Officer_2,2024-06-09T08:18:39.189293
SL-CASE-0292,3,Survey Clearance Requested,Survey,Clearance_Officer_11,2024-06-09T11:32:38.190435
SL-CASE-0292,4,Survey Clearance Issued,Survey,Clearance_Officer_6,2024-06-23T23:34:24.162057
SL-CASE-0292,5,DS Field Report Requested,DS,Clearance_Officer_9,2024-06-24T03:43:04.218537
SL-CASE-0292,6,DS Field Report Issued,DS,Clearance_Officer_4,2024-06-30T10:14:52.375516
SL-CASE-0292,7,PLC/DLC Review,PLC_DLC,PLC_Officer_6,2024-07-07T03:36:42.742444
SL-CASE-0292,8,PLC/DLC Recommendation,PLC_DLC,PLC_Officer_6,2024-07-07T11:30:45.938369
SL-CASE-0292,9,LCGD Case Intake,LCGD,LCGD_Officer_3,2024-07-13T11:50:11.920923
SL-CASE-0292,10,LCGD Review,LCGD,LCGD_Officer_2,2024-07-27T01:28:33.958308
SL-CASE-0292,11,LCGD Lease Decision,LCGD,LCGD_Officer_3,2024-08-05T03:24:56.486753
SL-CASE-0292,12,DS Final Notification,DS,DS_Officer_7,2024-08-06T17:33:34.280042
SL-CASE-0293,1,DS Application Received,DS,DS_Officer_5,2023-10-19T12:02:57.931409
SL-CASE-0293,2,DS Initial Review,DS,DS_Officer_7,2023-10-20T18:49:28.929018
SL-CASE-0293,3,Survey Clearance Requested,Survey,Clearance_Officer_12,2023-10-21T00:37:48.011529
SL-CASE-0293,4,Survey Clearance Issued,Survey,Clearance_Officer_1,2023-11-07T00:38:18.817184
SL-CASE-0293,5,DS Field Report Requested,DS,Clearance_Officer_9,2023-11-07T09:29:03.047383
SL-CASE-0293,6,DS Field Report Issued,DS,Clearance_Officer_6,2023-11-15T01:23:47.178585
SL-CASE-0293,7,PLC/DLC Review,PLC_DLC,PLC_Officer_6,2023-11-19T23:42:07.049225
SL-CASE-0293,8,PLC/DLC Recommendation,PLC_DLC,PLC_Officer_4,2023-11-20T15:31:00.532852
SL-CASE-0293,9,LCGD Case Intake,LCGD,LCGD_Officer_1,2023-11-21T17:16:12.286027
SL-CASE-0293,10,LCGD Review,LCGD,LCGD_Officer_1,2023-11-25T06:35:25.460946
SL-CASE-0293,11,LCGD Lease Decision,LCGD,LCGD_Officer_1,2023-11-27T08:02:04.509372
SL-CASE-0293,12,Registration Requested,Registry,Registry_Officer_1,2023-12-01T05:26:27.451542
SL-CASE-0293,13,Registration Completed,Registry,Registry_Officer_3,2023-12-06T08:37:57.890200
SL-CASE-0293,14,DS Final Notification,DS,DS_Officer_4,2023-12-07T18:51:25.863010
SL-CASE-0294,1,DS Application Received,DS,DS_Officer_4,2023-08-04T11:22:26.666486
SL-CASE-0294,2,DS Initial Review,DS,DS_Officer_5,2023-08-06T04:07:34.268303
SL-CASE-0294,3,Survey Clearance Requested,Survey,Clearance_Officer_3,2023-08-07T01:33:52.899756
SL-CASE-0294,4,Survey Clearance Issued,Survey,Clearance_Officer_5,2023-08-26T16:06:56.007688
SL-CASE-0294,5,Environmental Clearance Requested,Environmental,Clearance_Officer_5,2023-08-27T09:27:42.613993
SL-CASE-0294,6,Environmental Clearance Issued,Environmental,Clearance_Officer_6,2023-08-30T03:36:06.248716
SL-CASE-0294,7,DS Field Report Requested,DS,Clearance_Officer_6,2023-08-30T18:19:58.984922
SL-CASE-0294,8,DS Field Report Issued,DS,Clearance_Officer_9,2023-09-15T10:32:02.470589
SL-CASE-0294,9,PLC/DLC Review,PLC_DLC,PLC_Officer_6,2023-09-20T05:03:34.187791
SL-CASE-0294,10,PLC/DLC Recommendation,PLC_DLC,PLC_Officer_2,2023-09-23T17:22:55.351769
SL-CASE-0294,11,LCGD Case Intake,LCGD,LCGD_Officer_4,2023-09-24T11:06:43.534017
SL-CASE-0294,12,LCGD Review,LCGD,LCGD_Officer_2,2023-09-27T15:25:43.366546
SL-CASE-0294,13,Higher Approval Requested,Ministry,LCGD_Officer_4,2023-10-02T14:43:00.679717
SL-CASE-0294,14,Higher Approval Granted,Ministry,LCGD_Officer_3,2023-10-19T18:07:51.388580
SL-CASE-0294,15,LCGD Lease Decision,LCGD,LCGD_Officer_3,2023-10-22T00:40:24.705741
SL-CASE-0294,16,Registration Requested,Registry,Registry_Officer_2,2023-10-22T17:01:11.583938
SL-CASE-0294,17,Registration Completed,Registry,Registry_Officer_4,2023-10-28T14:45:55.439280
SL-CASE-0294,18,DS Final Notification,DS,DS_Officer_2,2023-10-29T11:01:28.609789
SL-CASE-0295,1,DS Application Received,DS,DS_Officer_6,2023-12-28T23:54:12.652163
SL-CASE-0295,2,DS Initial Review,DS,DS_Officer_6,2023-12-30T10:45:36.716293
SL-CASE-0295,3,Survey Clearance Requested,Survey,Clearance_Officer_1,2023-12-31T07:53:07.581140
SL-CASE-0295,4,Survey Clearance Issued,Survey,Clearance_Officer_8,2024-01-04T08:16:32.401849
SL-CASE-0295,5,Environmental Clearance Requested,Environmental,Clearance_Officer_11,2024-01-04T17:38:21.630110
SL-CASE-0295,6,Environmental Clearance Issued,Environmental,Clearance_Officer_3,2024-01-22T21:23:53.391051
SL-CASE-0295,7,DS Field Report Requested,DS,Clearance_Officer_5,2024-01-23T19:29:14.777838
SL-CASE-0295,8,DS Field Report Issued,DS,Clearance_Officer_9,2024-01-27T21:41:58.025650
SL-CASE-0295,9,PLC/DLC Review,PLC_DLC,PLC_Officer_1,2024-01-30T04:08:38.749951
SL-CASE-0295,10,PLC/DLC Recommendation,PLC_DLC,PLC_Officer_5,2024-02-01T12:11:27.925088
SL-CASE-0295,11,LCGD Case Intake,LCGD,LCGD_Officer_4,2024-02-04T23:23:47.816752
SL-CASE-0295,12,LCGD Review,LCGD,LCGD_Officer_4,2024-02-16T04:59:50.813782
SL-CASE-0295,13,LCGD Lease Decision,LCGD,LCGD_Officer_3,2024-02-24T14:10:33.630573
SL-CASE-0295,14,Registration Requested,Registry,Registry_Officer_3,2024-02-28T06:38:25.685999
SL-CASE-0295,15,Registration Completed,Registry,Registry_Officer_4,2024-03-09T10:41:12.229652
SL-CASE-0295,16,DS Final Notification,DS,DS_Officer_4,2024-03-10T09:41:55.900704
SL-CASE-0296,1,DS Application Received,DS,DS_Officer_5,2024-06-18T06:19:50.372306
SL-CASE-0296,2,DS Initial Review,DS,DS_Officer_4,2024-06-20T01:20:27.059300
SL-CASE-0296,3,Survey Clearance Requested,Survey,Clearance_Officer_10,2024-06-21T00:16:25.374710
SL-CASE-0296,4,Survey Clearance Issued,Survey,Clearance_Officer_3,2024-07-06T07:07:02.485673
SL-CASE-0296,5,DS Field Report Requested,DS,Clearance_Officer_1,2024-07-06T23:42:44.274078
SL-CASE-0296,6,DS Field Report Issued,DS,Clearance_Officer_5,2024-07-26T10:10:50.004067
SL-CASE-0296,7,PLC/DLC Review,PLC_DLC,PLC_Officer_2,2024-08-03T10:57:12.317055
SL-CASE-0296,8,PLC/DLC Recommendation,PLC_DLC,PLC_Officer_4,2024-08-07T12:19:23.658736
SL-CASE-0296,9,LCGD Case Intake,LCGD,LCGD_Officer_4,2024-08-10T14:05:53.814588
SL-CASE-0296,10,LCGD Review,LCGD,LCGD_Officer_2,2024-08-11T14:22:53.760757
SL-CASE-0296,11,LCGD Lease Decision,LCGD,LCGD_Officer_2,2024-08-13T19:16:36.226336
SL-CASE-0296,12,Registration Requested,Registry,Registry_Officer_1,2024-08-15T11:37:22.496061
SL-CASE-0296,13,Registration Completed,Registry,Registry_Officer_2,2024-08-19T23:47:51.443275
SL-CASE-0296,14,DS Final Notification,DS,DS_Officer_4,2024-08-21T08:21:21.761515
SL-CASE-0297,1,DS Application Received,DS,DS_Officer_8,2023-04-18T21:56:32.363146
SL-CASE-0297,2,DS Initial Review,DS,DS_Officer_8,2023-04-20T07:21:12.760254
SL-CASE-0297,3,Survey Clearance Requested,Survey,Clearance_Officer_2,2023-04-21T00:53:25.709022
SL-CASE-0297,4,Survey Clearance Issued,Survey,Clearance_Officer_6,2023-04-29T09:37:27.045747
SL-CASE-0297,5,Agrarian Services Clearance Requested,Agrarian,Clearance_Officer_3,2023-04-30T04:24:40.154086
SL-CASE-0297,6,Agrarian Services Clearance Issued,Agrarian,Clearance_Officer_6,2023-05-08T18:45:29.004782
SL-CASE-0297,7,PLC/DLC Review,PLC_DLC,PLC_Officer_6,2023-05-17T19:30:24.879882
SL-CASE-0297,8,PLC/DLC Recommendation,PLC_DLC,PLC_Officer_4,2023-05-21T12:46:09.592829
SL-CASE-0297,9,LCGD Case Intake,LCGD,LCGD_Officer_1,2023-05-25T21:53:30.464345
SL-CASE-0297,10,LCGD Review,LCGD,LCGD_Officer_1,2023-05-31T18:26:21.011320
SL-CASE-0297,11,LCGD Lease Decision,LCGD,LCGD_Officer_2,2023-06-03T04:18:56.073915
SL-CASE-0297,12,Registration Requested,Registry,Registry_Officer_3,2023-06-07T01:50:59.221234
SL-CASE-0297,13,Registration Completed,Registry,Registry_Officer_1,2023-06-14T23:02:58.788899
SL-CASE-0297,14,DS Final Notification,DS,DS_Officer_7,2023-06-16T19:47:21.552863
SL-CASE-0298,1,DS Application Received,DS,DS_Officer_7,2024-10-02T06:21:10.447089
SL-CASE-0298,2,DS Initial Review,DS,DS_Officer_5,2024-10-02T16:59:08.862104
SL-CASE-0298,3,Survey Clearance Requested,Survey,Clearance_Officer_8,2024-10-03T03:29:44.650949
SL-CASE-0298,4,Survey Clearance Issued,Survey,Clearance_Officer_7,2024-10-04T19:22:36.097008
SL-CASE-0298,5,Environmental Clearance Requested,Environmental,Clearance_Officer_7,2024-10-05T01:19:33.919108
SL-CASE-0298,6,Environmental Clearance Issued,Environmental,Clearance_Officer_2,2024-10-19T00:28:22.896106
SL-CASE-0298,7,DS Field Report Requested,DS,Clearance_Officer_2,2024-10-19T12:42:04.774133
SL-CASE-0298,8,DS Field Report Issued,DS,Clearance_Officer_12,2024-10-27T02:36:29.296970
SL-CASE-0298,9,PLC/DLC Review,PLC_DLC,PLC_Officer_4,2024-10-28T13:43:42.600153
SL-CASE-0298,10,PLC/DLC Recommendation,PLC_DLC,PLC_Officer_1,2024-11-01T15:19:59.625560
SL-CASE-0298,11,LCGD Case Intake,LCGD,LCGD_Officer_2,2024-11-03T04:25:51.955970
SL-CASE-0298,12,LCGD Review,LCGD,LCGD_Officer_4,2024-11-12T05:31:27.556814
SL-CASE-0298,13,Higher Approval Requested,Ministry,LCGD_Officer_1,2024-11-15T17:45:44.522536
SL-CASE-0298,14,Higher Approval Granted,Ministry,LCGD_Officer_4,2024-12-07T18:07:10.020699
SL-CASE-0298,15,LCGD Lease Decision,LCGD,LCGD_Officer_1,2024-12-12T02:58:27.854323
SL-CASE-0298,16,Registration Requested,Registry,Registry_Officer_3,2024-12-13T19:30:40.386467
SL-CASE-0298,17,Registration Completed,Registry,Registry_Officer_1,2024-12-28T21:53:34.306438
SL-CASE-0298,18,DS Final Notification,DS,DS_Officer_8,2024-12-30T18:08:50.590357
SL-CASE-0299,1,DS Application Received,DS,DS_Officer_2,2023-12-18T12:22:30.976936
SL-CASE-0299,2,DS Initial Review,DS,DS_Officer_6,2023-12-18T22:59:32.312606
SL-CASE-0299,3,Survey Clearance Requested,Survey,Clearance_Officer_12,2023-12-19T21:51:09.848934
SL-CASE-0299,4,Survey Clearance Issued,Survey,Clearance_Officer_4,2024-01-01T02:57:45.043399
SL-CASE-0299,5,Environmental Clearance Requested,Environmental,Clearance_Officer_10,2024-01-01T16:17:24.829339
SL-CASE-0299,6,Environmental Clearance Issued,Environmental,Clearance_Officer_8,2024-01-16T12:05:20.212488
SL-CASE-0299,7,Irrigation Dept Clearance Requested,Irrigation,Clearance_Officer_8,2024-01-16T23:39:23.345483
SL-CASE-0299,8,Irrigation Dept Clearance Issued,Irrigation,Clearance_Officer_2,2024-01-23T08:07:04.974670
SL-CASE-0299,9,DS Field Report Requested,DS,Clearance_Officer_8,2024-01-24T05:12:42.394654
SL-CASE-0299,10,DS Field Report Issued,DS,Clearance_Officer_10,2024-02-01T04:36:40.519565
SL-CASE-0299,11,PLC/DLC Review,PLC_DLC,PLC_Officer_3,2024-02-08T05:06:27.493261
SL-CASE-0299,12,PLC/DLC Recommendation,PLC_DLC,PLC_Officer_6,2024-02-10T11:38:15.814499
SL-CASE-0299,13,LCGD Case Intake,LCGD,LCGD_Officer_1,2024-02-12T21:50:10.539828
SL-CASE-0299,14,LCGD Review,LCGD,LCGD_Officer_2,2024-02-21T12:11:59.122921
SL-CASE-0299,15,Higher Approval Requested,Ministry,LCGD_Officer_4,2024-02-23T03:37:44.689880
SL-CASE-0299,16,Higher Approval Granted,Ministry,LCGD_Officer_3,2024-02-28T18:20:42.124925
SL-CASE-0299,17,LCGD Lease Decision,LCGD,LCGD_Officer_1,2024-03-02T22:00:10.577305
SL-CASE-0299,18,Registration Requested,Registry,Registry_Officer_3,2024-03-05T23:55:18.240199
SL-CASE-0299,19,Registration Completed,Registry,Registry_Officer_4,2024-03-20T21:40:12.360815
SL-CASE-0299,20,DS Final Notification,DS,DS_Officer_2,2024-03-21T17:04:26.293686
SL-CASE-0300,1,DS Application Received,DS,DS_Officer_8,2024-01-10T12:14:22.437719
SL-CASE-0300,2,DS Initial Review,DS,DS_Officer_6,2024-01-10T18:01:39.969042
SL-CASE-0300,3,Survey Clearance Requested,Survey,Clearance_Officer_3,2024-01-11T04:13:45.359082
SL-CASE-0300,4,Survey Clearance Issued,Survey,Clearance_Officer_12,2024-01-23T18:05:40.048268
SL-CASE-0300,5,Environmental Clearance Requested,Environmental,Clearance_Officer_2,2024-01-24T10:07:34.955333
SL-CASE-0300,6,Environmental Clearance Issued,Environmental,Clearance_Officer_12,2024-02-01T16:16:43.328293
SL-CASE-0300,7,DS Field Report Requested,DS,Clearance_Officer_11,2024-02-01T20:00:41.505667
SL-CASE-0300,8,DS Field Report Issued,DS,Clearance_Officer_7,2024-02-17T01:40:38.211602
SL-CASE-0300,9,PLC/DLC Review,PLC_DLC,PLC_Officer_2,2024-02-21T09:02:45.265441
SL-CASE-0300,10,PLC/DLC Recommendation,PLC_DLC,PLC_Officer_3,2024-02-26T03:23:12.550064
SL-CASE-0300,11,LCGD Case Intake,LCGD,LCGD_Officer_1,2024-03-02T07:57:19.717176
SL-CASE-0300,12,LCGD Review,LCGD,LCGD_Officer_4,2024-03-15T01:08:17.489738
SL-CASE-0300,13,LCGD Lease Decision,LCGD,LCGD_Officer_2,2024-03-24T16:59:08.316166
SL-CASE-0300,14,Registration Requested,Registry,Registry_Officer_3,2024-03-27T16:04:03.674418
SL-CASE-0300,15,Registration Completed,Registry,Registry_Officer_2,2024-04-09T08:46:22.218160
SL-CASE-0300,16,DS Final Notification,DS,DS_Officer_1,2024-04-11T11:22:15.017103
SL-CASE-0301,1,DS Application Received,DS,DS_Officer_7,2023-09-19T23:15:46.018318
SL-CASE-0301,2,DS Initial Review,DS,DS_Officer_5,2023-09-21T19:17:29.849632
SL-CASE-0301,3,Survey Clearance Requested,Survey,Clearance_Officer_7,2023-09-22T03:17:26.058386
SL-CASE-0301,4,Survey Clearance Issued,Survey,Clearance_Officer_7,2023-09-27T01:44:41.075080
SL-CASE-0301,5,Environmental Clearance Requested,Environmental,Clearance_Officer_5,2023-09-27T18:12:12.327838
SL-CASE-0301,6,Environmental Clearance Issued,Environmental,Clearance_Officer_10,2023-10-03T19:58:46.991869
SL-CASE-0301,7,Irrigation Dept Clearance Requested,Irrigation,Clearance_Officer_11,2023-10-04T15:21:55.442984
SL-CASE-0301,8,Irrigation Dept Clearance Issued,Irrigation,Clearance_Officer_4,2023-10-11T16:26:45.905307
SL-CASE-0301,9,DS Field Report Requested,DS,Clearance_Officer_12,2023-10-11T23:23:32.027203
SL-CASE-0301,10,DS Field Report Issued,DS,Clearance_Officer_2,2023-10-19T03:24:49.889499
SL-CASE-0301,11,PLC/DLC Review,PLC_DLC,PLC_Officer_6,2023-10-25T10:48:35.747242
SL-CASE-0301,12,PLC/DLC Recommendation,PLC_DLC,PLC_Officer_4,2023-10-29T01:58:54.338387
SL-CASE-0301,13,LCGD Case Intake,LCGD,LCGD_Officer_3,2023-11-02T09:41:46.933181
SL-CASE-0301,14,LCGD Review,LCGD,LCGD_Officer_4,2023-11-10T23:37:34.438251
SL-CASE-0301,15,Higher Approval Requested,Ministry,LCGD_Officer_1,2023-11-15T15:37:54.192602
SL-CASE-0301,16,Higher Approval Granted,Ministry,LCGD_Officer_3,2023-12-02T15:42:37.167319
SL-CASE-0301,17,LCGD Lease Decision,LCGD,LCGD_Officer_4,2023-12-06T06:45:36.150872
SL-CASE-0301,18,Registration Requested,Registry,Registry_Officer_4,2023-12-07T06:03:46.099353
SL-CASE-0301,19,Registration Completed,Registry,Registry_Officer_2,2023-12-12T06:06:48.446294
SL-CASE-0301,20,DS Final Notification,DS,DS_Officer_5,2023-12-14T07:13:20.906079
SL-CASE-0302,1,DS Application Received,DS,DS_Officer_8,2023-10-10T02:51:49.998895
SL-CASE-0302,2,DS Initial Review,DS,DS_Officer_1,2023-10-11T12:32:31.015966
SL-CASE-0302,3,Survey Clearance Requested,Survey,Clearance_Officer_10,2023-10-11T17:58:18.335401
SL-CASE-0302,4,Survey Clearance Issued,Survey,Clearance_Officer_6,2023-10-15T22:00:09.370825
SL-CASE-0302,5,DS Field Report Requested,DS,Clearance_Officer_7,2023-10-16T12:25:48.851819
SL-CASE-0302,6,DS Field Report Issued,DS,Clearance_Officer_1,2023-11-05T10:31:36.551209
SL-CASE-0302,7,PLC/DLC Review,PLC_DLC,PLC_Officer_3,2023-11-13T01:50:36.156532
SL-CASE-0302,8,PLC/DLC Recommendation,PLC_DLC,PLC_Officer_4,2023-11-15T23:16:38.922087
SL-CASE-0302,9,LCGD Case Intake,LCGD,LCGD_Officer_4,2023-11-22T21:40:03.344768
SL-CASE-0302,10,LCGD Review,LCGD,LCGD_Officer_2,2023-12-06T19:10:58.174394
SL-CASE-0302,11,LCGD Lease Decision,LCGD,LCGD_Officer_1,2023-12-10T17:44:06.632302
SL-CASE-0302,12,Registration Requested,Registry,Registry_Officer_2,2023-12-11T10:47:27.151327
SL-CASE-0302,13,Registration Completed,Registry,Registry_Officer_1,2023-12-16T11:08:45.720357
SL-CASE-0302,14,DS Final Notification,DS,DS_Officer_3,2023-12-18T05:05:53.464341
SL-CASE-0303,1,DS Application Received,DS,DS_Officer_2,2024-08-28T11:44:53.692514
SL-CASE-0303,2,DS Initial Review,DS,DS_Officer_6,2024-08-29T20:58:28.449630
SL-CASE-0303,3,Survey Clearance Requested,Survey,Clearance_Officer_9,2024-08-30T10:01:30.979473
SL-CASE-0303,4,Survey Clearance Issued,Survey,Clearance_Officer_7,2024-09-07T20:51:22.777814
SL-CASE-0303,5,Environmental Clearance Requested,Environmental,Clearance_Officer_8,2024-09-08T09:44:33.568383
SL-CASE-0303,6,Environmental Clearance Issued,Environmental,Clearance_Officer_8,2024-09-14T20:17:16.438356
SL-CASE-0303,7,Irrigation Dept Clearance Requested,Irrigation,Clearance_Officer_3,2024-09-15T01:44:28.288375
SL-CASE-0303,8,Irrigation Dept Clearance Issued,Irrigation,Clearance_Officer_1,2024-09-23T16:09:57.525906
SL-CASE-0303,9,DS Field Report Requested,DS,Clearance_Officer_6,2024-09-24T05:53:04.649814
SL-CASE-0303,10,DS Field Report Issued,DS,Clearance_Officer_11,2024-10-09T17:46:58.588676
SL-CASE-0303,11,PLC/DLC Review,PLC_DLC,PLC_Officer_1,2024-10-11T21:03:38.353113
SL-CASE-0303,12,PLC/DLC Recommendation,PLC_DLC,PLC_Officer_6,2024-10-13T22:45:46.598292
SL-CASE-0303,13,LCGD Case Intake,LCGD,LCGD_Officer_4,2024-10-17T03:59:11.503468
SL-CASE-0303,14,LCGD Review,LCGD,LCGD_Officer_1,2024-10-23T21:50:42.888818
SL-CASE-0303,15,LCGD Lease Decision,LCGD,LCGD_Officer_2,2024-10-30T04:39:44.003542
SL-CASE-0303,16,Registration Requested,Registry,Registry_Officer_1,2024-11-02T08:10:07.372091
SL-CASE-0303,17,Registration Completed,Registry,Registry_Officer_4,2024-11-14T17:34:18.480111
SL-CASE-0303,18,DS Final Notification,DS,DS_Officer_6,2024-11-17T13:45:21.712981
SL-CASE-0304,1,DS Application Received,DS,DS_Officer_4,2024-03-02T21:37:43.691446
SL-CASE-0304,2,DS Initial Review,DS,DS_Officer_3,2024-03-04T15:02:32.639212
SL-CASE-0304,3,Survey Clearance Requested,Survey,Clearance_Officer_12,2024-03-05T03:06:47.935893
SL-CASE-0304,4,Survey Clearance Issued,Survey,Clearance_Officer_3,2024-03-22T17:57:13.699328
SL-CASE-0304,5,Environmental Clearance Requested,Environmental,Clearance_Officer_12,2024-03-23T06:20:29.475587
SL-CASE-0304,6,Environmental Clearance Issued,Environmental,Clearance_Officer_6,2024-04-10T18:29:36.215439
SL-CASE-0304,7,DS Field Report Requested,DS,Clearance_Officer_2,2024-04-10T23:24:42.099967
SL-CASE-0304,8,DS Field Report Issued,DS,Clearance_Officer_4,2024-04-28T23:16:44.092075
SL-CASE-0304,9,PLC/DLC Review,PLC_DLC,PLC_Officer_4,2024-05-04T22:58:20.017520
SL-CASE-0304,10,PLC/DLC Recommendation,PLC_DLC,PLC_Officer_5,2024-05-06T08:54:27.294366
SL-CASE-0304,11,LCGD Case Intake,LCGD,LCGD_Officer_2,2024-05-09T18:07:02.929251
SL-CASE-0304,12,LCGD Review,LCGD,LCGD_Officer_4,2024-05-21T21:49:36.031622
SL-CASE-0304,13,LCGD Lease Decision,LCGD,LCGD_Officer_1,2024-05-27T00:52:37.096343
SL-CASE-0304,14,Registration Requested,Registry,Registry_Officer_3,2024-05-31T02:29:50.230260
SL-CASE-0304,15,Registration Completed,Registry,Registry_Officer_2,2024-06-17T16:10:05.719648
SL-CASE-0304,16,DS Final Notification,DS,DS_Officer_2,2024-06-18T11:18:31.310049
SL-CASE-0305,1,DS Application Received,DS,DS_Officer_2,2023-01-05T21:04:17.854155
SL-CASE-0305,2,DS Initial Review,DS,DS_Officer_1,2023-01-07T08:33:59.758744
SL-CASE-0305,3,Survey Clearance Requested,Survey,Clearance_Officer_12,2023-01-07T20:12:50.631492
SL-CASE-0305,4,Survey Clearance Issued,Survey,Clearance_Officer_7,2023-01-09T23:28:35.771932
SL-CASE-0305,5,DS Field Report Requested,DS,Clearance_Officer_12,2023-01-10T19:41:57.744866
SL-CASE-0305,6,DS Field Report Issued,DS,Clearance_Officer_6,2023-01-26T10:15:16.649392
SL-CASE-0305,7,PLC/DLC Review,PLC_DLC,PLC_Officer_5,2023-01-30T17:19:28.332420
SL-CASE-0305,8,PLC/DLC Recommendation,PLC_DLC,PLC_Officer_4,2023-02-02T23:03:40.000303
SL-CASE-0305,9,LCGD Case Intake,LCGD,LCGD_Officer_1,2023-02-06T05:55:15.323119
SL-CASE-0305,10,LCGD Review,LCGD,LCGD_Officer_3,2023-02-08T16:44:17.717595
SL-CASE-0305,11,LCGD Lease Decision,LCGD,LCGD_Officer_1,2023-02-16T08:05:46.731755
SL-CASE-0305,12,Registration Requested,Registry,Registry_Officer_3,2023-02-20T00:24:13.157599
SL-CASE-0305,13,Registration Completed,Registry,Registry_Officer_3,2023-02-28T20:40:58.395555
SL-CASE-0305,14,DS Final Notification,DS,DS_Officer_4,2023-03-01T08:37:09.820758
SL-CASE-0306,1,DS Application Received,DS,DS_Officer_5,2024-07-10T22:47:49.459499
SL-CASE-0306,2,DS Initial Review,DS,DS_Officer_8,2024-07-11T17:51:52.415198
SL-CASE-0306,3,Survey Clearance Requested,Survey,Clearance_Officer_8,2024-07-12T03:08:20.783292
SL-CASE-0306,4,Survey Clearance Issued,Survey,Clearance_Officer_10,2024-07-26T10:08:21.224612
SL-CASE-0306,5,Environmental Clearance Requested,Environmental,Clearance_Officer_1,2024-07-26T18:11:44.903815
SL-CASE-0306,6,Environmental Clearance Issued,Environmental,Clearance_Officer_3,2024-08-11T05:21:32.310160
SL-CASE-0306,7,DS Field Report Requested,DS,Clearance_Officer_1,2024-08-11T18:50:17.230204
SL-CASE-0306,8,DS Field Report Issued,DS,Clearance_Officer_6,2024-08-16T23:37:26.189562
SL-CASE-0306,9,PLC/DLC Review,PLC_DLC,PLC_Officer_6,2024-08-22T20:06:39.356334
SL-CASE-0306,10,PLC/DLC Recommendation,PLC_DLC,PLC_Officer_6,2024-08-24T11:18:35.345824
SL-CASE-0306,11,LCGD Case Intake,LCGD,LCGD_Officer_3,2024-08-26T00:00:17.999199
SL-CASE-0306,12,LCGD Review,LCGD,LCGD_Officer_4,2024-09-02T15:42:02.544686
SL-CASE-0306,13,Higher Approval Requested,Ministry,LCGD_Officer_2,2024-09-06T02:27:16.128884
SL-CASE-0306,14,Higher Approval Granted,Ministry,LCGD_Officer_2,2024-10-07T03:11:25.223464
SL-CASE-0306,15,LCGD Lease Decision,LCGD,LCGD_Officer_3,2024-10-08T19:28:38.843825
SL-CASE-0306,16,Registration Requested,Registry,Registry_Officer_3,2024-10-13T03:25:13.029553
SL-CASE-0306,17,Registration Completed,Registry,Registry_Officer_1,2024-10-26T05:47:02.070717
SL-CASE-0306,18,DS Final Notification,DS,DS_Officer_5,2024-10-28T19:20:53.696868
SL-CASE-0307,1,DS Application Received,DS,DS_Officer_3,2023-04-14T21:44:29.144000
SL-CASE-0307,2,DS Initial Review,DS,DS_Officer_3,2023-04-16T20:31:37.828748
SL-CASE-0307,3,Survey Clearance Requested,Survey,Clearance_Officer_9,2023-04-17T11:26:38.954456
SL-CASE-0307,4,Survey Clearance Issued,Survey,Clearance_Officer_6,2023-04-24T10:45:47.653131
SL-CASE-0307,5,DS Field Report Requested,DS,Clearance_Officer_8,2023-04-24T21:04:43.569428
SL-CASE-0307,6,DS Field Report Issued,DS,Clearance_Officer_9,2023-05-08T04:44:18.437338
SL-CASE-0307,7,PLC/DLC Review,PLC_DLC,PLC_Officer_4,2023-05-13T06:38:47.116182
SL-CASE-0307,8,PLC/DLC Recommendation,PLC_DLC,PLC_Officer_1,2023-05-17T18:55:10.748299
SL-CASE-0307,9,LCGD Case Intake,LCGD,LCGD_Officer_1,2023-05-22T15:14:37.837515
SL-CASE-0307,10,LCGD Review,LCGD,LCGD_Officer_3,2023-05-28T10:16:44.954791
SL-CASE-0307,11,LCGD Lease Decision,LCGD,LCGD_Officer_2,2023-05-30T16:35:00.963129
SL-CASE-0307,12,Registration Requested,Registry,Registry_Officer_1,2023-06-01T06:18:41.664300
SL-CASE-0307,13,Registration Completed,Registry,Registry_Officer_3,2023-06-14T14:42:36.184831
SL-CASE-0307,14,DS Final Notification,DS,DS_Officer_1,2023-06-16T03:37:31.326621
SL-CASE-0308,1,DS Application Received,DS,DS_Officer_2,2024-08-10T23:45:01.000079
SL-CASE-0308,2,DS Initial Review,DS,DS_Officer_1,2024-08-12T22:26:58.255683
SL-CASE-0308,3,Survey Clearance Requested,Survey,Clearance_Officer_9,2024-08-13T10:16:31.577515
SL-CASE-0308,4,Survey Clearance Issued,Survey,Clearance_Officer_5,2024-08-19T03:21:02.324617
SL-CASE-0308,5,Environmental Clearance Requested,Environmental,Clearance_Officer_3,2024-08-19T22:53:26.097840
SL-CASE-0308,6,Environmental Clearance Issued,Environmental,Clearance_Officer_11,2024-09-03T01:23:36.039259
SL-CASE-0308,7,DS Field Report Requested,DS,Clearance_Officer_4,2024-09-03T22:15:31.829866
SL-CASE-0308,8,DS Field Report Issued,DS,Clearance_Officer_8,2024-09-18T00:44:00.668210
SL-CASE-0308,9,PLC/DLC Review,PLC_DLC,PLC_Officer_5,2024-09-20T05:11:15.766031
SL-CASE-0308,10,PLC/DLC Recommendation,PLC_DLC,PLC_Officer_3,2024-09-21T17:29:05.040374
SL-CASE-0308,11,LCGD Case Intake,LCGD,LCGD_Officer_2,2024-09-22T19:44:12.364948
SL-CASE-0308,12,LCGD Review,LCGD,LCGD_Officer_1,2024-10-04T02:08:17.105053
SL-CASE-0308,13,Higher Approval Requested,Ministry,LCGD_Officer_2,2024-10-08T15:26:17.358108
SL-CASE-0308,14,Higher Approval Granted,Ministry,LCGD_Officer_1,2024-10-31T22:23:11.844257
SL-CASE-0308,15,LCGD Lease Decision,LCGD,LCGD_Officer_2,2024-11-03T04:59:45.319686
SL-CASE-0308,16,Registration Requested,Registry,Registry_Officer_4,2024-11-06T05:45:47.320955
SL-CASE-0308,17,Registration Completed,Registry,Registry_Officer_1,2024-11-16T01:28:15.075253
SL-CASE-0308,18,DS Final Notification,DS,DS_Officer_2,2024-11-17T01:47:27.376635
SL-CASE-0309,1,DS Application Received,DS,DS_Officer_1,2023-05-18T12:33:13.852059
SL-CASE-0309,2,DS Initial Review,DS,DS_Officer_2,2023-05-19T18:08:57.277673
SL-CASE-0309,3,Survey Clearance Requested,Survey,Clearance_Officer_8,2023-05-20T11:59:19.808788
SL-CASE-0309,4,Survey Clearance Issued,Survey,Clearance_Officer_4,2023-06-05T06:28:52.859374
SL-CASE-0309,5,DS Field Report Requested,DS,Clearance_Officer_11,2023-06-05T21:26:16.712691
SL-CASE-0309,6,DS Field Report Issued,DS,Clearance_Officer_8,2023-06-18T13:36:37.556330
SL-CASE-0309,7,PLC/DLC Review,PLC_DLC,PLC_Officer_3,2023-06-28T11:50:26.249914
SL-CASE-0309,8,PLC/DLC Recommendation,PLC_DLC,PLC_Officer_5,2023-07-02T07:51:37.776554
SL-CASE-0309,9,LCGD Case Intake,LCGD,LCGD_Officer_2,2023-07-04T14:05:47.159001
SL-CASE-0309,10,LCGD Review,LCGD,LCGD_Officer_4,2023-07-10T04:31:09.376412
SL-CASE-0309,11,LCGD Lease Decision,LCGD,LCGD_Officer_3,2023-07-15T10:50:31.654407
SL-CASE-0309,12,Registration Requested,Registry,Registry_Officer_2,2023-07-16T22:57:39.295053
SL-CASE-0309,13,Registration Completed,Registry,Registry_Officer_3,2023-07-24T10:31:18.468371
SL-CASE-0309,14,DS Final Notification,DS,DS_Officer_2,2023-07-26T08:20:10.742329
SL-CASE-0310,1,DS Application Received,DS,DS_Officer_7,2024-11-15T01:34:41.786405
SL-CASE-0310,2,DS Initial Review,DS,DS_Officer_2,2024-11-16T11:11:21.215001
SL-CASE-0310,3,Survey Clearance Requested,Survey,Clearance_Officer_8,2024-11-17T09:32:44.605692
SL-CASE-0310,4,Survey Clearance Issued,Survey,Clearance_Officer_11,2024-11-24T21:41:40.519499
SL-CASE-0310,5,Environmental Clearance Requested,Environmental,Clearance_Officer_3,2024-11-25T11:32:36.854993
SL-CASE-0310,6,Environmental Clearance Issued,Environmental,Clearance_Officer_2,2024-11-30T03:49:23.235349
SL-CASE-0310,7,DS Field Report Requested,DS,Clearance_Officer_4,2024-11-30T22:36:21.165081
SL-CASE-0310,8,DS Field Report Issued,DS,Clearance_Officer_5,2024-12-07T18:41:21.241099
SL-CASE-0310,9,PLC/DLC Review,PLC_DLC,PLC_Officer_5,2024-12-11T07:39:10.259680
SL-CASE-0310,10,PLC/DLC Recommendation,PLC_DLC,PLC_Officer_6,2024-12-13T19:26:48.021735
SL-CASE-0310,11,LCGD Case Intake,LCGD,LCGD_Officer_2,2024-12-16T06:15:22.514683
SL-CASE-0310,12,LCGD Review,LCGD,LCGD_Officer_2,2024-12-25T06:06:54.307361
SL-CASE-0310,13,Higher Approval Requested,Ministry,LCGD_Officer_2,2024-12-27T01:01:27.639028
SL-CASE-0310,14,Higher Approval Granted,Ministry,LCGD_Officer_2,2025-01-27T20:47:53.323076
SL-CASE-0310,15,LCGD Lease Decision,LCGD,LCGD_Officer_2,2025-02-05T10:14:59.099464
SL-CASE-0310,16,Registration Requested,Registry,Registry_Officer_4,2025-02-07T05:22:38.689141
SL-CASE-0310,17,Registration Completed,Registry,Registry_Officer_4,2025-02-20T15:22:08.906950
SL-CASE-0310,18,DS Final Notification,DS,DS_Officer_5,2025-02-22T23:57:07.144851
SL-CASE-0311,1,DS Application Received,DS,DS_Officer_5,2023-06-10T03:11:13.824245
SL-CASE-0311,2,DS Initial Review,DS,DS_Officer_7,2023-06-11T01:54:01.013614
SL-CASE-0311,3,Survey Clearance Requested,Survey,Clearance_Officer_1,2023-06-11T20:40:46.477299
SL-CASE-0311,4,Survey Clearance Issued,Survey,Clearance_Officer_7,2023-06-27T08:15:11.333976
SL-CASE-0311,5,Agrarian Services Clearance Requested,Agrarian,Clearance_Officer_7,2023-06-27T11:28:11.682062
SL-CASE-0311,6,Agrarian Services Clearance Issued,Agrarian,Clearance_Officer_3,2023-07-05T04:43:01.072919
SL-CASE-0311,7,PLC/DLC Review,PLC_DLC,PLC_Officer_3,2023-07-14T23:00:49.384221
SL-CASE-0311,8,PLC/DLC Recommendation,PLC_DLC,PLC_Officer_6,2023-07-15T07:14:03.821736
SL-CASE-0311,9,LCGD Case Intake,LCGD,LCGD_Officer_3,2023-07-17T02:46:46.695996
SL-CASE-0311,10,LCGD Review,LCGD,LCGD_Officer_3,2023-07-22T05:49:53.014458
SL-CASE-0311,11,LCGD Lease Decision,LCGD,LCGD_Officer_4,2023-07-22T17:22:20.202429
SL-CASE-0311,12,DS Final Notification,DS,DS_Officer_6,2023-07-25T02:44:12.034830
SL-CASE-0312,1,DS Application Received,DS,DS_Officer_8,2024-01-26T16:30:16.507908
SL-CASE-0312,2,DS Initial Review,DS,DS_Officer_1,2024-01-28T14:23:40.493875
SL-CASE-0312,3,Survey Clearance Requested,Survey,Clearance_Officer_7,2024-01-29T09:34:53.747020
SL-CASE-0312,4,Survey Clearance Issued,Survey,Clearance_Officer_12,2024-02-12T11:13:07.812647
SL-CASE-0312,5,Environmental Clearance Requested,Environmental,Clearance_Officer_5,2024-02-12T23:56:01.487455
SL-CASE-0312,6,Environmental Clearance Issued,Environmental,Clearance_Officer_10,2024-03-03T17:58:24.458333
SL-CASE-0312,7,DS Field Report Requested,DS,Clearance_Officer_2,2024-03-04T04:13:25.960137
SL-CASE-0312,8,DS Field Report Issued,DS,Clearance_Officer_6,2024-03-06T05:48:43.632703
SL-CASE-0312,9,PLC/DLC Review,PLC_DLC,PLC_Officer_3,2024-03-09T08:45:02.370486
SL-CASE-0312,10,PLC/DLC Recommendation,PLC_DLC,PLC_Officer_3,2024-03-11T16:41:48.613159
SL-CASE-0312,11,LCGD Case Intake,LCGD,LCGD_Officer_2,2024-03-12T22:01:03.505241
SL-CASE-0312,12,LCGD Review,LCGD,LCGD_Officer_1,2024-03-26T05:58:59.350183
SL-CASE-0312,13,Higher Approval Requested,Ministry,LCGD_Officer_4,2024-03-28T00:58:52.830521
SL-CASE-0312,14,Higher Approval Granted,Ministry,LCGD_Officer_2,2024-04-30T21:24:08.383529
SL-CASE-0312,15,LCGD Lease Decision,LCGD,LCGD_Officer_2,2024-05-06T21:25:02.909993
SL-CASE-0312,16,Registration Requested,Registry,Registry_Officer_4,2024-05-09T19:28:00.562353
SL-CASE-0312,17,Registration Completed,Registry,Registry_Officer_3,2024-05-15T11:17:24.661812
SL-CASE-0312,18,DS Final Notification,DS,DS_Officer_5,2024-05-17T04:15:26.618737
SL-CASE-0313,1,DS Application Received,DS,DS_Officer_6,2024-04-27T17:12:28.059068
SL-CASE-0313,2,DS Initial Review,DS,DS_Officer_8,2024-04-28T17:48:50.960660
SL-CASE-0313,3,Survey Clearance Requested,Survey,Clearance_Officer_4,2024-04-29T03:46:57.501162
SL-CASE-0313,4,Survey Clearance Issued,Survey,Clearance_Officer_12,2024-05-13T00:47:58.606898
SL-CASE-0313,5,Environmental Clearance Requested,Environmental,Clearance_Officer_10,2024-05-13T08:29:53.451961
SL-CASE-0313,6,Environmental Clearance Issued,Environmental,Clearance_Officer_1,2024-05-28T13:25:36.151762
SL-CASE-0313,7,DS Field Report Requested,DS,Clearance_Officer_11,2024-05-28T18:30:45.530695
SL-CASE-0313,8,DS Field Report Issued,DS,Clearance_Officer_7,2024-06-06T13:49:40.255603
SL-CASE-0313,9,PLC/DLC Review,PLC_DLC,PLC_Officer_1,2024-06-14T17:36:38.252063
SL-CASE-0313,10,PLC/DLC Recommendation,PLC_DLC,PLC_Officer_1,2024-06-18T22:25:17.444550
SL-CASE-0313,11,LCGD Case Intake,LCGD,LCGD_Officer_3,2024-06-25T08:50:48.249749
SL-CASE-0313,12,LCGD Review,LCGD,LCGD_Officer_4,2024-06-26T14:17:25.305180
SL-CASE-0313,13,LCGD Lease Decision,LCGD,LCGD_Officer_3,2024-07-06T13:16:24.625660
SL-CASE-0313,14,Registration Requested,Registry,Registry_Officer_4,2024-07-10T13:20:57.057131
SL-CASE-0313,15,Registration Completed,Registry,Registry_Officer_3,2024-07-16T22:14:09.423323
SL-CASE-0313,16,DS Final Notification,DS,DS_Officer_2,2024-07-18T20:38:31.632054
SL-CASE-0314,1,DS Application Received,DS,DS_Officer_4,2024-01-31T18:22:27.839086
SL-CASE-0314,2,DS Initial Review,DS,DS_Officer_7,2024-02-02T07:27:29.963196
SL-CASE-0314,3,Survey Clearance Requested,Survey,Clearance_Officer_8,2024-02-03T03:26:56.220043
SL-CASE-0314,4,Survey Clearance Issued,Survey,Clearance_Officer_12,2024-02-12T17:14:11.565317
SL-CASE-0314,5,DS Field Report Requested,DS,Clearance_Officer_6,2024-02-12T22:35:06.226313
SL-CASE-0314,6,DS Field Report Issued,DS,Clearance_Officer_11,2024-02-15T07:53:05.357826
SL-CASE-0314,7,PLC/DLC Review,PLC_DLC,PLC_Officer_4,2024-02-21T07:02:09.027256
SL-CASE-0314,8,PLC/DLC Recommendation,PLC_DLC,PLC_Officer_6,2024-02-24T01:11:42.839608
SL-CASE-0314,9,LCGD Case Intake,LCGD,LCGD_Officer_4,2024-02-29T08:33:02.795971
SL-CASE-0314,10,LCGD Review,LCGD,LCGD_Officer_4,2024-03-13T19:23:17.383662
SL-CASE-0314,11,Higher Approval Requested,Ministry,LCGD_Officer_1,2024-03-16T18:54:29.793850
SL-CASE-0314,12,Higher Approval Granted,Ministry,LCGD_Officer_4,2024-04-12T14:48:27.588981
SL-CASE-0314,13,LCGD Lease Decision,LCGD,LCGD_Officer_2,2024-04-13T01:13:25.067079
SL-CASE-0314,14,DS Final Notification,DS,DS_Officer_3,2024-04-14T01:47:25.912816
SL-CASE-0315,1,DS Application Received,DS,DS_Officer_3,2023-07-01T06:30:57.778682
SL-CASE-0315,2,DS Initial Review,DS,DS_Officer_3,2023-07-01T18:49:31.203073
SL-CASE-0315,3,Survey Clearance Requested,Survey,Clearance_Officer_3,2023-07-02T01:21:37.821438
SL-CASE-0315,4,Survey Clearance Issued,Survey,Clearance_Officer_9,2023-07-04T23:22:09.504012
SL-CASE-0315,5,Environmental Clearance Requested,Environmental,Clearance_Officer_1,2023-07-05T14:36:41.684322
SL-CASE-0315,6,Environmental Clearance Issued,Environmental,Clearance_Officer_9,2023-07-21T10:02:48.502352
SL-CASE-0315,7,DS Field Report Requested,DS,Clearance_Officer_2,2023-07-21T19:42:51.254719
SL-CASE-0315,8,DS Field Report Issued,DS,Clearance_Officer_6,2023-07-29T01:02:11.311110
SL-CASE-0315,9,PLC/DLC Review,PLC_DLC,PLC_Officer_6,2023-08-07T08:43:35.795306
SL-CASE-0315,10,PLC/DLC Recommendation,PLC_DLC,PLC_Officer_3,2023-08-08T14:31:50.292286
SL-CASE-0315,11,LCGD Case Intake,LCGD,LCGD_Officer_3,2023-08-10T04:00:13.343793
SL-CASE-0315,12,LCGD Review,LCGD,LCGD_Officer_2,2023-08-14T10:17:04.560908
SL-CASE-0315,13,LCGD Lease Decision,LCGD,LCGD_Officer_1,2023-08-22T05:00:48.272745
SL-CASE-0315,14,DS Final Notification,DS,DS_Officer_8,2023-08-22T16:37:30.938446
SL-CASE-0316,1,DS Application Received,DS,DS_Officer_4,2023-03-28T05:07:36.348538
SL-CASE-0316,2,DS Initial Review,DS,DS_Officer_7,2023-03-28T18:10:28.499738
SL-CASE-0316,3,Survey Clearance Requested,Survey,Clearance_Officer_2,2023-03-29T09:09:33.701508
SL-CASE-0316,4,Survey Clearance Issued,Survey,Clearance_Officer_3,2023-04-01T03:29:59.244917
SL-CASE-0316,5,Environmental Clearance Requested,Environmental,Clearance_Officer_10,2023-04-01T16:38:50.148765
SL-CASE-0316,6,Environmental Clearance Issued,Environmental,Clearance_Officer_2,2023-04-16T11:01:39.456044
SL-CASE-0316,7,Irrigation Dept Clearance Requested,Irrigation,Clearance_Officer_4,2023-04-16T16:36:39.789388
SL-CASE-0316,8,Irrigation Dept Clearance Issued,Irrigation,Clearance_Officer_8,2023-04-19T23:29:40.015871
SL-CASE-0316,9,DS Field Report Requested,DS,Clearance_Officer_6,2023-04-20T17:47:18.862332
SL-CASE-0316,10,DS Field Report Issued,DS,Clearance_Officer_6,2023-05-05T23:38:37.802619
SL-CASE-0316,11,PLC/DLC Review,PLC_DLC,PLC_Officer_2,2023-05-10T10:17:34.756175
SL-CASE-0316,12,PLC/DLC Recommendation,PLC_DLC,PLC_Officer_5,2023-05-15T08:36:01.179527
SL-CASE-0316,13,LCGD Case Intake,LCGD,LCGD_Officer_3,2023-05-18T04:44:17.701438
SL-CASE-0316,14,LCGD Review,LCGD,LCGD_Officer_4,2023-05-26T07:40:23.866178
SL-CASE-0316,15,Higher Approval Requested,Ministry,LCGD_Officer_4,2023-05-26T15:30:49.963110
SL-CASE-0316,16,Higher Approval Granted,Ministry,LCGD_Officer_4,2023-06-28T18:22:46.862741
SL-CASE-0316,17,LCGD Lease Decision,LCGD,LCGD_Officer_1,2023-07-08T09:23:12.383495
SL-CASE-0316,18,Registration Requested,Registry,Registry_Officer_3,2023-07-10T07:49:13.506794
SL-CASE-0316,19,Registration Completed,Registry,Registry_Officer_4,2023-07-27T05:16:48.763149
SL-CASE-0316,20,DS Final Notification,DS,DS_Officer_5,2023-07-30T01:29:45.793772
SL-CASE-0317,1,DS Application Received,DS,DS_Officer_4,2023-06-10T13:19:09.122483
SL-CASE-0317,2,DS Initial Review,DS,DS_Officer_1,2023-06-11T01:07:22.690771
SL-CASE-0317,3,Survey Clearance Requested,Survey,Clearance_Officer_3,2023-06-11T05:56:16.196362
SL-CASE-0317,4,Survey Clearance Issued,Survey,Clearance_Officer_8,2023-06-14T21:52:41.946145
SL-CASE-0317,5,DS Field Report Requested,DS,Clearance_Officer_1,2023-06-15T16:38:55.143116
SL-CASE-0317,6,DS Field Report Issued,DS,Clearance_Officer_4,2023-06-28T00:31:04.430612
SL-CASE-0317,7,PLC/DLC Review,PLC_DLC,PLC_Officer_6,2023-07-06T18:02:40.456610
SL-CASE-0317,8,PLC/DLC Recommendation,PLC_DLC,PLC_Officer_5,2023-07-08T09:27:22.368035
SL-CASE-0317,9,LCGD Case Intake,LCGD,LCGD_Officer_2,2023-07-11T14:10:36.937598
SL-CASE-0317,10,LCGD Review,LCGD,LCGD_Officer_2,2023-07-18T11:02:28.613175
SL-CASE-0317,11,LCGD Lease Decision,LCGD,LCGD_Officer_2,2023-07-27T20:08:00.645850
SL-CASE-0317,12,DS Final Notification,DS,DS_Officer_3,2023-07-30T02:04:16.246897
SL-CASE-0318,1,DS Application Received,DS,DS_Officer_6,2023-09-13T13:40:22.555618
SL-CASE-0318,2,DS Initial Review,DS,DS_Officer_1,2023-09-13T18:55:33.499526
SL-CASE-0318,3,Survey Clearance Requested,Survey,Clearance_Officer_8,2023-09-14T04:13:14.797669
SL-CASE-0318,4,Survey Clearance Issued,Survey,Clearance_Officer_3,2023-09-15T19:49:34.900566
SL-CASE-0318,5,DS Field Report Requested,DS,Clearance_Officer_1,2023-09-16T17:55:30.193723
SL-CASE-0318,6,DS Field Report Issued,DS,Clearance_Officer_10,2023-09-27T23:55:32.226085
SL-CASE-0318,7,PLC/DLC Review,PLC_DLC,PLC_Officer_2,2023-10-05T08:39:38.872327
SL-CASE-0318,8,PLC/DLC Recommendation,PLC_DLC,PLC_Officer_1,2023-10-06T08:41:32.898488
SL-CASE-0318,9,LCGD Case Intake,LCGD,LCGD_Officer_2,2023-10-09T03:05:03.952323
SL-CASE-0318,10,LCGD Review,LCGD,LCGD_Officer_1,2023-10-11T10:02:17.020568
SL-CASE-0318,11,LCGD Lease Decision,LCGD,LCGD_Officer_4,2023-10-12T18:20:31.701432
SL-CASE-0318,12,DS Final Notification,DS,DS_Officer_7,2023-10-14T04:51:08.898007
SL-CASE-0319,1,DS Application Received,DS,DS_Officer_6,2024-08-22T08:28:18.891446
SL-CASE-0319,2,DS Initial Review,DS,DS_Officer_2,2024-08-24T06:34:32.699624
SL-CASE-0319,3,Survey Clearance Requested,Survey,Clearance_Officer_12,2024-08-24T19:05:13.655369
SL-CASE-0319,4,Survey Clearance Issued,Survey,Clearance_Officer_10,2024-09-10T14:03:49.938811
SL-CASE-0319,5,Environmental Clearance Requested,Environmental,Clearance_Officer_4,2024-09-10T20:22:55.876853
SL-CASE-0319,6,Environmental Clearance Issued,Environmental,Clearance_Officer_3,2024-09-21T15:06:03.261711
SL-CASE-0319,7,Irrigation Dept Clearance Requested,Irrigation,Clearance_Officer_2,2024-09-21T22:03:46.967526
SL-CASE-0319,8,Irrigation Dept Clearance Issued,Irrigation,Clearance_Officer_12,2024-10-07T00:57:19.853827
SL-CASE-0319,9,DS Field Report Requested,DS,Clearance_Officer_10,2024-10-07T11:50:23.865584
SL-CASE-0319,10,DS Field Report Issued,DS,Clearance_Officer_4,2024-10-10T11:49:26.494901
SL-CASE-0319,11,PLC/DLC Review,PLC_DLC,PLC_Officer_6,2024-10-13T08:58:37.007629
SL-CASE-0319,12,PLC/DLC Recommendation,PLC_DLC,PLC_Officer_3,2024-10-16T18:08:42.192634
SL-CASE-0319,13,LCGD Case Intake,LCGD,LCGD_Officer_4,2024-10-21T20:58:36.791987
SL-CASE-0319,14,LCGD Review,LCGD,LCGD_Officer_3,2024-11-01T05:32:40.649164
SL-CASE-0319,15,LCGD Lease Decision,LCGD,LCGD_Officer_2,2024-11-08T21:21:35.032778
SL-CASE-0319,16,Registration Requested,Registry,Registry_Officer_3,2024-11-10T16:44:43.255976
SL-CASE-0319,17,Registration Completed,Registry,Registry_Officer_1,2024-11-24T06:15:12.177330
SL-CASE-0319,18,DS Final Notification,DS,DS_Officer_7,2024-11-26T12:36:32.034867
SL-CASE-0320,1,DS Application Received,DS,DS_Officer_8,2024-03-18T08:13:58.187225
SL-CASE-0320,2,DS Initial Review,DS,DS_Officer_6,2024-03-19T09:31:19.213101
SL-CASE-0320,3,Survey Clearance Requested,Survey,Clearance_Officer_10,2024-03-19T15:39:08.875727
SL-CASE-0320,4,Survey Clearance Issued,Survey,Clearance_Officer_4,2024-03-28T08:37:55.169218
SL-CASE-0320,5,Environmental Clearance Requested,Environmental,Clearance_Officer_5,2024-03-28T20:36:08.101916
SL-CASE-0320,6,Environmental Clearance Issued,Environmental,Clearance_Officer_2,2024-04-09T05:31:23.769108
SL-CASE-0320,7,DS Field Report Requested,DS,Clearance_Officer_11,2024-04-09T23:54:44.635114
SL-CASE-0320,8,DS Field Report Issued,DS,Clearance_Officer_6,2024-04-25T14:21:12.380183
SL-CASE-0320,9,PLC/DLC Review,PLC_DLC,PLC_Officer_2,2024-04-29T07:14:50.948690
SL-CASE-0320,10,PLC/DLC Recommendation,PLC_DLC,PLC_Officer_4,2024-04-30T18:20:59.676171
SL-CASE-0320,11,LCGD Case Intake,LCGD,LCGD_Officer_4,2024-05-06T06:46:59.250938
SL-CASE-0320,12,LCGD Review,LCGD,LCGD_Officer_3,2024-05-16T13:38:04.116777
SL-CASE-0320,13,LCGD Lease Decision,LCGD,LCGD_Officer_3,2024-05-24T06:14:22.195313
SL-CASE-0320,14,Registration Requested,Registry,Registry_Officer_3,2024-05-24T19:26:05.728415
SL-CASE-0320,15,Registration Completed,Registry,Registry_Officer_1,2024-06-02T21:55:31.962109
SL-CASE-0320,16,DS Final Notification,DS,DS_Officer_3,2024-06-05T19:27:29.856676
SL-CASE-0321,1,DS Application Received,DS,DS_Officer_2,2023-03-08T05:52:31.701133
SL-CASE-0321,2,DS Initial Review,DS,DS_Officer_3,2023-03-10T04:23:32.441316
SL-CASE-0321,3,Survey Clearance Requested,Survey,Clearance_Officer_9,2023-03-10T15:08:19.042771
SL-CASE-0321,4,Survey Clearance Issued,Survey,Clearance_Officer_11,2023-03-15T08:00:10.739985
SL-CASE-0321,5,Environmental Clearance Requested,Environmental,Clearance_Officer_1,2023-03-15T14:53:01.821640
SL-CASE-0321,6,Environmental Clearance Issued,Environmental,Clearance_Officer_12,2023-03-20T09:28:50.182828
SL-CASE-0321,7,Irrigation Dept Clearance Requested,Irrigation,Clearance_Officer_10,2023-03-20T19:16:01.953415
SL-CASE-0321,8,Irrigation Dept Clearance Issued,Irrigation,Clearance_Officer_10,2023-04-05T14:55:07.670436
SL-CASE-0321,9,DS Field Report Requested,DS,Clearance_Officer_9,2023-04-06T11:50:13.825310
SL-CASE-0321,10,DS Field Report Issued,DS,Clearance_Officer_9,2023-04-08T09:16:01.180235
SL-CASE-0321,11,PLC/DLC Review,PLC_DLC,PLC_Officer_2,2023-04-12T07:57:09.348407
SL-CASE-0321,12,PLC/DLC Recommendation,PLC_DLC,PLC_Officer_5,2023-04-15T21:02:01.672818
SL-CASE-0321,13,LCGD Case Intake,LCGD,LCGD_Officer_2,2023-04-17T11:02:50.419457
SL-CASE-0321,14,LCGD Review,LCGD,LCGD_Officer_2,2023-04-19T20:41:37.432883
SL-CASE-0321,15,LCGD Lease Decision,LCGD,LCGD_Officer_2,2023-04-26T07:15:43.375904
SL-CASE-0321,16,Registration Requested,Registry,Registry_Officer_2,2023-04-30T13:23:28.576468
SL-CASE-0321,17,Registration Completed,Registry,Registry_Officer_4,2023-05-11T20:00:21.260440
SL-CASE-0321,18,DS Final Notification,DS,DS_Officer_5,2023-05-14T10:05:11.649910
SL-CASE-0322,1,DS Application Received,DS,DS_Officer_5,2023-02-04T05:59:48.839263
SL-CASE-0322,2,DS Initial Review,DS,DS_Officer_5,2023-02-04T10:00:44.851493
SL-CASE-0322,3,Survey Clearance Requested,Survey,Clearance_Officer_11,2023-02-05T03:35:45.463347
SL-CASE-0322,4,Survey Clearance Issued,Survey,Clearance_Officer_12,2023-02-12T01:41:16.807119
SL-CASE-0322,5,Environmental Clearance Requested,Environmental,Clearance_Officer_2,2023-02-12T17:10:35.694677
SL-CASE-0322,6,Environmental Clearance Issued,Environmental,Clearance_Officer_7,2023-02-14T20:10:54.902522
SL-CASE-0322,7,Irrigation Dept Clearance Requested,Irrigation,Clearance_Officer_8,2023-02-15T01:16:06.921514
SL-CASE-0322,8,Irrigation Dept Clearance Issued,Irrigation,Clearance_Officer_4,2023-03-03T16:18:06.479615
SL-CASE-0322,9,DS Field Report Requested,DS,Clearance_Officer_3,2023-03-04T02:54:32.550646
SL-CASE-0322,10,DS Field Report Issued,DS,Clearance_Officer_7,2023-03-17T09:31:25.070505
SL-CASE-0322,11,PLC/DLC Review,PLC_DLC,PLC_Officer_2,2023-03-23T12:21:59.655804
SL-CASE-0322,12,PLC/DLC Recommendation,PLC_DLC,PLC_Officer_1,2023-03-27T17:28:48.288308
SL-CASE-0322,13,LCGD Case Intake,LCGD,LCGD_Officer_3,2023-03-29T16:47:01.214085
SL-CASE-0322,14,LCGD Review,LCGD,LCGD_Officer_4,2023-04-01T15:58:17.845188
SL-CASE-0322,15,LCGD Lease Decision,LCGD,LCGD_Officer_2,2023-04-03T02:51:50.171032
SL-CASE-0322,16,Registration Requested,Registry,Registry_Officer_2,2023-04-04T08:19:43.250955
SL-CASE-0322,17,Registration Completed,Registry,Registry_Officer_3,2023-04-18T02:52:09.264771
SL-CASE-0322,18,DS Final Notification,DS,DS_Officer_2,2023-04-18T05:37:23.062016
SL-CASE-0323,1,DS Application Received,DS,DS_Officer_2,2023-12-31T11:19:46.060483
SL-CASE-0323,2,DS Initial Review,DS,DS_Officer_6,2024-01-02T06:03:33.998300
SL-CASE-0323,3,Survey Clearance Requested,Survey,Clearance_Officer_1,2024-01-03T03:18:52.648128
SL-CASE-0323,4,Survey Clearance Issued,Survey,Clearance_Officer_5,2024-01-11T09:16:45.856410
SL-CASE-0323,5,DS Field Report Requested,DS,Clearance_Officer_8,2024-01-11T13:45:42.592160
SL-CASE-0323,6,DS Field Report Issued,DS,Clearance_Officer_3,2024-01-20T15:58:37.390579
SL-CASE-0323,7,PLC/DLC Review,PLC_DLC,PLC_Officer_6,2024-01-29T11:45:37.088926
SL-CASE-0323,8,PLC/DLC Recommendation,PLC_DLC,PLC_Officer_4,2024-02-02T20:25:40.809129
SL-CASE-0323,9,LCGD Case Intake,LCGD,LCGD_Officer_2,2024-02-08T06:44:51.682828
SL-CASE-0323,10,LCGD Review,LCGD,LCGD_Officer_1,2024-02-16T14:25:18.110453
SL-CASE-0323,11,LCGD Lease Decision,LCGD,LCGD_Officer_3,2024-02-26T13:51:40.820979
SL-CASE-0323,12,DS Final Notification,DS,DS_Officer_8,2024-02-27T08:45:06.554891
SL-CASE-0324,1,DS Application Received,DS,DS_Officer_5,2024-08-08T17:15:53.638191
SL-CASE-0324,2,DS Initial Review,DS,DS_Officer_6,2024-08-10T01:26:11.681331
SL-CASE-0324,3,Survey Clearance Requested,Survey,Clearance_Officer_5,2024-08-10T12:40:07.593773
SL-CASE-0324,4,Survey Clearance Issued,Survey,Clearance_Officer_2,2024-08-30T04:57:22.574403
SL-CASE-0324,5,Environmental Clearance Requested,Environmental,Clearance_Officer_12,2024-08-30T07:14:26.322306
SL-CASE-0324,6,Environmental Clearance Issued,Environmental,Clearance_Officer_4,2024-09-15T14:46:21.951194
SL-CASE-0324,7,Irrigation Dept Clearance Requested,Irrigation,Clearance_Officer_4,2024-09-16T05:39:36.053386
SL-CASE-0324,8,Irrigation Dept Clearance Issued,Irrigation,Clearance_Officer_11,2024-09-28T11:11:40.268143
SL-CASE-0324,9,DS Field Report Requested,DS,Clearance_Officer_12,2024-09-28T19:02:27.997935
SL-CASE-0324,10,DS Field Report Issued,DS,Clearance_Officer_10,2024-10-09T01:30:22.200177
SL-CASE-0324,11,PLC/DLC Review,PLC_DLC,PLC_Officer_4,2024-10-17T12:26:09.991338
SL-CASE-0324,12,PLC/DLC Recommendation,PLC_DLC,PLC_Officer_6,2024-10-20T15:35:30.054099
SL-CASE-0324,13,LCGD Case Intake,LCGD,LCGD_Officer_1,2024-10-23T15:16:31.039411
SL-CASE-0324,14,LCGD Review,LCGD,LCGD_Officer_1,2024-11-01T21:37:49.974005
SL-CASE-0324,15,Higher Approval Requested,Ministry,LCGD_Officer_1,2024-11-04T21:15:06.689314
SL-CASE-0324,16,Higher Approval Granted,Ministry,LCGD_Officer_2,2024-12-13T17:18:17.005610
SL-CASE-0324,17,LCGD Lease Decision,LCGD,LCGD_Officer_4,2024-12-17T11:42:31.382855
SL-CASE-0324,18,Registration Requested,Registry,Registry_Officer_1,2024-12-21T14:39:03.747607
SL-CASE-0324,19,Registration Completed,Registry,Registry_Officer_4,2024-12-29T05:01:18.738155
SL-CASE-0324,20,DS Final Notification,DS,DS_Officer_1,2024-12-31T18:40:41.462555
SL-CASE-0325,1,DS Application Received,DS,DS_Officer_1,2024-10-20T05:09:03.465726
SL-CASE-0325,2,DS Initial Review,DS,DS_Officer_5,2024-10-21T17:13:46.152749
SL-CASE-0325,3,Survey Clearance Requested,Survey,Clearance_Officer_11,2024-10-22T03:07:06.396210
SL-CASE-0325,4,Survey Clearance Issued,Survey,Clearance_Officer_4,2024-10-29T16:00:18.424083
SL-CASE-0325,5,Environmental Clearance Requested,Environmental,Clearance_Officer_1,2024-10-30T00:05:27.716198
SL-CASE-0325,6,Environmental Clearance Issued,Environmental,Clearance_Officer_12,2024-11-06T04:04:07.277204
SL-CASE-0325,7,Irrigation Dept Clearance Requested,Irrigation,Clearance_Officer_5,2024-11-07T03:52:12.551864
SL-CASE-0325,8,Irrigation Dept Clearance Issued,Irrigation,Clearance_Officer_3,2024-11-22T18:21:24.597666
SL-CASE-0325,9,DS Field Report Requested,DS,Clearance_Officer_9,2024-11-23T00:57:47.574313
SL-CASE-0325,10,DS Field Report Issued,DS,Clearance_Officer_12,2024-12-06T08:34:55.367843
SL-CASE-0325,11,PLC/DLC Review,PLC_DLC,PLC_Officer_3,2024-12-10T16:04:59.540281
SL-CASE-0325,12,PLC/DLC Recommendation,PLC_DLC,PLC_Officer_2,2024-12-14T15:06:48.899869
SL-CASE-0325,13,LCGD Case Intake,LCGD,LCGD_Officer_1,2024-12-20T14:53:23.565270
SL-CASE-0325,14,LCGD Review,LCGD,LCGD_Officer_2,2024-12-26T07:02:03.612720
SL-CASE-0325,15,LCGD Lease Decision,LCGD,LCGD_Officer_3,2024-12-29T15:06:11.976797
SL-CASE-0325,16,Registration Requested,Registry,Registry_Officer_1,2024-12-30T08:39:04.744806
SL-CASE-0325,17,Registration Completed,Registry,Registry_Officer_3,2025-01-12T12:14:28.717492
SL-CASE-0325,18,DS Final Notification,DS,DS_Officer_3,2025-01-14T09:46:02.248449
SL-CASE-0326,1,DS Application Received,DS,DS_Officer_6,2024-06-13T16:12:06.676502
SL-CASE-0326,2,DS Initial Review,DS,DS_Officer_4,2024-06-13T20:54:09.565652
SL-CASE-0326,3,Survey Clearance Requested,Survey,Clearance_Officer_9,2024-06-14T11:42:11.835027
SL-CASE-0326,4,Survey Clearance Issued,Survey,Clearance_Officer_9,2024-06-28T19:00:26.613958
SL-CASE-0326,5,Environmental Clearance Requested,Environmental,Clearance_Officer_9,2024-06-29T03:31:25.946477
SL-CASE-0326,6,Environmental Clearance Issued,Environmental,Clearance_Officer_7,2024-07-10T08:58:04.302540
SL-CASE-0326,7,DS Field Report Requested,DS,Clearance_Officer_2,2024-07-11T00:34:27.204112
SL-CASE-0326,8,DS Field Report Issued,DS,Clearance_Officer_2,2024-07-15T19:08:41.159593
SL-CASE-0326,9,PLC/DLC Review,PLC_DLC,PLC_Officer_6,2024-07-23T01:24:16.257594
SL-CASE-0326,10,PLC/DLC Recommendation,PLC_DLC,PLC_Officer_3,2024-07-25T05:31:59.319232
SL-CASE-0326,11,LCGD Case Intake,LCGD,LCGD_Officer_3,2024-07-26T16:16:21.192588
SL-CASE-0326,12,LCGD Review,LCGD,LCGD_Officer_4,2024-08-04T03:18:09.641993
SL-CASE-0326,13,LCGD Lease Decision,LCGD,LCGD_Officer_4,2024-08-05T16:25:56.038111
SL-CASE-0326,14,Registration Requested,Registry,Registry_Officer_3,2024-08-06T10:14:44.159407
SL-CASE-0326,15,Registration Completed,Registry,Registry_Officer_1,2024-08-19T01:57:54.478622
SL-CASE-0326,16,DS Final Notification,DS,DS_Officer_4,2024-08-20T02:38:01.225414
SL-CASE-0327,1,DS Application Received,DS,DS_Officer_4,2023-11-06T20:34:20.079579
SL-CASE-0327,2,DS Initial Review,DS,DS_Officer_8,2023-11-08T15:04:41.614443
SL-CASE-0327,3,Survey Clearance Requested,Survey,Clearance_Officer_4,2023-11-09T07:19:54.902532
SL-CASE-0327,4,Survey Clearance Issued,Survey,Clearance_Officer_5,2023-11-13T01:37:25.288779
SL-CASE-0327,5,DS Field Report Requested,DS,Clearance_Officer_1,2023-11-13T08:59:04.760715
SL-CASE-0327,6,DS Field Report Issued,DS,Clearance_Officer_8,2023-11-30T16:01:08.214191
SL-CASE-0327,7,PLC/DLC Review,PLC_DLC,PLC_Officer_4,2023-12-09T03:04:01.749039
SL-CASE-0327,8,PLC/DLC Recommendation,PLC_DLC,PLC_Officer_5,2023-12-12T00:29:16.440557
SL-CASE-0327,9,LCGD Case Intake,LCGD,LCGD_Officer_2,2023-12-13T18:28:37.924044
SL-CASE-0327,10,LCGD Review,LCGD,LCGD_Officer_4,2023-12-26T15:22:23.540404
SL-CASE-0327,11,LCGD Lease Decision,LCGD,LCGD_Officer_4,2024-01-02T00:09:03.244032
SL-CASE-0327,12,DS Final Notification,DS,DS_Officer_6,2024-01-04T06:25:35.024673
SL-CASE-0328,1,DS Application Received,DS,DS_Officer_3,2024-07-16T09:42:44.337755
SL-CASE-0328,2,DS Initial Review,DS,DS_Officer_4,2024-07-17T03:51:55.685930
SL-CASE-0328,3,Survey Clearance Requested,Survey,Clearance_Officer_10,2024-07-17T23:22:03.806528
SL-CASE-0328,4,Survey Clearance Issued,Survey,Clearance_Officer_9,2024-07-21T10:05:03.896659
SL-CASE-0328,5,Agrarian Services Clearance Requested,Agrarian,Clearance_Officer_9,2024-07-22T03:40:05.526954
SL-CASE-0328,6,Agrarian Services Clearance Issued,Agrarian,Clearance_Officer_10,2024-07-29T02:37:02.143889
SL-CASE-0328,7,PLC/DLC Review,PLC_DLC,PLC_Officer_3,2024-07-31T18:33:40.432013
SL-CASE-0328,8,PLC/DLC Recommendation,PLC_DLC,PLC_Officer_6,2024-08-04T10:21:48.917547
SL-CASE-0328,9,LCGD Case Intake,LCGD,LCGD_Officer_2,2024-08-11T06:41:47.393402
SL-CASE-0328,10,LCGD Review,LCGD,LCGD_Officer_1,2024-08-18T19:01:57.866027
SL-CASE-0328,11,LCGD Lease Decision,LCGD,LCGD_Officer_4,2024-08-23T12:43:43.091057
SL-CASE-0328,12,DS Final Notification,DS,DS_Officer_7,2024-08-25T01:31:40.593571
SL-CASE-0329,1,DS Application Received,DS,DS_Officer_6,2023-02-15T06:32:46.200648
SL-CASE-0329,2,DS Initial Review,DS,DS_Officer_5,2023-02-15T13:25:27.581744
SL-CASE-0329,3,Survey Clearance Requested,Survey,Clearance_Officer_12,2023-02-16T03:57:32.068953
SL-CASE-0329,4,Survey Clearance Issued,Survey,Clearance_Officer_10,2023-02-17T16:32:02.428471
SL-CASE-0329,5,Environmental Clearance Requested,Environmental,Clearance_Officer_12,2023-02-18T05:19:54.565926
SL-CASE-0329,6,Environmental Clearance Issued,Environmental,Clearance_Officer_3,2023-03-05T17:52:56.471354
SL-CASE-0329,7,DS Field Report Requested,DS,Clearance_Officer_4,2023-03-06T17:34:44.033605
SL-CASE-0329,8,DS Field Report Issued,DS,Clearance_Officer_5,2023-03-20T07:21:36.271987
SL-CASE-0329,9,PLC/DLC Review,PLC_DLC,PLC_Officer_6,2023-03-25T22:06:51.463025
SL-CASE-0329,10,PLC/DLC Recommendation,PLC_DLC,PLC_Officer_2,2023-03-27T14:50:44.365251
SL-CASE-0329,11,LCGD Case Intake,LCGD,LCGD_Officer_4,2023-03-31T19:44:36.261368
SL-CASE-0329,12,LCGD Review,LCGD,LCGD_Officer_3,2023-04-03T20:12:20.581114
SL-CASE-0329,13,Higher Approval Requested,Ministry,LCGD_Officer_1,2023-04-08T04:33:26.644247
SL-CASE-0329,14,Higher Approval Granted,Ministry,LCGD_Officer_3,2023-05-08T02:43:58.515017
SL-CASE-0329,15,LCGD Lease Decision,LCGD,LCGD_Officer_1,2023-05-14T02:11:44.435573
SL-CASE-0329,16,DS Final Notification,DS,DS_Officer_7,2023-05-15T23:09:54.751475
SL-CASE-0330,1,DS Application Received,DS,DS_Officer_2,2024-05-26T07:03:12.009968
SL-CASE-0330,2,DS Initial Review,DS,DS_Officer_7,2024-05-28T04:41:01.716848
SL-CASE-0330,3,Survey Clearance Requested,Survey,Clearance_Officer_7,2024-05-29T00:23:30.901572
SL-CASE-0330,4,Survey Clearance Issued,Survey,Clearance_Officer_3,2024-06-12T05:57:25.856439
SL-CASE-0330,5,Environmental Clearance Requested,Environmental,Clearance_Officer_3,2024-06-13T02:35:49.287533
SL-CASE-0330,6,Environmental Clearance Issued,Environmental,Clearance_Officer_6,2024-06-15T22:18:38.480649
SL-CASE-0330,7,DS Field Report Requested,DS,Clearance_Officer_7,2024-06-16T04:12:49.427934
SL-CASE-0330,8,DS Field Report Issued,DS,Clearance_Officer_8,2024-07-03T21:04:01.763685
SL-CASE-0330,9,PLC/DLC Review,PLC_DLC,PLC_Officer_3,2024-07-05T05:45:16.633600
SL-CASE-0330,10,PLC/DLC Recommendation,PLC_DLC,PLC_Officer_2,2024-07-07T09:31:02.584155
SL-CASE-0330,11,LCGD Case Intake,LCGD,LCGD_Officer_1,2024-07-10T04:18:16.888738
SL-CASE-0330,12,LCGD Review,LCGD,LCGD_Officer_1,2024-07-15T22:27:02.407078
SL-CASE-0330,13,LCGD Lease Decision,LCGD,LCGD_Officer_1,2024-07-21T07:02:08.198494
SL-CASE-0330,14,Registration Requested,Registry,Registry_Officer_1,2024-07-25T17:16:33.436397
SL-CASE-0330,15,Registration Completed,Registry,Registry_Officer_1,2024-08-14T09:04:21.254009
SL-CASE-0330,16,DS Final Notification,DS,DS_Officer_2,2024-08-16T10:51:44.195207
SL-CASE-0331,1,DS Application Received,DS,DS_Officer_3,2023-04-29T00:44:20.382732
SL-CASE-0331,2,DS Initial Review,DS,DS_Officer_8,2023-04-29T13:01:55.946671
SL-CASE-0331,3,Survey Clearance Requested,Survey,Clearance_Officer_4,2023-04-29T19:01:53.453713
SL-CASE-0331,4,Survey Clearance Issued,Survey,Clearance_Officer_2,2023-05-19T07:59:04.663947
SL-CASE-0331,5,DS Field Report Requested,DS,Clearance_Officer_3,2023-05-20T05:10:14.753869
SL-CASE-0331,6,DS Field Report Issued,DS,Clearance_Officer_10,2023-06-01T14:38:32.323810
SL-CASE-0331,7,PLC/DLC Review,PLC_DLC,PLC_Officer_4,2023-06-03T18:58:55.062950
SL-CASE-0331,8,PLC/DLC Recommendation,PLC_DLC,PLC_Officer_2,2023-06-07T09:30:28.312050
SL-CASE-0331,9,LCGD Case Intake,LCGD,LCGD_Officer_4,2023-06-11T04:39:04.125392
SL-CASE-0331,10,LCGD Review,LCGD,LCGD_Officer_1,2023-06-12T14:50:45.405918
SL-CASE-0331,11,LCGD Lease Decision,LCGD,LCGD_Officer_1,2023-06-21T23:42:16.267173
SL-CASE-0331,12,Registration Requested,Registry,Registry_Officer_3,2023-06-26T01:43:33.131304
SL-CASE-0331,13,Registration Completed,Registry,Registry_Officer_1,2023-07-14T20:06:02.502082
SL-CASE-0331,14,DS Final Notification,DS,DS_Officer_3,2023-07-15T22:32:04.115440
SL-CASE-0332,1,DS Application Received,DS,DS_Officer_7,2024-02-18T02:41:44.273588
SL-CASE-0332,2,DS Initial Review,DS,DS_Officer_2,2024-02-19T17:11:39.797295
SL-CASE-0332,3,Survey Clearance Requested,Survey,Clearance_Officer_2,2024-02-20T09:54:21.239640
SL-CASE-0332,4,Survey Clearance Issued,Survey,Clearance_Officer_6,2024-02-27T20:11:26.655664
SL-CASE-0332,5,Environmental Clearance Requested,Environmental,Clearance_Officer_8,2024-02-28T01:18:04.060744
SL-CASE-0332,6,Environmental Clearance Issued,Environmental,Clearance_Officer_7,2024-03-03T15:11:03.309324
SL-CASE-0332,7,DS Field Report Requested,DS,Clearance_Officer_1,2024-03-03T18:05:57.268038
SL-CASE-0332,8,DS Field Report Issued,DS,Clearance_Officer_8,2024-03-22T04:04:25.067424
SL-CASE-0332,9,PLC/DLC Review,PLC_DLC,PLC_Officer_6,2024-03-30T08:57:37.830750
SL-CASE-0332,10,PLC/DLC Recommendation,PLC_DLC,PLC_Officer_5,2024-04-02T23:37:52.234016
SL-CASE-0332,11,LCGD Case Intake,LCGD,LCGD_Officer_1,2024-04-04T03:02:27.289872
SL-CASE-0332,12,LCGD Review,LCGD,LCGD_Officer_3,2024-04-14T09:58:52.130683
SL-CASE-0332,13,LCGD Lease Decision,LCGD,LCGD_Officer_4,2024-04-23T13:21:28.913759
SL-CASE-0332,14,Registration Requested,Registry,Registry_Officer_2,2024-04-27T09:38:50.306254
SL-CASE-0332,15,Registration Completed,Registry,Registry_Officer_2,2024-05-03T18:29:43.359688
SL-CASE-0332,16,DS Final Notification,DS,DS_Officer_4,2024-05-05T03:50:55.311360
SL-CASE-0333,1,DS Application Received,DS,DS_Officer_7,2023-07-25T02:40:55.140082
SL-CASE-0333,2,DS Initial Review,DS,DS_Officer_5,2023-07-25T20:08:29.317119
SL-CASE-0333,3,Survey Clearance Requested,Survey,Clearance_Officer_12,2023-07-26T15:06:00.061818
SL-CASE-0333,4,Survey Clearance Issued,Survey,Clearance_Officer_1,2023-07-28T16:13:57.731930
SL-CASE-0333,5,Environmental Clearance Requested,Environmental,Clearance_Officer_2,2023-07-28T22:22:13.580989
SL-CASE-0333,6,Environmental Clearance Issued,Environmental,Clearance_Officer_10,2023-08-04T18:25:01.494966
SL-CASE-0333,7,Irrigation Dept Clearance Requested,Irrigation,Clearance_Officer_10,2023-08-05T12:52:11.324731
SL-CASE-0333,8,Irrigation Dept Clearance Issued,Irrigation,Clearance_Officer_11,2023-08-16T20:22:50.515856
SL-CASE-0333,9,DS Field Report Requested,DS,Clearance_Officer_1,2023-08-17T05:16:51.883436
SL-CASE-0333,10,DS Field Report Issued,DS,Clearance_Officer_1,2023-08-28T08:55:05.847115
SL-CASE-0333,11,PLC/DLC Review,PLC_DLC,PLC_Officer_4,2023-09-07T01:20:29.185652
SL-CASE-0333,12,PLC/DLC Recommendation,PLC_DLC,PLC_Officer_5,2023-09-08T04:48:02.475688
SL-CASE-0333,13,LCGD Case Intake,LCGD,LCGD_Officer_4,2023-09-09T00:58:50.115024
SL-CASE-0333,14,LCGD Review,LCGD,LCGD_Officer_2,2023-09-20T09:07:48.204208
SL-CASE-0333,15,Higher Approval Requested,Ministry,LCGD_Officer_1,2023-09-23T01:07:37.391748
SL-CASE-0333,16,Higher Approval Granted,Ministry,LCGD_Officer_1,2023-10-29T22:04:59.586131
SL-CASE-0333,17,LCGD Lease Decision,LCGD,LCGD_Officer_2,2023-11-03T15:04:33.302529
SL-CASE-0333,18,Registration Requested,Registry,Registry_Officer_3,2023-11-08T02:48:16.236529
SL-CASE-0333,19,Registration Completed,Registry,Registry_Officer_2,2023-11-10T12:04:33.087761
SL-CASE-0333,20,DS Final Notification,DS,DS_Officer_1,2023-11-12T00:44:42.440279
SL-CASE-0334,1,DS Application Received,DS,DS_Officer_3,2023-02-01T17:35:30.595611
SL-CASE-0334,2,DS Initial Review,DS,DS_Officer_4,2023-02-03T17:01:24.937912
SL-CASE-0334,3,Survey Clearance Requested,Survey,Clearance_Officer_7,2023-02-04T03:12:10.213087
SL-CASE-0334,4,Survey Clearance Issued,Survey,Clearance_Officer_3,2023-02-05T23:36:42.953308
SL-CASE-0334,5,Environmental Clearance Requested,Environmental,Clearance_Officer_10,2023-02-06T14:47:04.082895
SL-CASE-0334,6,Environmental Clearance Issued,Environmental,Clearance_Officer_7,2023-02-20T07:38:07.536532
SL-CASE-0334,7,Irrigation Dept Clearance Requested,Irrigation,Clearance_Officer_12,2023-02-21T00:36:14.877492
SL-CASE-0334,8,Irrigation Dept Clearance Issued,Irrigation,Clearance_Officer_11,2023-03-10T10:28:16.008430
SL-CASE-0334,9,DS Field Report Requested,DS,Clearance_Officer_11,2023-03-10T19:17:07.356910
SL-CASE-0334,10,DS Field Report Issued,DS,Clearance_Officer_5,2023-03-25T19:11:25.022729
SL-CASE-0334,11,PLC/DLC Review,PLC_DLC,PLC_Officer_1,2023-03-30T04:29:19.179885
SL-CASE-0334,12,PLC/DLC Recommendation,PLC_DLC,PLC_Officer_4,2023-04-01T09:53:59.356283
SL-CASE-0334,13,LCGD Case Intake,LCGD,LCGD_Officer_2,2023-04-04T08:43:56.553930
SL-CASE-0334,14,LCGD Review,LCGD,LCGD_Officer_4,2023-04-16T19:09:06.680248
SL-CASE-0334,15,Higher Approval Requested,Ministry,LCGD_Officer_1,2023-04-18T06:02:32.498638
SL-CASE-0334,16,Higher Approval Granted,Ministry,LCGD_Officer_4,2023-05-15T04:20:00.680540
SL-CASE-0334,17,LCGD Lease Decision,LCGD,LCGD_Officer_4,2023-05-15T20:06:52.452397
SL-CASE-0334,18,Registration Requested,Registry,Registry_Officer_2,2023-05-16T16:48:28.188919
SL-CASE-0334,19,Registration Completed,Registry,Registry_Officer_1,2023-05-19T00:58:00.969363
SL-CASE-0334,20,DS Final Notification,DS,DS_Officer_8,2023-05-19T11:02:11.126583
SL-CASE-0335,1,DS Application Received,DS,DS_Officer_5,2023-02-16T13:46:41.408449
SL-CASE-0335,2,DS Initial Review,DS,DS_Officer_2,2023-02-16T22:33:06.549528
SL-CASE-0335,3,Survey Clearance Requested,Survey,Clearance_Officer_4,2023-02-17T09:14:23.124041
SL-CASE-0335,4,Survey Clearance Issued,Survey,Clearance_Officer_9,2023-03-08T10:32:06.340522
SL-CASE-0335,5,Agrarian Services Clearance Requested,Agrarian,Clearance_Officer_4,2023-03-09T07:09:25.520785
SL-CASE-0335,6,Agrarian Services Clearance Issued,Agrarian,Clearance_Officer_1,2023-03-12T17:07:17.553996
SL-CASE-0335,7,PLC/DLC Review,PLC_DLC,PLC_Officer_1,2023-03-17T16:02:37.449867
SL-CASE-0335,8,PLC/DLC Recommendation,PLC_DLC,PLC_Officer_1,2023-03-18T10:44:38.729186
SL-CASE-0335,9,LCGD Case Intake,LCGD,LCGD_Officer_2,2023-03-24T08:42:24.731724
SL-CASE-0335,10,LCGD Review,LCGD,LCGD_Officer_1,2023-03-26T12:47:57.004212
SL-CASE-0335,11,LCGD Lease Decision,LCGD,LCGD_Officer_3,2023-03-29T03:22:08.758818
SL-CASE-0335,12,Registration Requested,Registry,Registry_Officer_2,2023-03-31T11:18:48.512447
SL-CASE-0335,13,Registration Completed,Registry,Registry_Officer_1,2023-04-09T20:52:34.812359
SL-CASE-0335,14,DS Final Notification,DS,DS_Officer_4,2023-04-11T21:16:39.756372
SL-CASE-0336,1,DS Application Received,DS,DS_Officer_4,2024-06-22T00:19:37.239620
SL-CASE-0336,2,DS Initial Review,DS,DS_Officer_1,2024-06-23T19:59:44.789475
SL-CASE-0336,3,Survey Clearance Requested,Survey,Clearance_Officer_3,2024-06-24T06:36:16.689136
SL-CASE-0336,4,Survey Clearance Issued,Survey,Clearance_Officer_9,2024-07-13T06:21:18.517895
SL-CASE-0336,5,Agrarian Services Clearance Requested,Agrarian,Clearance_Officer_3,2024-07-13T09:45:19.548822
SL-CASE-0336,6,Agrarian Services Clearance Issued,Agrarian,Clearance_Officer_6,2024-07-26T07:45:53.441446
SL-CASE-0336,7,PLC/DLC Review,PLC_DLC,PLC_Officer_4,2024-08-02T01:47:29.868910
SL-CASE-0336,8,PLC/DLC Recommendation,PLC_DLC,PLC_Officer_4,2024-08-02T10:40:36.958908
SL-CASE-0336,9,LCGD Case Intake,LCGD,LCGD_Officer_2,2024-08-03T09:30:02.385687
SL-CASE-0336,10,LCGD Review,LCGD,LCGD_Officer_3,2024-08-12T19:39:30.387477
SL-CASE-0336,11,LCGD Lease Decision,LCGD,LCGD_Officer_2,2024-08-18T11:57:43.465587
SL-CASE-0336,12,DS Final Notification,DS,DS_Officer_6,2024-08-20T04:15:38.551648
SL-CASE-0337,1,DS Application Received,DS,DS_Officer_2,2023-02-09T17:04:03.049570
SL-CASE-0337,2,DS Initial Review,DS,DS_Officer_1,2023-02-11T03:10:38.800130
SL-CASE-0337,3,Survey Clearance Requested,Survey,Clearance_Officer_10,2023-02-11T13:33:50.900568
SL-CASE-0337,4,Survey Clearance Issued,Survey,Clearance_Officer_7,2023-02-13T16:12:09.138140
SL-CASE-0337,5,DS Field Report Requested,DS,Clearance_Officer_2,2023-02-14T11:06:49.816449
SL-CASE-0337,6,DS Field Report Issued,DS,Clearance_Officer_11,2023-03-03T17:54:25.961740
SL-CASE-0337,7,PLC/DLC Review,PLC_DLC,PLC_Officer_5,2023-03-04T13:55:54.198920
SL-CASE-0337,8,PLC/DLC Recommendation,PLC_DLC,PLC_Officer_6,2023-03-05T04:21:32.613703
SL-CASE-0337,9,LCGD Case Intake,LCGD,LCGD_Officer_4,2023-03-11T00:54:10.118437
SL-CASE-0337,10,LCGD Review,LCGD,LCGD_Officer_4,2023-03-25T03:48:20.467387
SL-CASE-0337,11,LCGD Lease Decision,LCGD,LCGD_Officer_4,2023-03-28T03:54:11.890263
SL-CASE-0337,12,Registration Requested,Registry,Registry_Officer_2,2023-03-30T13:09:56.954104
SL-CASE-0337,13,Registration Completed,Registry,Registry_Officer_3,2023-04-13T12:33:34.687169
SL-CASE-0337,14,DS Final Notification,DS,DS_Officer_8,2023-04-14T14:43:11.543065
SL-CASE-0338,1,DS Application Received,DS,DS_Officer_5,2023-12-02T10:08:43.783824
SL-CASE-0338,2,DS Initial Review,DS,DS_Officer_6,2023-12-04T04:57:02.682257
SL-CASE-0338,3,Survey Clearance Requested,Survey,Clearance_Officer_7,2023-12-04T23:13:51.123819
SL-CASE-0338,4,Survey Clearance Issued,Survey,Clearance_Officer_3,2023-12-21T06:30:58.630047
SL-CASE-0338,5,Environmental Clearance Requested,Environmental,Clearance_Officer_7,2023-12-21T09:27:08.977222
SL-CASE-0338,6,Environmental Clearance Issued,Environmental,Clearance_Officer_9,2024-01-04T21:31:30.829089
SL-CASE-0338,7,DS Field Report Requested,DS,Clearance_Officer_7,2024-01-05T18:15:44.174021
SL-CASE-0338,8,DS Field Report Issued,DS,Clearance_Officer_11,2024-01-09T03:16:23.934634
SL-CASE-0338,9,PLC/DLC Review,PLC_DLC,PLC_Officer_4,2024-01-12T23:44:38.213634
SL-CASE-0338,10,PLC/DLC Recommendation,PLC_DLC,PLC_Officer_4,2024-01-15T05:45:14.338449
SL-CASE-0338,11,LCGD Case Intake,LCGD,LCGD_Officer_4,2024-01-18T17:36:16.930794
SL-CASE-0338,12,LCGD Review,LCGD,LCGD_Officer_4,2024-01-25T22:45:09.768566
SL-CASE-0338,13,LCGD Lease Decision,LCGD,LCGD_Officer_3,2024-01-30T17:12:56.619501
SL-CASE-0338,14,DS Final Notification,DS,DS_Officer_7,2024-01-31T18:02:11.387638
SL-CASE-0339,1,DS Application Received,DS,DS_Officer_6,2023-04-04T05:53:41.466515
SL-CASE-0339,2,DS Initial Review,DS,DS_Officer_7,2023-04-06T01:30:37.592264
SL-CASE-0339,3,Survey Clearance Requested,Survey,Clearance_Officer_5,2023-04-06T11:45:23.070038
SL-CASE-0339,4,Survey Clearance Issued,Survey,Clearance_Officer_3,2023-04-11T13:07:07.131606
SL-CASE-0339,5,Environmental Clearance Requested,Environmental,Clearance_Officer_9,2023-04-12T01:27:49.541668
SL-CASE-0339,6,Environmental Clearance Issued,Environmental,Clearance_Officer_5,2023-04-25T10:53:02.524872
SL-CASE-0339,7,DS Field Report Requested,DS,Clearance_Officer_10,2023-04-26T08:47:12.869109
SL-CASE-0339,8,DS Field Report Issued,DS,Clearance_Officer_4,2023-05-05T04:42:45.526234
SL-CASE-0339,9,PLC/DLC Review,PLC_DLC,PLC_Officer_5,2023-05-07T18:13:45.342418
SL-CASE-0339,10,PLC/DLC Recommendation,PLC_DLC,PLC_Officer_6,2023-05-12T05:40:50.420437
SL-CASE-0339,11,LCGD Case Intake,LCGD,LCGD_Officer_4,2023-05-15T05:37:47.965802
SL-CASE-0339,12,LCGD Review,LCGD,LCGD_Officer_4,2023-05-18T18:12:57.272055
SL-CASE-0339,13,LCGD Lease Decision,LCGD,LCGD_Officer_2,2023-05-19T05:47:36.209626
SL-CASE-0339,14,Registration Requested,Registry,Registry_Officer_2,2023-05-21T07:47:38.573100
SL-CASE-0339,15,Registration Completed,Registry,Registry_Officer_2,2023-05-27T12:25:40.655338
SL-CASE-0339,16,DS Final Notification,DS,DS_Officer_4,2023-05-29T11:18:52.666889
SL-CASE-0340,1,DS Application Received,DS,DS_Officer_1,2023-04-16T13:20:41.133031
SL-CASE-0340,2,DS Initial Review,DS,DS_Officer_2,2023-04-17T23:05:49.535326
SL-CASE-0340,3,Survey Clearance Requested,Survey,Clearance_Officer_1,2023-04-18T02:59:00.939955
SL-CASE-0340,4,Survey Clearance Issued,Survey,Clearance_Officer_1,2023-05-06T14:34:54.948447
SL-CASE-0340,5,Agrarian Services Clearance Requested,Agrarian,Clearance_Officer_2,2023-05-06T23:52:30.432369
SL-CASE-0340,6,Agrarian Services Clearance Issued,Agrarian,Clearance_Officer_6,2023-05-13T22:44:13.667754
SL-CASE-0340,7,PLC/DLC Review,PLC_DLC,PLC_Officer_2,2023-05-16T09:01:21.871056
SL-CASE-0340,8,PLC/DLC Recommendation,PLC_DLC,PLC_Officer_3,2023-05-21T04:13:47.253086
SL-CASE-0340,9,LCGD Case Intake,LCGD,LCGD_Officer_3,2023-05-27T03:22:32.306291
SL-CASE-0340,10,LCGD Review,LCGD,LCGD_Officer_3,2023-06-05T20:46:53.353647
SL-CASE-0340,11,LCGD Lease Decision,LCGD,LCGD_Officer_4,2023-06-11T19:18:30.387806
SL-CASE-0340,12,Registration Requested,Registry,Registry_Officer_2,2023-06-14T07:28:06.228969
SL-CASE-0340,13,Registration Completed,Registry,Registry_Officer_1,2023-06-20T19:35:25.134984
SL-CASE-0340,14,DS Final Notification,DS,DS_Officer_3,2023-06-23T05:45:13.789240
SL-CASE-0341,1,DS Application Received,DS,DS_Officer_5,2024-09-22T14:59:02.187248
SL-CASE-0341,2,DS Initial Review,DS,DS_Officer_4,2024-09-24T01:20:32.439253
SL-CASE-0341,3,Survey Clearance Requested,Survey,Clearance_Officer_11,2024-09-25T00:49:01.517638
SL-CASE-0341,4,Survey Clearance Issued,Survey,Clearance_Officer_8,2024-10-13T23:55:13.143138
SL-CASE-0341,5,Environmental Clearance Requested,Environmental,Clearance_Officer_1,2024-10-14T04:03:21.002696
SL-CASE-0341,6,Environmental Clearance Issued,Environmental,Clearance_Officer_7,2024-10-17T17:53:19.895231
SL-CASE-0341,7,DS Field Report Requested,DS,Clearance_Officer_8,2024-10-18T06:17:26.691765
SL-CASE-0341,8,DS Field Report Issued,DS,Clearance_Officer_1,2024-10-22T12:01:10.474699
SL-CASE-0341,9,PLC/DLC Review,PLC_DLC,PLC_Officer_3,2024-10-28T13:40:03.220335
SL-CASE-0341,10,PLC/DLC Recommendation,PLC_DLC,PLC_Officer_5,2024-11-02T05:47:41.891441
SL-CASE-0341,11,LCGD Case Intake,LCGD,LCGD_Officer_4,2024-11-06T11:00:46.687033
SL-CASE-0341,12,LCGD Review,LCGD,LCGD_Officer_4,2024-11-19T23:23:34.624109
SL-CASE-0341,13,Higher Approval Requested,Ministry,LCGD_Officer_3,2024-11-24T17:18:20.937742
SL-CASE-0341,14,Higher Approval Granted,Ministry,LCGD_Officer_1,2024-12-30T17:12:47.018100
SL-CASE-0341,15,LCGD Lease Decision,LCGD,LCGD_Officer_1,2025-01-08T14:39:06.788317
SL-CASE-0341,16,Registration Requested,Registry,Registry_Officer_3,2025-01-09T16:51:24.225298
SL-CASE-0341,17,Registration Completed,Registry,Registry_Officer_2,2025-01-23T13:44:20.002922
SL-CASE-0341,18,DS Final Notification,DS,DS_Officer_4,2025-01-23T23:30:24.900511
SL-CASE-0342,1,DS Application Received,DS,DS_Officer_3,2024-11-04T03:38:33.007444
SL-CASE-0342,2,DS Initial Review,DS,DS_Officer_5,2024-11-04T23:42:43.218424
SL-CASE-0342,3,Survey Clearance Requested,Survey,Clearance_Officer_5,2024-11-05T05:56:11.451666
SL-CASE-0342,4,Survey Clearance Issued,Survey,Clearance_Officer_1,2024-11-24T21:44:42.394888
SL-CASE-0342,5,Agrarian Services Clearance Requested,Agrarian,Clearance_Officer_3,2024-11-25T10:30:59.431659
SL-CASE-0342,6,Agrarian Services Clearance Issued,Agrarian,Clearance_Officer_4,2024-11-27T10:14:00.804210
SL-CASE-0342,7,PLC/DLC Review,PLC_DLC,PLC_Officer_3,2024-12-04T13:57:03.421890
SL-CASE-0342,8,PLC/DLC Recommendation,PLC_DLC,PLC_Officer_4,2024-12-06T23:07:44.732260
SL-CASE-0342,9,LCGD Case Intake,LCGD,LCGD_Officer_3,2024-12-09T15:46:54.744493
SL-CASE-0342,10,LCGD Review,LCGD,LCGD_Officer_4,2024-12-21T03:46:51.869550
SL-CASE-0342,11,LCGD Lease Decision,LCGD,LCGD_Officer_3,2024-12-27T20:04:59.293271
SL-CASE-0342,12,DS Final Notification,DS,DS_Officer_3,2024-12-29T12:40:20.369896
SL-CASE-0343,1,DS Application Received,DS,DS_Officer_7,2024-09-02T11:36:58.464226
SL-CASE-0343,2,DS Initial Review,DS,DS_Officer_7,2024-09-03T06:23:03.034335
SL-CASE-0343,3,Survey Clearance Requested,Survey,Clearance_Officer_6,2024-09-03T17:20:32.881258
SL-CASE-0343,4,Survey Clearance Issued,Survey,Clearance_Officer_6,2024-09-07T05:41:22.443205
SL-CASE-0343,5,DS Field Report Requested,DS,Clearance_Officer_9,2024-09-07T23:30:36.518076
SL-CASE-0343,6,DS Field Report Issued,DS,Clearance_Officer_5,2024-09-12T15:28:26.793544
SL-CASE-0343,7,PLC/DLC Review,PLC_DLC,PLC_Officer_4,2024-09-15T16:16:31.606087
SL-CASE-0343,8,PLC/DLC Recommendation,PLC_DLC,PLC_Officer_1,2024-09-20T07:00:57.323609
SL-CASE-0343,9,LCGD Case Intake,LCGD,LCGD_Officer_3,2024-09-26T00:40:12.180706
SL-CASE-0343,10,LCGD Review,LCGD,LCGD_Officer_1,2024-10-09T02:07:37.345013
SL-CASE-0343,11,LCGD Lease Decision,LCGD,LCGD_Officer_2,2024-10-09T13:30:38.828077
SL-CASE-0343,12,Registration Requested,Registry,Registry_Officer_1,2024-10-13T15:25:14.246907
SL-CASE-0343,13,Registration Completed,Registry,Registry_Officer_2,2024-10-19T06:12:39.069294
SL-CASE-0343,14,DS Final Notification,DS,DS_Officer_3,2024-10-20T10:20:52.918598
SL-CASE-0344,1,DS Application Received,DS,DS_Officer_3,2024-02-05T09:18:10.410464
SL-CASE-0344,2,DS Initial Review,DS,DS_Officer_8,2024-02-06T14:56:38.788946
SL-CASE-0344,3,Survey Clearance Requested,Survey,Clearance_Officer_6,2024-02-07T06:49:34.219968
SL-CASE-0344,4,Survey Clearance Issued,Survey,Clearance_Officer_2,2024-02-23T05:18:07.908392
SL-CASE-0344,5,Environmental Clearance Requested,Environmental,Clearance_Officer_1,2024-02-23T20:46:43.070890
SL-CASE-0344,6,Environmental Clearance Issued,Environmental,Clearance_Officer_4,2024-03-09T05:52:11.821075
SL-CASE-0344,7,DS Field Report Requested,DS,Clearance_Officer_2,2024-03-10T04:03:57.593051
SL-CASE-0344,8,DS Field Report Issued,DS,Clearance_Officer_12,2024-03-14T16:41:17.197716
SL-CASE-0344,9,PLC/DLC Review,PLC_DLC,PLC_Officer_1,2024-03-24T05:36:19.686579
SL-CASE-0344,10,PLC/DLC Recommendation,PLC_DLC,PLC_Officer_6,2024-03-26T12:57:50.314977
SL-CASE-0344,11,LCGD Case Intake,LCGD,LCGD_Officer_1,2024-03-28T13:19:25.654475
SL-CASE-0344,12,LCGD Review,LCGD,LCGD_Officer_4,2024-04-08T14:13:43.666246
SL-CASE-0344,13,LCGD Lease Decision,LCGD,LCGD_Officer_2,2024-04-11T23:12:12.797359
SL-CASE-0344,14,DS Final Notification,DS,DS_Officer_4,2024-04-13T10:31:35.912977
SL-CASE-0345,1,DS Application Received,DS,DS_Officer_1,2024-05-10T18:45:43.074889
SL-CASE-0345,2,DS Initial Review,DS,DS_Officer_4,2024-05-11T02:15:45.109498
SL-CASE-0345,3,Survey Clearance Requested,Survey,Clearance_Officer_9,2024-05-11T10:03:15.427818
SL-CASE-0345,4,Survey Clearance Issued,Survey,Clearance_Officer_4,2024-05-23T08:27:08.015275
SL-CASE-0345,5,Environmental Clearance Requested,Environmental,Clearance_Officer_12,2024-05-24T01:51:05.403274
SL-CASE-0345,6,Environmental Clearance Issued,Environmental,Clearance_Officer_4,2024-06-08T13:10:17.165780
SL-CASE-0345,7,Irrigation Dept Clearance Requested,Irrigation,Clearance_Officer_6,2024-06-08T19:17:11.371665
SL-CASE-0345,8,Irrigation Dept Clearance Issued,Irrigation,Clearance_Officer_4,2024-06-24T04:09:10.864980
SL-CASE-0345,9,DS Field Report Requested,DS,Clearance_Officer_11,2024-06-24T09:43:34.812229
SL-CASE-0345,10,DS Field Report Issued,DS,Clearance_Officer_5,2024-07-11T06:57:38.740062
SL-CASE-0345,11,PLC/DLC Review,PLC_DLC,PLC_Officer_5,2024-07-17T12:06:54.234293
SL-CASE-0345,12,PLC/DLC Recommendation,PLC_DLC,PLC_Officer_2,2024-07-20T19:08:34.412561
SL-CASE-0345,13,LCGD Case Intake,LCGD,LCGD_Officer_3,2024-07-24T01:40:49.901966
SL-CASE-0345,14,LCGD Review,LCGD,LCGD_Officer_1,2024-08-04T08:47:21.941384
SL-CASE-0345,15,LCGD Lease Decision,LCGD,LCGD_Officer_3,2024-08-11T00:01:20.983098
SL-CASE-0345,16,Registration Requested,Registry,Registry_Officer_2,2024-08-12T14:06:27.709041
SL-CASE-0345,17,Registration Completed,Registry,Registry_Officer_1,2024-08-14T19:35:22.627817
SL-CASE-0345,18,DS Final Notification,DS,DS_Officer_1,2024-08-16T08:09:51.235978
SL-CASE-0346,1,DS Application Received,DS,DS_Officer_6,2024-03-09T23:14:06.696802
SL-CASE-0346,2,DS Initial Review,DS,DS_Officer_2,2024-03-11T09:57:01.931649
SL-CASE-0346,3,Survey Clearance Requested,Survey,Clearance_Officer_12,2024-03-12T00:28:22.661038
SL-CASE-0346,4,Survey Clearance Issued,Survey,Clearance_Officer_8,2024-03-28T23:23:15.510595
SL-CASE-0346,5,Environmental Clearance Requested,Environmental,Clearance_Officer_8,2024-03-29T09:15:58.022733
SL-CASE-0346,6,Environmental Clearance Issued,Environmental,Clearance_Officer_5,2024-04-06T10:11:17.895931
SL-CASE-0346,7,Irrigation Dept Clearance Requested,Irrigation,Clearance_Officer_6,2024-04-07T04:59:00.164286
SL-CASE-0346,8,Irrigation Dept Clearance Issued,Irrigation,Clearance_Officer_12,2024-04-18T13:55:17.347379
SL-CASE-0346,9,DS Field Report Requested,DS,Clearance_Officer_10,2024-04-18T20:06:27.923424
SL-CASE-0346,10,DS Field Report Issued,DS,Clearance_Officer_12,2024-04-23T01:52:47.628898
SL-CASE-0346,11,PLC/DLC Review,PLC_DLC,PLC_Officer_4,2024-04-26T22:20:23.816077
SL-CASE-0346,12,PLC/DLC Recommendation,PLC_DLC,PLC_Officer_3,2024-05-01T08:39:25.413174
SL-CASE-0346,13,LCGD Case Intake,LCGD,LCGD_Officer_4,2024-05-07T20:42:52.698262
SL-CASE-0346,14,LCGD Review,LCGD,LCGD_Officer_4,2024-05-15T08:29:32.116911
SL-CASE-0346,15,Higher Approval Requested,Ministry,LCGD_Officer_2,2024-05-17T18:02:25.314802
SL-CASE-0346,16,Higher Approval Granted,Ministry,LCGD_Officer_4,2024-06-17T13:50:31.520792
SL-CASE-0346,17,LCGD Lease Decision,LCGD,LCGD_Officer_1,2024-06-21T22:01:40.171258
SL-CASE-0346,18,Registration Requested,Registry,Registry_Officer_3,2024-06-26T07:35:27.837532
SL-CASE-0346,19,Registration Completed,Registry,Registry_Officer_2,2024-07-04T13:32:08.225052
SL-CASE-0346,20,DS Final Notification,DS,DS_Officer_1,2024-07-05T19:29:41.624670
SL-CASE-0347,1,DS Application Received,DS,DS_Officer_8,2023-11-01T02:00:02.896870
SL-CASE-0347,2,DS Initial Review,DS,DS_Officer_5,2023-11-01T23:15:32.429466
SL-CASE-0347,3,Survey Clearance Requested,Survey,Clearance_Officer_9,2023-11-02T19:30:50.860078
SL-CASE-0347,4,Survey Clearance Issued,Survey,Clearance_Officer_4,2023-11-09T02:07:53.267868
SL-CASE-0347,5,Environmental Clearance Requested,Environmental,Clearance_Officer_12,2023-11-09T14:50:06.821761
SL-CASE-0347,6,Environmental Clearance Issued,Environmental,Clearance_Officer_7,2023-11-20T02:26:29.941560
SL-CASE-0347,7,DS Field Report Requested,DS,Clearance_Officer_3,2023-11-21T01:16:58.548126
SL-CASE-0347,8,DS Field Report Issued,DS,Clearance_Officer_11,2023-12-01T07:30:39.407347
SL-CASE-0347,9,PLC/DLC Review,PLC_DLC,PLC_Officer_1,2023-12-02T09:08:10.757372
SL-CASE-0347,10,PLC/DLC Recommendation,PLC_DLC,PLC_Officer_3,2023-12-02T22:45:49.012316
SL-CASE-0347,11,LCGD Case Intake,LCGD,LCGD_Officer_3,2023-12-08T00:54:12.150481
SL-CASE-0347,12,LCGD Review,LCGD,LCGD_Officer_4,2023-12-11T00:26:23.691564
SL-CASE-0347,13,Higher Approval Requested,Ministry,LCGD_Officer_4,2023-12-15T02:03:10.179339
SL-CASE-0347,14,Higher Approval Granted,Ministry,LCGD_Officer_3,2024-01-06T06:04:42.962176
SL-CASE-0347,15,LCGD Lease Decision,LCGD,LCGD_Officer_3,2024-01-12T15:51:05.810922
SL-CASE-0347,16,Registration Requested,Registry,Registry_Officer_4,2024-01-15T21:43:26.198996
SL-CASE-0347,17,Registration Completed,Registry,Registry_Officer_2,2024-01-28T12:37:32.688342
SL-CASE-0347,18,DS Final Notification,DS,DS_Officer_6,2024-01-30T03:42:01.141891
SL-CASE-0348,1,DS Application Received,DS,DS_Officer_4,2024-05-22T08:33:56.900526
SL-CASE-0348,2,DS Initial Review,DS,DS_Officer_6,2024-05-24T04:36:44.046521
SL-CASE-0348,3,Survey Clearance Requested,Survey,Clearance_Officer_8,2024-05-24T20:33:26.663622
SL-CASE-0348,4,Survey Clearance Issued,Survey,Clearance_Officer_9,2024-06-09T19:20:27.620518
SL-CASE-0348,5,Environmental Clearance Requested,Environmental,Clearance_Officer_6,2024-06-10T04:50:15.601612
SL-CASE-0348,6,Environmental Clearance Issued,Environmental,Clearance_Officer_3,2024-06-24T11:16:33.385977
SL-CASE-0348,7,DS Field Report Requested,DS,Clearance_Officer_11,2024-06-25T10:30:58.918869
SL-CASE-0348,8,DS Field Report Issued,DS,Clearance_Officer_4,2024-07-07T07:28:25.493800
SL-CASE-0348,9,PLC/DLC Review,PLC_DLC,PLC_Officer_5,2024-07-14T12:55:17.981833
SL-CASE-0348,10,PLC/DLC Recommendation,PLC_DLC,PLC_Officer_2,2024-07-15T21:56:30.118147
SL-CASE-0348,11,LCGD Case Intake,LCGD,LCGD_Officer_4,2024-07-19T14:09:41.094072
SL-CASE-0348,12,LCGD Review,LCGD,LCGD_Officer_3,2024-08-02T01:23:18.902780
SL-CASE-0348,13,Higher Approval Requested,Ministry,LCGD_Officer_1,2024-08-04T17:38:17.078138
SL-CASE-0348,14,Higher Approval Granted,Ministry,LCGD_Officer_2,2024-08-23T04:19:06.547965
SL-CASE-0348,15,LCGD Lease Decision,LCGD,LCGD_Officer_1,2024-08-29T12:14:33.082360
SL-CASE-0348,16,Registration Requested,Registry,Registry_Officer_4,2024-09-01T06:34:31.356340
SL-CASE-0348,17,Registration Completed,Registry,Registry_Officer_3,2024-09-13T17:21:39.149507
SL-CASE-0348,18,DS Final Notification,DS,DS_Officer_7,2024-09-14T00:02:44.362166
SL-CASE-0349,1,DS Application Received,DS,DS_Officer_8,2024-06-28T05:31:56.968833
SL-CASE-0349,2,DS Initial Review,DS,DS_Officer_5,2024-06-29T10:15:18.428187
SL-CASE-0349,3,Survey Clearance Requested,Survey,Clearance_Officer_8,2024-06-30T09:18:06.504229
SL-CASE-0349,4,Survey Clearance Issued,Survey,Clearance_Officer_10,2024-07-20T02:35:29.653061
SL-CASE-0349,5,Agrarian Services Clearance Requested,Agrarian,Clearance_Officer_4,2024-07-21T00:01:20.162395
SL-CASE-0349,6,Agrarian Services Clearance Issued,Agrarian,Clearance_Officer_11,2024-08-06T15:49:42.545625
SL-CASE-0349,7,PLC/DLC Review,PLC_DLC,PLC_Officer_5,2024-08-08T22:44:13.048327
SL-CASE-0349,8,PLC/DLC Recommendation,PLC_DLC,PLC_Officer_3,2024-08-12T01:42:58.459037
SL-CASE-0349,9,LCGD Case Intake,LCGD,LCGD_Officer_2,2024-08-17T08:07:47.084972
SL-CASE-0349,10,LCGD Review,LCGD,LCGD_Officer_3,2024-08-25T16:01:35.336285
SL-CASE-0349,11,LCGD Lease Decision,LCGD,LCGD_Officer_4,2024-08-28T08:06:41.314348
SL-CASE-0349,12,DS Final Notification,DS,DS_Officer_1,2024-08-29T15:43:15.128427
SL-CASE-0350,1,DS Application Received,DS,DS_Officer_3,2023-07-28T18:18:13.325959
SL-CASE-0350,2,DS Initial Review,DS,DS_Officer_7,2023-07-29T17:57:28.245058
SL-CASE-0350,3,Survey Clearance Requested,Survey,Clearance_Officer_10,2023-07-30T08:10:25.182558
SL-CASE-0350,4,Survey Clearance Issued,Survey,Clearance_Officer_6,2023-08-08T18:42:04.220708
SL-CASE-0350,5,Environmental Clearance Requested,Environmental,Clearance_Officer_5,2023-08-08T23:04:17.614578
SL-CASE-0350,6,Environmental Clearance Issued,Environmental,Clearance_Officer_4,2023-08-18T14:58:54.031322
SL-CASE-0350,7,DS Field Report Requested,DS,Clearance_Officer_8,2023-08-19T08:31:12.732463
SL-CASE-0350,8,DS Field Report Issued,DS,Clearance_Officer_10,2023-08-25T18:22:19.309816
SL-CASE-0350,9,PLC/DLC Review,PLC_DLC,PLC_Officer_1,2023-08-27T11:40:41.398322
SL-CASE-0350,10,PLC/DLC Recommendation,PLC_DLC,PLC_Officer_3,2023-08-28T07:48:16.090739
SL-CASE-0350,11,LCGD Case Intake,LCGD,LCGD_Officer_3,2023-09-01T10:00:22.279476
SL-CASE-0350,12,LCGD Review,LCGD,LCGD_Officer_4,2023-09-04T09:38:06.516479
SL-CASE-0350,13,LCGD Lease Decision,LCGD,LCGD_Officer_4,2023-09-10T00:21:53.601538
SL-CASE-0350,14,Registration Requested,Registry,Registry_Officer_4,2023-09-13T08:02:46.743061
SL-CASE-0350,15,Registration Completed,Registry,Registry_Officer_1,2023-09-17T17:12:48.971430
SL-CASE-0350,16,DS Final Notification,DS,DS_Officer_6,2023-09-19T16:16:01.457741
SL-CASE-0351,1,DS Application Received,DS,DS_Officer_2,2024-01-31T22:38:36.807479
SL-CASE-0351,2,DS Initial Review,DS,DS_Officer_4,2024-02-02T01:38:45.251910
SL-CASE-0351,3,Survey Clearance Requested,Survey,Clearance_Officer_6,2024-02-02T05:40:00.516857
SL-CASE-0351,4,Survey Clearance Issued,Survey,Clearance_Officer_6,2024-02-21T17:02:40.100144
SL-CASE-0351,5,DS Field Report Requested,DS,Clearance_Officer_6,2024-02-21T20:49:47.871008
SL-CASE-0351,6,DS Field Report Issued,DS,Clearance_Officer_8,2024-03-08T03:13:04.368489
SL-CASE-0351,7,PLC/DLC Review,PLC_DLC,PLC_Officer_1,2024-03-12T10:32:43.915079
SL-CASE-0351,8,PLC/DLC Recommendation,PLC_DLC,PLC_Officer_6,2024-03-15T04:21:32.317661
SL-CASE-0351,9,LCGD Case Intake,LCGD,LCGD_Officer_2,2024-03-20T19:33:23.953680
SL-CASE-0351,10,LCGD Review,LCGD,LCGD_Officer_1,2024-03-29T11:43:02.713566
SL-CASE-0351,11,LCGD Lease Decision,LCGD,LCGD_Officer_4,2024-04-06T16:16:43.074967
SL-CASE-0351,12,DS Final Notification,DS,DS_Officer_5,2024-04-07T05:24:46.310060
SL-CASE-0352,1,DS Application Received,DS,DS_Officer_4,2023-06-09T04:41:36.242536
SL-CASE-0352,2,DS Initial Review,DS,DS_Officer_3,2023-06-11T02:29:30.860424
SL-CASE-0352,3,Survey Clearance Requested,Survey,Clearance_Officer_6,2023-06-11T15:30:17.103291
SL-CASE-0352,4,Survey Clearance Issued,Survey,Clearance_Officer_11,2023-06-20T00:12:58.580089
SL-CASE-0352,5,DS Field Report Requested,DS,Clearance_Officer_1,2023-06-20T16:57:43.409909
SL-CASE-0352,6,DS Field Report Issued,DS,Clearance_Officer_5,2023-07-01T09:38:04.795906
SL-CASE-0352,7,PLC/DLC Review,PLC_DLC,PLC_Officer_6,2023-07-06T13:51:44.934135
SL-CASE-0352,8,PLC/DLC Recommendation,PLC_DLC,PLC_Officer_4,2023-07-10T05:20:35.122336
SL-CASE-0352,9,LCGD Case Intake,LCGD,LCGD_Officer_1,2023-07-14T07:08:52.577621
SL-CASE-0352,10,LCGD Review,LCGD,LCGD_Officer_1,2023-07-18T02:23:23.054603
SL-CASE-0352,11,LCGD Lease Decision,LCGD,LCGD_Officer_4,2023-07-20T09:15:27.014315
SL-CASE-0352,12,Registration Requested,Registry,Registry_Officer_1,2023-07-20T16:04:22.348486
SL-CASE-0352,13,Registration Completed,Registry,Registry_Officer_3,2023-08-01T17:16:29.355715
SL-CASE-0352,14,DS Final Notification,DS,DS_Officer_3,2023-08-03T06:54:54.811537
SL-CASE-0353,1,DS Application Received,DS,DS_Officer_3,2023-10-06T01:40:14.858100
SL-CASE-0353,2,DS Initial Review,DS,DS_Officer_5,2023-10-07T18:24:10.717279
SL-CASE-0353,3,Survey Clearance Requested,Survey,Clearance_Officer_6,2023-10-08T03:45:41.987961
SL-CASE-0353,4,Survey Clearance Issued,Survey,Clearance_Officer_7,2023-10-26T05:13:00.803043
SL-CASE-0353,5,Environmental Clearance Requested,Environmental,Clearance_Officer_5,2023-10-26T09:50:18.881759
SL-CASE-0353,6,Environmental Clearance Issued,Environmental,Clearance_Officer_8,2023-11-04T23:47:27.144774
SL-CASE-0353,7,DS Field Report Requested,DS,Clearance_Officer_11,2023-11-05T15:03:53.879080
SL-CASE-0353,8,DS Field Report Issued,DS,Clearance_Officer_7,2023-11-19T09:25:36.882094
SL-CASE-0353,9,PLC/DLC Review,PLC_DLC,PLC_Officer_1,2023-11-21T20:04:24.404322
SL-CASE-0353,10,PLC/DLC Recommendation,PLC_DLC,PLC_Officer_1,2023-11-22T06:49:21.704522
SL-CASE-0353,11,LCGD Case Intake,LCGD,LCGD_Officer_2,2023-11-27T14:42:05.714385
SL-CASE-0353,12,LCGD Review,LCGD,LCGD_Officer_3,2023-12-01T09:56:58.245808
SL-CASE-0353,13,Higher Approval Requested,Ministry,LCGD_Officer_2,2023-12-05T14:54:12.593991
SL-CASE-0353,14,Higher Approval Granted,Ministry,LCGD_Officer_3,2024-01-10T15:41:28.706720
SL-CASE-0353,15,LCGD Lease Decision,LCGD,LCGD_Officer_1,2024-01-14T10:09:03.148776
SL-CASE-0353,16,Registration Requested,Registry,Registry_Officer_2,2024-01-17T18:00:12.617150
SL-CASE-0353,17,Registration Completed,Registry,Registry_Officer_3,2024-01-29T12:29:07.984870
SL-CASE-0353,18,DS Final Notification,DS,DS_Officer_1,2024-01-30T05:39:43.111467
SL-CASE-0354,1,DS Application Received,DS,DS_Officer_3,2023-08-06T00:18:53.128016
SL-CASE-0354,2,DS Initial Review,DS,DS_Officer_8,2023-08-07T20:49:50.849842
SL-CASE-0354,3,Survey Clearance Requested,Survey,Clearance_Officer_5,2023-08-08T11:10:08.575340
SL-CASE-0354,4,Survey Clearance Issued,Survey,Clearance_Officer_11,2023-08-24T13:41:25.788466
SL-CASE-0354,5,Environmental Clearance Requested,Environmental,Clearance_Officer_4,2023-08-25T10:33:08.623554
SL-CASE-0354,6,Environmental Clearance Issued,Environmental,Clearance_Officer_2,2023-08-27T21:58:18.467576
SL-CASE-0354,7,DS Field Report Requested,DS,Clearance_Officer_1,2023-08-28T19:25:43.926149
SL-CASE-0354,8,DS Field Report Issued,DS,Clearance_Officer_1,2023-09-10T13:49:08.622582
SL-CASE-0354,9,PLC/DLC Review,PLC_DLC,PLC_Officer_1,2023-09-20T01:41:11.485346
SL-CASE-0354,10,PLC/DLC Recommendation,PLC_DLC,PLC_Officer_4,2023-09-21T18:16:45.949266
SL-CASE-0354,11,LCGD Case Intake,LCGD,LCGD_Officer_2,2023-09-26T23:57:50.954621
SL-CASE-0354,12,LCGD Review,LCGD,LCGD_Officer_3,2023-09-29T08:38:03.592242
SL-CASE-0354,13,Higher Approval Requested,Ministry,LCGD_Officer_2,2023-09-30T15:10:46.258606
SL-CASE-0354,14,Higher Approval Granted,Ministry,LCGD_Officer_3,2023-11-08T14:46:09.417893
SL-CASE-0354,15,LCGD Lease Decision,LCGD,LCGD_Officer_4,2023-11-09T14:34:35.638501
SL-CASE-0354,16,Registration Requested,Registry,Registry_Officer_3,2023-11-12T23:05:23.737712
SL-CASE-0354,17,Registration Completed,Registry,Registry_Officer_1,2023-11-28T14:24:44.092015
SL-CASE-0354,18,DS Final Notification,DS,DS_Officer_5,2023-11-29T13:33:20.720928
SL-CASE-0355,1,DS Application Received,DS,DS_Officer_8,2023-11-16T21:50:02.845983
SL-CASE-0355,2,DS Initial Review,DS,DS_Officer_5,2023-11-18T16:06:17.865519
SL-CASE-0355,3,Survey Clearance Requested,Survey,Clearance_Officer_12,2023-11-19T00:02:47.158863
SL-CASE-0355,4,Survey Clearance Issued,Survey,Clearance_Officer_2,2023-11-30T16:52:46.597533
SL-CASE-0355,5,Environmental Clearance Requested,Environmental,Clearance_Officer_3,2023-12-01T10:58:16.172121
SL-CASE-0355,6,Environmental Clearance Issued,Environmental,Clearance_Officer_7,2023-12-06T13:13:40.875419
SL-CASE-0355,7,DS Field Report Requested,DS,Clearance_Officer_1,2023-12-07T06:08:40.001259
SL-CASE-0355,8,DS Field Report Issued,DS,Clearance_Officer_7,2023-12-08T23:05:23.774142
SL-CASE-0355,9,PLC/DLC Review,PLC_DLC,PLC_Officer_4,2023-12-17T08:25:58.132475
SL-CASE-0355,10,PLC/DLC Recommendation,PLC_DLC,PLC_Officer_1,2023-12-18T10:23:07.527537
SL-CASE-0355,11,LCGD Case Intake,LCGD,LCGD_Officer_1,2023-12-22T16:21:36.328890
SL-CASE-0355,12,LCGD Review,LCGD,LCGD_Officer_3,2024-01-01T20:58:51.818063
SL-CASE-0355,13,Higher Approval Requested,Ministry,LCGD_Officer_4,2024-01-05T11:54:35.494102
SL-CASE-0355,14,Higher Approval Granted,Ministry,LCGD_Officer_3,2024-01-17T14:10:36.156058
SL-CASE-0355,15,LCGD Lease Decision,LCGD,LCGD_Officer_3,2024-01-18T01:53:21.562302
SL-CASE-0355,16,Registration Requested,Registry,Registry_Officer_2,2024-01-22T21:41:34.577587
SL-CASE-0355,17,Registration Completed,Registry,Registry_Officer_4,2024-01-28T08:46:12.628744
SL-CASE-0355,18,DS Final Notification,DS,DS_Officer_1,2024-01-30T19:29:41.818431
SL-CASE-0356,1,DS Application Received,DS,DS_Officer_6,2024-09-03T11:19:39.728092
SL-CASE-0356,2,DS Initial Review,DS,DS_Officer_8,2024-09-04T11:24:10.913481
SL-CASE-0356,3,Survey Clearance Requested,Survey,Clearance_Officer_6,2024-09-05T01:23:02.500296
SL-CASE-0356,4,Survey Clearance Issued,Survey,Clearance_Officer_6,2024-09-18T13:42:22.464801
SL-CASE-0356,5,Environmental Clearance Requested,Environmental,Clearance_Officer_9,2024-09-19T07:40:57.394147
SL-CASE-0356,6,Environmental Clearance Issued,Environmental,Clearance_Officer_12,2024-09-23T02:07:11.448997
SL-CASE-0356,7,Irrigation Dept Clearance Requested,Irrigation,Clearance_Officer_7,2024-09-23T18:11:05.132424
SL-CASE-0356,8,Irrigation Dept Clearance Issued,Irrigation,Clearance_Officer_7,2024-09-28T01:30:42.352474
SL-CASE-0356,9,DS Field Report Requested,DS,Clearance_Officer_6,2024-09-28T11:41:53.457807
SL-CASE-0356,10,DS Field Report Issued,DS,Clearance_Officer_3,2024-10-14T01:35:34.952768
SL-CASE-0356,11,PLC/DLC Review,PLC_DLC,PLC_Officer_4,2024-10-22T07:14:12.869770
SL-CASE-0356,12,PLC/DLC Recommendation,PLC_DLC,PLC_Officer_4,2024-10-25T18:16:04.539836
SL-CASE-0356,13,LCGD Case Intake,LCGD,LCGD_Officer_4,2024-10-28T14:28:45.223592
SL-CASE-0356,14,LCGD Review,LCGD,LCGD_Officer_3,2024-10-30T19:31:29.772457
SL-CASE-0356,15,Higher Approval Requested,Ministry,LCGD_Officer_3,2024-11-04T06:23:20.343440
SL-CASE-0356,16,Higher Approval Granted,Ministry,LCGD_Officer_4,2024-12-11T15:09:10.827905
SL-CASE-0356,17,LCGD Lease Decision,LCGD,LCGD_Officer_2,2024-12-16T06:37:58.418357
SL-CASE-0356,18,Registration Requested,Registry,Registry_Officer_3,2024-12-20T18:03:48.086579
SL-CASE-0356,19,Registration Completed,Registry,Registry_Officer_2,2024-12-31T08:57:36.971922
SL-CASE-0356,20,DS Final Notification,DS,DS_Officer_3,2025-01-02T04:52:32.694029
SL-CASE-0357,1,DS Application Received,DS,DS_Officer_2,2024-08-18T18:31:40.693017
SL-CASE-0357,2,DS Initial Review,DS,DS_Officer_5,2024-08-19T23:50:54.284297
SL-CASE-0357,3,Survey Clearance Requested,Survey,Clearance_Officer_11,2024-08-20T22:24:27.101331
SL-CASE-0357,4,Survey Clearance Issued,Survey,Clearance_Officer_12,2024-09-08T20:05:30.135973
SL-CASE-0357,5,Environmental Clearance Requested,Environmental,Clearance_Officer_12,2024-09-09T03:04:51.296273
SL-CASE-0357,6,Environmental Clearance Issued,Environmental,Clearance_Officer_8,2024-09-25T02:16:59.415403
SL-CASE-0357,7,DS Field Report Requested,DS,Clearance_Officer_12,2024-09-25T06:51:19.585953
SL-CASE-0357,8,DS Field Report Issued,DS,Clearance_Officer_6,2024-10-12T04:17:06.742569
SL-CASE-0357,9,PLC/DLC Review,PLC_DLC,PLC_Officer_4,2024-10-17T21:19:55.083629
SL-CASE-0357,10,PLC/DLC Recommendation,PLC_DLC,PLC_Officer_4,2024-10-20T14:58:03.952938
SL-CASE-0357,11,LCGD Case Intake,LCGD,LCGD_Officer_3,2024-10-22T13:08:34.463728
SL-CASE-0357,12,LCGD Review,LCGD,LCGD_Officer_1,2024-11-03T01:05:04.374479
SL-CASE-0357,13,Higher Approval Requested,Ministry,LCGD_Officer_4,2024-11-04T08:49:38.775235
SL-CASE-0357,14,Higher Approval Granted,Ministry,LCGD_Officer_2,2024-11-14T19:36:59.148238
SL-CASE-0357,15,LCGD Lease Decision,LCGD,LCGD_Officer_1,2024-11-22T01:12:27.617459
SL-CASE-0357,16,Registration Requested,Registry,Registry_Officer_1,2024-11-24T15:39:38.893757
SL-CASE-0357,17,Registration Completed,Registry,Registry_Officer_3,2024-12-08T20:33:08.117609
SL-CASE-0357,18,DS Final Notification,DS,DS_Officer_7,2024-12-09T15:28:50.121742
SL-CASE-0358,1,DS Application Received,DS,DS_Officer_2,2023-08-01T00:25:19.058354
SL-CASE-0358,2,DS Initial Review,DS,DS_Officer_8,2023-08-01T07:22:15.319182
SL-CASE-0358,3,Survey Clearance Requested,Survey,Clearance_Officer_7,2023-08-02T06:17:35.521615
SL-CASE-0358,4,Survey Clearance Issued,Survey,Clearance_Officer_11,2023-08-21T05:09:21.680883
SL-CASE-0358,5,Environmental Clearance Requested,Environmental,Clearance_Officer_12,2023-08-21T16:01:19.344982
SL-CASE-0358,6,Environmental Clearance Issued,Environmental,Clearance_Officer_6,2023-09-03T00:30:35.256785
SL-CASE-0358,7,DS Field Report Requested,DS,Clearance_Officer_4,2023-09-03T11:02:24.843966
SL-CASE-0358,8,DS Field Report Issued,DS,Clearance_Officer_10,2023-09-10T05:34:00.940955
SL-CASE-0358,9,PLC/DLC Review,PLC_DLC,PLC_Officer_4,2023-09-16T08:00:59.146666
SL-CASE-0358,10,PLC/DLC Recommendation,PLC_DLC,PLC_Officer_5,2023-09-19T14:25:53.270878
SL-CASE-0358,11,LCGD Case Intake,LCGD,LCGD_Officer_4,2023-09-20T08:57:50.205265
SL-CASE-0358,12,LCGD Review,LCGD,LCGD_Officer_4,2023-10-05T01:14:25.688328
SL-CASE-0358,13,Higher Approval Requested,Ministry,LCGD_Officer_1,2023-10-06T19:40:42.598492
SL-CASE-0358,14,Higher Approval Granted,Ministry,LCGD_Officer_4,2023-10-20T18:32:07.902659
SL-CASE-0358,15,LCGD Lease Decision,LCGD,LCGD_Officer_4,2023-10-29T10:03:01.615254
SL-CASE-0358,16,Registration Requested,Registry,Registry_Officer_1,2023-11-02T05:52:59.144746
SL-CASE-0358,17,Registration Completed,Registry,Registry_Officer_3,2023-11-11T06:38:06.205232
SL-CASE-0358,18,DS Final Notification,DS,DS_Officer_8,2023-11-14T03:04:25.027219
SL-CASE-0359,1,DS Application Received,DS,DS_Officer_2,2024-11-27T06:24:52.188689
SL-CASE-0359,2,DS Initial Review,DS,DS_Officer_6,2024-11-28T06:25:14.482371
SL-CASE-0359,3,Survey Clearance Requested,Survey,Clearance_Officer_8,2024-11-28T13:43:51.670632
SL-CASE-0359,4,Survey Clearance Issued,Survey,Clearance_Officer_5,2024-11-30T05:23:27.743769
SL-CASE-0359,5,Environmental Clearance Requested,Environmental,Clearance_Officer_12,2024-11-30T19:32:55.704454
SL-CASE-0359,6,Environmental Clearance Issued,Environmental,Clearance_Officer_4,2024-12-18T01:15:56.329141
SL-CASE-0359,7,Irrigation Dept Clearance Requested,Irrigation,Clearance_Officer_2,2024-12-18T16:46:02.735625
SL-CASE-0359,8,Irrigation Dept Clearance Issued,Irrigation,Clearance_Officer_3,2024-12-19T21:27:41.285201
SL-CASE-0359,9,DS Field Report Requested,DS,Clearance_Officer_11,2024-12-20T12:31:00.867166
SL-CASE-0359,10,DS Field Report Issued,DS,Clearance_Officer_9,2025-01-05T08:34:39.448878
SL-CASE-0359,11,PLC/DLC Review,PLC_DLC,PLC_Officer_5,2025-01-10T01:54:27.569725
SL-CASE-0359,12,PLC/DLC Recommendation,PLC_DLC,PLC_Officer_3,2025-01-11T04:34:05.705952
SL-CASE-0359,13,LCGD Case Intake,LCGD,LCGD_Officer_4,2025-01-16T05:19:14.503280
SL-CASE-0359,14,LCGD Review,LCGD,LCGD_Officer_1,2025-01-28T10:33:36.270182
SL-CASE-0359,15,Higher Approval Requested,Ministry,LCGD_Officer_1,2025-01-29T21:25:31.317103
SL-CASE-0359,16,Higher Approval Granted,Ministry,LCGD_Officer_4,2025-02-28T07:55:38.198634
SL-CASE-0359,17,LCGD Lease Decision,LCGD,LCGD_Officer_4,2025-03-02T06:37:27.293511
SL-CASE-0359,18,Registration Requested,Registry,Registry_Officer_2,2025-03-03T22:04:14.334357
SL-CASE-0359,19,Registration Completed,Registry,Registry_Officer_3,2025-03-05T16:13:37.090035
SL-CASE-0359,20,DS Final Notification,DS,DS_Officer_3,2025-03-07T00:05:53.453783
SL-CASE-0360,1,DS Application Received,DS,DS_Officer_7,2024-11-09T01:41:56.235536
SL-CASE-0360,2,DS Initial Review,DS,DS_Officer_3,2024-11-09T07:37:45.984182
SL-CASE-0360,3,Survey Clearance Requested,Survey,Clearance_Officer_11,2024-11-09T14:32:41.057987
SL-CASE-0360,4,Survey Clearance Issued,Survey,Clearance_Officer_8,2024-11-21T16:39:09.268087
SL-CASE-0360,5,DS Field Report Requested,DS,Clearance_Officer_8,2024-11-21T23:41:04.884001
SL-CASE-0360,6,DS Field Report Issued,DS,Clearance_Officer_2,2024-12-08T08:19:24.710206
SL-CASE-0360,7,PLC/DLC Review,PLC_DLC,PLC_Officer_2,2024-12-09T19:28:26.871270
SL-CASE-0360,8,PLC/DLC Recommendation,PLC_DLC,PLC_Officer_5,2024-12-10T16:31:19.263506
SL-CASE-0360,9,LCGD Case Intake,LCGD,LCGD_Officer_4,2024-12-14T20:18:51.319107
SL-CASE-0360,10,LCGD Review,LCGD,LCGD_Officer_4,2024-12-22T19:01:09.110564
SL-CASE-0360,11,LCGD Lease Decision,LCGD,LCGD_Officer_3,2024-12-23T05:49:29.989184
SL-CASE-0360,12,DS Final Notification,DS,DS_Officer_2,2024-12-25T04:15:47.652887
SL-CASE-0361,1,DS Application Received,DS,DS_Officer_6,2023-10-21T02:47:25.623425
SL-CASE-0361,2,DS Initial Review,DS,DS_Officer_4,2023-10-22T03:40:26.305151
SL-CASE-0361,3,Survey Clearance Requested,Survey,Clearance_Officer_3,2023-10-23T01:37:10.311375
SL-CASE-0361,4,Survey Clearance Issued,Survey,Clearance_Officer_3,2023-10-26T08:48:01.767668
SL-CASE-0361,5,DS Field Report Requested,DS,Clearance_Officer_3,2023-10-26T12:42:02.867893
SL-CASE-0361,6,DS Field Report Issued,DS,Clearance_Officer_8,2023-11-09T03:46:37.450823
SL-CASE-0361,7,PLC/DLC Review,PLC_DLC,PLC_Officer_5,2023-11-15T22:13:32.153289
SL-CASE-0361,8,PLC/DLC Recommendation,PLC_DLC,PLC_Officer_3,2023-11-17T22:47:01.395030
SL-CASE-0361,9,LCGD Case Intake,LCGD,LCGD_Officer_2,2023-11-21T13:19:58.657461
SL-CASE-0361,10,LCGD Review,LCGD,LCGD_Officer_1,2023-11-30T16:55:31.627608
SL-CASE-0361,11,Higher Approval Requested,Ministry,LCGD_Officer_2,2023-12-03T14:43:38.792757
SL-CASE-0361,12,Higher Approval Granted,Ministry,LCGD_Officer_3,2023-12-15T16:46:59.326607
SL-CASE-0361,13,LCGD Lease Decision,LCGD,LCGD_Officer_4,2023-12-17T05:57:19.492672
SL-CASE-0361,14,Registration Requested,Registry,Registry_Officer_1,2023-12-17T13:13:53.354709
SL-CASE-0361,15,Registration Completed,Registry,Registry_Officer_1,2023-12-28T05:52:51.155195
SL-CASE-0361,16,DS Final Notification,DS,DS_Officer_5,2023-12-28T15:46:24.806126
SL-CASE-0362,1,DS Application Received,DS,DS_Officer_8,2024-02-14T22:57:07.041015
SL-CASE-0362,2,DS Initial Review,DS,DS_Officer_2,2024-02-16T00:00:58.562576
SL-CASE-0362,3,Survey Clearance Requested,Survey,Clearance_Officer_9,2024-02-16T05:48:34.065911
SL-CASE-0362,4,Survey Clearance Issued,Survey,Clearance_Officer_9,2024-02-29T06:38:17.863954
SL-CASE-0362,5,DS Field Report Requested,DS,Clearance_Officer_2,2024-03-01T03:31:46.333795
SL-CASE-0362,6,DS Field Report Issued,DS,Clearance_Officer_3,2024-03-04T22:09:24.441152
SL-CASE-0362,7,PLC/DLC Review,PLC_DLC,PLC_Officer_2,2024-03-13T13:44:44.134724
SL-CASE-0362,8,PLC/DLC Recommendation,PLC_DLC,PLC_Officer_1,2024-03-17T21:55:14.653418
SL-CASE-0362,9,LCGD Case Intake,LCGD,LCGD_Officer_1,2024-03-21T12:26:24.457910
SL-CASE-0362,10,LCGD Review,LCGD,LCGD_Officer_2,2024-03-30T10:40:08.460182
SL-CASE-0362,11,LCGD Lease Decision,LCGD,LCGD_Officer_4,2024-04-05T19:22:23.509271
SL-CASE-0362,12,Registration Requested,Registry,Registry_Officer_3,2024-04-10T01:06:25.506161
SL-CASE-0362,13,Registration Completed,Registry,Registry_Officer_3,2024-04-28T20:39:23.700507
SL-CASE-0362,14,DS Final Notification,DS,DS_Officer_7,2024-04-30T03:06:14.349591
SL-CASE-0363,1,DS Application Received,DS,DS_Officer_4,2023-01-31T02:32:32.514829
SL-CASE-0363,2,DS Initial Review,DS,DS_Officer_3,2023-02-01T15:28:52.102263
SL-CASE-0363,3,Survey Clearance Requested,Survey,Clearance_Officer_9,2023-02-02T04:01:37.873657
SL-CASE-0363,4,Survey Clearance Issued,Survey,Clearance_Officer_11,2023-02-20T01:17:40.255868
SL-CASE-0363,5,Agrarian Services Clearance Requested,Agrarian,Clearance_Officer_11,2023-02-20T22:28:32.454426
SL-CASE-0363,6,Agrarian Services Clearance Issued,Agrarian,Clearance_Officer_10,2023-02-24T22:11:51.717040
SL-CASE-0363,7,PLC/DLC Review,PLC_DLC,PLC_Officer_4,2023-03-02T09:02:40.685994
SL-CASE-0363,8,PLC/DLC Recommendation,PLC_DLC,PLC_Officer_4,2023-03-06T07:10:40.585237
SL-CASE-0363,9,LCGD Case Intake,LCGD,LCGD_Officer_4,2023-03-10T16:45:00.499037
SL-CASE-0363,10,LCGD Review,LCGD,LCGD_Officer_1,2023-03-12T15:02:18.076531
SL-CASE-0363,11,LCGD Lease Decision,LCGD,LCGD_Officer_2,2023-03-19T17:53:07.289058
SL-CASE-0363,12,DS Final Notification,DS,DS_Officer_1,2023-03-22T01:59:22.643366
SL-CASE-0364,1,DS Application Received,DS,DS_Officer_5,2023-09-16T17:09:55.964870
SL-CASE-0364,2,DS Initial Review,DS,DS_Officer_8,2023-09-18T10:48:07.983115
SL-CASE-0364,3,Survey Clearance Requested,Survey,Clearance_Officer_7,2023-09-19T00:03:14.027975
SL-CASE-0364,4,Survey Clearance Issued,Survey,Clearance_Officer_12,2023-10-04T09:26:10.936895
SL-CASE-0364,5,Environmental Clearance Requested,Environmental,Clearance_Officer_9,2023-10-05T00:24:24.176213
SL-CASE-0364,6,Environmental Clearance Issued,Environmental,Clearance_Officer_10,2023-10-23T13:30:06.261264
SL-CASE-0364,7,Irrigation Dept Clearance Requested,Irrigation,Clearance_Officer_10,2023-10-24T04:41:14.138297
SL-CASE-0364,8,Irrigation Dept Clearance Issued,Irrigation,Clearance_Officer_6,2023-10-27T19:16:52.203224
SL-CASE-0364,9,DS Field Report Requested,DS,Clearance_Officer_8,2023-10-27T23:16:58.428664
SL-CASE-0364,10,DS Field Report Issued,DS,Clearance_Officer_9,2023-11-16T11:59:10.498458
SL-CASE-0364,11,PLC/DLC Review,PLC_DLC,PLC_Officer_6,2023-11-21T21:51:42.112411
SL-CASE-0364,12,PLC/DLC Recommendation,PLC_DLC,PLC_Officer_6,2023-11-22T11:02:10.378156
SL-CASE-0364,13,LCGD Case Intake,LCGD,LCGD_Officer_3,2023-11-24T16:52:38.026771
SL-CASE-0364,14,LCGD Review,LCGD,LCGD_Officer_2,2023-12-07T22:47:37.462749
SL-CASE-0364,15,Higher Approval Requested,Ministry,LCGD_Officer_3,2023-12-09T16:28:53.852929
SL-CASE-0364,16,Higher Approval Granted,Ministry,LCGD_Officer_2,2024-01-15T10:32:39.969187
SL-CASE-0364,17,LCGD Lease Decision,LCGD,LCGD_Officer_3,2024-01-19T02:05:47.501987
SL-CASE-0364,18,Registration Requested,Registry,Registry_Officer_3,2024-01-20T05:58:01.322316
SL-CASE-0364,19,Registration Completed,Registry,Registry_Officer_4,2024-01-31T02:01:31.285968
SL-CASE-0364,20,DS Final Notification,DS,DS_Officer_7,2024-01-31T23:31:18.864188
SL-CASE-0365,1,DS Application Received,DS,DS_Officer_8,2024-04-13T19:06:38.180974
SL-CASE-0365,2,DS Initial Review,DS,DS_Officer_3,2024-04-15T00:42:27.226674
SL-CASE-0365,3,Survey Clearance Requested,Survey,Clearance_Officer_12,2024-04-15T05:17:10.319350
SL-CASE-0365,4,Survey Clearance Issued,Survey,Clearance_Officer_11,2024-05-02T20:48:31.052042
SL-CASE-0365,5,Environmental Clearance Requested,Environmental,Clearance_Officer_10,2024-05-03T04:14:35.600775
SL-CASE-0365,6,Environmental Clearance Issued,Environmental,Clearance_Officer_6,2024-05-19T04:27:29.355442
SL-CASE-0365,7,DS Field Report Requested,DS,Clearance_Officer_11,2024-05-19T10:29:09.119872
SL-CASE-0365,8,DS Field Report Issued,DS,Clearance_Officer_6,2024-06-04T19:39:11.529281
SL-CASE-0365,9,PLC/DLC Review,PLC_DLC,PLC_Officer_4,2024-06-07T15:39:27.763547
SL-CASE-0365,10,PLC/DLC Recommendation,PLC_DLC,PLC_Officer_5,2024-06-11T07:24:01.574535
SL-CASE-0365,11,LCGD Case Intake,LCGD,LCGD_Officer_3,2024-06-14T19:01:00.467236
SL-CASE-0365,12,LCGD Review,LCGD,LCGD_Officer_1,2024-06-17T20:11:13.231554
SL-CASE-0365,13,LCGD Lease Decision,LCGD,LCGD_Officer_4,2024-06-20T13:16:49.300411
SL-CASE-0365,14,Registration Requested,Registry,Registry_Officer_4,2024-06-24T15:58:31.502698
SL-CASE-0365,15,Registration Completed,Registry,Registry_Officer_2,2024-06-25T17:27:54.729139
SL-CASE-0365,16,DS Final Notification,DS,DS_Officer_5,2024-06-28T04:18:16.507623
SL-CASE-0366,1,DS Application Received,DS,DS_Officer_8,2024-10-11T12:23:31.785514
SL-CASE-0366,2,DS Initial Review,DS,DS_Officer_8,2024-10-12T18:35:02.834586
SL-CASE-0366,3,Survey Clearance Requested,Survey,Clearance_Officer_6,2024-10-13T06:12:06.875162
SL-CASE-0366,4,Survey Clearance Issued,Survey,Clearance_Officer_3,2024-10-16T12:40:07.415573
SL-CASE-0366,5,Environmental Clearance Requested,Environmental,Clearance_Officer_1,2024-10-16T17:22:22.410043
SL-CASE-0366,6,Environmental Clearance Issued,Environmental,Clearance_Officer_2,2024-10-18T12:05:04.834669
SL-CASE-0366,7,Irrigation Dept Clearance Requested,Irrigation,Clearance_Officer_9,2024-10-18T20:11:11.431604
SL-CASE-0366,8,Irrigation Dept Clearance Issued,Irrigation,Clearance_Officer_3,2024-10-30T00:14:52.911966
SL-CASE-0366,9,DS Field Report Requested,DS,Clearance_Officer_12,2024-10-30T19:29:35.466506
SL-CASE-0366,10,DS Field Report Issued,DS,Clearance_Officer_4,2024-11-13T20:38:22.029868
SL-CASE-0366,11,PLC/DLC Review,PLC_DLC,PLC_Officer_6,2024-11-14T17:44:42.634341
SL-CASE-0366,12,PLC/DLC Recommendation,PLC_DLC,PLC_Officer_1,2024-11-17T16:20:01.870451
SL-CASE-0366,13,LCGD Case Intake,LCGD,LCGD_Officer_3,2024-11-18T21:43:02.104543
SL-CASE-0366,14,LCGD Review,LCGD,LCGD_Officer_2,2024-11-23T21:12:16.033215
SL-CASE-0366,15,Higher Approval Requested,Ministry,LCGD_Officer_3,2024-11-25T05:28:48.444573
SL-CASE-0366,16,Higher Approval Granted,Ministry,LCGD_Officer_3,2025-01-01T16:52:31.500013
SL-CASE-0366,17,LCGD Lease Decision,LCGD,LCGD_Officer_2,2025-01-10T03:36:54.460083
SL-CASE-0366,18,DS Final Notification,DS,DS_Officer_6,2025-01-10T07:13:18.884653
SL-CASE-0367,1,DS Application Received,DS,DS_Officer_5,2024-06-17T16:43:43.778320
SL-CASE-0367,2,DS Initial Review,DS,DS_Officer_2,2024-06-19T08:20:56.551173
SL-CASE-0367,3,Survey Clearance Requested,Survey,Clearance_Officer_7,2024-06-19T12:27:14.696924
SL-CASE-0367,4,Survey Clearance Issued,Survey,Clearance_Officer_8,2024-06-24T17:13:04.771577
SL-CASE-0367,5,Environmental Clearance Requested,Environmental,Clearance_Officer_3,2024-06-25T08:37:45.662294
SL-CASE-0367,6,Environmental Clearance Issued,Environmental,Clearance_Officer_5,2024-07-13T19:03:59.737588
SL-CASE-0367,7,DS Field Report Requested,DS,Clearance_Officer_4,2024-07-13T23:25:44.780816
SL-CASE-0367,8,DS Field Report Issued,DS,Clearance_Officer_7,2024-07-27T17:28:43.654027
SL-CASE-0367,9,PLC/DLC Review,PLC_DLC,PLC_Officer_5,2024-08-02T17:38:10.172413
SL-CASE-0367,10,PLC/DLC Recommendation,PLC_DLC,PLC_Officer_4,2024-08-07T00:29:21.721449
SL-CASE-0367,11,LCGD Case Intake,LCGD,LCGD_Officer_1,2024-08-08T21:46:40.316345
SL-CASE-0367,12,LCGD Review,LCGD,LCGD_Officer_4,2024-08-21T18:27:52.876488
SL-CASE-0367,13,Higher Approval Requested,Ministry,LCGD_Officer_4,2024-08-25T09:40:52.101300
SL-CASE-0367,14,Higher Approval Granted,Ministry,LCGD_Officer_4,2024-09-04T16:00:17.957054
SL-CASE-0367,15,LCGD Lease Decision,LCGD,LCGD_Officer_4,2024-09-13T05:02:31.924970
SL-CASE-0367,16,Registration Requested,Registry,Registry_Officer_3,2024-09-13T13:40:02.037347
SL-CASE-0367,17,Registration Completed,Registry,Registry_Officer_4,2024-09-18T11:12:21.419146
SL-CASE-0367,18,DS Final Notification,DS,DS_Officer_6,2024-09-19T19:46:17.292104
SL-CASE-0368,1,DS Application Received,DS,DS_Officer_7,2023-08-14T12:08:46.250795
SL-CASE-0368,2,DS Initial Review,DS,DS_Officer_7,2023-08-14T23:33:17.904495
SL-CASE-0368,3,Survey Clearance Requested,Survey,Clearance_Officer_6,2023-08-15T06:06:42.672614
SL-CASE-0368,4,Survey Clearance Issued,Survey,Clearance_Officer_5,2023-08-22T23:12:03.300466
SL-CASE-0368,5,Environmental Clearance Requested,Environmental,Clearance_Officer_5,2023-08-23T06:40:25.540753
SL-CASE-0368,6,Environmental Clearance Issued,Environmental,Clearance_Officer_7,2023-09-10T08:22:05.335557
SL-CASE-0368,7,Irrigation Dept Clearance Requested,Irrigation,Clearance_Officer_8,2023-09-10T23:34:39.837930
SL-CASE-0368,8,Irrigation Dept Clearance Issued,Irrigation,Clearance_Officer_11,2023-09-30T05:38:11.214751
SL-CASE-0368,9,DS Field Report Requested,DS,Clearance_Officer_4,2023-10-01T04:12:44.244757
SL-CASE-0368,10,DS Field Report Issued,DS,Clearance_Officer_2,2023-10-14T10:32:59.707248
SL-CASE-0368,11,PLC/DLC Review,PLC_DLC,PLC_Officer_1,2023-10-19T05:39:43.065634
SL-CASE-0368,12,PLC/DLC Recommendation,PLC_DLC,PLC_Officer_3,2023-10-21T07:59:35.263745
SL-CASE-0368,13,LCGD Case Intake,LCGD,LCGD_Officer_1,2023-10-24T04:04:42.017139
SL-CASE-0368,14,LCGD Review,LCGD,LCGD_Officer_4,2023-11-01T01:02:24.175269
SL-CASE-0368,15,Higher Approval Requested,Ministry,LCGD_Officer_1,2023-11-05T14:41:14.944960
SL-CASE-0368,16,Higher Approval Granted,Ministry,LCGD_Officer_3,2023-11-25T22:04:18.676156
SL-CASE-0368,17,LCGD Lease Decision,LCGD,LCGD_Officer_3,2023-11-28T09:33:14.954943
SL-CASE-0368,18,Registration Requested,Registry,Registry_Officer_3,2023-12-02T23:28:35.038904
SL-CASE-0368,19,Registration Completed,Registry,Registry_Officer_2,2023-12-13T01:41:11.119510
SL-CASE-0368,20,DS Final Notification,DS,DS_Officer_4,2023-12-13T19:01:33.586419
SL-CASE-0369,1,DS Application Received,DS,DS_Officer_1,2024-08-15T04:33:12.325567
SL-CASE-0369,2,DS Initial Review,DS,DS_Officer_5,2024-08-15T19:34:14.278788
SL-CASE-0369,3,Survey Clearance Requested,Survey,Clearance_Officer_5,2024-08-16T07:32:19.864637
SL-CASE-0369,4,Survey Clearance Issued,Survey,Clearance_Officer_7,2024-08-20T00:07:26.302282
SL-CASE-0369,5,Environmental Clearance Requested,Environmental,Clearance_Officer_3,2024-08-20T08:15:04.568345
SL-CASE-0369,6,Environmental Clearance Issued,Environmental,Clearance_Officer_5,2024-08-25T16:42:56.524266
SL-CASE-0369,7,Irrigation Dept Clearance Requested,Irrigation,Clearance_Officer_2,2024-08-25T22:22:53.524969
SL-CASE-0369,8,Irrigation Dept Clearance Issued,Irrigation,Clearance_Officer_2,2024-08-31T08:05:22.071718
SL-CASE-0369,9,DS Field Report Requested,DS,Clearance_Officer_10,2024-08-31T23:45:00.887948
SL-CASE-0369,10,DS Field Report Issued,DS,Clearance_Officer_12,2024-09-14T10:15:28.219365
SL-CASE-0369,11,PLC/DLC Review,PLC_DLC,PLC_Officer_5,2024-09-16T14:22:22.995569
SL-CASE-0369,12,PLC/DLC Recommendation,PLC_DLC,PLC_Officer_4,2024-09-19T01:58:52.923941
SL-CASE-0369,13,LCGD Case Intake,LCGD,LCGD_Officer_2,2024-09-25T09:35:21.121613
SL-CASE-0369,14,LCGD Review,LCGD,LCGD_Officer_2,2024-09-26T15:21:44.241752
SL-CASE-0369,15,LCGD Lease Decision,LCGD,LCGD_Officer_1,2024-10-02T18:22:43.408406
SL-CASE-0369,16,Registration Requested,Registry,Registry_Officer_1,2024-10-03T08:03:37.023478
SL-CASE-0369,17,Registration Completed,Registry,Registry_Officer_2,2024-10-09T10:44:39.866759
SL-CASE-0369,18,DS Final Notification,DS,DS_Officer_8,2024-10-11T02:07:16.104630
SL-CASE-0370,1,DS Application Received,DS,DS_Officer_5,2024-01-23T10:06:46.729800
SL-CASE-0370,2,DS Initial Review,DS,DS_Officer_1,2024-01-24T12:41:44.881788
SL-CASE-0370,3,Survey Clearance Requested,Survey,Clearance_Officer_1,2024-01-25T01:42:57.198303
SL-CASE-0370,4,Survey Clearance Issued,Survey,Clearance_Officer_3,2024-02-02T13:17:28.596376
SL-CASE-0370,5,Agrarian Services Clearance Requested,Agrarian,Clearance_Officer_3,2024-02-02T16:21:17.478131
SL-CASE-0370,6,Agrarian Services Clearance Issued,Agrarian,Clearance_Officer_4,2024-02-19T18:22:32.804761
SL-CASE-0370,7,PLC/DLC Review,PLC_DLC,PLC_Officer_3,2024-02-28T10:50:26.553688
SL-CASE-0370,8,PLC/DLC Recommendation,PLC_DLC,PLC_Officer_3,2024-03-02T10:15:40.545752
SL-CASE-0370,9,LCGD Case Intake,LCGD,LCGD_Officer_4,2024-03-05T22:23:47.313965
SL-CASE-0370,10,LCGD Review,LCGD,LCGD_Officer_1,2024-03-09T09:14:42.712631
SL-CASE-0370,11,LCGD Lease Decision,LCGD,LCGD_Officer_2,2024-03-16T14:11:15.884546
SL-CASE-0370,12,Registration Requested,Registry,Registry_Officer_1,2024-03-19T21:09:47.748099
SL-CASE-0370,13,Registration Completed,Registry,Registry_Officer_4,2024-03-22T03:44:56.476584
SL-CASE-0370,14,DS Final Notification,DS,DS_Officer_5,2024-03-22T15:15:44.348222
SL-CASE-0371,1,DS Application Received,DS,DS_Officer_7,2023-11-19T14:33:15.141075
SL-CASE-0371,2,DS Initial Review,DS,DS_Officer_7,2023-11-21T03:37:33.532943
SL-CASE-0371,3,Survey Clearance Requested,Survey,Clearance_Officer_8,2023-11-21T09:17:51.658714
SL-CASE-0371,4,Survey Clearance Issued,Survey,Clearance_Officer_1,2023-11-24T18:51:46.983690
SL-CASE-0371,5,Environmental Clearance Requested,Environmental,Clearance_Officer_10,2023-11-25T01:24:52.910278
SL-CASE-0371,6,Environmental Clearance Issued,Environmental,Clearance_Officer_5,2023-12-14T23:00:16.382314
SL-CASE-0371,7,Irrigation Dept Clearance Requested,Irrigation,Clearance_Officer_7,2023-12-15T03:32:46.848964
SL-CASE-0371,8,Irrigation Dept Clearance Issued,Irrigation,Clearance_Officer_5,2023-12-23T09:59:57.505751
SL-CASE-0371,9,DS Field Report Requested,DS,Clearance_Officer_6,2023-12-23T20:13:08.480299
SL-CASE-0371,10,DS Field Report Issued,DS,Clearance_Officer_1,2024-01-03T02:23:31.446802
SL-CASE-0371,11,PLC/DLC Review,PLC_DLC,PLC_Officer_6,2024-01-05T15:32:31.656339
SL-CASE-0371,12,PLC/DLC Recommendation,PLC_DLC,PLC_Officer_4,2024-01-09T11:04:54.271827
SL-CASE-0371,13,LCGD Case Intake,LCGD,LCGD_Officer_2,2024-01-15T14:03:09.007357
SL-CASE-0371,14,LCGD Review,LCGD,LCGD_Officer_3,2024-01-25T16:08:25.675249
SL-CASE-0371,15,Higher Approval Requested,Ministry,LCGD_Officer_2,2024-01-27T19:19:32.135950
SL-CASE-0371,16,Higher Approval Granted,Ministry,LCGD_Officer_2,2024-02-02T09:04:59.342037
SL-CASE-0371,17,LCGD Lease Decision,LCGD,LCGD_Officer_3,2024-02-11T10:32:25.622512
SL-CASE-0371,18,Registration Requested,Registry,Registry_Officer_4,2024-02-14T00:01:58.424524
SL-CASE-0371,19,Registration Completed,Registry,Registry_Officer_3,2024-02-28T13:06:39.105363
SL-CASE-0371,20,DS Final Notification,DS,DS_Officer_8,2024-03-02T04:52:39.731610
SL-CASE-0372,1,DS Application Received,DS,DS_Officer_7,2023-04-02T07:53:13.959133
SL-CASE-0372,2,DS Initial Review,DS,DS_Officer_7,2023-04-04T02:55:02.129209
SL-CASE-0372,3,Survey Clearance Requested,Survey,Clearance_Officer_5,2023-04-04T06:38:09.508594
SL-CASE-0372,4,Survey Clearance Issued,Survey,Clearance_Officer_9,2023-04-12T00:24:47.137956
SL-CASE-0372,5,DS Field Report Requested,DS,Clearance_Officer_1,2023-04-12T14:32:54.390634
SL-CASE-0372,6,DS Field Report Issued,DS,Clearance_Officer_8,2023-05-01T08:26:31.327829
SL-CASE-0372,7,PLC/DLC Review,PLC_DLC,PLC_Officer_3,2023-05-02T11:53:25.171161
SL-CASE-0372,8,PLC/DLC Recommendation,PLC_DLC,PLC_Officer_5,2023-05-03T15:56:49.076643
SL-CASE-0372,9,LCGD Case Intake,LCGD,LCGD_Officer_1,2023-05-05T05:50:04.010986
SL-CASE-0372,10,LCGD Review,LCGD,LCGD_Officer_3,2023-05-08T06:52:11.859071
SL-CASE-0372,11,LCGD Lease Decision,LCGD,LCGD_Officer_2,2023-05-09T02:53:00.636162
SL-CASE-0372,12,Registration Requested,Registry,Registry_Officer_3,2023-05-12T08:46:49.454092
SL-CASE-0372,13,Registration Completed,Registry,Registry_Officer_4,2023-05-13T19:47:17.427291
SL-CASE-0372,14,DS Final Notification,DS,DS_Officer_8,2023-05-14T21:10:15.741867
SL-CASE-0373,1,DS Application Received,DS,DS_Officer_1,2023-08-31T21:19:39.333364
SL-CASE-0373,2,DS Initial Review,DS,DS_Officer_2,2023-09-02T06:38:44.424029
SL-CASE-0373,3,Survey Clearance Requested,Survey,Clearance_Officer_3,2023-09-03T06:36:57.070847
SL-CASE-0373,4,Survey Clearance Issued,Survey,Clearance_Officer_7,2023-09-22T00:02:23.821771
SL-CASE-0373,5,Agrarian Services Clearance Requested,Agrarian,Clearance_Officer_12,2023-09-22T09:18:11.865084
SL-CASE-0373,6,Agrarian Services Clearance Issued,Agrarian,Clearance_Officer_12,2023-10-01T17:52:48.437031
SL-CASE-0373,7,PLC/DLC Review,PLC_DLC,PLC_Officer_2,2023-10-08T06:42:24.446341
SL-CASE-0373,8,PLC/DLC Recommendation,PLC_DLC,PLC_Officer_2,2023-10-09T04:55:07.939950
SL-CASE-0373,9,LCGD Case Intake,LCGD,LCGD_Officer_4,2023-10-10T07:27:23.220279
SL-CASE-0373,10,LCGD Review,LCGD,LCGD_Officer_2,2023-10-15T04:06:42.306485
SL-CASE-0373,11,Higher Approval Requested,Ministry,LCGD_Officer_3,2023-10-15T14:53:14.639519
SL-CASE-0373,12,Higher Approval Granted,Ministry,LCGD_Officer_2,2023-10-21T01:03:49.592448
SL-CASE-0373,13,LCGD Lease Decision,LCGD,LCGD_Officer_2,2023-10-23T04:34:30.871267
SL-CASE-0373,14,DS Final Notification,DS,DS_Officer_3,2023-10-24T11:48:23.312375
SL-CASE-0374,1,DS Application Received,DS,DS_Officer_4,2023-10-26T21:41:13.538858
SL-CASE-0374,2,DS Initial Review,DS,DS_Officer_3,2023-10-27T22:17:33.306724
SL-CASE-0374,3,Survey Clearance Requested,Survey,Clearance_Officer_8,2023-10-28T20:38:19.192028
SL-CASE-0374,4,Survey Clearance Issued,Survey,Clearance_Officer_11,2023-11-01T00:43:50.681639
SL-CASE-0374,5,Agrarian Services Clearance Requested,Agrarian,Clearance_Officer_6,2023-11-01T12:50:31.499095
SL-CASE-0374,6,Agrarian Services Clearance Issued,Agrarian,Clearance_Officer_6,2023-11-14T06:06:07.677265
SL-CASE-0374,7,PLC/DLC Review,PLC_DLC,PLC_Officer_3,2023-11-22T20:02:15.093880
SL-CASE-0374,8,PLC/DLC Recommendation,PLC_DLC,PLC_Officer_5,2023-11-25T19:49:13.728030
SL-CASE-0374,9,LCGD Case Intake,LCGD,LCGD_Officer_3,2023-12-02T02:31:51.770310
SL-CASE-0374,10,LCGD Review,LCGD,LCGD_Officer_3,2023-12-11T22:43:23.833435
SL-CASE-0374,11,Higher Approval Requested,Ministry,LCGD_Officer_3,2023-12-14T16:46:05.270814
SL-CASE-0374,12,Higher Approval Granted,Ministry,LCGD_Officer_2,2024-01-16T21:58:00.686845
SL-CASE-0374,13,LCGD Lease Decision,LCGD,LCGD_Officer_1,2024-01-19T08:53:50.636319
SL-CASE-0374,14,DS Final Notification,DS,DS_Officer_5,2024-01-20T17:16:06.724662
SL-CASE-0375,1,DS Application Received,DS,DS_Officer_4,2023-08-18T18:37:44.517598
SL-CASE-0375,2,DS Initial Review,DS,DS_Officer_4,2023-08-20T11:47:11.447601
SL-CASE-0375,3,Survey Clearance Requested,Survey,Clearance_Officer_4,2023-08-21T09:09:46.543129
SL-CASE-0375,4,Survey Clearance Issued,Survey,Clearance_Officer_3,2023-08-31T04:54:19.526975
SL-CASE-0375,5,Agrarian Services Clearance Requested,Agrarian,Clearance_Officer_12,2023-09-01T03:16:42.816254
SL-CASE-0375,6,Agrarian Services Clearance Issued,Agrarian,Clearance_Officer_6,2023-09-12T10:31:33.556160
SL-CASE-0375,7,PLC/DLC Review,PLC_DLC,PLC_Officer_4,2023-09-16T20:36:32.592781
SL-CASE-0375,8,PLC/DLC Recommendation,PLC_DLC,PLC_Officer_3,2023-09-19T02:24:29.836816
SL-CASE-0375,9,LCGD Case Intake,LCGD,LCGD_Officer_2,2023-09-21T13:03:55.708799
SL-CASE-0375,10,LCGD Review,LCGD,LCGD_Officer_4,2023-09-24T19:38:49.755762
SL-CASE-0375,11,LCGD Lease Decision,LCGD,LCGD_Officer_1,2023-10-04T07:35:39.100624
SL-CASE-0375,12,Registration Requested,Registry,Registry_Officer_1,2023-10-08T05:56:25.163893
SL-CASE-0375,13,Registration Completed,Registry,Registry_Officer_4,2023-10-17T12:35:04.578848
SL-CASE-0375,14,DS Final Notification,DS,DS_Officer_8,2023-10-18T01:22:04.156366
SL-CASE-0376,1,DS Application Received,DS,DS_Officer_4,2024-11-15T21:13:02.967421
SL-CASE-0376,2,DS Initial Review,DS,DS_Officer_4,2024-11-16T19:03:05.290650
SL-CASE-0376,3,Survey Clearance Requested,Survey,Clearance_Officer_10,2024-11-17T03:21:13.523877
SL-CASE-0376,4,Survey Clearance Issued,Survey,Clearance_Officer_6,2024-12-03T10:13:09.170230
SL-CASE-0376,5,Agrarian Services Clearance Requested,Agrarian,Clearance_Officer_6,2024-12-03T15:43:17.176655
SL-CASE-0376,6,Agrarian Services Clearance Issued,Agrarian,Clearance_Officer_2,2024-12-15T22:19:58.198334
SL-CASE-0376,7,PLC/DLC Review,PLC_DLC,PLC_Officer_1,2024-12-17T09:16:59.789236
SL-CASE-0376,8,PLC/DLC Recommendation,PLC_DLC,PLC_Officer_1,2024-12-21T10:02:57.929176
SL-CASE-0376,9,LCGD Case Intake,LCGD,LCGD_Officer_4,2024-12-22T21:27:23.902216
SL-CASE-0376,10,LCGD Review,LCGD,LCGD_Officer_1,2024-12-30T18:59:11.496489
SL-CASE-0376,11,LCGD Lease Decision,LCGD,LCGD_Officer_2,2025-01-09T03:37:48.364898
SL-CASE-0376,12,DS Final Notification,DS,DS_Officer_1,2025-01-12T03:03:31.357175
SL-CASE-0377,1,DS Application Received,DS,DS_Officer_2,2023-11-26T21:00:40.606192
SL-CASE-0377,2,DS Initial Review,DS,DS_Officer_5,2023-11-27T02:47:24.691546
SL-CASE-0377,3,Survey Clearance Requested,Survey,Clearance_Officer_1,2023-11-27T12:03:11.917259
SL-CASE-0377,4,Survey Clearance Issued,Survey,Clearance_Officer_2,2023-12-17T10:22:23.500788
SL-CASE-0377,5,DS Field Report Requested,DS,Clearance_Officer_10,2023-12-18T10:06:47.726527
SL-CASE-0377,6,DS Field Report Issued,DS,Clearance_Officer_4,2023-12-19T10:12:37.576237
SL-CASE-0377,7,PLC/DLC Review,PLC_DLC,PLC_Officer_4,2023-12-27T10:13:34.211047
SL-CASE-0377,8,PLC/DLC Recommendation,PLC_DLC,PLC_Officer_4,2023-12-31T14:11:02.165449
SL-CASE-0377,9,LCGD Case Intake,LCGD,LCGD_Officer_3,2024-01-01T18:57:35.770834
SL-CASE-0377,10,LCGD Review,LCGD,LCGD_Officer_1,2024-01-11T09:44:46.049620
SL-CASE-0377,11,LCGD Lease Decision,LCGD,LCGD_Officer_3,2024-01-19T18:23:16.236603
SL-CASE-0377,12,DS Final Notification,DS,DS_Officer_8,2024-01-20T06:05:27.469505
SL-CASE-0378,1,DS Application Received,DS,DS_Officer_3,2024-02-29T08:17:42.800581
SL-CASE-0378,2,DS Initial Review,DS,DS_Officer_8,2024-03-01T18:52:16.349980
SL-CASE-0378,3,Survey Clearance Requested,Survey,Clearance_Officer_9,2024-03-02T04:45:49.502241
SL-CASE-0378,4,Survey Clearance Issued,Survey,Clearance_Officer_11,2024-03-09T00:28:53.704999
SL-CASE-0378,5,Agrarian Services Clearance Requested,Agrarian,Clearance_Officer_7,2024-03-09T18:00:21.773345
SL-CASE-0378,6,Agrarian Services Clearance Issued,Agrarian,Clearance_Officer_4,2024-03-18T16:36:00.665304
SL-CASE-0378,7,PLC/DLC Review,PLC_DLC,PLC_Officer_3,2024-03-26T17:41:27.226732
SL-CASE-0378,8,PLC/DLC Recommendation,PLC_DLC,PLC_Officer_2,2024-03-30T03:38:38.428432
SL-CASE-0378,9,LCGD Case Intake,LCGD,LCGD_Officer_2,2024-04-01T05:11:25.034810
SL-CASE-0378,10,LCGD Review,LCGD,LCGD_Officer_1,2024-04-12T01:28:37.624023
SL-CASE-0378,11,LCGD Lease Decision,LCGD,LCGD_Officer_1,2024-04-13T02:04:08.937394
SL-CASE-0378,12,Registration Requested,Registry,Registry_Officer_4,2024-04-14T00:54:16.797275
SL-CASE-0378,13,Registration Completed,Registry,Registry_Officer_1,2024-04-17T10:24:38.550958
SL-CASE-0378,14,DS Final Notification,DS,DS_Officer_6,2024-04-18T08:11:02.316773
SL-CASE-0379,1,DS Application Received,DS,DS_Officer_5,2024-04-26T11:15:08.354500
SL-CASE-0379,2,DS Initial Review,DS,DS_Officer_4,2024-04-28T08:29:58.248344
SL-CASE-0379,3,Survey Clearance Requested,Survey,Clearance_Officer_11,2024-04-29T06:12:08.947698
SL-CASE-0379,4,Survey Clearance Issued,Survey,Clearance_Officer_3,2024-04-30T21:37:54.337132
SL-CASE-0379,5,Environmental Clearance Requested,Environmental,Clearance_Officer_6,2024-05-01T08:13:45.243999
SL-CASE-0379,6,Environmental Clearance Issued,Environmental,Clearance_Officer_1,2024-05-03T14:21:01.707166
SL-CASE-0379,7,DS Field Report Requested,DS,Clearance_Officer_5,2024-05-04T10:51:18.518253
SL-CASE-0379,8,DS Field Report Issued,DS,Clearance_Officer_8,2024-05-12T20:29:38.686212
SL-CASE-0379,9,PLC/DLC Review,PLC_DLC,PLC_Officer_4,2024-05-17T18:10:22.725744
SL-CASE-0379,10,PLC/DLC Recommendation,PLC_DLC,PLC_Officer_3,2024-05-21T17:31:03.376558
SL-CASE-0379,11,LCGD Case Intake,LCGD,LCGD_Officer_3,2024-05-25T03:39:25.613886
SL-CASE-0379,12,LCGD Review,LCGD,LCGD_Officer_4,2024-06-05T14:04:17.821733
SL-CASE-0379,13,LCGD Lease Decision,LCGD,LCGD_Officer_2,2024-06-12T06:08:18.037520
SL-CASE-0379,14,Registration Requested,Registry,Registry_Officer_2,2024-06-12T12:59:10.881394
SL-CASE-0379,15,Registration Completed,Registry,Registry_Officer_4,2024-07-01T16:08:32.643311
SL-CASE-0379,16,DS Final Notification,DS,DS_Officer_6,2024-07-02T00:40:03.159338
SL-CASE-0380,1,DS Application Received,DS,DS_Officer_6,2023-04-14T18:45:37.186952
SL-CASE-0380,2,DS Initial Review,DS,DS_Officer_6,2023-04-16T06:03:37.437489
SL-CASE-0380,3,Survey Clearance Requested,Survey,Clearance_Officer_2,2023-04-16T15:28:42.079018
SL-CASE-0380,4,Survey Clearance Issued,Survey,Clearance_Officer_9,2023-04-26T19:38:03.876704
SL-CASE-0380,5,Environmental Clearance Requested,Environmental,Clearance_Officer_3,2023-04-27T02:04:19.564386
SL-CASE-0380,6,Environmental Clearance Issued,Environmental,Clearance_Officer_11,2023-05-04T09:42:00.981108
SL-CASE-0380,7,DS Field Report Requested,DS,Clearance_Officer_12,2023-05-05T06:34:16.688587
SL-CASE-0380,8,DS Field Report Issued,DS,Clearance_Officer_9,2023-05-15T20:50:33.727764
SL-CASE-0380,9,PLC/DLC Review,PLC_DLC,PLC_Officer_5,2023-05-20T01:55:12.237159
SL-CASE-0380,10,PLC/DLC Recommendation,PLC_DLC,PLC_Officer_5,2023-05-25T01:11:38.427996
SL-CASE-0380,11,LCGD Case Intake,LCGD,LCGD_Officer_2,2023-05-31T13:44:24.760991
SL-CASE-0380,12,LCGD Review,LCGD,LCGD_Officer_1,2023-06-07T15:52:45.356536
SL-CASE-0380,13,LCGD Lease Decision,LCGD,LCGD_Officer_3,2023-06-12T08:20:17.342952
SL-CASE-0380,14,Registration Requested,Registry,Registry_Officer_4,2023-06-15T03:45:37.683385
SL-CASE-0380,15,Registration Completed,Registry,Registry_Officer_3,2023-06-17T00:03:31.307327
SL-CASE-0380,16,DS Final Notification,DS,DS_Officer_2,2023-06-17T03:18:45.862563
SL-CASE-0381,1,DS Application Received,DS,DS_Officer_1,2023-11-29T05:40:41.388053
SL-CASE-0381,2,DS Initial Review,DS,DS_Officer_5,2023-11-30T21:36:52.412861
SL-CASE-0381,3,Survey Clearance Requested,Survey,Clearance_Officer_1,2023-12-01T08:18:01.569074
SL-CASE-0381,4,Survey Clearance Issued,Survey,Clearance_Officer_1,2023-12-12T10:19:08.979652
SL-CASE-0381,5,Environmental Clearance Requested,Environmental,Clearance_Officer_8,2023-12-12T17:11:55.613933
SL-CASE-0381,6,Environmental Clearance Issued,Environmental,Clearance_Officer_1,2023-12-18T06:10:25.130068
SL-CASE-0381,7,Irrigation Dept Clearance Requested,Irrigation,Clearance_Officer_2,2023-12-18T17:38:01.982157
SL-CASE-0381,8,Irrigation Dept Clearance Issued,Irrigation,Clearance_Officer_5,2024-01-03T23:31:27.339043
SL-CASE-0381,9,DS Field Report Requested,DS,Clearance_Officer_9,2024-01-04T13:17:59.743824
SL-CASE-0381,10,DS Field Report Issued,DS,Clearance_Officer_1,2024-01-23T09:54:07.334080
SL-CASE-0381,11,PLC/DLC Review,PLC_DLC,PLC_Officer_6,2024-01-28T16:18:05.243642
SL-CASE-0381,12,PLC/DLC Recommendation,PLC_DLC,PLC_Officer_6,2024-02-01T16:53:21.281180
SL-CASE-0381,13,LCGD Case Intake,LCGD,LCGD_Officer_1,2024-02-07T07:48:58.619311
SL-CASE-0381,14,LCGD Review,LCGD,LCGD_Officer_2,2024-02-15T06:41:09.042089
SL-CASE-0381,15,Higher Approval Requested,Ministry,LCGD_Officer_3,2024-02-18T01:34:19.582106
SL-CASE-0381,16,Higher Approval Granted,Ministry,LCGD_Officer_2,2024-03-21T08:29:56.174625
SL-CASE-0381,17,LCGD Lease Decision,LCGD,LCGD_Officer_4,2024-03-30T15:05:46.173759
SL-CASE-0381,18,Registration Requested,Registry,Registry_Officer_3,2024-04-02T13:01:19.908529
SL-CASE-0381,19,Registration Completed,Registry,Registry_Officer_2,2024-04-06T21:50:31.704026
SL-CASE-0381,20,DS Final Notification,DS,DS_Officer_7,2024-04-07T00:50:12.965308
SL-CASE-0382,1,DS Application Received,DS,DS_Officer_5,2023-02-25T19:09:23.067522
SL-CASE-0382,2,DS Initial Review,DS,DS_Officer_7,2023-02-26T17:26:30.250018
SL-CASE-0382,3,Survey Clearance Requested,Survey,Clearance_Officer_3,2023-02-26T23:55:54.441563
SL-CASE-0382,4,Survey Clearance Issued,Survey,Clearance_Officer_5,2023-03-06T20:44:37.313941
SL-CASE-0382,5,Environmental Clearance Requested,Environmental,Clearance_Officer_9,2023-03-07T05:33:09.113931
SL-CASE-0382,6,Environmental Clearance Issued,Environmental,Clearance_Officer_11,2023-03-21T08:54:09.895135
SL-CASE-0382,7,DS Field Report Requested,DS,Clearance_Officer_3,2023-03-21T12:24:42.204909
SL-CASE-0382,8,DS Field Report Issued,DS,Clearance_Officer_1,2023-04-08T02:36:02.060978
SL-CASE-0382,9,PLC/DLC Review,PLC_DLC,PLC_Officer_1,2023-04-17T16:01:05.063692
SL-CASE-0382,10,PLC/DLC Recommendation,PLC_DLC,PLC_Officer_3,2023-04-21T14:47:09.126479
SL-CASE-0382,11,LCGD Case Intake,LCGD,LCGD_Officer_1,2023-04-28T09:20:53.814053
SL-CASE-0382,12,LCGD Review,LCGD,LCGD_Officer_3,2023-05-10T02:21:17.208270
SL-CASE-0382,13,LCGD Lease Decision,LCGD,LCGD_Officer_4,2023-05-11T12:46:17.458460
SL-CASE-0382,14,Registration Requested,Registry,Registry_Officer_4,2023-05-14T05:00:01.405387
SL-CASE-0382,15,Registration Completed,Registry,Registry_Officer_3,2023-05-27T21:36:27.542853
SL-CASE-0382,16,DS Final Notification,DS,DS_Officer_6,2023-05-30T06:35:32.787590
SL-CASE-0383,1,DS Application Received,DS,DS_Officer_2,2024-07-06T09:01:41.602328
SL-CASE-0383,2,DS Initial Review,DS,DS_Officer_3,2024-07-08T08:40:53.882114
SL-CASE-0383,3,Survey Clearance Requested,Survey,Clearance_Officer_3,2024-07-08T13:53:22.266857
SL-CASE-0383,4,Survey Clearance Issued,Survey,Clearance_Officer_12,2024-07-19T11:57:39.807302
SL-CASE-0383,5,Agrarian Services Clearance Requested,Agrarian,Clearance_Officer_8,2024-07-20T01:43:36.697982
SL-CASE-0383,6,Agrarian Services Clearance Issued,Agrarian,Clearance_Officer_11,2024-08-08T21:40:28.677857
SL-CASE-0383,7,PLC/DLC Review,PLC_DLC,PLC_Officer_3,2024-08-12T17:47:23.502477
SL-CASE-0383,8,PLC/DLC Recommendation,PLC_DLC,PLC_Officer_4,2024-08-17T01:05:22.457327
SL-CASE-0383,9,LCGD Case Intake,LCGD,LCGD_Officer_4,2024-08-18T05:14:47.025040
SL-CASE-0383,10,LCGD Review,LCGD,LCGD_Officer_2,2024-08-22T04:35:57.658054
SL-CASE-0383,11,LCGD Lease Decision,LCGD,LCGD_Officer_4,2024-08-28T11:55:51.308474
SL-CASE-0383,12,Registration Requested,Registry,Registry_Officer_1,2024-09-01T10:06:20.679722
SL-CASE-0383,13,Registration Completed,Registry,Registry_Officer_2,2024-09-20T23:13:27.614785
SL-CASE-0383,14,DS Final Notification,DS,DS_Officer_8,2024-09-23T11:38:24.428553
SL-CASE-0384,1,DS Application Received,DS,DS_Officer_6,2024-01-26T05:17:52.467254
SL-CASE-0384,2,DS Initial Review,DS,DS_Officer_6,2024-01-26T10:03:04.485896
SL-CASE-0384,3,Survey Clearance Requested,Survey,Clearance_Officer_7,2024-01-27T02:19:22.858419
SL-CASE-0384,4,Survey Clearance Issued,Survey,Clearance_Officer_1,2024-02-11T08:12:04.012705
SL-CASE-0384,5,Environmental Clearance Requested,Environmental,Clearance_Officer_8,2024-02-12T07:31:55.044103
SL-CASE-0384,6,Environmental Clearance Issued,Environmental,Clearance_Officer_2,2024-02-14T22:23:40.835428
SL-CASE-0384,7,Irrigation Dept Clearance Requested,Irrigation,Clearance_Officer_9,2024-02-15T13:28:36.995974
SL-CASE-0384,8,Irrigation Dept Clearance Issued,Irrigation,Clearance_Officer_10,2024-03-02T02:49:48.043680
SL-CASE-0384,9,DS Field Report Requested,DS,Clearance_Officer_8,2024-03-02T07:49:01.051604
SL-CASE-0384,10,DS Field Report Issued,DS,Clearance_Officer_9,2024-03-13T20:15:06.298186
SL-CASE-0384,11,PLC/DLC Review,PLC_DLC,PLC_Officer_3,2024-03-21T05:45:28.039251
SL-CASE-0384,12,PLC/DLC Recommendation,PLC_DLC,PLC_Officer_1,2024-03-22T01:24:34.688931
SL-CASE-0384,13,LCGD Case Intake,LCGD,LCGD_Officer_3,2024-03-27T16:02:54.407384
SL-CASE-0384,14,LCGD Review,LCGD,LCGD_Officer_4,2024-04-01T02:43:01.458040
SL-CASE-0384,15,Higher Approval Requested,Ministry,LCGD_Officer_1,2024-04-02T18:10:13.878514
SL-CASE-0384,16,Higher Approval Granted,Ministry,LCGD_Officer_3,2024-04-09T16:17:50.809471
SL-CASE-0384,17,LCGD Lease Decision,LCGD,LCGD_Officer_2,2024-04-16T09:51:58.265665
SL-CASE-0384,18,Registration Requested,Registry,Registry_Officer_4,2024-04-19T23:11:58.406180
SL-CASE-0384,19,Registration Completed,Registry,Registry_Officer_3,2024-05-09T22:52:17.676255
SL-CASE-0384,20,DS Final Notification,DS,DS_Officer_7,2024-05-11T00:40:02.857401
SL-CASE-0385,1,DS Application Received,DS,DS_Officer_2,2024-11-17T22:40:04.584134
SL-CASE-0385,2,DS Initial Review,DS,DS_Officer_2,2024-11-19T16:55:34.157904
SL-CASE-0385,3,Survey Clearance Requested,Survey,Clearance_Officer_2,2024-11-20T02:54:06.705136
SL-CASE-0385,4,Survey Clearance Issued,Survey,Clearance_Officer_6,2024-12-09T15:20:14.235089
SL-CASE-0385,5,Agrarian Services Clearance Requested,Agrarian,Clearance_Officer_2,2024-12-10T00:20:24.523923
SL-CASE-0385,6,Agrarian Services Clearance Issued,Agrarian,Clearance_Officer_4,2024-12-14T11:36:51.804690
SL-CASE-0385,7,PLC/DLC Review,PLC_DLC,PLC_Officer_1,2024-12-20T12:21:44.708919
SL-CASE-0385,8,PLC/DLC Recommendation,PLC_DLC,PLC_Officer_3,2024-12-21T20:45:20.262096
SL-CASE-0385,9,LCGD Case Intake,LCGD,LCGD_Officer_1,2024-12-24T09:20:52.216556
SL-CASE-0385,10,LCGD Review,LCGD,LCGD_Officer_3,2025-01-05T18:02:15.879005
SL-CASE-0385,11,Higher Approval Requested,Ministry,LCGD_Officer_3,2025-01-10T07:21:29.366397
SL-CASE-0385,12,Higher Approval Granted,Ministry,LCGD_Officer_4,2025-01-18T19:43:26.977974
SL-CASE-0385,13,LCGD Lease Decision,LCGD,LCGD_Officer_1,2025-01-26T09:45:46.124535
SL-CASE-0385,14,DS Final Notification,DS,DS_Officer_7,2025-01-27T09:35:42.957910
SL-CASE-0386,1,DS Application Received,DS,DS_Officer_1,2023-03-07T03:38:11.158809
SL-CASE-0386,2,DS Initial Review,DS,DS_Officer_6,2023-03-08T04:16:56.100684
SL-CASE-0386,3,Survey Clearance Requested,Survey,Clearance_Officer_2,2023-03-08T15:12:50.404918
SL-CASE-0386,4,Survey Clearance Issued,Survey,Clearance_Officer_10,2023-03-14T15:43:36.146678
SL-CASE-0386,5,Agrarian Services Clearance Requested,Agrarian,Clearance_Officer_4,2023-03-15T14:23:56.994604
SL-CASE-0386,6,Agrarian Services Clearance Issued,Agrarian,Clearance_Officer_3,2023-03-18T03:47:42.769378
SL-CASE-0386,7,PLC/DLC Review,PLC_DLC,PLC_Officer_5,2023-03-20T10:00:16.823086
SL-CASE-0386,8,PLC/DLC Recommendation,PLC_DLC,PLC_Officer_1,2023-03-23T23:53:03.063025
SL-CASE-0386,9,LCGD Case Intake,LCGD,LCGD_Officer_1,2023-03-28T14:17:42.176378
SL-CASE-0386,10,LCGD Review,LCGD,LCGD_Officer_2,2023-04-05T04:19:16.015751
SL-CASE-0386,11,LCGD Lease Decision,LCGD,LCGD_Officer_2,2023-04-07T01:57:12.953194
SL-CASE-0386,12,Registration Requested,Registry,Registry_Officer_1,2023-04-12T00:46:24.019451
SL-CASE-0386,13,Registration Completed,Registry,Registry_Officer_3,2023-04-25T23:29:48.650572
SL-CASE-0386,14,DS Final Notification,DS,DS_Officer_4,2023-04-27T17:51:54.720644
SL-CASE-0387,1,DS Application Received,DS,DS_Officer_7,2023-12-11T21:15:20.540714
SL-CASE-0387,2,DS Initial Review,DS,DS_Officer_7,2023-12-13T20:05:58.025318
SL-CASE-0387,3,Survey Clearance Requested,Survey,Clearance_Officer_5,2023-12-14T18:08:09.127208
SL-CASE-0387,4,Survey Clearance Issued,Survey,Clearance_Officer_10,2023-12-20T20:57:50.895023
SL-CASE-0387,5,Environmental Clearance Requested,Environmental,Clearance_Officer_2,2023-12-21T17:47:57.181394
SL-CASE-0387,6,Environmental Clearance Issued,Environmental,Clearance_Officer_5,2024-01-05T04:08:51.382534
SL-CASE-0387,7,DS Field Report Requested,DS,Clearance_Officer_8,2024-01-05T20:24:39.721608
SL-CASE-0387,8,DS Field Report Issued,DS,Clearance_Officer_2,2024-01-06T21:04:24.374667
SL-CASE-0387,9,PLC/DLC Review,PLC_DLC,PLC_Officer_2,2024-01-11T05:32:15.680634
SL-CASE-0387,10,PLC/DLC Recommendation,PLC_DLC,PLC_Officer_6,2024-01-15T00:40:16.505300
SL-CASE-0387,11,LCGD Case Intake,LCGD,LCGD_Officer_2,2024-01-16T08:40:08.591012
SL-CASE-0387,12,LCGD Review,LCGD,LCGD_Officer_1,2024-01-28T18:19:22.751469
SL-CASE-0387,13,Higher Approval Requested,Ministry,LCGD_Officer_2,2024-02-02T14:34:51.110317
SL-CASE-0387,14,Higher Approval Granted,Ministry,LCGD_Officer_1,2024-02-12T05:50:15.598813
SL-CASE-0387,15,LCGD Lease Decision,LCGD,LCGD_Officer_2,2024-02-14T17:51:28.399372
SL-CASE-0387,16,Registration Requested,Registry,Registry_Officer_1,2024-02-18T12:46:27.211957
SL-CASE-0387,17,Registration Completed,Registry,Registry_Officer_2,2024-03-03T12:42:33.517630
SL-CASE-0387,18,DS Final Notification,DS,DS_Officer_5,2024-03-06T10:16:28.930965
SL-CASE-0388,1,DS Application Received,DS,DS_Officer_2,2024-11-02T14:12:20.238517
SL-CASE-0388,2,DS Initial Review,DS,DS_Officer_6,2024-11-04T08:25:58.339417
SL-CASE-0388,3,Survey Clearance Requested,Survey,Clearance_Officer_7,2024-11-05T07:55:56.539844
SL-CASE-0388,4,Survey Clearance Issued,Survey,Clearance_Officer_11,2024-11-18T20:40:24.945476
SL-CASE-0388,5,DS Field Report Requested,DS,Clearance_Officer_11,2024-11-19T04:43:30.061075
SL-CASE-0388,6,DS Field Report Issued,DS,Clearance_Officer_11,2024-11-24T00:37:52.801592
SL-CASE-0388,7,PLC/DLC Review,PLC_DLC,PLC_Officer_4,2024-11-25T21:54:00.227583
SL-CASE-0388,8,PLC/DLC Recommendation,PLC_DLC,PLC_Officer_6,2024-11-27T20:09:44.556597
SL-CASE-0388,9,LCGD Case Intake,LCGD,LCGD_Officer_2,2024-12-03T22:01:41.146779
SL-CASE-0388,10,LCGD Review,LCGD,LCGD_Officer_3,2024-12-11T18:38:20.314527
SL-CASE-0388,11,LCGD Lease Decision,LCGD,LCGD_Officer_3,2024-12-16T07:00:08.884522
SL-CASE-0388,12,Registration Requested,Registry,Registry_Officer_4,2024-12-16T13:21:03.638888
SL-CASE-0388,13,Registration Completed,Registry,Registry_Officer_1,2024-12-20T13:40:29.769705
SL-CASE-0388,14,DS Final Notification,DS,DS_Officer_5,2024-12-22T20:03:27.497258
SL-CASE-0389,1,DS Application Received,DS,DS_Officer_2,2023-05-23T18:02:06.832122
SL-CASE-0389,2,DS Initial Review,DS,DS_Officer_6,2023-05-24T23:50:25.969082
SL-CASE-0389,3,Survey Clearance Requested,Survey,Clearance_Officer_4,2023-05-25T08:30:39.067726
SL-CASE-0389,4,Survey Clearance Issued,Survey,Clearance_Officer_12,2023-06-03T21:24:40.654532
SL-CASE-0389,5,DS Field Report Requested,DS,Clearance_Officer_8,2023-06-04T18:24:57.401013
SL-CASE-0389,6,DS Field Report Issued,DS,Clearance_Officer_5,2023-06-24T01:46:32.423939
SL-CASE-0389,7,PLC/DLC Review,PLC_DLC,PLC_Officer_2,2023-06-26T02:21:36.590559
SL-CASE-0389,8,PLC/DLC Recommendation,PLC_DLC,PLC_Officer_2,2023-06-28T10:18:24.851269
SL-CASE-0389,9,LCGD Case Intake,LCGD,LCGD_Officer_2,2023-06-29T00:58:53.917738
SL-CASE-0389,10,LCGD Review,LCGD,LCGD_Officer_4,2023-07-09T01:46:32.462557
SL-CASE-0389,11,LCGD Lease Decision,LCGD,LCGD_Officer_2,2023-07-11T10:59:30.984904
SL-CASE-0389,12,Registration Requested,Registry,Registry_Officer_3,2023-07-12T05:30:42.918116
SL-CASE-0389,13,Registration Completed,Registry,Registry_Officer_1,2023-07-23T03:33:24.463815
SL-CASE-0389,14,DS Final Notification,DS,DS_Officer_5,2023-07-24T00:35:01.115563
SL-CASE-0390,1,DS Application Received,DS,DS_Officer_3,2024-06-06T12:54:22.009217
SL-CASE-0390,2,DS Initial Review,DS,DS_Officer_1,2024-06-07T20:31:01.071972
SL-CASE-0390,3,Survey Clearance Requested,Survey,Clearance_Officer_1,2024-06-08T01:47:49.499120
SL-CASE-0390,4,Survey Clearance Issued,Survey,Clearance_Officer_12,2024-06-15T07:04:51.051855
SL-CASE-0390,5,DS Field Report Requested,DS,Clearance_Officer_7,2024-06-16T02:00:50.225164
SL-CASE-0390,6,DS Field Report Issued,DS,Clearance_Officer_1,2024-06-27T20:59:58.690799
SL-CASE-0390,7,PLC/DLC Review,PLC_DLC,PLC_Officer_2,2024-07-02T22:40:19.293243
SL-CASE-0390,8,PLC/DLC Recommendation,PLC_DLC,PLC_Officer_3,2024-07-03T17:02:13.836412
SL-CASE-0390,9,LCGD Case Intake,LCGD,LCGD_Officer_4,2024-07-08T21:29:40.475404
SL-CASE-0390,10,LCGD Review,LCGD,LCGD_Officer_3,2024-07-13T09:53:12.940240
SL-CASE-0390,11,LCGD Lease Decision,LCGD,LCGD_Officer_4,2024-07-19T09:03:21.380973
SL-CASE-0390,12,DS Final Notification,DS,DS_Officer_6,2024-07-21T09:56:40.123924
SL-CASE-0391,1,DS Application Received,DS,DS_Officer_8,2023-03-09T07:22:32.996922
SL-CASE-0391,2,DS Initial Review,DS,DS_Officer_1,2023-03-09T21:23:21.301762
SL-CASE-0391,3,Survey Clearance Requested,Survey,Clearance_Officer_2,2023-03-10T14:33:47.862024
SL-CASE-0391,4,Survey Clearance Issued,Survey,Clearance_Officer_3,2023-03-22T08:16:32.814746
SL-CASE-0391,5,Environmental Clearance Requested,Environmental,Clearance_Officer_1,2023-03-22T15:21:52.125803
SL-CASE-0391,6,Environmental Clearance Issued,Environmental,Clearance_Officer_7,2023-03-27T12:49:33.396937
SL-CASE-0391,7,Irrigation Dept Clearance Requested,Irrigation,Clearance_Officer_12,2023-03-28T02:35:43.869509
SL-CASE-0391,8,Irrigation Dept Clearance Issued,Irrigation,Clearance_Officer_11,2023-03-30T11:42:10.536943
SL-CASE-0391,9,DS Field Report Requested,DS,Clearance_Officer_9,2023-03-31T11:28:40.684633
SL-CASE-0391,10,DS Field Report Issued,DS,Clearance_Officer_3,2023-04-09T20:42:07.861522
SL-CASE-0391,11,PLC/DLC Review,PLC_DLC,PLC_Officer_2,2023-04-12T11:01:44.816776
SL-CASE-0391,12,PLC/DLC Recommendation,PLC_DLC,PLC_Officer_1,2023-04-13T17:56:05.092320
SL-CASE-0391,13,LCGD Case Intake,LCGD,LCGD_Officer_1,2023-04-14T11:38:48.562302
SL-CASE-0391,14,LCGD Review,LCGD,LCGD_Officer_4,2023-04-28T08:09:47.461611
SL-CASE-0391,15,Higher Approval Requested,Ministry,LCGD_Officer_3,2023-04-29T03:52:29.332970
SL-CASE-0391,16,Higher Approval Granted,Ministry,LCGD_Officer_4,2023-05-26T16:00:39.472723
SL-CASE-0391,17,LCGD Lease Decision,LCGD,LCGD_Officer_1,2023-06-04T14:59:49.218236
SL-CASE-0391,18,Registration Requested,Registry,Registry_Officer_2,2023-06-06T11:50:59.400558
SL-CASE-0391,19,Registration Completed,Registry,Registry_Officer_1,2023-06-19T02:49:07.657535
SL-CASE-0391,20,DS Final Notification,DS,DS_Officer_4,2023-06-21T13:11:52.440034
SL-CASE-0392,1,DS Application Received,DS,DS_Officer_4,2023-01-31T23:41:58.010107
SL-CASE-0392,2,DS Initial Review,DS,DS_Officer_6,2023-02-02T14:42:40.420287
SL-CASE-0392,3,Survey Clearance Requested,Survey,Clearance_Officer_9,2023-02-02T18:54:47.828987
SL-CASE-0392,4,Survey Clearance Issued,Survey,Clearance_Officer_10,2023-02-14T20:42:22.339691
SL-CASE-0392,5,Agrarian Services Clearance Requested,Agrarian,Clearance_Officer_7,2023-02-15T04:48:53.800426
SL-CASE-0392,6,Agrarian Services Clearance Issued,Agrarian,Clearance_Officer_6,2023-03-01T10:21:49.703103
SL-CASE-0392,7,PLC/DLC Review,PLC_DLC,PLC_Officer_5,2023-03-09T02:07:20.823142
SL-CASE-0392,8,PLC/DLC Recommendation,PLC_DLC,PLC_Officer_1,2023-03-12T15:27:34.191059
SL-CASE-0392,9,LCGD Case Intake,LCGD,LCGD_Officer_1,2023-03-17T22:43:40.823869
SL-CASE-0392,10,LCGD Review,LCGD,LCGD_Officer_2,2023-03-28T06:56:25.203991
SL-CASE-0392,11,Higher Approval Requested,Ministry,LCGD_Officer_2,2023-03-29T08:33:22.005371
SL-CASE-0392,12,Higher Approval Granted,Ministry,LCGD_Officer_1,2023-04-11T13:18:01.944472
SL-CASE-0392,13,LCGD Lease Decision,LCGD,LCGD_Officer_2,2023-04-18T22:41:29.591795
SL-CASE-0392,14,DS Final Notification,DS,DS_Officer_4,2023-04-21T10:36:03.511907
SL-CASE-0393,1,DS Application Received,DS,DS_Officer_5,2023-04-03T20:33:41.541311
SL-CASE-0393,2,DS Initial Review,DS,DS_Officer_7,2023-04-05T13:17:25.370390
SL-CASE-0393,3,Survey Clearance Requested,Survey,Clearance_Officer_2,2023-04-05T18:40:36.584976
SL-CASE-0393,4,Survey Clearance Issued,Survey,Clearance_Officer_3,2023-04-22T14:48:26.632528
SL-CASE-0393,5,Environmental Clearance Requested,Environmental,Clearance_Officer_1,2023-04-23T03:13:46.052713
SL-CASE-0393,6,Environmental Clearance Issued,Environmental,Clearance_Officer_1,2023-04-27T09:22:35.500248
SL-CASE-0393,7,Irrigation Dept Clearance Requested,Irrigation,Clearance_Officer_11,2023-04-27T23:06:11.449469
SL-CASE-0393,8,Irrigation Dept Clearance Issued,Irrigation,Clearance_Officer_7,2023-05-14T23:28:08.747954
SL-CASE-0393,9,DS Field Report Requested,DS,Clearance_Officer_3,2023-05-15T03:51:23.882018
SL-CASE-0393,10,DS Field Report Issued,DS,Clearance_Officer_3,2023-05-20T04:25:50.426040
SL-CASE-0393,11,PLC/DLC Review,PLC_DLC,PLC_Officer_4,2023-05-24T15:03:45.796645
SL-CASE-0393,12,PLC/DLC Recommendation,PLC_DLC,PLC_Officer_2,2023-05-25T23:11:52.921523
SL-CASE-0393,13,LCGD Case Intake,LCGD,LCGD_Officer_3,2023-05-28T04:42:57.202361
SL-CASE-0393,14,LCGD Review,LCGD,LCGD_Officer_2,2023-06-10T14:32:32.370190
SL-CASE-0393,15,Higher Approval Requested,Ministry,LCGD_Officer_2,2023-06-14T19:01:21.851795
SL-CASE-0393,16,Higher Approval Granted,Ministry,LCGD_Officer_4,2023-07-23T04:03:43.001682
SL-CASE-0393,17,LCGD Lease Decision,LCGD,LCGD_Officer_4,2023-07-25T02:20:29.538245
SL-CASE-0393,18,DS Final Notification,DS,DS_Officer_5,2023-07-25T23:53:01.736068
SL-CASE-0394,1,DS Application Received,DS,DS_Officer_3,2024-02-29T10:41:19.842780
SL-CASE-0394,2,DS Initial Review,DS,DS_Officer_4,2024-03-02T06:19:31.463646
SL-CASE-0394,3,Survey Clearance Requested,Survey,Clearance_Officer_9,2024-03-03T00:32:22.146984
SL-CASE-0394,4,Survey Clearance Issued,Survey,Clearance_Officer_2,2024-03-22T01:32:24.136724
SL-CASE-0394,5,DS Field Report Requested,DS,Clearance_Officer_7,2024-03-22T15:51:41.272714
SL-CASE-0394,6,DS Field Report Issued,DS,Clearance_Officer_10,2024-04-09T22:31:02.293643
SL-CASE-0394,7,PLC/DLC Review,PLC_DLC,PLC_Officer_2,2024-04-17T04:57:20.412306
SL-CASE-0394,8,PLC/DLC Recommendation,PLC_DLC,PLC_Officer_2,2024-04-17T16:58:42.541306
SL-CASE-0394,9,LCGD Case Intake,LCGD,LCGD_Officer_2,2024-04-21T17:03:59.190688
SL-CASE-0394,10,LCGD Review,LCGD,LCGD_Officer_2,2024-05-03T21:30:40.516100
SL-CASE-0394,11,LCGD Lease Decision,LCGD,LCGD_Officer_1,2024-05-12T23:59:00.776974
SL-CASE-0394,12,Registration Requested,Registry,Registry_Officer_1,2024-05-14T09:30:50.215861
SL-CASE-0394,13,Registration Completed,Registry,Registry_Officer_1,2024-05-21T20:08:56.405926
SL-CASE-0394,14,DS Final Notification,DS,DS_Officer_6,2024-05-22T16:19:30.277209
SL-CASE-0395,1,DS Application Received,DS,DS_Officer_2,2024-01-20T07:02:32.549809
SL-CASE-0395,2,DS Initial Review,DS,DS_Officer_8,2024-01-21T09:49:56.632244
SL-CASE-0395,3,Survey Clearance Requested,Survey,Clearance_Officer_12,2024-01-21T13:24:14.302550
SL-CASE-0395,4,Survey Clearance Issued,Survey,Clearance_Officer_2,2024-02-03T14:26:29.809072
SL-CASE-0395,5,Environmental Clearance Requested,Environmental,Clearance_Officer_6,2024-02-04T08:40:18.905057
SL-CASE-0395,6,Environmental Clearance Issued,Environmental,Clearance_Officer_11,2024-02-14T02:50:31.040383
SL-CASE-0395,7,DS Field Report Requested,DS,Clearance_Officer_6,2024-02-14T10:55:14.893033
SL-CASE-0395,8,DS Field Report Issued,DS,Clearance_Officer_1,2024-02-16T00:34:57.423531
SL-CASE-0395,9,PLC/DLC Review,PLC_DLC,PLC_Officer_6,2024-02-23T22:26:00.459508
SL-CASE-0395,10,PLC/DLC Recommendation,PLC_DLC,PLC_Officer_6,2024-02-27T11:11:39.064241
SL-CASE-0395,11,LCGD Case Intake,LCGD,LCGD_Officer_3,2024-02-28T03:55:42.168286
SL-CASE-0395,12,LCGD Review,LCGD,LCGD_Officer_1,2024-03-02T11:20:34.159242
SL-CASE-0395,13,Higher Approval Requested,Ministry,LCGD_Officer_2,2024-03-03T02:45:46.580903
SL-CASE-0395,14,Higher Approval Granted,Ministry,LCGD_Officer_1,2024-03-24T22:37:04.933323
SL-CASE-0395,15,LCGD Lease Decision,LCGD,LCGD_Officer_3,2024-03-29T11:20:20.891652
SL-CASE-0395,16,Registration Requested,Registry,Registry_Officer_1,2024-03-29T23:51:55.297464
SL-CASE-0395,17,Registration Completed,Registry,Registry_Officer_3,2024-04-13T15:49:55.726847
SL-CASE-0395,18,DS Final Notification,DS,DS_Officer_2,2024-04-14T15:43:52.421382
SL-CASE-0396,1,DS Application Received,DS,DS_Officer_5,2024-07-10T07:51:53.002964
SL-CASE-0396,2,DS Initial Review,DS,DS_Officer_2,2024-07-11T09:28:29.448664
SL-CASE-0396,3,Survey Clearance Requested,Survey,Clearance_Officer_5,2024-07-11T14:47:15.166741
SL-CASE-0396,4,Survey Clearance Issued,Survey,Clearance_Officer_1,2024-07-22T03:25:58.722232
SL-CASE-0396,5,Agrarian Services Clearance Requested,Agrarian,Clearance_Officer_8,2024-07-22T12:20:36.522098
SL-CASE-0396,6,Agrarian Services Clearance Issued,Agrarian,Clearance_Officer_7,2024-07-24T06:45:29.523944
SL-CASE-0396,7,PLC/DLC Review,PLC_DLC,PLC_Officer_1,2024-07-29T05:18:19.850278
SL-CASE-0396,8,PLC/DLC Recommendation,PLC_DLC,PLC_Officer_1,2024-08-01T07:36:56.310810
SL-CASE-0396,9,LCGD Case Intake,LCGD,LCGD_Officer_2,2024-08-06T02:53:36.353901
SL-CASE-0396,10,LCGD Review,LCGD,LCGD_Officer_3,2024-08-12T09:51:59.038316
SL-CASE-0396,11,Higher Approval Requested,Ministry,LCGD_Officer_3,2024-08-13T01:58:36.821318
SL-CASE-0396,12,Higher Approval Granted,Ministry,LCGD_Officer_4,2024-09-05T15:12:23.330238
SL-CASE-0396,13,LCGD Lease Decision,LCGD,LCGD_Officer_1,2024-09-09T13:35:35.645780
SL-CASE-0396,14,DS Final Notification,DS,DS_Officer_3,2024-09-10T08:05:57.692919
SL-CASE-0397,1,DS Application Received,DS,DS_Officer_1,2024-07-12T10:06:46.294304
SL-CASE-0397,2,DS Initial Review,DS,DS_Officer_1,2024-07-13T14:25:29.156997
SL-CASE-0397,3,Survey Clearance Requested,Survey,Clearance_Officer_1,2024-07-14T06:10:30.496179
SL-CASE-0397,4,Survey Clearance Issued,Survey,Clearance_Officer_4,2024-07-22T23:38:41.591595
SL-CASE-0397,5,Environmental Clearance Requested,Environmental,Clearance_Officer_10,2024-07-23T10:40:08.121944
SL-CASE-0397,6,Environmental Clearance Issued,Environmental,Clearance_Officer_10,2024-08-04T01:14:11.635027
SL-CASE-0397,7,DS Field Report Requested,DS,Clearance_Officer_1,2024-08-04T11:02:53.739081
SL-CASE-0397,8,DS Field Report Issued,DS,Clearance_Officer_11,2024-08-20T03:14:50.546478
SL-CASE-0397,9,PLC/DLC Review,PLC_DLC,PLC_Officer_5,2024-08-29T16:33:19.493082
SL-CASE-0397,10,PLC/DLC Recommendation,PLC_DLC,PLC_Officer_1,2024-08-30T19:37:07.634977
SL-CASE-0397,11,LCGD Case Intake,LCGD,LCGD_Officer_1,2024-08-31T17:05:23.362647
SL-CASE-0397,12,LCGD Review,LCGD,LCGD_Officer_4,2024-09-14T16:56:39.812858
SL-CASE-0397,13,LCGD Lease Decision,LCGD,LCGD_Officer_1,2024-09-17T10:06:11.268844
SL-CASE-0397,14,Registration Requested,Registry,Registry_Officer_1,2024-09-21T21:35:11.394733
SL-CASE-0397,15,Registration Completed,Registry,Registry_Officer_3,2024-09-27T20:52:46.796915
SL-CASE-0397,16,DS Final Notification,DS,DS_Officer_3,2024-09-30T18:13:49.112981
SL-CASE-0398,1,DS Application Received,DS,DS_Officer_5,2024-01-19T05:45:11.453856
SL-CASE-0398,2,DS Initial Review,DS,DS_Officer_2,2024-01-19T20:24:40.240815
SL-CASE-0398,3,Survey Clearance Requested,Survey,Clearance_Officer_7,2024-01-20T01:31:27.116455
SL-CASE-0398,4,Survey Clearance Issued,Survey,Clearance_Officer_5,2024-02-01T19:49:20.119288
SL-CASE-0398,5,Environmental Clearance Requested,Environmental,Clearance_Officer_9,2024-02-02T13:47:38.496497
SL-CASE-0398,6,Environmental Clearance Issued,Environmental,Clearance_Officer_11,2024-02-14T10:21:42.271912
SL-CASE-0398,7,Irrigation Dept Clearance Requested,Irrigation,Clearance_Officer_5,2024-02-15T03:02:07.006190
SL-CASE-0398,8,Irrigation Dept Clearance Issued,Irrigation,Clearance_Officer_3,2024-02-23T20:55:10.819611
SL-CASE-0398,9,DS Field Report Requested,DS,Clearance_Officer_7,2024-02-23T23:22:31.002100
SL-CASE-0398,10,DS Field Report Issued,DS,Clearance_Officer_3,2024-03-10T08:19:47.675284
SL-CASE-0398,11,PLC/DLC Review,PLC_DLC,PLC_Officer_6,2024-03-14T08:17:32.622538
SL-CASE-0398,12,PLC/DLC Recommendation,PLC_DLC,PLC_Officer_4,2024-03-18T14:37:36.875437
SL-CASE-0398,13,LCGD Case Intake,LCGD,LCGD_Officer_3,2024-03-20T11:59:28.692696
SL-CASE-0398,14,LCGD Review,LCGD,LCGD_Officer_3,2024-04-03T22:48:40.502918
SL-CASE-0398,15,LCGD Lease Decision,LCGD,LCGD_Officer_1,2024-04-05T00:02:19.059521
SL-CASE-0398,16,Registration Requested,Registry,Registry_Officer_3,2024-04-09T03:45:03.010436
SL-CASE-0398,17,Registration Completed,Registry,Registry_Officer_4,2024-04-28T02:52:38.403175
SL-CASE-0398,18,DS Final Notification,DS,DS_Officer_6,2024-04-28T15:50:39.749941
SL-CASE-0399,1,DS Application Received,DS,DS_Officer_4,2024-06-14T09:01:42.337134
SL-CASE-0399,2,DS Initial Review,DS,DS_Officer_1,2024-06-16T07:14:02.535897
SL-CASE-0399,3,Survey Clearance Requested,Survey,Clearance_Officer_8,2024-06-16T23:56:40.754325
SL-CASE-0399,4,Survey Clearance Issued,Survey,Clearance_Officer_7,2024-06-25T03:58:49.046215
SL-CASE-0399,5,DS Field Report Requested,DS,Clearance_Officer_5,2024-06-25T23:24:22.872862
SL-CASE-0399,6,DS Field Report Issued,DS,Clearance_Officer_9,2024-07-06T17:19:31.078951
SL-CASE-0399,7,PLC/DLC Review,PLC_DLC,PLC_Officer_1,2024-07-12T00:30:52.648456
SL-CASE-0399,8,PLC/DLC Recommendation,PLC_DLC,PLC_Officer_6,2024-07-15T22:31:36.590919
SL-CASE-0399,9,LCGD Case Intake,LCGD,LCGD_Officer_2,2024-07-17T03:31:31.438006
SL-CASE-0399,10,LCGD Review,LCGD,LCGD_Officer_2,2024-07-25T22:22:18.292541
SL-CASE-0399,11,LCGD Lease Decision,LCGD,LCGD_Officer_3,2024-08-03T06:41:20.424450
SL-CASE-0399,12,Registration Requested,Registry,Registry_Officer_2,2024-08-05T02:29:09.048995
SL-CASE-0399,13,Registration Completed,Registry,Registry_Officer_1,2024-08-14T22:50:13.765000
SL-CASE-0399,14,DS Final Notification,DS,DS_Officer_6,2024-08-16T23:59:40.566785
SL-CASE-0400,1,DS Application Received,DS,DS_Officer_5,2023-01-27T07:04:37.750000
SL-CASE-0400,2,DS Initial Review,DS,DS_Officer_2,2023-01-28T12:54:37.804481
SL-CASE-0400,3,Survey Clearance Requested,Survey,Clearance_Officer_4,2023-01-28T23:35:39.628559
SL-CASE-0400,4,Survey Clearance Issued,Survey,Clearance_Officer_2,2023-02-14T07:27:06.542801
SL-CASE-0400,5,DS Field Report Requested,DS,Clearance_Officer_12,2023-02-14T11:25:59.106865
SL-CASE-0400,6,DS Field Report Issued,DS,Clearance_Officer_9,2023-02-26T20:58:01.383392
SL-CASE-0400,7,PLC/DLC Review,PLC_DLC,PLC_Officer_1,2023-03-03T19:19:03.558654
SL-CASE-0400,8,PLC/DLC Recommendation,PLC_DLC,PLC_Officer_5,2023-03-06T15:22:36.255348
SL-CASE-0400,9,LCGD Case Intake,LCGD,LCGD_Officer_2,2023-03-13T11:34:07.745542
SL-CASE-0400,10,LCGD Review,LCGD,LCGD_Officer_2,2023-03-22T18:55:24.839204
SL-CASE-0400,11,LCGD Lease Decision,LCGD,LCGD_Officer_2,2023-03-27T20:11:15.120933
SL-CASE-0400,12,DS Final Notification,DS,DS_Officer_6,2023-03-29T02:32:13.736813
SL-CASE-0401,1,DS Application Received,DS,DS_Officer_6,2024-11-30T15:39:42.744859
SL-CASE-0401,2,DS Initial Review,DS,DS_Officer_2,2024-12-02T15:17:03.982649
SL-CASE-0401,3,Survey Clearance Requested,Survey,Clearance_Officer_9,2024-12-03T03:26:31.662347
SL-CASE-0401,4,Survey Clearance Issued,Survey,Clearance_Officer_9,2024-12-20T10:51:45.739126
SL-CASE-0401,5,DS Field Report Requested,DS,Clearance_Officer_9,2024-12-21T04:42:32.395893
SL-CASE-0401,6,DS Field Report Issued,DS,Clearance_Officer_1,2025-01-08T03:22:50.502480
SL-CASE-0401,7,PLC/DLC Review,PLC_DLC,PLC_Officer_2,2025-04-29T19:18:53.589656
SL-CASE-0401,8,PLC/DLC Recommendation,PLC_DLC,PLC_Officer_1,2025-05-03T22:50:04.761402
SL-CASE-0401,9,LCGD Case Intake,LCGD,LCGD_Officer_3,2025-05-08T06:15:53.063998
SL-CASE-0401,10,LCGD Review,LCGD,LCGD_Officer_1,2025-05-20T03:53:07.560708
SL-CASE-0401,11,LCGD Lease Decision,LCGD,LCGD_Officer_1,2025-05-25T18:31:28.902854
SL-CASE-0401,12,DS Final Notification,DS,DS_Officer_7,2025-05-26T13:37:54.133573
SL-CASE-0402,1,DS Application Received,DS,DS_Officer_7,2024-05-07T01:02:55.602292
SL-CASE-0402,2,DS Initial Review,DS,DS_Officer_6,2024-05-07T21:14:11.729969
SL-CASE-0402,3,Survey Clearance Requested,Survey,Clearance_Officer_1,2024-05-08T02:10:58.693035
SL-CASE-0402,4,Survey Clearance Issued,Survey,Clearance_Officer_10,2024-05-10T12:57:13.879804
SL-CASE-0402,5,Agrarian Services Clearance Requested,Agrarian,Clearance_Officer_2,2024-07-25T01:00:41.118968
SL-CASE-0402,6,Agrarian Services Clearance Issued,Agrarian,Clearance_Officer_11,2024-08-11T14:06:54.683732
SL-CASE-0402,7,PLC/DLC Review,PLC_DLC,PLC_Officer_3,2024-08-19T10:06:03.456842
SL-CASE-0402,8,PLC/DLC Recommendation,PLC_DLC,PLC_Officer_3,2024-08-20T04:30:38.015932
SL-CASE-0402,9,LCGD Case Intake,LCGD,LCGD_Officer_4,2024-08-22T03:44:32.055158
SL-CASE-0402,10,LCGD Review,LCGD,LCGD_Officer_3,2024-08-30T13:47:05.211020
SL-CASE-0402,11,LCGD Lease Decision,LCGD,LCGD_Officer_2,2024-09-07T23:53:31.360395
SL-CASE-0402,12,DS Final Notification,DS,DS_Officer_7,2024-09-10T06:50:54.699695
SL-CASE-0403,1,DS Application Received,DS,DS_Officer_1,2024-05-21T01:48:45.015436
SL-CASE-0403,2,DS Initial Review,DS,DS_Officer_5,2024-05-22T12:24:39.081210
SL-CASE-0403,3,Survey Clearance Requested,Survey,Clearance_Officer_9,2024-05-22T17:16:19.235344
SL-CASE-0403,4,Survey Clearance Issued,Survey,Clearance_Officer_12,2024-08-28T06:59:38.427308
SL-CASE-0403,5,Environmental Clearance Requested,Environmental,Clearance_Officer_6,2024-08-28T09:56:12.419447
SL-CASE-0403,6,Environmental Clearance Issued,Environmental,Clearance_Officer_6,2024-09-10T09:26:05.034620
SL-CASE-0403,7,DS Field Report Requested,DS,Clearance_Officer_7,2024-09-10T16:39:46.808070
SL-CASE-0403,8,DS Field Report Issued,DS,Clearance_Officer_12,2024-09-19T20:08:10.696971
SL-CASE-0403,9,PLC/DLC Review,PLC_DLC,PLC_Officer_6,2024-09-20T18:42:21.674123
SL-CASE-0403,10,PLC/DLC Recommendation,PLC_DLC,PLC_Officer_6,2024-09-21T11:38:54.054174
SL-CASE-0403,11,LCGD Case Intake,LCGD,LCGD_Officer_1,2024-09-22T19:44:20.523282
SL-CASE-0403,12,LCGD Review,LCGD,LCGD_Officer_2,2024-10-06T23:11:27.698421
SL-CASE-0403,13,Higher Approval Requested,Ministry,LCGD_Officer_1,2024-10-11T08:55:17.557392
SL-CASE-0403,14,Higher Approval Granted,Ministry,LCGD_Officer_2,2024-11-03T13:56:13.404399
SL-CASE-0403,15,LCGD Lease Decision,LCGD,LCGD_Officer_4,2024-11-07T08:29:11.141768
SL-CASE-0403,16,Registration Requested,Registry,Registry_Officer_1,2024-11-11T19:19:26.194126
SL-CASE-0403,17,Registration Completed,Registry,Registry_Officer_1,2024-11-28T08:24:37.849789
SL-CASE-0403,18,DS Final Notification,DS,DS_Officer_8,2024-11-29T13:27:01.448414
SL-CASE-0404,1,DS Application Received,DS,DS_Officer_7,2024-06-05T15:48:37.311724
SL-CASE-0404,2,DS Initial Review,DS,DS_Officer_8,2024-06-06T20:58:48.686099
SL-CASE-0404,3,Survey Clearance Requested,Survey,Clearance_Officer_8,2024-06-07T12:45:37.846605
SL-CASE-0404,4,Survey Clearance Issued,Survey,Clearance_Officer_9,2024-06-16T14:19:13.642013
SL-CASE-0404,5,DS Field Report Requested,DS,Clearance_Officer_3,2024-06-17T06:29:30.396016
SL-CASE-0404,6,DS Field Report Issued,DS,Clearance_Officer_9,2024-06-30T01:44:57.293856
SL-CASE-0404,7,PLC/DLC Review,PLC_DLC,PLC_Officer_3,2024-07-08T11:18:23.467971
SL-CASE-0404,8,PLC/DLC Recommendation,PLC_DLC,PLC_Officer_1,2024-07-12T06:46:05.304858
SL-CASE-0404,9,LCGD Case Intake,LCGD,LCGD_Officer_3,2024-07-13T12:50:14.628679
SL-CASE-0404,10,LCGD Review,LCGD,LCGD_Officer_1,2024-07-27T02:00:52.287457
SL-CASE-0404,11,Higher Approval Requested,Ministry,LCGD_Officer_4,2024-12-03T06:02:27.123617
SL-CASE-0404,12,Higher Approval Granted,Ministry,LCGD_Officer_3,2025-01-04T13:26:42.754239
SL-CASE-0404,13,LCGD Lease Decision,LCGD,LCGD_Officer_4,2025-01-07T17:16:48.826730
SL-CASE-0404,14,Registration Requested,Registry,Registry_Officer_2,2025-01-12T01:38:35.770517
SL-CASE-0404,15,Registration Completed,Registry,Registry_Officer_2,2025-01-20T19:26:37.588374
SL-CASE-0404,16,DS Final Notification,DS,DS_Officer_6,2025-01-21T13:48:21.947615
SL-CASE-0405,1,DS Application Received,DS,DS_Officer_5,2023-02-07T10:32:26.810005
SL-CASE-0405,2,DS Initial Review,DS,DS_Officer_3,2023-02-08T03:06:51.893399
SL-CASE-0405,3,Survey Clearance Requested,Survey,Clearance_Officer_12,2023-02-09T01:41:00.851704
SL-CASE-0405,4,Survey Clearance Issued,Survey,Clearance_Officer_5,2023-06-17T03:44:27.155931
SL-CASE-0405,5,Agrarian Services Clearance Requested,Agrarian,Clearance_Officer_3,2023-06-17T18:33:52.765213
SL-CASE-0405,6,Agrarian Services Clearance Issued,Agrarian,Clearance_Officer_10,2023-06-26T10:15:59.642591
SL-CASE-0405,7,PLC/DLC Review,PLC_DLC,PLC_Officer_5,2023-07-03T15:16:17.114570
SL-CASE-0405,8,PLC/DLC Recommendation,PLC_DLC,PLC_Officer_4,2023-07-08T08:43:36.440094
SL-CASE-0405,9,LCGD Case Intake,LCGD,LCGD_Officer_4,2023-07-13T20:19:15.002072
SL-CASE-0405,10,LCGD Review,LCGD,LCGD_Officer_3,2023-07-27T00:29:58.959855
SL-CASE-0405,11,LCGD Lease Decision,LCGD,LCGD_Officer_4,2023-08-04T08:47:08.673021
SL-CASE-0405,12,DS Final Notification,DS,DS_Officer_5,2023-08-04T17:03:41.653198
SL-CASE-0406,1,DS Application Received,DS,DS_Officer_4,2023-09-14T08:27:05.185124
SL-CASE-0406,2,DS Initial Review,DS,DS_Officer_4,2024-02-04T00:27:28.273800
SL-CASE-0406,3,Survey Clearance Requested,Survey,Clearance_Officer_4,2024-02-04T04:50:29.979336
SL-CASE-0406,4,Survey Clearance Issued,Survey,Clearance_Officer_3,2024-02-10T19:06:08.984125
SL-CASE-0406,5,Environmental Clearance Requested,Environmental,Clearance_Officer_7,2024-02-11T14:10:49.471501
SL-CASE-0406,6,Environmental Clearance Issued,Environmental,Clearance_Officer_9,2024-02-20T06:30:04.175602
SL-CASE-0406,7,Irrigation Dept Clearance Requested,Irrigation,Clearance_Officer_1,2024-02-21T05:38:05.915754
SL-CASE-0406,8,Irrigation Dept Clearance Issued,Irrigation,Clearance_Officer_12,2024-02-29T23:36:01.757472
SL-CASE-0406,9,DS Field Report Requested,DS,Clearance_Officer_9,2024-03-01T02:06:20.242553
SL-CASE-0406,10,DS Field Report Issued,DS,Clearance_Officer_7,2024-03-11T01:47:00.188621
SL-CASE-0406,11,PLC/DLC Review,PLC_DLC,PLC_Officer_4,2024-03-17T15:45:28.746076
SL-CASE-0406,12,PLC/DLC Recommendation,PLC_DLC,PLC_Officer_1,2024-03-21T12:49:48.825444
SL-CASE-0406,13,LCGD Case Intake,LCGD,LCGD_Officer_2,2024-03-26T04:58:20.057941
SL-CASE-0406,14,LCGD Review,LCGD,LCGD_Officer_3,2024-04-06T16:43:44.982115
SL-CASE-0406,15,Higher Approval Requested,Ministry,LCGD_Officer_2,2024-04-09T14:45:30.104954
SL-CASE-0406,16,Higher Approval Granted,Ministry,LCGD_Officer_2,2024-05-02T19:33:11.292993
SL-CASE-0406,17,LCGD Lease Decision,LCGD,LCGD_Officer_3,2024-05-06T05:47:06.753487
SL-CASE-0406,18,Registration Requested,Registry,Registry_Officer_2,2024-05-09T13:54:24.560321
SL-CASE-0406,19,Registration Completed,Registry,Registry_Officer_1,2024-05-23T01:37:01.230824
SL-CASE-0406,20,DS Final Notification,DS,DS_Officer_5,2024-05-25T14:08:05.985769
SL-CASE-0407,1,DS Application Received,DS,DS_Officer_6,2024-11-03T01:31:33.809269
SL-CASE-0407,2,DS Initial Review,DS,DS_Officer_3,2024-11-04T05:29:02.676280
SL-CASE-0407,3,Survey Clearance Requested,Survey,Clearance_Officer_5,2024-11-04T17:02:07.005798
SL-CASE-0407,4,Survey Clearance Issued,Survey,Clearance_Officer_9,2024-11-07T11:40:12.327629
SL-CASE-0407,5,DS Field Report Requested,DS,Clearance_Officer_7,2024-11-07T22:05:01.091568
SL-CASE-0407,6,DS Field Report Issued,DS,Clearance_Officer_11,2024-11-15T11:16:29.214264
SL-CASE-0407,7,PLC/DLC Review,PLC_DLC,PLC_Officer_2,2024-11-16T15:52:26.868665
SL-CASE-0407,8,PLC/DLC Recommendation,PLC_DLC,PLC_Officer_4,2024-11-16T23:34:35.412317
SL-CASE-0407,9,LCGD Case Intake,LCGD,LCGD_Officer_1,2024-11-22T17:44:24.997544
SL-CASE-0407,10,LCGD Review,LCGD,LCGD_Officer_2,2025-02-14T13:16:21.307536
SL-CASE-0407,11,LCGD Lease Decision,LCGD,LCGD_Officer_3,2025-02-22T06:37:53.329939
SL-CASE-0407,12,Registration Requested,Registry,Registry_Officer_1,2025-02-25T05:46:59.809652
SL-CASE-0407,13,Registration Completed,Registry,Registry_Officer_2,2025-03-03T00:39:48.985959
SL-CASE-0407,14,DS Final Notification,DS,DS_Officer_7,2025-03-05T09:04:08.076193
SL-CASE-0408,1,DS Application Received,DS,DS_Officer_4,2024-02-16T08:49:30.694946
SL-CASE-0408,2,DS Initial Review,DS,DS_Officer_7,2024-05-27T07:38:38.185513
SL-CASE-0408,3,Survey Clearance Requested,Survey,Clearance_Officer_7,2024-05-27T22:51:09.266870
SL-CASE-0408,4,Survey Clearance Issued,Survey,Clearance_Officer_1,2024-05-30T03:24:01.575391
SL-CASE-0408,5,Agrarian Services Clearance Requested,Agrarian,Clearance_Officer_7,2024-05-30T07:58:10.863876
SL-CASE-0408,6,Agrarian Services Clearance Issued,Agrarian,Clearance_Officer_2,2024-06-09T21:44:52.003866
SL-CASE-0408,7,PLC/DLC Review,PLC_DLC,PLC_Officer_2,2024-06-11T04:15:52.541334
SL-CASE-0408,8,PLC/DLC Recommendation,PLC_DLC,PLC_Officer_3,2024-06-15T07:05:46.904969
SL-CASE-0408,9,LCGD Case Intake,LCGD,LCGD_Officer_1,2024-06-21T03:34:18.505991
SL-CASE-0408,10,LCGD Review,LCGD,LCGD_Officer_1,2024-06-22T19:40:17.882453
SL-CASE-0408,11,Higher Approval Requested,Ministry,LCGD_Officer_1,2024-06-24T20:26:36.449080
SL-CASE-0408,12,Higher Approval Granted,Ministry,LCGD_Officer_3,2024-07-21T06:34:48.938934
SL-CASE-0408,13,LCGD Lease Decision,LCGD,LCGD_Officer_1,2024-07-22T07:19:28.915132
SL-CASE-0408,14,DS Final Notification,DS,DS_Officer_6,2024-07-24T21:22:23.793326
SL-CASE-0409,1,DS Application Received,DS,DS_Officer_8,2024-06-25T13:55:58.188741
SL-CASE-0409,2,DS Initial Review,DS,DS_Officer_5,2024-06-26T13:19:17.077458
SL-CASE-0409,3,Survey Clearance Requested,Survey,Clearance_Officer_1,2024-06-26T23:55:03.524437
SL-CASE-0409,4,Survey Clearance Issued,Survey,Clearance_Officer_8,2024-07-11T13:38:43.634680
SL-CASE-0409,5,Environmental Clearance Requested,Environmental,Clearance_Officer_12,2024-07-12T11:07:30.127483
SL-CASE-0409,6,Environmental Clearance Issued,Environmental,Clearance_Officer_7,2024-07-21T02:59:34.813328
SL-CASE-0409,7,DS Field Report Requested,DS,Clearance_Officer_10,2024-07-21T19:45:49.172607
SL-CASE-0409,8,DS Field Report Issued,DS,Clearance_Officer_1,2024-07-25T10:19:25.379819
SL-CASE-0409,9,PLC/DLC Review,PLC_DLC,PLC_Officer_1,2024-07-31T04:58:10.633004
SL-CASE-0409,10,PLC/DLC Recommendation,PLC_DLC,PLC_Officer_4,2024-08-03T23:59:52.816194
SL-CASE-0409,11,LCGD Case Intake,LCGD,LCGD_Officer_4,2024-08-09T05:05:46.170881
SL-CASE-0409,12,LCGD Review,LCGD,LCGD_Officer_1,2024-11-23T08:11:06.617005
SL-CASE-0409,13,Higher Approval Requested,Ministry,LCGD_Officer_1,2024-11-28T06:07:52.216889
SL-CASE-0409,14,Higher Approval Granted,Ministry,LCGD_Officer_3,2024-12-30T04:11:10.342155
SL-CASE-0409,15,LCGD Lease Decision,LCGD,LCGD_Officer_3,2024-12-30T15:30:22.364847
SL-CASE-0409,16,Registration Requested,Registry,Registry_Officer_2,2024-12-31T05:09:44.047165
SL-CASE-0409,17,Registration Completed,Registry,Registry_Officer_4,2025-01-04T23:39:01.919007
SL-CASE-0409,18,DS Final Notification,DS,DS_Officer_3,2025-01-05T17:53:54.420523
SL-CASE-0410,1,DS Application Received,DS,DS_Officer_3,2024-10-13T11:57:52.755977
SL-CASE-0410,2,DS Initial Review,DS,DS_Officer_2,2024-10-14T21:47:53.135183
SL-CASE-0410,3,Survey Clearance Requested,Survey,Clearance_Officer_1,2025-01-04T19:55:07.353637
SL-CASE-0410,4,Survey Clearance Issued,Survey,Clearance_Officer_4,2025-01-13T01:07:15.541503
SL-CASE-0410,5,Environmental Clearance Requested,Environmental,Clearance_Officer_4,2025-01-13T19:37:42.285629
SL-CASE-0410,6,Environmental Clearance Issued,Environmental,Clearance_Officer_11,2025-01-30T11:54:17.038902
SL-CASE-0410,7,DS Field Report Requested,DS,Clearance_Officer_8,2025-01-30T20:53:43.309236
SL-CASE-0410,8,DS Field Report Issued,DS,Clearance_Officer_10,2025-02-10T06:57:23.364558
SL-CASE-0410,9,PLC/DLC Review,PLC_DLC,PLC_Officer_4,2025-02-20T01:34:59.659881
SL-CASE-0410,10,PLC/DLC Recommendation,PLC_DLC,PLC_Officer_2,2025-02-20T21:24:26.493000
SL-CASE-0410,11,LCGD Case Intake,LCGD,LCGD_Officer_3,2025-02-24T07:12:56.512852
SL-CASE-0410,12,LCGD Review,LCGD,LCGD_Officer_1,2025-03-01T14:24:02.554942
SL-CASE-0410,13,Higher Approval Requested,Ministry,LCGD_Officer_2,2025-03-05T07:09:47.473778
SL-CASE-0410,14,Higher Approval Granted,Ministry,LCGD_Officer_3,2025-04-09T13:23:30.800317
SL-CASE-0410,15,LCGD Lease Decision,LCGD,LCGD_Officer_4,2025-04-10T06:34:25.411585
SL-CASE-0410,16,Registration Requested,Registry,Registry_Officer_1,2025-04-11T22:05:29.785893
SL-CASE-0410,17,Registration Completed,Registry,Registry_Officer_1,2025-05-01T09:48:55.566241
SL-CASE-0410,18,DS Final Notification,DS,DS_Officer_5,2025-05-02T17:59:47.821787
SL-CASE-0411,1,DS Application Received,DS,DS_Officer_3,2023-05-24T11:44:21.047496
SL-CASE-0411,2,DS Initial Review,DS,DS_Officer_2,2023-05-26T08:00:24.059351
SL-CASE-0411,3,Survey Clearance Requested,Survey,Clearance_Officer_3,2023-10-09T18:09:33.463718
SL-CASE-0411,4,Survey Clearance Issued,Survey,Clearance_Officer_8,2023-10-22T21:34:18.406138
SL-CASE-0411,5,Agrarian Services Clearance Requested,Agrarian,Clearance_Officer_10,2023-10-23T19:14:44.291674
SL-CASE-0411,6,Agrarian Services Clearance Issued,Agrarian,Clearance_Officer_3,2023-11-03T23:46:22.435881
SL-CASE-0411,7,PLC/DLC Review,PLC_DLC,PLC_Officer_2,2023-11-05T11:06:21.434360
SL-CASE-0411,8,PLC/DLC Recommendation,PLC_DLC,PLC_Officer_4,2023-11-06T22:52:16.203920
SL-CASE-0411,9,LCGD Case Intake,LCGD,LCGD_Officer_3,2023-11-08T13:38:37.782913
SL-CASE-0411,10,LCGD Review,LCGD,LCGD_Officer_4,2023-11-19T20:27:07.009131
SL-CASE-0411,11,Higher Approval Requested,Ministry,LCGD_Officer_4,2023-11-23T19:52:22.530539
SL-CASE-0411,12,Higher Approval Granted,Ministry,LCGD_Officer_4,2023-12-07T00:19:08.821528
SL-CASE-0411,13,LCGD Lease Decision,LCGD,LCGD_Officer_2,2023-12-15T17:05:58.789130
SL-CASE-0411,14,DS Final Notification,DS,DS_Officer_4,2023-12-18T08:19:51.568884
SL-CASE-0412,1,DS Application Received,DS,DS_Officer_7,2023-05-05T02:13:28.823952
SL-CASE-0412,2,DS Initial Review,DS,DS_Officer_2,2023-05-05T23:56:49.396877
SL-CASE-0412,3,Survey Clearance Requested,Survey,Clearance_Officer_12,2023-10-02T18:58:17.067137
SL-CASE-0412,4,Survey Clearance Issued,Survey,Clearance_Officer_8,2023-10-04T22:49:40.679235
SL-CASE-0412,5,Agrarian Services Clearance Requested,Agrarian,Clearance_Officer_7,2023-10-05T06:01:07.912731
SL-CASE-0412,6,Agrarian Services Clearance Issued,Agrarian,Clearance_Officer_3,2023-10-16T02:21:12.051942
SL-CASE-0412,7,PLC/DLC Review,PLC_DLC,PLC_Officer_1,2023-10-24T18:27:22.999965
SL-CASE-0412,8,PLC/DLC Recommendation,PLC_DLC,PLC_Officer_1,2023-10-26T18:04:34.420710
SL-CASE-0412,9,LCGD Case Intake,LCGD,LCGD_Officer_2,2023-10-29T16:45:01.633088
SL-CASE-0412,10,LCGD Review,LCGD,LCGD_Officer_2,2023-10-31T21:05:34.423917
SL-CASE-0412,11,LCGD Lease Decision,LCGD,LCGD_Officer_3,2023-11-02T21:19:04.639073
SL-CASE-0412,12,DS Final Notification,DS,DS_Officer_3,2023-11-03T22:16:13.070854
SL-CASE-0413,1,DS Application Received,DS,DS_Officer_2,2024-04-20T04:05:25.970103
SL-CASE-0413,2,DS Initial Review,DS,DS_Officer_3,2024-04-21T07:05:43.423362
SL-CASE-0413,3,Survey Clearance Requested,Survey,Clearance_Officer_10,2024-04-21T10:41:45.483159
SL-CASE-0413,4,Survey Clearance Issued,Survey,Clearance_Officer_10,2024-04-25T01:57:47.778785
SL-CASE-0413,5,Agrarian Services Clearance Requested,Agrarian,Clearance_Officer_8,2024-04-25T12:43:03.869875
SL-CASE-0413,6,Agrarian Services Clearance Issued,Agrarian,Clearance_Officer_1,2024-05-10T20:58:51.155260
SL-CASE-0413,7,PLC/DLC Review,PLC_DLC,PLC_Officer_5,2024-05-16T16:05:48.835893
SL-CASE-0413,8,PLC/DLC Recommendation,PLC_DLC,PLC_Officer_3,2024-05-20T14:10:11.929477
SL-CASE-0413,9,LCGD Case Intake,LCGD,LCGD_Officer_3,2024-05-22T14:51:51.023092
SL-CASE-0413,10,LCGD Review,LCGD,LCGD_Officer_1,2024-10-28T19:15:04.606578
SL-CASE-0413,11,Higher Approval Requested,Ministry,LCGD_Officer_2,2024-11-02T13:54:11.472949
SL-CASE-0413,12,Higher Approval Granted,Ministry,LCGD_Officer_1,2024-12-08T19:19:53.391753
SL-CASE-0413,13,LCGD Lease Decision,LCGD,LCGD_Officer_1,2024-12-17T08:26:08.351630
SL-CASE-0413,14,Registration Requested,Registry,Registry_Officer_2,2024-12-22T02:53:42.906083
SL-CASE-0413,15,Registration Completed,Registry,Registry_Officer_4,2025-01-04T16:54:36.877918
SL-CASE-0413,16,DS Final Notification,DS,DS_Officer_5,2025-01-07T15:09:39.230332
SL-CASE-0414,1,DS Application Received,DS,DS_Officer_1,2024-03-29T21:32:33.950905
SL-CASE-0414,2,DS Initial Review,DS,DS_Officer_8,2024-03-31T08:08:06.360416
SL-CASE-0414,3,Survey Clearance Requested,Survey,Clearance_Officer_3,2024-03-31T12:09:06.284663
SL-CASE-0414,4,Survey Clearance Issued,Survey,Clearance_Officer_9,2024-04-05T23:26:23.447473
SL-CASE-0414,5,Agrarian Services Clearance Requested,Agrarian,Clearance_Officer_7,2024-04-06T10:16:34.391239
SL-CASE-0414,6,Agrarian Services Clearance Issued,Agrarian,Clearance_Officer_9,2024-04-16T12:03:44.903275
SL-CASE-0414,7,PLC/DLC Review,PLC_DLC,PLC_Officer_6,2024-04-24T07:25:08.178649
SL-CASE-0414,8,PLC/DLC Recommendation,PLC_DLC,PLC_Officer_5,2024-08-12T05:22:46.355743
SL-CASE-0414,9,LCGD Case Intake,LCGD,LCGD_Officer_4,2024-08-15T15:53:33.159295
SL-CASE-0414,10,LCGD Review,LCGD,LCGD_Officer_1,2024-08-27T14:03:21.052149
SL-CASE-0414,11,LCGD Lease Decision,LCGD,LCGD_Officer_4,2024-09-03T20:23:50.962434
SL-CASE-0414,12,DS Final Notification,DS,DS_Officer_8,2024-09-05T09:02:25.323132
SL-CASE-0415,1,DS Application Received,DS,DS_Officer_8,2024-08-22T23:09:10.317502
SL-CASE-0415,2,DS Initial Review,DS,DS_Officer_1,2024-08-24T22:53:50.315330
SL-CASE-0415,3,Survey Clearance Requested,Survey,Clearance_Officer_9,2024-08-25T18:17:20.133852
SL-CASE-0415,4,Survey Clearance Issued,Survey,Clearance_Officer_9,2024-09-01T19:24:45.666332
SL-CASE-0415,5,Environmental Clearance Requested,Environmental,Clearance_Officer_11,2024-09-01T21:25:37.512702
SL-CASE-0415,6,Environmental Clearance Issued,Environmental,Clearance_Officer_11,2024-09-06T10:21:04.473672
SL-CASE-0415,7,Irrigation Dept Clearance Requested,Irrigation,Clearance_Officer_6,2024-09-07T05:47:02.968249
SL-CASE-0415,8,Irrigation Dept Clearance Issued,Irrigation,Clearance_Officer_5,2024-09-09T05:26:16.076579
SL-CASE-0415,9,DS Field Report Requested,DS,Clearance_Officer_11,2024-09-10T02:51:51.297077
SL-CASE-0415,10,DS Field Report Issued,DS,Clearance_Officer_6,2024-12-13T13:10:34.050825
SL-CASE-0415,11,PLC/DLC Review,PLC_DLC,PLC_Officer_4,2024-12-21T05:26:43.566139
SL-CASE-0415,12,PLC/DLC Recommendation,PLC_DLC,PLC_Officer_5,2024-12-23T06:52:21.010142
SL-CASE-0415,13,LCGD Case Intake,LCGD,LCGD_Officer_4,2024-12-25T22:38:43.094722
SL-CASE-0415,14,LCGD Review,LCGD,LCGD_Officer_1,2025-01-03T21:53:39.531377
SL-CASE-0415,15,LCGD Lease Decision,LCGD,LCGD_Officer_2,2025-01-10T17:22:44.203553
SL-CASE-0415,16,Registration Requested,Registry,Registry_Officer_2,2025-01-12T07:15:10.848447
SL-CASE-0415,17,Registration Completed,Registry,Registry_Officer_3,2025-01-28T02:11:37.947473
SL-CASE-0415,18,DS Final Notification,DS,DS_Officer_5,2025-01-30T15:52:03.310412
SL-CASE-0416,1,DS Application Received,DS,DS_Officer_3,2024-01-02T12:43:08.963536
SL-CASE-0416,2,DS Initial Review,DS,DS_Officer_5,2024-01-03T22:47:39.416771
SL-CASE-0416,3,Survey Clearance Requested,Survey,Clearance_Officer_4,2024-01-04T18:09:50.596156
SL-CASE-0416,4,Survey Clearance Issued,Survey,Clearance_Officer_4,2024-01-22T05:11:35.762485
SL-CASE-0416,5,Environmental Clearance Requested,Environmental,Clearance_Officer_10,2024-01-22T19:12:33.383875
SL-CASE-0416,6,Environmental Clearance Issued,Environmental,Clearance_Officer_6,2024-02-10T13:21:28.200662
SL-CASE-0416,7,Irrigation Dept Clearance Requested,Irrigation,Clearance_Officer_5,2024-02-11T00:15:56.364512
SL-CASE-0416,8,Irrigation Dept Clearance Issued,Irrigation,Clearance_Officer_11,2024-02-13T12:33:59.130237
SL-CASE-0416,9,DS Field Report Requested,DS,Clearance_Officer_3,2024-02-14T10:43:06.102747
SL-CASE-0416,10,DS Field Report Issued,DS,Clearance_Officer_6,2024-02-25T13:47:04.982944
SL-CASE-0416,11,PLC/DLC Review,PLC_DLC,PLC_Officer_4,2024-03-03T22:29:48.009546
SL-CASE-0416,12,PLC/DLC Recommendation,PLC_DLC,PLC_Officer_3,2024-03-05T00:46:37.585836
SL-CASE-0416,13,LCGD Case Intake,LCGD,LCGD_Officer_2,2024-03-08T01:28:22.966310
SL-CASE-0416,14,LCGD Review,LCGD,LCGD_Officer_2,2024-03-14T17:05:59.709970
SL-CASE-0416,15,Higher Approval Requested,Ministry,LCGD_Officer_2,2024-03-19T02:05:24.106091
SL-CASE-0416,16,Higher Approval Granted,Ministry,LCGD_Officer_3,2024-04-05T02:28:59.042719
SL-CASE-0416,17,LCGD Lease Decision,LCGD,LCGD_Officer_1,2024-04-06T08:24:09.779950
SL-CASE-0416,18,Registration Requested,Registry,Registry_Officer_4,2024-07-01T21:59:23.064391
SL-CASE-0416,19,Registration Completed,Registry,Registry_Officer_1,2024-07-09T22:21:33.376516
SL-CASE-0416,20,DS Final Notification,DS,DS_Officer_8,2024-07-12T18:58:23.721858
SL-CASE-0417,1,DS Application Received,DS,DS_Officer_5,2023-09-28T09:30:14.152174
SL-CASE-0417,2,DS Initial Review,DS,DS_Officer_2,2023-09-29T17:08:29.587921
SL-CASE-0417,3,Survey Clearance Requested,Survey,Clearance_Officer_9,2023-09-30T14:27:07.393187
SL-CASE-0417,4,Survey Clearance Issued,Survey,Clearance_Officer_2,2023-10-17T06:20:45.183313
SL-CASE-0417,5,Agrarian Services Clearance Requested,Agrarian,Clearance_Officer_2,2023-10-18T04:43:29.618166
SL-CASE-0417,6,Agrarian Services Clearance Issued,Agrarian,Clearance_Officer_10,2023-11-05T13:27:15.677051
SL-CASE-0417,7,PLC/DLC Review,PLC_DLC,PLC_Officer_1,2024-01-27T20:49:30.269937
SL-CASE-0417,8,PLC/DLC Recommendation,PLC_DLC,PLC_Officer_6,2024-01-29T01:31:40.533996
SL-CASE-0417,9,LCGD Case Intake,LCGD,LCGD_Officer_2,2024-01-31T17:34:18.794380
SL-CASE-0417,10,LCGD Review,LCGD,LCGD_Officer_1,2024-02-05T12:00:03.017496
SL-CASE-0417,11,LCGD Lease Decision,LCGD,LCGD_Officer_3,2024-02-06T14:07:37.986187
SL-CASE-0417,12,Registration Requested,Registry,Registry_Officer_3,2024-02-07T20:05:18.265600
SL-CASE-0417,13,Registration Completed,Registry,Registry_Officer_3,2024-02-10T12:18:39.294993
SL-CASE-0417,14,DS Final Notification,DS,DS_Officer_6,2024-02-11T22:04:05.831254
SL-CASE-0418,1,DS Application Received,DS,DS_Officer_7,2023-06-01T15:17:12.962832
SL-CASE-0418,2,DS Initial Review,DS,DS_Officer_6,2023-06-02T14:58:09.537490
SL-CASE-0418,3,Survey Clearance Requested,Survey,Clearance_Officer_10,2023-06-02T17:58:36.277353
SL-CASE-0418,4,Survey Clearance Issued,Survey,Clearance_Officer_3,2023-06-08T19:09:38.739272
SL-CASE-0418,5,Environmental Clearance Requested,Environmental,Clearance_Officer_11,2023-06-09T12:29:51.111990
SL-CASE-0418,6,Environmental Clearance Issued,Environmental,Clearance_Officer_5,2023-06-25T18:23:02.272573
SL-CASE-0418,7,DS Field Report Requested,DS,Clearance_Officer_2,2023-06-26T17:17:32.906397
SL-CASE-0418,8,DS Field Report Issued,DS,Clearance_Officer_6,2023-06-28T09:20:24.405393
SL-CASE-0418,9,PLC/DLC Review,PLC_DLC,PLC_Officer_4,2023-06-30T13:46:12.562599
SL-CASE-0418,10,PLC/DLC Recommendation,PLC_DLC,PLC_Officer_1,2023-07-03T17:57:43.543156
SL-CASE-0418,11,LCGD Case Intake,LCGD,LCGD_Officer_4,2023-07-08T18:33:01.437182
SL-CASE-0418,12,LCGD Review,LCGD,LCGD_Officer_2,2023-07-17T15:12:34.414647
SL-CASE-0418,13,LCGD Lease Decision,LCGD,LCGD_Officer_1,2023-07-25T06:31:35.486332
SL-CASE-0418,14,Registration Requested,Registry,Registry_Officer_2,2023-07-26T19:29:53.790086
SL-CASE-0418,15,Registration Completed,Registry,Registry_Officer_3,2023-08-01T06:39:46.103193
SL-CASE-0418,16,DS Final Notification,DS,DS_Officer_3,2023-10-31T07:32:44.591669
SL-CASE-0419,1,DS Application Received,DS,DS_Officer_8,2024-07-20T10:21:10.999168
SL-CASE-0419,2,DS Initial Review,DS,DS_Officer_3,2024-07-21T02:39:09.831408
SL-CASE-0419,3,Survey Clearance Requested,Survey,Clearance_Officer_12,2024-07-21T07:41:36.781133
SL-CASE-0419,4,Survey Clearance Issued,Survey,Clearance_Officer_6,2024-12-22T00:02:53.118858
SL-CASE-0419,5,Environmental Clearance Requested,Environmental,Clearance_Officer_11,2024-12-22T23:40:38.910103
SL-CASE-0419,6,Environmental Clearance Issued,Environmental,Clearance_Officer_11,2024-12-29T07:10:52.845757
SL-CASE-0419,7,Irrigation Dept Clearance Requested,Irrigation,Clearance_Officer_10,2024-12-29T16:39:04.113030
SL-CASE-0419,8,Irrigation Dept Clearance Issued,Irrigation,Clearance_Officer_6,2025-01-07T17:04:01.237769
SL-CASE-0419,9,DS Field Report Requested,DS,Clearance_Officer_6,2025-01-08T12:35:32.151755
SL-CASE-0419,10,DS Field Report Issued,DS,Clearance_Officer_10,2025-01-24T11:44:29.094728
SL-CASE-0419,11,PLC/DLC Review,PLC_DLC,PLC_Officer_5,2025-01-27T17:24:46.271251
SL-CASE-0419,12,PLC/DLC Recommendation,PLC_DLC,PLC_Officer_5,2025-01-28T14:06:25.535284
SL-CASE-0419,13,LCGD Case Intake,LCGD,LCGD_Officer_1,2025-02-04T00:08:34.894752
SL-CASE-0419,14,LCGD Review,LCGD,LCGD_Officer_4,2025-02-16T09:06:55.568285
SL-CASE-0419,15,Higher Approval Requested,Ministry,LCGD_Officer_1,2025-02-21T07:26:58.020018
SL-CASE-0419,16,Higher Approval Granted,Ministry,LCGD_Officer_1,2025-03-03T01:47:40.847083
SL-CASE-0419,17,LCGD Lease Decision,LCGD,LCGD_Officer_1,2025-03-11T22:17:50.418418
SL-CASE-0419,18,Registration Requested,Registry,Registry_Officer_3,2025-03-12T22:04:29.482626
SL-CASE-0419,19,Registration Completed,Registry,Registry_Officer_2,2025-03-20T23:56:11.389638
SL-CASE-0419,20,DS Final Notification,DS,DS_Officer_4,2025-03-22T18:58:46.884196
SL-CASE-0420,1,DS Application Received,DS,DS_Officer_7,2023-04-02T19:21:24.771300
SL-CASE-0420,2,DS Initial Review,DS,DS_Officer_3,2023-04-03T23:48:03.265747
SL-CASE-0420,3,Survey Clearance Requested,Survey,Clearance_Officer_5,2023-04-04T16:48:17.264845
SL-CASE-0420,4,Survey Clearance Issued,Survey,Clearance_Officer_9,2023-04-11T11:05:32.869224
SL-CASE-0420,5,DS Field Report Requested,DS,Clearance_Officer_7,2023-04-12T00:38:16.387188
SL-CASE-0420,6,DS Field Report Issued,DS,Clearance_Officer_10,2023-04-20T08:34:27.767370
SL-CASE-0420,7,PLC/DLC Review,PLC_DLC,PLC_Officer_4,2023-07-25T05:20:59.737398
SL-CASE-0420,8,PLC/DLC Recommendation,PLC_DLC,PLC_Officer_6,2023-07-26T03:46:27.042115
SL-CASE-0420,9,LCGD Case Intake,LCGD,LCGD_Officer_2,2023-08-02T02:17:11.089730
SL-CASE-0420,10,LCGD Review,LCGD,LCGD_Officer_4,2023-08-09T00:26:19.384935
SL-CASE-0420,11,LCGD Lease Decision,LCGD,LCGD_Officer_3,2023-08-16T06:46:08.908803
SL-CASE-0420,12,Registration Requested,Registry,Registry_Officer_2,2023-08-19T14:05:15.860622
SL-CASE-0420,13,Registration Completed,Registry,Registry_Officer_2,2023-09-03T18:40:27.083635
SL-CASE-0420,14,DS Final Notification,DS,DS_Officer_3,2023-09-04T22:18:53.198645
SL-CASE-0421,1,DS Application Received,DS,DS_Officer_4,2024-10-26T20:29:13.646071
SL-CASE-0421,2,DS Initial Review,DS,DS_Officer_3,2024-10-28T13:17:09.690144
SL-CASE-0421,3,Survey Clearance Requested,Survey,Clearance_Officer_3,2024-10-28T19:41:24.032778
SL-CASE-0421,4,Survey Clearance Issued,Survey,Clearance_Officer_11,2024-11-15T12:21:38.892920
SL-CASE-0421,5,DS Field Report Requested,DS,Clearance_Officer_5,2024-11-15T14:30:59.968286
SL-CASE-0421,6,DS Field Report Issued,DS,Clearance_Officer_1,2024-11-28T11:05:29.764884
SL-CASE-0421,7,PLC/DLC Review,PLC_DLC,PLC_Officer_1,2024-12-02T13:04:59.680700
SL-CASE-0421,8,PLC/DLC Recommendation,PLC_DLC,PLC_Officer_5,2024-12-07T00:01:41.548126
SL-CASE-0421,9,LCGD Case Intake,LCGD,LCGD_Officer_3,2024-12-09T02:12:32.296579
SL-CASE-0421,10,LCGD Review,LCGD,LCGD_Officer_2,2024-12-16T22:41:37.281409
SL-CASE-0421,11,LCGD Review (Correction Requested),LCGD,LCGD_Officer_2,2024-12-22T14:43:43.860660
SL-CASE-0421,12,LCGD Review (Correction Requested),LCGD,LCGD_Officer_2,2024-12-24T09:32:26.514684
SL-CASE-0421,13,LCGD Review (Correction Requested),LCGD,LCGD_Officer_2,2024-12-29T12:02:33.476793
SL-CASE-0421,14,LCGD Lease Decision,LCGD,LCGD_Officer_4,2024-12-24T04:35:56.837399
SL-CASE-0421,15,DS Final Notification,DS,DS_Officer_3,2024-12-25T06:44:58.626446
SL-CASE-0422,1,DS Application Received,DS,DS_Officer_7,2024-07-04T21:16:23.490232
SL-CASE-0422,2,DS Initial Review,DS,DS_Officer_1,2024-07-05T08:04:56.672043
SL-CASE-0422,3,Survey Clearance Requested,Survey,Clearance_Officer_10,2024-07-05T17:14:31.063754
SL-CASE-0422,4,Survey Clearance Issued,Survey,Clearance_Officer_11,2024-07-08T10:23:19.296522
SL-CASE-0422,5,Agrarian Services Clearance Requested,Agrarian,Clearance_Officer_7,2024-07-09T04:42:37.882767
SL-CASE-0422,6,Agrarian Services Clearance Issued,Agrarian,Clearance_Officer_9,2024-07-27T06:57:05.715890
SL-CASE-0422,7,PLC/DLC Review,PLC_DLC,PLC_Officer_1,2024-07-30T01:55:11.523693
SL-CASE-0422,8,PLC/DLC Recommendation,PLC_DLC,PLC_Officer_5,2024-08-01T04:39:51.703779
SL-CASE-0422,9,LCGD Case Intake,LCGD,LCGD_Officer_4,2024-08-07T08:13:59.152697
SL-CASE-0422,10,LCGD Review,LCGD,LCGD_Officer_4,2024-08-21T18:54:39.215976
SL-CASE-0422,11,LCGD Review (Correction Requested),LCGD,LCGD_Officer_4,2024-08-29T08:13:27.983700
SL-CASE-0422,12,LCGD Review (Correction Requested),LCGD,LCGD_Officer_4,2024-09-07T16:11:46.158729
SL-CASE-0422,13,LCGD Review (Correction Requested),LCGD,LCGD_Officer_4,2024-09-14T13:45:42.155084
SL-CASE-0422,14,LCGD Review (Correction Requested),LCGD,LCGD_Officer_4,2024-09-24T06:33:06.040583
SL-CASE-0422,15,LCGD Lease Decision,LCGD,LCGD_Officer_4,2024-08-23T17:59:21.688120
SL-CASE-0422,16,DS Final Notification,DS,DS_Officer_4,2024-08-25T20:06:47.364535
SL-CASE-0423,1,DS Application Received,DS,DS_Officer_3,2024-10-31T17:53:27.030117
SL-CASE-0423,2,DS Initial Review,DS,DS_Officer_7,2024-11-02T15:55:33.198666
SL-CASE-0423,3,Survey Clearance Requested,Survey,Clearance_Officer_11,2024-11-03T11:30:45.913263
SL-CASE-0423,4,Survey Clearance Issued,Survey,Clearance_Officer_2,2024-11-20T16:52:34.736710
SL-CASE-0423,5,DS Field Report Requested,DS,Clearance_Officer_4,2024-11-21T08:57:51.051622
SL-CASE-0423,6,DS Field Report Issued,DS,Clearance_Officer_3,2024-12-02T21:11:39.761808
SL-CASE-0423,7,PLC/DLC Review,PLC_DLC,PLC_Officer_2,2024-12-05T15:06:21.799674
SL-CASE-0423,8,PLC/DLC Recommendation,PLC_DLC,PLC_Officer_3,2024-12-07T10:10:03.870983
SL-CASE-0423,9,LCGD Case Intake,LCGD,LCGD_Officer_2,2024-12-12T11:45:11.163473
SL-CASE-0423,10,LCGD Review,LCGD,LCGD_Officer_2,2024-12-24T12:58:30.969074
SL-CASE-0423,11,LCGD Review (Correction Requested),LCGD,LCGD_Officer_2,2024-12-31T08:12:36.975241
SL-CASE-0423,12,LCGD Review (Correction Requested),LCGD,LCGD_Officer_2,2025-01-07T23:25:37.548078
SL-CASE-0423,13,LCGD Review (Correction Requested),LCGD,LCGD_Officer_2,2025-01-16T22:02:54.481496
SL-CASE-0423,14,LCGD Review (Correction Requested),LCGD,LCGD_Officer_2,2025-01-19T21:19:24.699927
SL-CASE-0423,15,LCGD Lease Decision,LCGD,LCGD_Officer_3,2024-12-27T21:54:10.568745
SL-CASE-0423,16,DS Final Notification,DS,DS_Officer_2,2024-12-28T18:34:38.691168
SL-CASE-0424,1,DS Application Received,DS,DS_Officer_2,2024-07-19T20:00:45.514640
SL-CASE-0424,2,DS Initial Review,DS,DS_Officer_8,2024-07-20T07:57:10.452635
SL-CASE-0424,3,Survey Clearance Requested,Survey,Clearance_Officer_10,2024-07-20T23:13:56.160481
SL-CASE-0424,4,Survey Clearance Issued,Survey,Clearance_Officer_3,2024-07-30T07:19:23.671968
SL-CASE-0424,5,Agrarian Services Clearance Requested,Agrarian,Clearance_Officer_8,2024-07-30T21:53:10.294164
SL-CASE-0424,6,Agrarian Services Clearance Requested (Correction Requested),Agrarian,Clearance_Officer_8,2024-08-01T03:57:04.039224
SL-CASE-0424,7,Agrarian Services Clearance Requested (Correction Requested),Agrarian,Clearance_Officer_8,2024-08-08T05:47:55.600506
SL-CASE-0424,8,Agrarian Services Clearance Issued,Agrarian,Clearance_Officer_1,2024-08-02T05:45:09.366843
SL-CASE-0424,9,PLC/DLC Review,PLC_DLC,PLC_Officer_6,2024-08-05T21:14:44.230580
SL-CASE-0424,10,PLC/DLC Recommendation,PLC_DLC,PLC_Officer_4,2024-08-10T09:58:04.423971
SL-CASE-0424,11,LCGD Case Intake,LCGD,LCGD_Officer_4,2024-08-15T20:29:17.570660
SL-CASE-0424,12,LCGD Review,LCGD,LCGD_Officer_2,2024-08-26T21:59:35.253654
SL-CASE-0424,13,LCGD Lease Decision,LCGD,LCGD_Officer_3,2024-08-31T22:43:47.137658
SL-CASE-0424,14,DS Final Notification,DS,DS_Officer_4,2024-09-01T10:24:32.530109
SL-CASE-0425,1,DS Application Received,DS,DS_Officer_1,2024-11-11T11:06:25.438572
SL-CASE-0425,2,DS Initial Review,DS,DS_Officer_8,2024-11-12T02:46:50.790816
SL-CASE-0425,3,Survey Clearance Requested,Survey,Clearance_Officer_11,2024-11-12T18:07:31.924078
SL-CASE-0425,4,Survey Clearance Issued,Survey,Clearance_Officer_9,2024-11-30T13:36:21.332529
SL-CASE-0425,5,Environmental Clearance Requested,Environmental,Clearance_Officer_10,2024-12-01T02:40:55.420686
SL-CASE-0425,6,Environmental Clearance Issued,Environmental,Clearance_Officer_11,2024-12-10T10:34:43.526164
SL-CASE-0425,7,Environmental Clearance Issued (Correction Requested),Environmental,Clearance_Officer_11,2024-12-16T13:48:36.863885
SL-CASE-0425,8,Environmental Clearance Issued (Correction Requested),Environmental,Clearance_Officer_11,2024-12-25T22:22:27.503696
SL-CASE-0425,9,Environmental Clearance Issued (Correction Requested),Environmental,Clearance_Officer_11,2024-12-27T18:35:06.945991
SL-CASE-0425,10,Environmental Clearance Issued (Correction Requested),Environmental,Clearance_Officer_11,2025-01-04T18:50:14.444810
SL-CASE-0425,11,DS Field Report Requested,DS,Clearance_Officer_12,2024-12-10T17:12:41.916254
SL-CASE-0425,12,DS Field Report Issued,DS,Clearance_Officer_6,2024-12-25T10:27:50.135654
SL-CASE-0425,13,PLC/DLC Review,PLC_DLC,PLC_Officer_3,2025-01-01T06:37:09.295587
SL-CASE-0425,14,PLC/DLC Recommendation,PLC_DLC,PLC_Officer_6,2025-01-02T09:40:12.201937
SL-CASE-0425,15,LCGD Case Intake,LCGD,LCGD_Officer_1,2025-01-06T09:07:42.343634
SL-CASE-0425,16,LCGD Review,LCGD,LCGD_Officer_1,2025-01-18T13:29:20.251957
SL-CASE-0425,17,Higher Approval Requested,Ministry,LCGD_Officer_3,2025-01-19T18:30:59.079610
SL-CASE-0425,18,Higher Approval Granted,Ministry,LCGD_Officer_2,2025-02-28T00:01:40.377630
SL-CASE-0425,19,LCGD Lease Decision,LCGD,LCGD_Officer_1,2025-03-09T05:54:12.000119
SL-CASE-0425,20,Registration Requested,Registry,Registry_Officer_3,2025-03-13T08:46:33.687559
SL-CASE-0425,21,Registration Completed,Registry,Registry_Officer_1,2025-03-16T10:41:57.432740
SL-CASE-0425,22,DS Final Notification,DS,DS_Officer_3,2025-03-17T12:58:53.074692
SL-CASE-0426,1,DS Application Received,DS,DS_Officer_1,2024-03-26T01:56:19.710901
SL-CASE-0426,2,DS Initial Review,DS,DS_Officer_4,2024-03-27T08:52:13.211071
SL-CASE-0426,3,Survey Clearance Requested,Survey,Clearance_Officer_10,2024-03-28T06:55:36.242924
SL-CASE-0426,4,Survey Clearance Issued,Survey,Clearance_Officer_8,2024-04-06T04:25:59.606585
SL-CASE-0426,5,Survey Clearance Issued (Correction Requested),Survey,Clearance_Officer_8,2024-04-13T16:18:50.733136
SL-CASE-0426,6,Survey Clearance Issued (Correction Requested),Survey,Clearance_Officer_8,2024-04-18T16:45:22.137885
SL-CASE-0426,7,Survey Clearance Issued (Correction Requested),Survey,Clearance_Officer_8,2024-04-26T04:55:26.439632
SL-CASE-0426,8,Survey Clearance Issued (Correction Requested),Survey,Clearance_Officer_8,2024-05-03T03:51:18.102708
SL-CASE-0426,9,Environmental Clearance Requested,Environmental,Clearance_Officer_11,2024-04-06T08:15:05.313685
SL-CASE-0426,10,Environmental Clearance Issued,Environmental,Clearance_Officer_2,2024-04-18T14:52:50.230950
SL-CASE-0426,11,DS Field Report Requested,DS,Clearance_Officer_2,2024-04-19T06:16:19.049629
SL-CASE-0426,12,DS Field Report Issued,DS,Clearance_Officer_1,2024-04-23T00:28:33.186904
SL-CASE-0426,13,PLC/DLC Review,PLC_DLC,PLC_Officer_6,2024-04-29T12:51:58.182660
SL-CASE-0426,14,PLC/DLC Recommendation,PLC_DLC,PLC_Officer_2,2024-04-30T12:10:11.725959
SL-CASE-0426,15,LCGD Case Intake,LCGD,LCGD_Officer_4,2024-05-02T00:43:30.121407
SL-CASE-0426,16,LCGD Review,LCGD,LCGD_Officer_2,2024-05-08T18:31:21.007217
SL-CASE-0426,17,Higher Approval Requested,Ministry,LCGD_Officer_1,2024-05-09T06:37:18.828038
SL-CASE-0426,18,Higher Approval Granted,Ministry,LCGD_Officer_4,2024-05-18T08:00:22.929393
SL-CASE-0426,19,LCGD Lease Decision,LCGD,LCGD_Officer_2,2024-05-22T12:14:14.284005
SL-CASE-0426,20,DS Final Notification,DS,DS_Officer_1,2024-05-25T06:10:02.174346
SL-CASE-0427,1,DS Application Received,DS,DS_Officer_7,2024-10-09T21:17:59.534537
SL-CASE-0427,2,DS Initial Review,DS,DS_Officer_1,2024-10-10T16:08:29.942915
SL-CASE-0427,3,Survey Clearance Requested,Survey,Clearance_Officer_8,2024-10-11T08:40:08.650619
SL-CASE-0427,4,Survey Clearance Issued,Survey,Clearance_Officer_11,2024-10-24T17:21:17.153017
SL-CASE-0427,5,Environmental Clearance Requested,Environmental,Clearance_Officer_9,2024-10-25T13:12:08.883226
SL-CASE-0427,6,Environmental Clearance Issued,Environmental,Clearance_Officer_5,2024-10-28T12:27:27.181799
SL-CASE-0427,7,Irrigation Dept Clearance Requested,Irrigation,Clearance_Officer_2,2024-10-28T18:19:57.245266
SL-CASE-0427,8,Irrigation Dept Clearance Issued,Irrigation,Clearance_Officer_9,2024-11-04T04:02:31.078242
SL-CASE-0427,9,DS Field Report Requested,DS,Clearance_Officer_11,2024-11-04T21:04:07.982234
SL-CASE-0427,10,DS Field Report Issued,DS,Clearance_Officer_6,2024-11-15T20:23:06.551640
SL-CASE-0427,11,PLC/DLC Review,PLC_DLC,PLC_Officer_5,2024-11-24T12:25:46.377769
SL-CASE-0427,12,PLC/DLC Recommendation,PLC_DLC,PLC_Officer_2,2024-11-27T22:13:50.975634
SL-CASE-0427,13,LCGD Case Intake,LCGD,LCGD_Officer_3,2024-11-29T09:39:02.904482
SL-CASE-0427,14,LCGD Review,LCGD,LCGD_Officer_1,2024-12-05T15:50:40.767076
SL-CASE-0427,15,LCGD Review (Correction Requested),LCGD,LCGD_Officer_1,2024-12-13T16:09:21.379787
SL-CASE-0427,16,LCGD Review (Correction Requested),LCGD,LCGD_Officer_1,2024-12-19T22:10:59.000481
SL-CASE-0427,17,Higher Approval Requested,Ministry,LCGD_Officer_2,2024-12-09T21:36:13.230223
SL-CASE-0427,18,Higher Approval Granted,Ministry,LCGD_Officer_3,2025-01-08T10:07:45.329324
SL-CASE-0427,19,LCGD Lease Decision,LCGD,LCGD_Officer_3,2025-01-18T08:51:28.644712
SL-CASE-0427,20,Registration Requested,Registry,Registry_Officer_1,2025-01-22T01:07:02.698450
SL-CASE-0427,21,Registration Completed,Registry,Registry_Officer_1,2025-02-07T10:41:21.404226
SL-CASE-0427,22,DS Final Notification,DS,DS_Officer_4,2025-02-09T21:03:52.667792
SL-CASE-0428,1,DS Application Received,DS,DS_Officer_6,2024-07-30T11:20:47.433190
SL-CASE-0428,2,DS Initial Review,DS,DS_Officer_3,2024-07-31T08:23:26.642935
SL-CASE-0428,3,Survey Clearance Requested,Survey,Clearance_Officer_1,2024-07-31T15:03:18.041662
SL-CASE-0428,4,Survey Clearance Issued,Survey,Clearance_Officer_2,2024-08-06T13:19:18.929022
SL-CASE-0428,5,DS Field Report Requested,DS,Clearance_Officer_3,2024-08-07T10:51:36.631067
SL-CASE-0428,6,DS Field Report Requested (Correction Requested),DS,Clearance_Officer_3,2024-08-13T05:33:58.933818
SL-CASE-0428,7,DS Field Report Requested (Correction Requested),DS,Clearance_Officer_3,2024-08-22T17:43:09.469949
SL-CASE-0428,8,DS Field Report Requested (Correction Requested),DS,Clearance_Officer_3,2024-08-24T16:50:23.523303
SL-CASE-0428,9,DS Field Report Issued,DS,Clearance_Officer_8,2024-08-08T22:33:16.362113
SL-CASE-0428,10,PLC/DLC Review,PLC_DLC,PLC_Officer_4,2024-08-18T06:38:12.398066
SL-CASE-0428,11,PLC/DLC Recommendation,PLC_DLC,PLC_Officer_5,2024-08-19T02:40:17.912768
SL-CASE-0428,12,LCGD Case Intake,LCGD,LCGD_Officer_2,2024-08-20T15:56:11.202005
SL-CASE-0428,13,LCGD Review,LCGD,LCGD_Officer_3,2024-08-29T11:15:57.557812
SL-CASE-0428,14,LCGD Lease Decision,LCGD,LCGD_Officer_1,2024-08-30T07:22:41.829338
SL-CASE-0428,15,Registration Requested,Registry,Registry_Officer_1,2024-09-01T15:53:36.051587
SL-CASE-0428,16,Registration Completed,Registry,Registry_Officer_1,2024-09-10T20:31:49.907269
SL-CASE-0428,17,DS Final Notification,DS,DS_Officer_3,2024-09-12T03:23:39.875031
SL-CASE-0429,1,DS Application Received,DS,DS_Officer_6,2023-08-12T14:32:40.249464
SL-CASE-0429,2,DS Initial Review,DS,DS_Officer_7,2023-08-14T10:29:44.361994
SL-CASE-0429,3,Survey Clearance Requested,Survey,Clearance_Officer_10,2023-08-15T09:32:26.216274
SL-CASE-0429,4,Survey Clearance Issued,Survey,Clearance_Officer_11,2023-09-02T18:25:07.697373
SL-CASE-0429,5,Environmental Clearance Requested,Environmental,Clearance_Officer_7,2023-09-03T06:21:04.407983
SL-CASE-0429,6,Environmental Clearance Issued,Environmental,Clearance_Officer_5,2023-09-21T05:34:43.030158
SL-CASE-0429,7,DS Field Report Requested,DS,Clearance_Officer_6,2023-09-21T21:16:57.217805
SL-CASE-0429,8,DS Field Report Issued,DS,Clearance_Officer_11,2023-10-01T07:12:17.837549
SL-CASE-0429,9,PLC/DLC Review,PLC_DLC,PLC_Officer_3,2023-10-09T04:40:32.409878
SL-CASE-0429,10,PLC/DLC Recommendation,PLC_DLC,PLC_Officer_4,2023-10-11T05:04:48.815322
SL-CASE-0429,11,LCGD Case Intake,LCGD,LCGD_Officer_2,2023-10-17T04:40:01.397035
SL-CASE-0429,12,LCGD Case Intake (Correction Requested),LCGD,LCGD_Officer_2,2023-10-19T02:20:54.700353
SL-CASE-0429,13,LCGD Case Intake (Correction Requested),LCGD,LCGD_Officer_2,2023-10-23T16:27:15.873466
SL-CASE-0429,14,LCGD Review,LCGD,LCGD_Officer_1,2023-10-21T17:05:51.161126
SL-CASE-0429,15,Higher Approval Requested,Ministry,LCGD_Officer_3,2023-10-22T14:41:58.161386
SL-CASE-0429,16,Higher Approval Granted,Ministry,LCGD_Officer_1,2023-11-12T18:33:57.691403
SL-CASE-0429,17,LCGD Lease Decision,LCGD,LCGD_Officer_1,2023-11-14T02:26:13.630199
SL-CASE-0429,18,Registration Requested,Registry,Registry_Officer_1,2023-11-18T00:07:15.611333
SL-CASE-0429,19,Registration Completed,Registry,Registry_Officer_1,2023-11-19T17:46:55.422699
SL-CASE-0429,20,DS Final Notification,DS,DS_Officer_7,2023-11-22T04:12:31.802907
SL-CASE-0430,1,DS Application Received,DS,DS_Officer_6,2024-06-18T11:19:00.597723
SL-CASE-0430,2,DS Initial Review,DS,DS_Officer_3,2024-06-19T11:01:05.973168
SL-CASE-0430,3,Survey Clearance Requested,Survey,Clearance_Officer_12,2024-06-20T02:03:31.565315
SL-CASE-0430,4,Survey Clearance Issued,Survey,Clearance_Officer_6,2024-06-23T03:23:22.509361
SL-CASE-0430,5,DS Field Report Requested,DS,Clearance_Officer_8,2024-06-23T20:53:03.368080
SL-CASE-0430,6,DS Field Report Requested (Correction Requested),DS,Clearance_Officer_8,2024-06-29T15:43:46.827563
SL-CASE-0430,7,DS Field Report Requested (Correction Requested),DS,Clearance_Officer_8,2024-07-05T09:48:14.748113
SL-CASE-0430,8,DS Field Report Requested (Correction Requested),DS,Clearance_Officer_8,2024-07-09T14:33:22.091586
SL-CASE-0430,9,DS Field Report Issued,DS,Clearance_Officer_9,2024-06-26T11:23:11.843677
SL-CASE-0430,10,PLC/DLC Review,PLC_DLC,PLC_Officer_4,2024-06-27T09:03:55.316487
SL-CASE-0430,11,PLC/DLC Recommendation,PLC_DLC,PLC_Officer_1,2024-06-28T02:39:19.225468
SL-CASE-0430,12,LCGD Case Intake,LCGD,LCGD_Officer_2,2024-07-01T14:43:08.191682
SL-CASE-0430,13,LCGD Review,LCGD,LCGD_Officer_1,2024-07-07T06:19:03.878636
SL-CASE-0430,14,Higher Approval Requested,Ministry,LCGD_Officer_3,2024-07-11T08:59:57.910607
SL-CASE-0430,15,Higher Approval Granted,Ministry,LCGD_Officer_3,2024-07-29T00:20:28.216031
SL-CASE-0430,16,LCGD Lease Decision,LCGD,LCGD_Officer_2,2024-08-03T01:28:36.921548
SL-CASE-0430,17,Registration Requested,Registry,Registry_Officer_2,2024-08-07T02:47:38.256782
SL-CASE-0430,18,Registration Completed,Registry,Registry_Officer_2,2024-08-10T06:52:18.592284
SL-CASE-0430,19,DS Final Notification,DS,DS_Officer_7,2024-08-10T10:36:25.708972
SL-CASE-0431,1,DS Application Received,DS,DS_Officer_4,2023-10-26T04:36:11.110569
SL-CASE-0431,2,DS Initial Review,DS,DS_Officer_3,2023-10-27T11:18:34.000866
SL-CASE-0431,3,Survey Clearance Requested,Survey,Clearance_Officer_8,2023-10-28T07:24:22.768285
SL-CASE-0431,4,Survey Clearance Issued,Survey,Clearance_Officer_7,2023-11-15T19:49:27.491939
SL-CASE-0431,5,Environmental Clearance Requested,Environmental,Clearance_Officer_7,2023-11-16T17:23:46.703104
SL-CASE-0431,6,Environmental Clearance Issued,Environmental,Clearance_Officer_2,2023-12-03T08:46:20.454010
SL-CASE-0431,7,Irrigation Dept Clearance Requested,Irrigation,Clearance_Officer_2,2023-12-03T18:32:36.565952
SL-CASE-0431,8,Irrigation Dept Clearance Issued,Irrigation,Clearance_Officer_3,2023-12-14T17:46:06.052708
SL-CASE-0431,9,DS Field Report Requested,DS,Clearance_Officer_8,2023-12-15T11:09:24.651245
SL-CASE-0431,10,DS Field Report Issued,DS,Clearance_Officer_1,2023-12-16T19:48:43.204499
SL-CASE-0431,11,PLC/DLC Review,PLC_DLC,PLC_Officer_4,2023-12-26T15:12:41.772238
SL-CASE-0431,12,PLC/DLC Review (Correction Requested),PLC_DLC,PLC_Officer_4,2023-12-27T15:51:55.481997
SL-CASE-0431,13,PLC/DLC Review (Correction Requested),PLC_DLC,PLC_Officer_4,2023-12-30T21:42:43.793022
SL-CASE-0431,14,PLC/DLC Review (Correction Requested),PLC_DLC,PLC_Officer_4,2024-01-09T21:10:08.130723
SL-CASE-0431,15,PLC/DLC Review (Correction Requested),PLC_DLC,PLC_Officer_4,2024-01-11T11:22:37.744317
SL-CASE-0431,16,PLC/DLC Recommendation,PLC_DLC,PLC_Officer_1,2023-12-28T20:29:57.342951
SL-CASE-0431,17,LCGD Case Intake,LCGD,LCGD_Officer_3,2023-12-31T08:57:11.025354
SL-CASE-0431,18,LCGD Review,LCGD,LCGD_Officer_1,2024-01-10T03:34:13.841220
SL-CASE-0431,19,Higher Approval Requested,Ministry,LCGD_Officer_1,2024-01-13T23:39:05.259574
SL-CASE-0431,20,Higher Approval Granted,Ministry,LCGD_Officer_4,2024-01-20T18:08:11.784250
SL-CASE-0431,21,LCGD Lease Decision,LCGD,LCGD_Officer_1,2024-01-27T12:06:22.155752
SL-CASE-0431,22,Registration Requested,Registry,Registry_Officer_1,2024-02-01T02:17:38.780386
SL-CASE-0431,23,Registration Completed,Registry,Registry_Officer_3,2024-02-02T11:15:12.702711
SL-CASE-0431,24,DS Final Notification,DS,DS_Officer_2,2024-02-04T06:14:34.981961
SL-CASE-0432,1,DS Application Received,DS,DS_Officer_7,2024-07-03T04:44:51.909477
SL-CASE-0432,2,DS Initial Review,DS,DS_Officer_8,2024-07-04T19:12:50.726165
SL-CASE-0432,3,Survey Clearance Requested,Survey,Clearance_Officer_11,2024-07-05T11:16:10.148537
SL-CASE-0432,4,Survey Clearance Issued,Survey,Clearance_Officer_8,2024-07-07T16:57:48.923707
SL-CASE-0432,5,DS Field Report Requested,DS,Clearance_Officer_11,2024-07-08T07:57:02.042439
SL-CASE-0432,6,DS Field Report Issued,DS,Clearance_Officer_7,2024-07-11T14:47:50.296247
SL-CASE-0432,7,PLC/DLC Review,PLC_DLC,PLC_Officer_5,2024-07-15T17:56:37.497236
SL-CASE-0432,8,PLC/DLC Recommendation,PLC_DLC,PLC_Officer_1,2024-07-19T13:25:59.230787
SL-CASE-0432,9,LCGD Case Intake,LCGD,LCGD_Officer_4,2024-07-22T17:31:53.488415
SL-CASE-0432,10,LCGD Review,LCGD,LCGD_Officer_2,2024-08-06T02:33:48.285712
SL-CASE-0432,11,LCGD Review (Correction Requested),LCGD,LCGD_Officer_2,2024-08-09T12:03:25.284955
SL-CASE-0432,12,LCGD Review (Correction Requested),LCGD,LCGD_Officer_2,2024-08-12T14:26:58.495273
SL-CASE-0432,13,LCGD Review (Correction Requested),LCGD,LCGD_Officer_2,2024-08-15T04:04:32.855382
SL-CASE-0432,14,LCGD Review (Correction Requested),LCGD,LCGD_Officer_2,2024-08-19T01:41:48.530196
SL-CASE-0432,15,LCGD Lease Decision,LCGD,LCGD_Officer_3,2024-08-08T11:10:25.578360
SL-CASE-0432,16,DS Final Notification,DS,DS_Officer_8,2024-08-11T07:51:07.262573
SL-CASE-0433,1,DS Application Received,DS,DS_Officer_3,2023-05-09T04:25:28.011737
SL-CASE-0433,2,DS Initial Review,DS,DS_Officer_8,2023-05-09T09:34:55.032800
SL-CASE-0433,3,Survey Clearance Requested,Survey,Clearance_Officer_8,2023-05-09T12:42:12.711787
SL-CASE-0433,4,Survey Clearance Issued,Survey,Clearance_Officer_9,2023-05-26T02:32:18.927044
SL-CASE-0433,5,Agrarian Services Clearance Requested,Agrarian,Clearance_Officer_2,2023-05-26T23:06:43.596856
SL-CASE-0433,6,Agrarian Services Clearance Issued,Agrarian,Clearance_Officer_1,2023-05-29T15:42:23.455357
SL-CASE-0433,7,PLC/DLC Review,PLC_DLC,PLC_Officer_6,2023-06-07T03:27:38.777962
SL-CASE-0433,8,PLC/DLC Recommendation,PLC_DLC,PLC_Officer_1,2023-06-10T13:18:41.693801
SL-CASE-0433,9,LCGD Case Intake,LCGD,LCGD_Officer_3,2023-06-15T03:43:12.806838
SL-CASE-0433,10,LCGD Review,LCGD,LCGD_Officer_1,2023-06-17T11:39:59.216081
SL-CASE-0433,11,LCGD Lease Decision,LCGD,LCGD_Officer_4,2023-06-20T00:42:20.738721
SL-CASE-0433,12,Registration Requested,Registry,Registry_Officer_1,2023-06-24T13:24:02.380479
SL-CASE-0433,13,Registration Completed,Registry,Registry_Officer_4,2023-06-27T03:28:37.285367
SL-CASE-0433,14,Registration Completed (Correction Requested),Registry,Registry_Officer_4,2023-06-28T10:04:21.912536
SL-CASE-0433,15,Registration Completed (Correction Requested),Registry,Registry_Officer_4,2023-07-06T19:16:04.946767
SL-CASE-0433,16,Registration Completed (Correction Requested),Registry,Registry_Officer_4,2023-07-08T10:31:10.808832
SL-CASE-0433,17,Registration Completed (Correction Requested),Registry,Registry_Officer_4,2023-07-14T08:35:21.092420
SL-CASE-0433,18,DS Final Notification,DS,DS_Officer_5,2023-06-30T00:51:12.130981
SL-CASE-0434,1,DS Application Received,DS,DS_Officer_4,2023-10-07T08:16:18.239205
SL-CASE-0434,2,DS Initial Review,DS,DS_Officer_8,2023-10-08T13:23:58.519555
SL-CASE-0434,3,Survey Clearance Requested,Survey,Clearance_Officer_6,2023-10-09T12:47:42.036682
SL-CASE-0434,4,Survey Clearance Issued,Survey,Clearance_Officer_1,2023-10-18T20:22:17.572966
SL-CASE-0434,5,Survey Clearance Issued (Correction Requested),Survey,Clearance_Officer_1,2023-10-24T10:43:32.078450
SL-CASE-0434,6,Survey Clearance Issued (Correction Requested),Survey,Clearance_Officer_1,2023-10-29T22:39:26.626114
SL-CASE-0434,7,Agrarian Services Clearance Requested,Agrarian,Clearance_Officer_1,2023-10-19T10:13:54.273498
SL-CASE-0434,8,Agrarian Services Clearance Issued,Agrarian,Clearance_Officer_5,2023-11-04T20:26:40.532648
SL-CASE-0434,9,PLC/DLC Review,PLC_DLC,PLC_Officer_4,2023-11-10T11:35:10.491786
SL-CASE-0434,10,PLC/DLC Recommendation,PLC_DLC,PLC_Officer_4,2023-11-12T23:39:26.345733
SL-CASE-0434,11,LCGD Case Intake,LCGD,LCGD_Officer_2,2023-11-17T19:38:39.937257
SL-CASE-0434,12,LCGD Review,LCGD,LCGD_Officer_4,2023-11-30T14:35:46.793999
SL-CASE-0434,13,LCGD Lease Decision,LCGD,LCGD_Officer_3,2023-12-06T08:26:19.464036
SL-CASE-0434,14,DS Final Notification,DS,DS_Officer_2,2023-12-08T04:08:10.922022
SL-CASE-0435,1,DS Application Received,DS,DS_Officer_8,2024-07-26T01:08:43.467612
SL-CASE-0435,2,DS Initial Review,DS,DS_Officer_1,2024-07-27T10:23:13.482445
SL-CASE-0435,3,Survey Clearance Requested,Survey,Clearance_Officer_10,2024-07-27T18:15:50.532120
SL-CASE-0435,4,Survey Clearance Issued,Survey,Clearance_Officer_12,2024-08-04T11:58:49.600772
SL-CASE-0435,5,Agrarian Services Clearance Requested,Agrarian,Clearance_Officer_2,2024-08-04T16:34:28.388439
SL-CASE-0435,6,Agrarian Services Clearance Issued,Agrarian,Clearance_Officer_7,2024-08-20T16:52:03.795010
SL-CASE-0435,7,PLC/DLC Review,PLC_DLC,PLC_Officer_4,2024-08-22T06:30:58.046222
SL-CASE-0435,8,PLC/DLC Recommendation,PLC_DLC,PLC_Officer_5,2024-08-22T17:32:04.343787
SL-CASE-0435,9,LCGD Case Intake,LCGD,LCGD_Officer_2,2024-08-27T09:44:15.081021
SL-CASE-0435,10,LCGD Case Intake (Correction Requested),LCGD,LCGD_Officer_2,2024-08-31T00:59:35.142502
SL-CASE-0435,11,LCGD Case Intake (Correction Requested),LCGD,LCGD_Officer_2,2024-09-01T10:44:57.452234
SL-CASE-0435,12,LCGD Review,LCGD,LCGD_Officer_2,2024-09-04T05:32:23.290111
SL-CASE-0435,13,LCGD Lease Decision,LCGD,LCGD_Officer_4,2024-09-07T17:32:01.034459
SL-CASE-0435,14,DS Final Notification,DS,DS_Officer_8,2024-09-08T20:18:59.765378
SL-CASE-0436,1,DS Application Received,DS,DS_Officer_8,2024-02-28T07:47:51.573056
SL-CASE-0436,2,DS Initial Review,DS,DS_Officer_3,2024-02-29T10:18:44.950886
SL-CASE-0436,3,Survey Clearance Requested,Survey,Clearance_Officer_1,2024-02-29T13:44:13.937209
SL-CASE-0436,4,Survey Clearance Issued,Survey,Clearance_Officer_6,2024-03-04T11:28:55.434895
SL-CASE-0436,5,Environmental Clearance Requested,Environmental,Clearance_Officer_3,2024-03-04T15:43:50.441171
SL-CASE-0436,6,Environmental Clearance Issued,Environmental,Clearance_Officer_6,2024-03-08T16:36:10.010152
SL-CASE-0436,7,Irrigation Dept Clearance Requested,Irrigation,Clearance_Officer_4,2024-03-09T07:21:45.803929
SL-CASE-0436,8,Irrigation Dept Clearance Issued,Irrigation,Clearance_Officer_7,2024-03-25T23:47:59.115624
SL-CASE-0436,9,DS Field Report Requested,DS,Clearance_Officer_9,2024-03-26T07:51:16.320373
SL-CASE-0436,10,DS Field Report Requested (Correction Requested),DS,Clearance_Officer_9,2024-04-01T14:32:17.118011
SL-CASE-0436,11,DS Field Report Requested (Correction Requested),DS,Clearance_Officer_9,2024-04-09T09:58:58.175102
SL-CASE-0436,12,DS Field Report Issued,DS,Clearance_Officer_9,2024-03-29T16:52:51.036259
SL-CASE-0436,13,PLC/DLC Review,PLC_DLC,PLC_Officer_2,2024-04-08T09:30:27.397140
SL-CASE-0436,14,PLC/DLC Recommendation,PLC_DLC,PLC_Officer_4,2024-04-09T21:49:20.235278
SL-CASE-0436,15,LCGD Case Intake,LCGD,LCGD_Officer_2,2024-04-13T20:55:26.488362
SL-CASE-0436,16,LCGD Review,LCGD,LCGD_Officer_4,2024-04-23T11:15:17.950438
SL-CASE-0436,17,Higher Approval Requested,Ministry,LCGD_Officer_3,2024-04-24T08:55:31.283993
SL-CASE-0436,18,Higher Approval Granted,Ministry,LCGD_Officer_2,2024-05-13T04:53:01.372831
SL-CASE-0436,19,LCGD Lease Decision,LCGD,LCGD_Officer_4,2024-05-23T02:40:58.768532
SL-CASE-0436,20,Registration Requested,Registry,Registry_Officer_1,2024-05-26T05:18:15.954751
SL-CASE-0436,21,Registration Completed,Registry,Registry_Officer_1,2024-06-04T07:03:55.490782
SL-CASE-0436,22,DS Final Notification,DS,DS_Officer_2,2024-06-04T15:18:29.317008
SL-CASE-0437,1,DS Application Received,DS,DS_Officer_6,2024-05-22T09:56:21.192341
SL-CASE-0437,2,DS Initial Review,DS,DS_Officer_4,2024-05-22T22:08:55.522513
SL-CASE-0437,3,Survey Clearance Requested,Survey,Clearance_Officer_5,2024-05-23T01:06:43.758732
SL-CASE-0437,4,Survey Clearance Issued,Survey,Clearance_Officer_9,2024-05-30T03:35:14.498616
SL-CASE-0437,5,Agrarian Services Clearance Requested,Agrarian,Clearance_Officer_6,2024-05-30T07:39:50.626852
SL-CASE-0437,6,Agrarian Services Clearance Issued,Agrarian,Clearance_Officer_12,2024-06-15T03:14:02.762291
SL-CASE-0437,7,Agrarian Services Clearance Issued (Correction Requested),Agrarian,Clearance_Officer_12,2024-06-18T17:41:27.489509
SL-CASE-0437,8,Agrarian Services Clearance Issued (Correction Requested),Agrarian,Clearance_Officer_12,2024-06-19T23:47:38.547864
SL-CASE-0437,9,Agrarian Services Clearance Issued (Correction Requested),Agrarian,Clearance_Officer_12,2024-06-26T02:18:48.302731
SL-CASE-0437,10,Agrarian Services Clearance Issued (Correction Requested),Agrarian,Clearance_Officer_12,2024-06-30T17:09:33.849963
SL-CASE-0437,11,PLC/DLC Review,PLC_DLC,PLC_Officer_2,2024-06-15T20:14:03.622622
SL-CASE-0437,12,PLC/DLC Recommendation,PLC_DLC,PLC_Officer_3,2024-06-17T19:18:37.385540
SL-CASE-0437,13,LCGD Case Intake,LCGD,LCGD_Officer_4,2024-06-23T04:23:04.965156
SL-CASE-0437,14,LCGD Review,LCGD,LCGD_Officer_1,2024-06-26T04:59:07.025395
SL-CASE-0437,15,LCGD Lease Decision,LCGD,LCGD_Officer_4,2024-07-02T11:11:40.975326
SL-CASE-0437,16,DS Final Notification,DS,DS_Officer_1,2024-07-03T11:26:47.661470
SL-CASE-0438,1,DS Application Received,DS,DS_Officer_1,2023-02-14T05:30:02.985885
SL-CASE-0438,2,DS Initial Review,DS,DS_Officer_8,2023-02-15T23:37:04.708365
SL-CASE-0438,3,Survey Clearance Requested,Survey,Clearance_Officer_3,2023-02-16T19:57:04.281075
SL-CASE-0438,4,Survey Clearance Issued,Survey,Clearance_Officer_2,2023-02-19T16:08:12.219672
SL-CASE-0438,5,Survey Clearance Issued (Correction Requested),Survey,Clearance_Officer_2,2023-02-27T16:50:33.588659
SL-CASE-0438,6,Survey Clearance Issued (Correction Requested),Survey,Clearance_Officer_2,2023-03-09T15:41:39.883300
SL-CASE-0438,7,Survey Clearance Issued (Correction Requested),Survey,Clearance_Officer_2,2023-03-12T20:54:57.803321
SL-CASE-0438,8,Survey Clearance Issued (Correction Requested),Survey,Clearance_Officer_2,2023-03-22T05:31:32.502673
SL-CASE-0438,9,Environmental Clearance Requested,Environmental,Clearance_Officer_7,2023-02-20T03:52:46.016045
SL-CASE-0438,10,Environmental Clearance Issued,Environmental,Clearance_Officer_2,2023-03-02T23:37:06.585496
SL-CASE-0438,11,Irrigation Dept Clearance Requested,Irrigation,Clearance_Officer_6,2023-03-03T18:56:18.913263
SL-CASE-0438,12,Irrigation Dept Clearance Issued,Irrigation,Clearance_Officer_7,2023-03-16T14:49:12.915714
SL-CASE-0438,13,DS Field Report Requested,DS,Clearance_Officer_5,2023-03-17T06:36:18.851497
SL-CASE-0438,14,DS Field Report Issued,DS,Clearance_Officer_10,2023-03-28T15:32:32.945353
SL-CASE-0438,15,PLC/DLC Review,PLC_DLC,PLC_Officer_5,2023-04-04T10:44:41.198756
SL-CASE-0438,16,PLC/DLC Recommendation,PLC_DLC,PLC_Officer_2,2023-04-08T12:29:17.308329
SL-CASE-0438,17,LCGD Case Intake,LCGD,LCGD_Officer_4,2023-04-13T13:30:48.735719
SL-CASE-0438,18,LCGD Review,LCGD,LCGD_Officer_4,2023-04-24T07:31:50.091353
SL-CASE-0438,19,Higher Approval Requested,Ministry,LCGD_Officer_4,2023-04-26T01:03:17.210308
SL-CASE-0438,20,Higher Approval Granted,Ministry,LCGD_Officer_1,2023-05-20T21:31:14.717856
SL-CASE-0438,21,LCGD Lease Decision,LCGD,LCGD_Officer_3,2023-05-24T08:06:54.663109
SL-CASE-0438,22,Registration Requested,Registry,Registry_Officer_1,2023-05-29T05:42:33.658702
SL-CASE-0438,23,Registration Completed,Registry,Registry_Officer_2,2023-06-01T08:09:50.100402
SL-CASE-0438,24,DS Final Notification,DS,DS_Officer_3,2023-06-03T12:43:50.260782
SL-CASE-0439,1,DS Application Received,DS,DS_Officer_7,2024-09-14T11:26:57.265962
SL-CASE-0439,2,DS Initial Review,DS,DS_Officer_6,2024-09-15T00:33:48.485365
SL-CASE-0439,3,Survey Clearance Requested,Survey,Clearance_Officer_12,2024-09-15T08:01:53.872617
SL-CASE-0439,4,Survey Clearance Issued,Survey,Clearance_Officer_2,2024-09-28T15:20:44.395429
SL-CASE-0439,5,DS Field Report Requested,DS,Clearance_Officer_5,2024-09-29T04:40:06.083884
SL-CASE-0439,6,DS Field Report Issued,DS,Clearance_Officer_10,2024-10-06T10:04:42.632485
SL-CASE-0439,7,PLC/DLC Review,PLC_DLC,PLC_Officer_4,2024-10-07T10:48:12.599483
SL-CASE-0439,8,PLC/DLC Recommendation,PLC_DLC,PLC_Officer_1,2024-10-07T17:40:43.786243
SL-CASE-0439,9,LCGD Case Intake,LCGD,LCGD_Officer_3,2024-10-12T02:21:40.114162
SL-CASE-0439,10,LCGD Review,LCGD,LCGD_Officer_3,2024-10-24T09:30:39.524357
SL-CASE-0439,11,LCGD Lease Decision,LCGD,LCGD_Officer_3,2024-10-29T19:36:48.767745
SL-CASE-0439,12,LCGD Lease Decision (Correction Requested),LCGD,LCGD_Officer_3,2024-11-03T17:33:13.238871
SL-CASE-0439,13,LCGD Lease Decision (Correction Requested),LCGD,LCGD_Officer_3,2024-11-09T05:00:51.919733
SL-CASE-0439,14,LCGD Lease Decision (Correction Requested),LCGD,LCGD_Officer_3,2024-11-10T15:48:53.744284
SL-CASE-0439,15,LCGD Lease Decision (Correction Requested),LCGD,LCGD_Officer_3,2024-11-18T18:16:38.495025
SL-CASE-0439,16,Registration Requested,Registry,Registry_Officer_3,2024-10-30T22:00:40.630624
SL-CASE-0439,17,Registration Completed,Registry,Registry_Officer_4,2024-11-18T09:45:47.297405
SL-CASE-0439,18,DS Final Notification,DS,DS_Officer_5,2024-11-20T11:31:54.217677
SL-CASE-0440,1,DS Application Received,DS,DS_Officer_8,2023-07-03T13:34:56.407989
SL-CASE-0440,2,DS Initial Review,DS,DS_Officer_5,2023-07-05T04:00:47.074933
SL-CASE-0440,3,Survey Clearance Requested,Survey,Clearance_Officer_4,2023-07-05T22:54:33.101692
SL-CASE-0440,4,Survey Clearance Issued,Survey,Clearance_Officer_9,2023-07-10T14:35:32.291150
SL-CASE-0440,5,DS Field Report Requested,DS,Clearance_Officer_1,2023-07-11T10:18:29.249569
SL-CASE-0440,6,DS Field Report Issued,DS,Clearance_Officer_4,2023-07-20T12:10:37.887697
SL-CASE-0440,7,DS Field Report Issued (Correction Requested),DS,Clearance_Officer_4,2023-07-21T14:09:17.669640
SL-CASE-0440,8,DS Field Report Issued (Correction Requested),DS,Clearance_Officer_4,2023-07-30T23:26:55.096262
SL-CASE-0440,9,PLC/DLC Review,PLC_DLC,PLC_Officer_3,2023-07-29T03:34:54.125338
SL-CASE-0440,10,PLC/DLC Recommendation,PLC_DLC,PLC_Officer_4,2023-07-30T15:00:13.663185
SL-CASE-0440,11,LCGD Case Intake,LCGD,LCGD_Officer_2,2023-08-05T19:38:31.041926
SL-CASE-0440,12,LCGD Review,LCGD,LCGD_Officer_2,2023-08-18T18:40:58.079038
SL-CASE-0440,13,LCGD Lease Decision,LCGD,LCGD_Officer_3,2023-08-26T12:57:43.850019
SL-CASE-0440,14,Registration Requested,Registry,Registry_Officer_1,2023-08-30T02:49:49.441943
SL-CASE-0440,15,Registration Completed,Registry,Registry_Officer_3,2023-09-02T04:15:36.737642
SL-CASE-0440,16,DS Final Notification,DS,DS_Officer_6,2023-09-04T00:30:56.654240
SL-CASE-0441,1,DS Application Received,DS,DS_Officer_8,2023-10-25T22:15:19.550358
SL-CASE-0441,2,DS Initial Review,DS,DS_Officer_8,2023-10-27T08:47:21.171716
SL-CASE-0441,3,Survey Clearance Requested,Survey,Clearance_Officer_3,2023-10-27T17:37:21.979924
SL-CASE-0441,4,Survey Clearance Issued,Survey,Clearance_Officer_10,2023-11-12T05:55:10.684007
SL-CASE-0441,5,Environmental Clearance Requested,Environmental,Clearance_Officer_1,2023-11-12T09:24:03.399844
SL-CASE-0441,6,Referred to External Audit Unit,External Audit Unit,External_Audit_Unit_Officer,2023-11-17T05:24:43.442950
SL-CASE-0441,7,Referred to Legal Affairs Division,Legal Affairs Division,Legal_Affairs_Division_Officer,2023-11-24T08:15:29.543118
SL-CASE-0441,8,Referred to District Secretariat Liaison,District Secretariat Liaison,District_Secretariat_Liaison_Officer,2023-11-27T12:45:50.011697
SL-CASE-0441,9,Environmental Clearance Issued,Environmental,Clearance_Officer_3,2023-11-15T08:40:05.581926
SL-CASE-0441,10,DS Field Report Requested,DS,Clearance_Officer_2,2023-11-15T16:50:55.285948
SL-CASE-0441,11,DS Field Report Issued,DS,Clearance_Officer_9,2023-11-18T10:56:15.223752
SL-CASE-0441,12,PLC/DLC Review,PLC_DLC,PLC_Officer_3,2023-11-26T16:49:21.571173
SL-CASE-0441,13,PLC/DLC Recommendation,PLC_DLC,PLC_Officer_5,2023-11-29T11:37:52.584173
SL-CASE-0441,14,LCGD Case Intake,LCGD,LCGD_Officer_1,2023-12-04T03:22:49.662619
SL-CASE-0441,15,LCGD Review,LCGD,LCGD_Officer_1,2023-12-05T05:26:11.551835
SL-CASE-0441,16,LCGD Lease Decision,LCGD,LCGD_Officer_4,2023-12-06T12:47:23.782018
SL-CASE-0441,17,Registration Requested,Registry,Registry_Officer_4,2023-12-09T01:38:48.408780
SL-CASE-0441,18,Registration Completed,Registry,Registry_Officer_2,2023-12-28T21:49:59.651939
SL-CASE-0441,19,DS Final Notification,DS,DS_Officer_2,2023-12-29T13:32:42.371955
SL-CASE-0442,1,DS Application Received,DS,DS_Officer_7,2024-10-13T13:27:38.445979
SL-CASE-0442,2,DS Initial Review,DS,DS_Officer_2,2024-10-13T20:48:38.972810
SL-CASE-0442,3,Survey Clearance Requested,Survey,Clearance_Officer_1,2024-10-14T19:02:25.095429
SL-CASE-0442,4,Survey Clearance Issued,Survey,Clearance_Officer_5,2024-10-19T16:00:52.472344
SL-CASE-0442,5,DS Field Report Requested,DS,Clearance_Officer_8,2024-10-19T23:02:54.031617
SL-CASE-0442,6,DS Field Report Issued,DS,Clearance_Officer_7,2024-10-27T11:04:08.004795
SL-CASE-0442,7,PLC/DLC Review,PLC_DLC,PLC_Officer_5,2024-10-31T05:53:34.349512
SL-CASE-0442,8,Referred to External Audit Unit,External Audit Unit,External_Audit_Unit_Officer,2024-11-01T16:55:04.372445
SL-CASE-0442,9,Referred to Legal Affairs Division,Legal Affairs Division,Legal_Affairs_Division_Officer,2024-11-07T05:49:57.806478
SL-CASE-0442,10,Referred to District Secretariat Liaison,District Secretariat Liaison,District_Secretariat_Liaison_Officer,2024-11-12T22:52:53.854748
SL-CASE-0442,11,PLC/DLC Recommendation,PLC_DLC,PLC_Officer_5,2024-11-03T23:03:19.601725
SL-CASE-0442,12,LCGD Case Intake,LCGD,LCGD_Officer_3,2024-11-04T18:33:29.016599
SL-CASE-0442,13,LCGD Review,LCGD,LCGD_Officer_2,2024-11-19T09:43:20.060967
SL-CASE-0442,14,LCGD Lease Decision,LCGD,LCGD_Officer_3,2024-11-23T05:57:00.909894
SL-CASE-0442,15,DS Final Notification,DS,DS_Officer_3,2024-11-26T02:18:33.885862
SL-CASE-0443,1,DS Application Received,DS,DS_Officer_5,2023-06-12T20:54:33.739396
SL-CASE-0443,2,DS Initial Review,DS,DS_Officer_6,2023-06-13T14:21:05.427691
SL-CASE-0443,3,Survey Clearance Requested,Survey,Clearance_Officer_8,2023-06-13T22:37:33.818021
SL-CASE-0443,4,Survey Clearance Issued,Survey,Clearance_Officer_3,2023-06-21T08:59:59.774573
SL-CASE-0443,5,Agrarian Services Clearance Requested,Agrarian,Clearance_Officer_2,2023-06-22T06:08:13.504620
SL-CASE-0443,6,Agrarian Services Clearance Issued,Agrarian,Clearance_Officer_4,2023-06-25T08:56:13.752923
SL-CASE-0443,7,Referred to External Audit Unit,External Audit Unit,External_Audit_Unit_Officer,2023-07-02T09:06:24.925947
SL-CASE-0443,8,Referred to Legal Affairs Division,Legal Affairs Division,Legal_Affairs_Division_Officer,2023-07-07T01:01:22.497144
SL-CASE-0443,9,Referred to District Secretariat Liaison,District Secretariat Liaison,District_Secretariat_Liaison_Officer,2023-07-10T09:20:03.015691
SL-CASE-0443,10,PLC/DLC Review,PLC_DLC,PLC_Officer_6,2023-06-27T08:05:11.424173
SL-CASE-0443,11,PLC/DLC Recommendation,PLC_DLC,PLC_Officer_3,2023-07-02T06:20:42.763667
SL-CASE-0443,12,LCGD Case Intake,LCGD,LCGD_Officer_4,2023-07-07T18:25:34.884226
SL-CASE-0443,13,LCGD Review,LCGD,LCGD_Officer_1,2023-07-18T07:38:10.252539
SL-CASE-0443,14,LCGD Lease Decision,LCGD,LCGD_Officer_4,2023-07-22T23:06:42.150089
SL-CASE-0443,15,Registration Requested,Registry,Registry_Officer_2,2023-07-26T20:13:32.295508
SL-CASE-0443,16,Registration Completed,Registry,Registry_Officer_2,2023-08-09T11:14:12.291478
SL-CASE-0443,17,DS Final Notification,DS,DS_Officer_1,2023-08-10T23:29:12.164284
SL-CASE-0444,1,DS Application Received,DS,DS_Officer_7,2023-04-29T20:26:29.460531
SL-CASE-0444,2,DS Initial Review,DS,DS_Officer_1,2023-05-01T18:47:00.345744
SL-CASE-0444,3,Survey Clearance Requested,Survey,Clearance_Officer_12,2023-05-02T02:23:30.795212
SL-CASE-0444,4,Survey Clearance Issued,Survey,Clearance_Officer_1,2023-05-15T04:06:27.640851
SL-CASE-0444,5,DS Field Report Requested,DS,Clearance_Officer_4,2023-05-15T14:36:47.390530
SL-CASE-0444,6,DS Field Report Issued,DS,Clearance_Officer_9,2023-05-22T18:48:46.914984
SL-CASE-0444,7,PLC/DLC Review,PLC_DLC,PLC_Officer_2,2023-05-28T01:30:23.229029
SL-CASE-0444,8,PLC/DLC Recommendation,PLC_DLC,PLC_Officer_2,2023-05-29T13:55:03.720835
SL-CASE-0444,9,LCGD Case Intake,LCGD,LCGD_Officer_2,2023-06-01T05:33:26.843815
SL-CASE-0444,10,Referred to External Audit Unit,External Audit Unit,External_Audit_Unit_Officer,2023-06-04T07:43:07.409083
SL-CASE-0444,11,Referred to Legal Affairs Division,Legal Affairs Division,Legal_Affairs_Division_Officer,2023-06-06T02:43:25.392817
SL-CASE-0444,12,Referred to District Secretariat Liaison,District Secretariat Liaison,District_Secretariat_Liaison_Officer,2023-06-08T12:27:43.880531
SL-CASE-0444,13,LCGD Review,LCGD,LCGD_Officer_1,2023-06-14T13:36:21.259678
SL-CASE-0444,14,Higher Approval Requested,Ministry,LCGD_Officer_1,2023-06-14T23:40:58.771746
SL-CASE-0444,15,Higher Approval Granted,Ministry,LCGD_Officer_4,2023-07-08T00:01:58.273855
SL-CASE-0444,16,LCGD Lease Decision,LCGD,LCGD_Officer_3,2023-07-12T13:07:10.510369
SL-CASE-0444,17,DS Final Notification,DS,DS_Officer_2,2023-07-14T03:06:46.034282
SL-CASE-0445,1,DS Application Received,DS,DS_Officer_2,2024-10-03T18:47:28.897249
SL-CASE-0445,2,DS Initial Review,DS,DS_Officer_4,2024-10-04T19:41:46.548848
SL-CASE-0445,3,Survey Clearance Requested,Survey,Clearance_Officer_9,2024-10-05T07:36:13.196013
SL-CASE-0445,4,Referred to External Audit Unit,External Audit Unit,External_Audit_Unit_Officer,2024-10-08T02:41:49.829305
SL-CASE-0445,5,Referred to Legal Affairs Division,Legal Affairs Division,Legal_Affairs_Division_Officer,2024-10-16T00:02:53.737708
SL-CASE-0445,6,Referred to District Secretariat Liaison,District Secretariat Liaison,District_Secretariat_Liaison_Officer,2024-10-20T02:40:17.813679
SL-CASE-0445,7,Survey Clearance Issued,Survey,Clearance_Officer_11,2024-10-08T08:27:55.778610
SL-CASE-0445,8,Agrarian Services Clearance Requested,Agrarian,Clearance_Officer_12,2024-10-09T01:33:46.019058
SL-CASE-0445,9,Agrarian Services Clearance Issued,Agrarian,Clearance_Officer_4,2024-10-22T18:51:46.945272
SL-CASE-0445,10,PLC/DLC Review,PLC_DLC,PLC_Officer_1,2024-10-29T09:36:54.363614
SL-CASE-0445,11,PLC/DLC Recommendation,PLC_DLC,PLC_Officer_4,2024-10-30T08:22:57.457516
SL-CASE-0445,12,LCGD Case Intake,LCGD,LCGD_Officer_3,2024-11-06T02:11:47.203265
SL-CASE-0445,13,LCGD Review,LCGD,LCGD_Officer_4,2024-11-19T07:54:19.041608
SL-CASE-0445,14,LCGD Lease Decision,LCGD,LCGD_Officer_4,2024-11-27T10:01:08.713994
SL-CASE-0445,15,DS Final Notification,DS,DS_Officer_3,2024-11-30T09:11:28.055878
SL-CASE-0446,1,DS Application Received,DS,DS_Officer_7,2024-05-07T05:19:25.081053
SL-CASE-0446,2,DS Initial Review,DS,DS_Officer_3,2024-05-08T16:35:03.940981
SL-CASE-0446,3,Survey Clearance Requested,Survey,Clearance_Officer_4,2024-05-09T00:28:33.670635
SL-CASE-0446,4,Survey Clearance Issued,Survey,Clearance_Officer_11,2024-05-25T19:42:16.441627
SL-CASE-0446,5,Environmental Clearance Requested,Environmental,Clearance_Officer_8,2024-05-26T02:41:06.067088
SL-CASE-0446,6,Environmental Clearance Issued,Environmental,Clearance_Officer_4,2024-05-30T04:53:30.259867
SL-CASE-0446,7,Irrigation Dept Clearance Requested,Irrigation,Clearance_Officer_2,2024-05-30T12:08:01.019350
SL-CASE-0446,8,Irrigation Dept Clearance Issued,Irrigation,Clearance_Officer_2,2024-06-03T08:57:57.052746
SL-CASE-0446,9,DS Field Report Requested,DS,Clearance_Officer_11,2024-06-04T08:38:35.229294
SL-CASE-0446,10,DS Field Report Issued,DS,Clearance_Officer_1,2024-06-15T19:18:31.988720
SL-CASE-0446,11,PLC/DLC Review,PLC_DLC,PLC_Officer_2,2024-06-20T00:39:41.186791
SL-CASE-0446,12,PLC/DLC Recommendation,PLC_DLC,PLC_Officer_5,2024-06-24T18:14:36.266006
SL-CASE-0446,13,LCGD Case Intake,LCGD,LCGD_Officer_2,2024-06-26T15:01:02.954395
SL-CASE-0446,14,LCGD Review,LCGD,LCGD_Officer_1,2024-07-04T20:45:24.256859
SL-CASE-0446,15,Higher Approval Requested,Ministry,LCGD_Officer_2,2024-07-08T11:53:22.113367
SL-CASE-0446,16,Higher Approval Granted,Ministry,LCGD_Officer_1,2024-07-19T08:49:38.650873
SL-CASE-0446,17,LCGD Lease Decision,LCGD,LCGD_Officer_1,2024-07-20T01:18:23.092535
SL-CASE-0446,18,Referred to External Audit Unit,External Audit Unit,External_Audit_Unit_Officer,2024-07-23T19:25:15.990297
SL-CASE-0446,19,Referred to Legal Affairs Division,Legal Affairs Division,Legal_Affairs_Division_Officer,2024-07-25T04:03:06.076506
SL-CASE-0446,20,Referred to District Secretariat Liaison,District Secretariat Liaison,District_Secretariat_Liaison_Officer,2024-08-01T11:51:32.483362
SL-CASE-0446,21,Registration Requested,Registry,Registry_Officer_2,2024-07-20T09:00:19.214584
SL-CASE-0446,22,Registration Completed,Registry,Registry_Officer_1,2024-07-24T17:08:16.182730
SL-CASE-0446,23,DS Final Notification,DS,DS_Officer_7,2024-07-24T20:16:38.099579
SL-CASE-0447,1,DS Application Received,DS,DS_Officer_5,2023-12-22T14:42:11.596209
SL-CASE-0447,2,DS Initial Review,DS,DS_Officer_4,2023-12-22T21:25:06.749260
SL-CASE-0447,3,Survey Clearance Requested,Survey,Clearance_Officer_5,2023-12-23T19:10:07.841889
SL-CASE-0447,4,Survey Clearance Issued,Survey,Clearance_Officer_11,2024-01-11T10:35:25.661098
SL-CASE-0447,5,Environmental Clearance Requested,Environmental,Clearance_Officer_2,2024-01-11T17:57:27.976251
SL-CASE-0447,6,Environmental Clearance Issued,Environmental,Clearance_Officer_1,2024-01-23T22:49:48.908472
SL-CASE-0447,7,Irrigation Dept Clearance Requested,Irrigation,Clearance_Officer_5,2024-01-24T18:07:33.476442
SL-CASE-0447,8,Irrigation Dept Clearance Issued,Irrigation,Clearance_Officer_9,2024-02-02T18:09:57.167235
SL-CASE-0447,9,DS Field Report Requested,DS,Clearance_Officer_4,2024-02-03T10:16:45.117682
SL-CASE-0447,10,DS Field Report Issued,DS,Clearance_Officer_7,2024-02-10T09:51:22.308241
SL-CASE-0447,11,PLC/DLC Review,PLC_DLC,PLC_Officer_5,2024-02-19T03:23:06.139020
SL-CASE-0447,12,PLC/DLC Recommendation,PLC_DLC,PLC_Officer_6,2024-02-20T21:27:13.508881
SL-CASE-0447,13,LCGD Case Intake,LCGD,LCGD_Officer_1,2024-02-26T12:42:36.749343
SL-CASE-0447,14,LCGD Review,LCGD,LCGD_Officer_1,2024-02-27T13:56:11.685625
SL-CASE-0447,15,Higher Approval Requested,Ministry,LCGD_Officer_4,2024-03-01T00:02:22.569397
SL-CASE-0447,16,Higher Approval Granted,Ministry,LCGD_Officer_1,2024-04-07T01:28:44.436528
SL-CASE-0447,17,Referred to External Audit Unit,External Audit Unit,External_Audit_Unit_Officer,2024-04-10T19:23:31.779229
SL-CASE-0447,18,Referred to Legal Affairs Division,Legal Affairs Division,Legal_Affairs_Division_Officer,2024-04-18T00:49:54.416452
SL-CASE-0447,19,Referred to District Secretariat Liaison,District Secretariat Liaison,District_Secretariat_Liaison_Officer,2024-04-21T11:01:11.681630
SL-CASE-0447,20,LCGD Lease Decision,LCGD,LCGD_Officer_3,2024-04-10T22:04:21.533158
SL-CASE-0447,21,Registration Requested,Registry,Registry_Officer_4,2024-04-15T15:37:36.864857
SL-CASE-0447,22,Registration Completed,Registry,Registry_Officer_1,2024-04-24T23:08:34.115545
SL-CASE-0447,23,DS Final Notification,DS,DS_Officer_1,2024-04-26T00:20:28.791139
SL-CASE-0448,1,DS Application Received,DS,DS_Officer_4,2023-07-08T03:22:48.967612
SL-CASE-0448,2,DS Initial Review,DS,DS_Officer_1,2023-07-10T02:47:55.167031
SL-CASE-0448,3,Survey Clearance Requested,Survey,Clearance_Officer_9,2023-07-10T22:34:09.985316
SL-CASE-0448,4,Survey Clearance Issued,Survey,Clearance_Officer_7,2023-07-18T02:16:55.130227
SL-CASE-0448,5,DS Field Report Requested,DS,Clearance_Officer_10,2023-07-18T17:47:33.315442
SL-CASE-0448,6,DS Field Report Issued,DS,Clearance_Officer_10,2023-07-24T20:23:41.381902
SL-CASE-0448,7,PLC/DLC Review,PLC_DLC,PLC_Officer_5,2023-07-29T19:25:32.626348
SL-CASE-0448,8,PLC/DLC Recommendation,PLC_DLC,PLC_Officer_3,2023-08-01T23:33:20.664035
SL-CASE-0448,9,LCGD Case Intake,LCGD,LCGD_Officer_2,2023-08-07T12:08:40.597273
SL-CASE-0448,10,LCGD Review,LCGD,LCGD_Officer_2,2023-08-14T12:35:23.411915
SL-CASE-0448,11,Higher Approval Requested,Ministry,LCGD_Officer_2,2023-08-16T04:07:43.541327
SL-CASE-0448,12,Higher Approval Granted,Ministry,LCGD_Officer_4,2023-09-03T09:34:55.576270
SL-CASE-0448,13,LCGD Lease Decision,LCGD,LCGD_Officer_4,2023-09-05T04:51:34.624372
SL-CASE-0448,14,Registration Requested,Registry,Registry_Officer_2,2023-09-09T04:20:22.361470
SL-CASE-0448,15,Registration Completed,Registry,Registry_Officer_1,2023-09-20T10:33:00.666098
SL-CASE-0448,16,Referred to External Audit Unit,External Audit Unit,External_Audit_Unit_Officer,2023-09-25T13:08:09.333882
SL-CASE-0448,17,Referred to Legal Affairs Division,Legal Affairs Division,Legal_Affairs_Division_Officer,2023-09-28T18:40:16.001243
SL-CASE-0448,18,Referred to District Secretariat Liaison,District Secretariat Liaison,District_Secretariat_Liaison_Officer,2023-10-02T01:27:01.247920
SL-CASE-0448,19,DS Final Notification,DS,DS_Officer_8,2023-09-21T21:37:25.228816
SL-CASE-0449,1,DS Application Received,DS,DS_Officer_3,2024-02-19T00:04:09.917227
SL-CASE-0449,2,DS Initial Review,DS,DS_Officer_2,2024-02-19T05:02:58.585313
SL-CASE-0449,3,Survey Clearance Requested,Survey,Clearance_Officer_12,2024-02-19T09:58:08.508471
SL-CASE-0449,4,Survey Clearance Issued,Survey,Clearance_Officer_6,2024-03-05T22:21:11.749909
SL-CASE-0449,5,Environmental Clearance Requested,Environmental,Clearance_Officer_11,2024-03-06T10:21:12.278430
SL-CASE-0449,6,Environmental Clearance Issued,Environmental,Clearance_Officer_9,2024-03-17T08:22:29.104816
SL-CASE-0449,7,DS Field Report Requested,DS,Clearance_Officer_3,2024-03-18T04:39:27.236307
SL-CASE-0449,8,DS Field Report Issued,DS,Clearance_Officer_5,2024-03-26T10:00:05.756155
SL-CASE-0449,9,PLC/DLC Review,PLC_DLC,PLC_Officer_5,2024-04-05T04:56:05.824993
SL-CASE-0449,10,PLC/DLC Recommendation,PLC_DLC,PLC_Officer_5,2024-04-09T12:22:47.773862
SL-CASE-0449,11,LCGD Case Intake,LCGD,LCGD_Officer_2,2024-04-12T09:52:21.957004
SL-CASE-0449,12,LCGD Review,LCGD,LCGD_Officer_4,2024-04-26T13:57:47.321201
SL-CASE-0449,13,LCGD Lease Decision,LCGD,LCGD_Officer_3,2024-04-30T08:29:08.025559
SL-CASE-0449,14,Referred to External Audit Unit,External Audit Unit,External_Audit_Unit_Officer,2024-05-06T11:07:01.708736
SL-CASE-0449,15,Referred to Legal Affairs Division,Legal Affairs Division,Legal_Affairs_Division_Officer,2024-05-10T15:00:25.691020
SL-CASE-0449,16,Referred to District Secretariat Liaison,District Secretariat Liaison,District_Secretariat_Liaison_Officer,2024-05-14T00:19:28.267975
SL-CASE-0449,17,Registration Requested,Registry,Registry_Officer_1,2024-05-05T05:14:17.955664
SL-CASE-0449,18,Registration Completed,Registry,Registry_Officer_4,2024-05-14T23:15:30.725655
SL-CASE-0449,19,DS Final Notification,DS,DS_Officer_2,2024-05-15T21:36:49.132707
SL-CASE-0450,1,DS Application Received,DS,DS_Officer_3,2023-05-10T10:49:32.153897
SL-CASE-0450,2,DS Initial Review,DS,DS_Officer_8,2023-05-10T21:59:06.810049
SL-CASE-0450,3,Survey Clearance Requested,Survey,Clearance_Officer_10,2023-05-11T07:20:20.790218
SL-CASE-0450,4,Survey Clearance Issued,Survey,Clearance_Officer_1,2023-05-13T17:17:14.847603
SL-CASE-0450,5,DS Field Report Requested,DS,Clearance_Officer_5,2023-05-14T13:07:58.938208
SL-CASE-0450,6,Referred to External Audit Unit,External Audit Unit,External_Audit_Unit_Officer,2023-05-21T09:09:16.466401
SL-CASE-0450,7,Referred to Legal Affairs Division,Legal Affairs Division,Legal_Affairs_Division_Officer,2023-05-24T15:14:41.894032
SL-CASE-0450,8,Referred to District Secretariat Liaison,District Secretariat Liaison,District_Secretariat_Liaison_Officer,2023-05-31T08:44:08.833768
SL-CASE-0450,9,DS Field Report Issued,DS,Clearance_Officer_6,2023-05-29T05:54:42.541147
SL-CASE-0450,10,PLC/DLC Review,PLC_DLC,PLC_Officer_2,2023-06-01T06:39:04.518391
SL-CASE-0450,11,PLC/DLC Recommendation,PLC_DLC,PLC_Officer_5,2023-06-02T00:38:53.287173
SL-CASE-0450,12,LCGD Case Intake,LCGD,LCGD_Officer_3,2023-06-04T18:43:10.274829
SL-CASE-0450,13,LCGD Review,LCGD,LCGD_Officer_1,2023-06-10T23:59:47.711633
SL-CASE-0450,14,LCGD Lease Decision,LCGD,LCGD_Officer_2,2023-06-14T08:37:59.991664
SL-CASE-0450,15,DS Final Notification,DS,DS_Officer_3,2023-06-14T10:50:07.300242
SL-CASE-0451,1,DS Application Received,DS,DS_Officer_1,2024-05-12T05:42:05.096849
SL-CASE-0451,2,DS Initial Review,DS,DS_Officer_4,2024-05-13T05:54:47.428919
SL-CASE-0451,3,Survey Clearance Requested,Survey,Clearance_Officer_5,2024-05-14T02:06:48.068717
SL-CASE-0451,4,Referred to External Audit Unit,External Audit Unit,External_Audit_Unit_Officer,2024-05-18T04:46:40.839051
SL-CASE-0451,5,Referred to Legal Affairs Division,Legal Affairs Division,Legal_Affairs_Division_Officer,2024-05-19T03:22:59.349102
SL-CASE-0451,6,Referred to District Secretariat Liaison,District Secretariat Liaison,District_Secretariat_Liaison_Officer,2024-05-22T06:38:27.460630
SL-CASE-0451,7,Survey Clearance Issued,Survey,Clearance_Officer_8,2024-05-31T04:37:38.299685
SL-CASE-0451,8,DS Field Report Requested,DS,Clearance_Officer_9,2024-06-01T04:26:55.153865
SL-CASE-0451,9,DS Field Report Issued,DS,Clearance_Officer_9,2024-06-05T06:45:22.082517
SL-CASE-0451,10,PLC/DLC Review,PLC_DLC,PLC_Officer_6,2024-06-11T14:04:12.668883
SL-CASE-0451,11,PLC/DLC Recommendation,PLC_DLC,PLC_Officer_3,2024-06-16T01:00:53.174700
SL-CASE-0451,12,LCGD Case Intake,LCGD,LCGD_Officer_1,2024-06-16T13:48:13.110617
SL-CASE-0451,13,LCGD Review,LCGD,LCGD_Officer_2,2024-06-24T08:55:23.445486
SL-CASE-0451,14,LCGD Lease Decision,LCGD,LCGD_Officer_3,2024-06-26T04:34:40.569942
SL-CASE-0451,15,Registration Requested,Registry,Registry_Officer_2,2024-06-29T20:19:28.872013
SL-CASE-0451,16,Registration Completed,Registry,Registry_Officer_4,2024-07-02T13:24:19.735644
SL-CASE-0451,17,DS Final Notification,DS,DS_Officer_6,2024-07-02T20:28:46.709245
SL-CASE-0452,1,DS Application Received,DS,DS_Officer_2,2024-01-29T19:04:14.507370
SL-CASE-0452,2,DS Initial Review,DS,DS_Officer_2,2024-01-31T18:14:13.600102
SL-CASE-0452,3,Survey Clearance Requested,Survey,Clearance_Officer_7,2024-02-01T03:10:00.282951
SL-CASE-0452,4,Survey Clearance Issued,Survey,Clearance_Officer_1,2024-02-03T16:02:37.833607
SL-CASE-0452,5,Referred to External Audit Unit,External Audit Unit,External_Audit_Unit_Officer,2024-02-10T17:57:00.085201
SL-CASE-0452,6,Referred to Legal Affairs Division,Legal Affairs Division,Legal_Affairs_Division_Officer,2024-02-15T13:16:13.702154
SL-CASE-0452,7,Referred to District Secretariat Liaison,District Secretariat Liaison,District_Secretariat_Liaison_Officer,2024-02-18T09:28:37.128769
SL-CASE-0452,8,DS Field Report Requested,DS,Clearance_Officer_4,2024-02-04T10:24:32.193057
SL-CASE-0452,9,DS Field Report Issued,DS,Clearance_Officer_8,2024-02-23T10:14:34.406251
SL-CASE-0452,10,PLC/DLC Review,PLC_DLC,PLC_Officer_5,2024-02-24T10:22:53.889873
SL-CASE-0452,11,PLC/DLC Recommendation,PLC_DLC,PLC_Officer_1,2024-02-25T07:54:15.710089
SL-CASE-0452,12,LCGD Case Intake,LCGD,LCGD_Officer_1,2024-02-26T01:01:31.939524
SL-CASE-0452,13,LCGD Review,LCGD,LCGD_Officer_3,2024-03-09T09:04:19.079784
SL-CASE-0452,14,LCGD Lease Decision,LCGD,LCGD_Officer_1,2024-03-16T06:18:20.003901
SL-CASE-0452,15,DS Final Notification,DS,DS_Officer_5,2024-03-19T03:17:39.242045
SL-CASE-0453,1,DS Application Received,DS,DS_Officer_7,2024-05-12T23:33:07.093069
SL-CASE-0453,2,DS Initial Review,DS,DS_Officer_5,2024-05-13T18:42:53.915281
SL-CASE-0453,3,Survey Clearance Requested,Survey,Clearance_Officer_8,2024-05-14T02:51:12.975809
SL-CASE-0453,4,Survey Clearance Issued,Survey,Clearance_Officer_7,2024-05-29T16:08:43.977865
SL-CASE-0453,5,Agrarian Services Clearance Requested,Agrarian,Clearance_Officer_2,2024-05-30T12:32:41.501674
SL-CASE-0453,6,Agrarian Services Clearance Issued,Agrarian,Clearance_Officer_12,2024-06-18T18:00:07.752216
SL-CASE-0453,7,PLC/DLC Review,PLC_DLC,PLC_Officer_2,2024-06-24T03:20:49.217569
SL-CASE-0453,8,PLC/DLC Recommendation,PLC_DLC,PLC_Officer_2,2024-06-29T00:46:15.905568
SL-CASE-0453,9,LCGD Case Intake,LCGD,LCGD_Officer_1,2024-07-04T18:18:56.693068
SL-CASE-0453,10,LCGD Review,LCGD,LCGD_Officer_1,2024-07-08T17:57:24.450227
SL-CASE-0453,11,LCGD Lease Decision,LCGD,LCGD_Officer_3,2024-07-09T08:16:07.907644
SL-CASE-0453,12,Referred to External Audit Unit,External Audit Unit,External_Audit_Unit_Officer,2024-07-14T19:47:12.024615
SL-CASE-0453,13,Referred to Legal Affairs Division,Legal Affairs Division,Legal_Affairs_Division_Officer,2024-07-18T08:22:38.559957
SL-CASE-0453,14,Referred to District Secretariat Liaison,District Secretariat Liaison,District_Secretariat_Liaison_Officer,2024-07-23T23:36:20.893295
SL-CASE-0453,15,DS Final Notification,DS,DS_Officer_6,2024-07-09T13:26:49.699556
SL-CASE-0454,1,DS Application Received,DS,DS_Officer_3,2023-02-18T04:15:04.071883
SL-CASE-0454,2,DS Initial Review,DS,DS_Officer_1,2023-02-19T02:45:39.286694
SL-CASE-0454,3,Survey Clearance Requested,Survey,Clearance_Officer_5,2023-02-19T13:41:05.307116
SL-CASE-0454,4,Survey Clearance Issued,Survey,Clearance_Officer_7,2023-03-11T04:06:54.026425
SL-CASE-0454,5,Agrarian Services Clearance Requested,Agrarian,Clearance_Officer_7,2023-03-11T06:58:16.315625
SL-CASE-0454,6,Agrarian Services Clearance Issued,Agrarian,Clearance_Officer_10,2023-03-20T19:10:12.434972
SL-CASE-0454,7,PLC/DLC Review,PLC_DLC,PLC_Officer_6,2023-03-26T12:06:12.823100
SL-CASE-0454,8,PLC/DLC Recommendation,PLC_DLC,PLC_Officer_3,2023-03-31T11:41:58.313150
SL-CASE-0454,9,Referred to External Audit Unit,External Audit Unit,External_Audit_Unit_Officer,2023-04-01T09:15:09.597681
SL-CASE-0454,10,Referred to Legal Affairs Division,Legal Affairs Division,Legal_Affairs_Division_Officer,2023-04-08T00:11:14.851391
SL-CASE-0454,11,Referred to District Secretariat Liaison,District Secretariat Liaison,District_Secretariat_Liaison_Officer,2023-04-15T11:02:58.616808
SL-CASE-0454,12,LCGD Case Intake,LCGD,LCGD_Officer_2,2023-04-07T00:55:39.237566
SL-CASE-0454,13,LCGD Review,LCGD,LCGD_Officer_2,2023-04-15T16:46:26.958875
SL-CASE-0454,14,LCGD Lease Decision,LCGD,LCGD_Officer_2,2023-04-19T01:10:02.338290
SL-CASE-0454,15,Registration Requested,Registry,Registry_Officer_3,2023-04-21T02:47:11.671146
SL-CASE-0454,16,Registration Completed,Registry,Registry_Officer_2,2023-04-29T19:52:24.294656
SL-CASE-0454,17,DS Final Notification,DS,DS_Officer_6,2023-05-01T11:41:12.708929
SL-CASE-0455,1,DS Application Received,DS,DS_Officer_3,2024-05-08T07:10:08.745177
SL-CASE-0455,2,DS Initial Review,DS,DS_Officer_1,2024-05-09T19:15:11.892095
SL-CASE-0455,3,Survey Clearance Requested,Survey,Clearance_Officer_9,2024-05-10T10:19:21.968409
SL-CASE-0455,4,Survey Clearance Issued,Survey,Clearance_Officer_6,2024-05-29T05:33:25.469285
SL-CASE-0455,5,Environmental Clearance Requested,Environmental,Clearance_Officer_8,2024-05-29T09:54:50.967709
SL-CASE-0455,6,Environmental Clearance Issued,Environmental,Clearance_Officer_5,2024-06-11T08:42:45.535719
SL-CASE-0455,7,Irrigation Dept Clearance Requested,Irrigation,Clearance_Officer_11,2024-06-12T02:47:10.629449
SL-CASE-0455,8,Irrigation Dept Clearance Issued,Irrigation,Clearance_Officer_2,2024-07-01T22:16:39.876786
SL-CASE-0455,9,DS Field Report Requested,DS,Clearance_Officer_2,2024-07-02T19:50:46.947427
SL-CASE-0455,10,DS Field Report Issued,DS,Clearance_Officer_2,2024-07-21T21:31:17.477635
SL-CASE-0455,11,PLC/DLC Review,PLC_DLC,PLC_Officer_5,2024-07-26T19:01:01.405452
SL-CASE-0455,12,Referred to External Audit Unit,External Audit Unit,External_Audit_Unit_Officer,2024-08-01T12:46:15.328619
SL-CASE-0455,13,Referred to Legal Affairs Division,Legal Affairs Division,Legal_Affairs_Division_Officer,2024-08-02T15:44:21.600888
SL-CASE-0455,14,Referred to District Secretariat Liaison,District Secretariat Liaison,District_Secretariat_Liaison_Officer,2024-08-04T11:37:19.561299
SL-CASE-0455,15,PLC/DLC Recommendation,PLC_DLC,PLC_Officer_1,2024-07-31T12:20:13.519533
SL-CASE-0455,16,LCGD Case Intake,LCGD,LCGD_Officer_1,2024-08-04T22:05:50.293527
SL-CASE-0455,17,LCGD Review,LCGD,LCGD_Officer_3,2024-08-07T21:55:05.659952
SL-CASE-0455,18,Higher Approval Requested,Ministry,LCGD_Officer_4,2024-08-11T12:11:32.760651
SL-CASE-0455,19,Higher Approval Granted,Ministry,LCGD_Officer_1,2024-09-09T09:03:11.702088
SL-CASE-0455,20,LCGD Lease Decision,LCGD,LCGD_Officer_2,2024-09-16T07:44:59.470754
SL-CASE-0455,21,Registration Requested,Registry,Registry_Officer_1,2024-09-17T08:55:24.683329
SL-CASE-0455,22,Registration Completed,Registry,Registry_Officer_3,2024-09-26T02:06:56.045635
SL-CASE-0455,23,DS Final Notification,DS,DS_Officer_6,2024-09-28T20:28:19.113694
SL-CASE-0456,1,DS Application Received,DS,DS_Officer_1,2023-01-01T12:39:51.814232
SL-CASE-0456,2,DS Initial Review,DS,DS_Officer_7,2023-01-01T17:07:47.001255
SL-CASE-0456,3,Survey Clearance Requested,Survey,Clearance_Officer_12,2023-01-02T11:50:23.088346
SL-CASE-0456,4,Survey Clearance Issued,Survey,Clearance_Officer_2,2023-01-20T22:53:28.931505
SL-CASE-0456,5,DS Field Report Requested,DS,Clearance_Officer_6,2023-01-21T07:55:13.928681
SL-CASE-0456,6,DS Field Report Issued,DS,Clearance_Officer_12,2023-01-26T09:46:39.288126
SL-CASE-0456,7,PLC/DLC Review,PLC_DLC,PLC_Officer_3,2023-02-04T17:55:54.839535
SL-CASE-0456,8,PLC/DLC Recommendation,PLC_DLC,PLC_Officer_6,2023-02-09T14:07:32.573428
SL-CASE-0456,9,LCGD Case Intake,LCGD,LCGD_Officer_3,2023-02-14T13:12:06.604720
SL-CASE-0456,10,LCGD Review,LCGD,LCGD_Officer_3,2023-02-21T17:05:37.548074
SL-CASE-0456,11,Referred to External Audit Unit,External Audit Unit,External_Audit_Unit_Officer,2023-02-26T16:11:11.923063
SL-CASE-0456,12,Referred to Legal Affairs Division,Legal Affairs Division,Legal_Affairs_Division_Officer,2023-02-27T13:05:59.251401
SL-CASE-0456,13,Referred to District Secretariat Liaison,District Secretariat Liaison,District_Secretariat_Liaison_Officer,2023-03-02T16:47:44.145036
SL-CASE-0456,14,LCGD Lease Decision,LCGD,LCGD_Officer_3,2023-02-22T06:34:46.447017
SL-CASE-0456,15,Registration Requested,Registry,Registry_Officer_4,2023-02-22T17:34:32.590966
SL-CASE-0456,16,Registration Completed,Registry,Registry_Officer_4,2023-02-25T15:07:37.040816
SL-CASE-0456,17,DS Final Notification,DS,DS_Officer_3,2023-02-27T18:25:11.528260
SL-CASE-0457,1,DS Application Received,DS,DS_Officer_4,2024-06-04T05:43:22.810317
SL-CASE-0457,2,DS Initial Review,DS,DS_Officer_1,2024-06-06T04:23:44.630732
SL-CASE-0457,3,Survey Clearance Requested,Survey,Clearance_Officer_10,2024-06-06T10:52:03.094937
SL-CASE-0457,4,Survey Clearance Issued,Survey,Clearance_Officer_5,2024-06-09T16:54:41.403670
SL-CASE-0457,5,Agrarian Services Clearance Requested,Agrarian,Clearance_Officer_1,2024-06-10T02:34:19.620363
SL-CASE-0457,6,Agrarian Services Clearance Issued,Agrarian,Clearance_Officer_7,2024-06-27T19:04:15.358274
SL-CASE-0457,7,PLC/DLC Review,PLC_DLC,PLC_Officer_5,2024-06-28T17:28:09.691418
SL-CASE-0457,8,PLC/DLC Recommendation,PLC_DLC,PLC_Officer_3,2024-07-02T07:07:28.357706
SL-CASE-0457,9,Referred to External Audit Unit,External Audit Unit,External_Audit_Unit_Officer,2024-07-07T22:36:32.353559
SL-CASE-0457,10,Referred to Legal Affairs Division,Legal Affairs Division,Legal_Affairs_Division_Officer,2024-07-10T23:53:35.365200
SL-CASE-0457,11,Referred to District Secretariat Liaison,District Secretariat Liaison,District_Secretariat_Liaison_Officer,2024-07-11T20:07:11.949815
SL-CASE-0457,12,LCGD Case Intake,LCGD,LCGD_Officer_3,2024-07-03T05:10:20.713325
SL-CASE-0457,13,LCGD Review,LCGD,LCGD_Officer_1,2024-07-12T23:47:51.773713
SL-CASE-0457,14,Higher Approval Requested,Ministry,LCGD_Officer_3,2024-07-17T18:42:52.758457
SL-CASE-0457,15,Higher Approval Granted,Ministry,LCGD_Officer_2,2024-08-22T14:20:05.143986
SL-CASE-0457,16,LCGD Lease Decision,LCGD,LCGD_Officer_3,2024-09-01T04:56:18.028536
SL-CASE-0457,17,DS Final Notification,DS,DS_Officer_4,2024-09-02T07:09:57.288390
SL-CASE-0458,1,DS Application Received,DS,DS_Officer_7,2023-09-29T13:53:27.594652
SL-CASE-0458,2,DS Initial Review,DS,DS_Officer_1,2023-10-01T11:22:43.681854
SL-CASE-0458,3,Survey Clearance Requested,Survey,Clearance_Officer_7,2023-10-01T14:59:59.751159
SL-CASE-0458,4,Referred to External Audit Unit,External Audit Unit,External_Audit_Unit_Officer,2023-10-05T01:40:24.319201
SL-CASE-0458,5,Referred to Legal Affairs Division,Legal Affairs Division,Legal_Affairs_Division_Officer,2023-10-09T00:11:56.942526
SL-CASE-0458,6,Referred to District Secretariat Liaison,District Secretariat Liaison,District_Secretariat_Liaison_Officer,2023-10-15T04:46:35.226020
SL-CASE-0458,7,Survey Clearance Issued,Survey,Clearance_Officer_8,2023-10-16T06:00:38.428621
SL-CASE-0458,8,DS Field Report Requested,DS,Clearance_Officer_12,2023-10-16T13:47:29.648965
SL-CASE-0458,9,DS Field Report Issued,DS,Clearance_Officer_8,2023-11-03T14:06:41.688802
SL-CASE-0458,10,PLC/DLC Review,PLC_DLC,PLC_Officer_6,2023-11-08T20:19:44.600854
SL-CASE-0458,11,PLC/DLC Recommendation,PLC_DLC,PLC_Officer_6,2023-11-12T07:52:26.100529
SL-CASE-0458,12,LCGD Case Intake,LCGD,LCGD_Officer_2,2023-11-18T14:40:37.250869
SL-CASE-0458,13,LCGD Review,LCGD,LCGD_Officer_3,2023-11-28T21:10:49.319552
SL-CASE-0458,14,LCGD Lease Decision,LCGD,LCGD_Officer_3,2023-12-02T02:57:41.215464
SL-CASE-0458,15,DS Final Notification,DS,DS_Officer_1,2023-12-04T17:17:36.997237
SL-CASE-0459,1,DS Application Received,DS,DS_Officer_7,2024-08-15T13:48:54.780153
SL-CASE-0459,2,DS Initial Review,DS,DS_Officer_3,2024-08-16T07:35:30.390906
SL-CASE-0459,3,Survey Clearance Requested,Survey,Clearance_Officer_3,2024-08-17T05:21:58.831507
SL-CASE-0459,4,Survey Clearance Issued,Survey,Clearance_Officer_8,2024-08-23T15:43:21.484893
SL-CASE-0459,5,Agrarian Services Clearance Requested,Agrarian,Clearance_Officer_3,2024-08-24T05:32:30.806778
SL-CASE-0459,6,Agrarian Services Clearance Issued,Agrarian,Clearance_Officer_11,2024-09-05T06:59:07.431280
SL-CASE-0459,7,PLC/DLC Review,PLC_DLC,PLC_Officer_5,2024-09-07T13:34:08.379391
SL-CASE-0459,8,PLC/DLC Recommendation,PLC_DLC,PLC_Officer_2,2024-09-11T03:38:56.506597
SL-CASE-0459,9,LCGD Case Intake,LCGD,LCGD_Officer_2,2024-09-13T01:47:14.319095
SL-CASE-0459,10,LCGD Review,LCGD,LCGD_Officer_1,2024-09-18T09:10:46.708973
SL-CASE-0459,11,LCGD Lease Decision,LCGD,LCGD_Officer_1,2024-09-19T07:29:59.059554
SL-CASE-0459,12,Registration Requested,Registry,Registry_Officer_4,2024-09-22T06:37:47.835622
SL-CASE-0459,13,Registration Completed,Registry,Registry_Officer_1,2024-10-09T05:10:55.753240
SL-CASE-0459,14,Referred to External Audit Unit,External Audit Unit,External_Audit_Unit_Officer,2024-10-15T10:45:25.670173
SL-CASE-0459,15,Referred to Legal Affairs Division,Legal Affairs Division,Legal_Affairs_Division_Officer,2024-10-20T00:08:22.653626
SL-CASE-0459,16,Referred to District Secretariat Liaison,District Secretariat Liaison,District_Secretariat_Liaison_Officer,2024-10-27T08:34:26.527461
SL-CASE-0459,17,DS Final Notification,DS,DS_Officer_1,2024-10-10T08:06:50.465684
SL-CASE-0460,1,DS Application Received,DS,DS_Officer_1,2023-12-24T08:55:35.324692
SL-CASE-0460,2,DS Initial Review,DS,DS_Officer_6,2023-12-25T01:18:59.162835
SL-CASE-0460,3,Survey Clearance Requested,Survey,Clearance_Officer_8,2023-12-26T00:23:08.034427
SL-CASE-0460,4,Survey Clearance Issued,Survey,Clearance_Officer_10,2024-01-02T08:43:38.681488
SL-CASE-0460,5,Referred to External Audit Unit,External Audit Unit,External_Audit_Unit_Officer,2024-01-03T13:04:39.184440
SL-CASE-0460,6,Referred to Legal Affairs Division,Legal Affairs Division,Legal_Affairs_Division_Officer,2024-01-06T15:02:34.642382
SL-CASE-0460,7,Referred to District Secretariat Liaison,District Secretariat Liaison,District_Secretariat_Liaison_Officer,2024-01-08T08:13:17.153981
SL-CASE-0460,8,Environmental Clearance Requested,Environmental,Clearance_Officer_9,2024-01-02T22:58:12.178671
SL-CASE-0460,9,Environmental Clearance Issued,Environmental,Clearance_Officer_10,2024-01-12T12:41:36.096671
SL-CASE-0460,10,DS Field Report Requested,DS,Clearance_Officer_2,2024-01-13T09:37:43.833895
SL-CASE-0460,11,DS Field Report Issued,DS,Clearance_Officer_12,2024-01-17T15:36:04.176918
SL-CASE-0460,12,PLC/DLC Review,PLC_DLC,PLC_Officer_4,2024-01-23T18:56:28.344295
SL-CASE-0460,13,PLC/DLC Recommendation,PLC_DLC,PLC_Officer_4,2024-01-25T12:28:23.815139
SL-CASE-0460,14,LCGD Case Intake,LCGD,LCGD_Officer_2,2024-01-26T07:42:56.773859
SL-CASE-0460,15,LCGD Review,LCGD,LCGD_Officer_2,2024-02-02T04:31:36.268289
SL-CASE-0460,16,Higher Approval Requested,Ministry,LCGD_Officer_2,2024-02-06T05:25:24.401761
SL-CASE-0460,17,Higher Approval Granted,Ministry,LCGD_Officer_3,2024-02-27T05:47:05.534886
SL-CASE-0460,18,LCGD Lease Decision,LCGD,LCGD_Officer_1,2024-03-03T13:37:10.152335
SL-CASE-0460,19,Registration Requested,Registry,Registry_Officer_4,2024-03-05T00:47:04.634584
SL-CASE-0460,20,Registration Completed,Registry,Registry_Officer_2,2024-03-22T22:35:30.656862
SL-CASE-0460,21,DS Final Notification,DS,DS_Officer_8,2024-03-23T00:40:07.194851
SL-CASE-0461,1,DS Application Received,DS,DS_Officer_3,2024-05-14T15:30:52.715755
SL-CASE-0461,2,DS Initial Review,DS,DS_Officer_2,2024-05-14T22:29:08.702037
SL-CASE-0461,3,Survey Clearance Requested,Survey,Clearance_Officer_8,2024-05-15T11:58:31.216627
SL-CASE-0461,4,Survey Clearance Requested (Re-submission),Survey,Clearance_Officer_8,2024-05-17T00:14:41.004290
SL-CASE-0461,5,Survey Clearance Issued,Survey,Clearance_Officer_11,2024-05-30T05:34:02.294613
SL-CASE-0461,6,DS Field Report Requested,DS,Clearance_Officer_2,2024-05-30T15:37:12.826898
SL-CASE-0461,7,Survey Clearance Issued (Re-submission),Survey,Clearance_Officer_11,2024-05-31T08:17:57.416135
SL-CASE-0461,8,DS Field Report Requested (Re-submission),DS,Clearance_Officer_2,2024-05-31T16:31:14.464937
SL-CASE-0461,9,DS Field Report Requested (Re-submission),DS,Clearance_Officer_2,2024-06-01T06:23:39.852106
SL-CASE-0461,10,DS Field Report Issued,DS,Clearance_Officer_2,2024-06-08T21:24:11.956474
SL-CASE-0461,11,PLC/DLC Review,PLC_DLC,PLC_Officer_2,2024-06-14T04:07:03.432945
SL-CASE-0461,12,PLC/DLC Review (Re-submission),PLC_DLC,PLC_Officer_2,2024-06-14T20:42:26.877021
SL-CASE-0461,13,PLC/DLC Recommendation,PLC_DLC,PLC_Officer_3,2024-06-16T23:10:05.169674
SL-CASE-0461,14,PLC/DLC Recommendation (Re-submission),PLC_DLC,PLC_Officer_3,2024-06-18T19:16:29.970165
SL-CASE-0461,15,LCGD Case Intake,LCGD,LCGD_Officer_1,2024-06-21T01:00:18.873703
SL-CASE-0461,16,LCGD Case Intake (Re-submission),LCGD,LCGD_Officer_1,2024-06-22T06:36:43.551461
SL-CASE-0461,17,LCGD Review,LCGD,LCGD_Officer_3,2024-07-02T06:23:46.071428
SL-CASE-0461,18,LCGD Review (Re-submission),LCGD,LCGD_Officer_3,2024-07-03T08:32:24.349123
SL-CASE-0461,19,Higher Approval Requested,Ministry,LCGD_Officer_4,2024-07-05T05:15:33.432712
SL-CASE-0461,20,Higher Approval Granted,Ministry,LCGD_Officer_4,2024-08-03T09:05:02.001474
SL-CASE-0461,21,Higher Approval Granted (Re-submission),Ministry,LCGD_Officer_4,2024-08-04T08:37:28.945551
SL-CASE-0461,22,Higher Approval Granted (Re-submission),Ministry,LCGD_Officer_4,2024-08-05T02:24:49.155342
SL-CASE-0461,23,LCGD Lease Decision,LCGD,LCGD_Officer_1,2024-08-05T06:16:26.642694
SL-CASE-0461,24,DS Final Notification,DS,DS_Officer_1,2024-08-06T10:59:40.019653
SL-CASE-0462,1,DS Application Received,DS,DS_Officer_5,2024-09-09T11:50:35.154813
SL-CASE-0462,2,DS Initial Review,DS,DS_Officer_4,2024-09-10T15:27:21.239906
SL-CASE-0462,3,Survey Clearance Requested,Survey,Clearance_Officer_3,2024-09-10T20:25:54.646091
SL-CASE-0462,4,Survey Clearance Issued,Survey,Clearance_Officer_2,2024-09-12T23:24:31.022831
SL-CASE-0462,5,DS Field Report Requested,DS,Clearance_Officer_8,2024-09-13T07:30:43.028005
SL-CASE-0462,6,DS Field Report Requested (Re-submission),DS,Clearance_Officer_8,2024-09-13T14:38:57.926432
SL-CASE-0462,7,DS Field Report Requested (Re-submission),DS,Clearance_Officer_8,2024-09-13T18:48:20.792295
SL-CASE-0462,8,DS Field Report Requested (Re-submission),DS,Clearance_Officer_8,2024-09-14T17:11:53.607890
SL-CASE-0462,9,DS Field Report Issued,DS,Clearance_Officer_11,2024-10-03T01:46:03.768323
SL-CASE-0462,10,PLC/DLC Review,PLC_DLC,PLC_Officer_2,2024-10-05T13:58:19.369368
SL-CASE-0462,11,PLC/DLC Review (Re-submission),PLC_DLC,PLC_Officer_2,2024-10-07T11:00:57.470719
SL-CASE-0462,12,PLC/DLC Recommendation,PLC_DLC,PLC_Officer_5,2024-10-10T05:22:16.644250
SL-CASE-0462,13,LCGD Case Intake,LCGD,LCGD_Officer_1,2024-10-15T14:01:25.764348
SL-CASE-0462,14,LCGD Review,LCGD,LCGD_Officer_3,2024-10-22T11:38:03.999625
SL-CASE-0462,15,LCGD Review (Re-submission),LCGD,LCGD_Officer_3,2024-10-23T12:02:30.171727
SL-CASE-0462,16,LCGD Lease Decision,LCGD,LCGD_Officer_2,2024-10-28T08:42:59.892688
SL-CASE-0462,17,Registration Requested,Registry,Registry_Officer_2,2024-10-31T22:38:31.653471
SL-CASE-0462,18,Registration Completed,Registry,Registry_Officer_1,2024-11-15T22:07:48.440886
SL-CASE-0462,19,DS Final Notification,DS,DS_Officer_4,2024-11-16T09:03:38.770424
SL-CASE-0463,1,DS Application Received,DS,DS_Officer_7,2023-03-14T08:07:39.694743
SL-CASE-0463,2,DS Initial Review,DS,DS_Officer_4,2023-03-14T23:16:48.654561
SL-CASE-0463,3,Survey Clearance Requested,Survey,Clearance_Officer_1,2023-03-15T01:20:37.212967
SL-CASE-0463,4,Survey Clearance Requested (Re-submission),Survey,Clearance_Officer_1,2023-03-15T14:44:10.286524
SL-CASE-0463,5,Survey Clearance Requested (Re-submission),Survey,Clearance_Officer_1,2023-03-16T18:47:30.835366
SL-CASE-0463,6,Survey Clearance Issued,Survey,Clearance_Officer_10,2023-03-22T14:24:20.639641
SL-CASE-0463,7,Agrarian Services Clearance Requested,Agrarian,Clearance_Officer_8,2023-03-22T21:29:00.722091
SL-CASE-0463,8,Agrarian Services Clearance Requested (Re-submission),Agrarian,Clearance_Officer_8,2023-03-24T01:09:19.875812
SL-CASE-0463,9,Agrarian Services Clearance Requested (Re-submission),Agrarian,Clearance_Officer_8,2023-03-24T01:50:21.940950
SL-CASE-0463,10,Agrarian Services Clearance Issued,Agrarian,Clearance_Officer_6,2023-04-01T13:50:17.404057
SL-CASE-0463,11,Agrarian Services Clearance Issued (Re-submission),Agrarian,Clearance_Officer_6,2023-04-01T20:26:48.316719
SL-CASE-0463,12,PLC/DLC Review,PLC_DLC,PLC_Officer_5,2023-04-05T20:33:20.312488
SL-CASE-0463,13,PLC/DLC Review (Re-submission),PLC_DLC,PLC_Officer_5,2023-04-06T00:41:56.549643
SL-CASE-0463,14,PLC/DLC Recommendation,PLC_DLC,PLC_Officer_5,2023-04-06T13:29:39.753788
SL-CASE-0463,15,PLC/DLC Review (Re-submission),PLC_DLC,PLC_Officer_5,2023-04-06T15:19:38.234835
SL-CASE-0463,16,LCGD Case Intake,LCGD,LCGD_Officer_1,2023-04-08T12:28:35.719497
SL-CASE-0463,17,LCGD Case Intake (Re-submission),LCGD,LCGD_Officer_1,2023-04-09T07:53:42.163324
SL-CASE-0463,18,LCGD Review,LCGD,LCGD_Officer_2,2023-04-19T02:13:44.469713
SL-CASE-0463,19,LCGD Lease Decision,LCGD,LCGD_Officer_1,2023-04-29T00:02:43.484362
SL-CASE-0463,20,DS Final Notification,DS,DS_Officer_2,2023-04-30T07:08:42.548888
SL-CASE-0464,1,DS Application Received,DS,DS_Officer_7,2024-07-15T01:14:20.171315
SL-CASE-0464,2,DS Initial Review,DS,DS_Officer_7,2024-07-16T18:15:43.412778
SL-CASE-0464,3,Survey Clearance Requested,Survey,Clearance_Officer_1,2024-07-17T06:23:35.375215
SL-CASE-0464,4,Survey Clearance Issued,Survey,Clearance_Officer_12,2024-07-25T13:06:58.568140
SL-CASE-0464,5,Environmental Clearance Requested,Environmental,Clearance_Officer_3,2024-07-25T23:47:03.464972
SL-CASE-0464,6,Environmental Clearance Requested (Re-submission),Environmental,Clearance_Officer_3,2024-07-26T21:10:29.172507
SL-CASE-0464,7,Environmental Clearance Issued,Environmental,Clearance_Officer_9,2024-07-28T14:08:22.825352
SL-CASE-0464,8,DS Field Report Requested,DS,Clearance_Officer_6,2024-07-29T09:49:54.028809
SL-CASE-0464,9,DS Field Report Requested (Re-submission),DS,Clearance_Officer_6,2024-07-29T21:00:16.039542
SL-CASE-0464,10,DS Field Report Requested (Re-submission),DS,Clearance_Officer_6,2024-07-31T08:21:30.873128
SL-CASE-0464,11,DS Field Report Issued,DS,Clearance_Officer_5,2024-08-06T06:45:12.324860
SL-CASE-0464,12,DS Field Report Issued (Re-submission),DS,Clearance_Officer_5,2024-08-06T20:16:53.439920
SL-CASE-0464,13,PLC/DLC Review,PLC_DLC,PLC_Officer_3,2024-08-12T07:16:12.382991
SL-CASE-0464,14,PLC/DLC Review (Re-submission),PLC_DLC,PLC_Officer_3,2024-08-13T15:32:48.992632
SL-CASE-0464,15,PLC/DLC Recommendation,PLC_DLC,PLC_Officer_1,2024-08-13T23:31:38.853143
SL-CASE-0464,16,LCGD Case Intake,LCGD,LCGD_Officer_4,2024-08-17T08:19:10.565284
SL-CASE-0464,17,LCGD Review,LCGD,LCGD_Officer_2,2024-08-23T19:52:08.616144
SL-CASE-0464,18,Higher Approval Requested,Ministry,LCGD_Officer_2,2024-08-27T07:56:34.261505
SL-CASE-0464,19,Higher Approval Requested (Re-submission),Ministry,LCGD_Officer_2,2024-08-28T11:01:07.311769
SL-CASE-0464,20,Higher Approval Granted,Ministry,LCGD_Officer_4,2024-09-26T10:27:28.176823
SL-CASE-0464,21,LCGD Lease Decision,LCGD,LCGD_Officer_3,2024-09-30T00:54:16.793109
SL-CASE-0464,22,Registration Requested,Registry,Registry_Officer_4,2024-10-03T08:41:17.207206
SL-CASE-0464,23,Registration Requested (Re-submission),Registry,Registry_Officer_4,2024-10-03T15:12:33.324815
SL-CASE-0464,24,Registration Requested (Re-submission),Registry,Registry_Officer_4,2024-10-04T20:24:49.608624
SL-CASE-0464,25,Registration Completed,Registry,Registry_Officer_2,2024-10-07T12:57:55.565925
SL-CASE-0464,26,DS Final Notification,DS,DS_Officer_3,2024-10-08T00:01:43.460277
SL-CASE-0465,1,DS Application Received,DS,DS_Officer_7,2023-04-16T23:10:45.420051
SL-CASE-0465,2,DS Initial Review,DS,DS_Officer_4,2023-04-17T09:40:12.415044
SL-CASE-0465,3,Survey Clearance Requested,Survey,Clearance_Officer_12,2023-04-18T03:36:21.322161
SL-CASE-0465,4,Survey Clearance Requested (Re-submission),Survey,Clearance_Officer_12,2023-04-18T22:10:38.781076
SL-CASE-0465,5,Survey Clearance Issued,Survey,Clearance_Officer_10,2023-04-20T18:11:58.777209
SL-CASE-0465,6,DS Field Report Requested,DS,Clearance_Officer_7,2023-04-21T08:45:33.552548
SL-CASE-0465,7,DS Field Report Issued,DS,Clearance_Officer_4,2023-04-27T08:59:33.758293
SL-CASE-0465,8,DS Field Report Issued (Re-submission),DS,Clearance_Officer_4,2023-04-27T13:38:14.934993
SL-CASE-0465,9,PLC/DLC Review,PLC_DLC,PLC_Officer_2,2023-05-03T04:36:20.129193
SL-CASE-0465,10,PLC/DLC Review (Re-submission),PLC_DLC,PLC_Officer_2,2023-05-03T22:59:09.432021
SL-CASE-0465,11,PLC/DLC Recommendation,PLC_DLC,PLC_Officer_6,2023-05-07T15:45:53.312305
SL-CASE-0465,12,PLC/DLC Recommendation (Re-submission),PLC_DLC,PLC_Officer_6,2023-05-09T08:38:12.353695
SL-CASE-0465,13,LCGD Case Intake,LCGD,LCGD_Officer_3,2023-05-14T10:24:46.926044
SL-CASE-0465,14,LCGD Case Intake (Re-submission),LCGD,LCGD_Officer_3,2023-05-16T06:28:17.408572
SL-CASE-0465,15,LCGD Review,LCGD,LCGD_Officer_2,2023-05-28T16:41:02.020463
SL-CASE-0465,16,LCGD Review (Re-submission),LCGD,LCGD_Officer_2,2023-05-29T09:13:57.639370
SL-CASE-0465,17,LCGD Review (Re-submission),LCGD,LCGD_Officer_2,2023-05-29T12:32:54.946556
SL-CASE-0465,18,LCGD Review (Re-submission),LCGD,LCGD_Officer_2,2023-05-30T06:16:00.874048
SL-CASE-0465,19,LCGD Lease Decision,LCGD,LCGD_Officer_1,2023-06-06T14:42:04.810857
SL-CASE-0465,20,LCGD Lease Decision (Re-submission),LCGD,LCGD_Officer_1,2023-06-07T15:10:41.606723
SL-CASE-0465,21,Registration Requested,Registry,Registry_Officer_2,2023-06-08T14:16:25.585748
SL-CASE-0465,22,Registration Requested (Re-submission),Registry,Registry_Officer_2,2023-06-09T23:00:19.191033
SL-CASE-0465,23,Registration Completed,Registry,Registry_Officer_3,2023-06-13T20:50:02.514444
SL-CASE-0465,24,DS Final Notification,DS,DS_Officer_1,2023-06-16T17:16:49.783569
SL-CASE-0466,1,DS Application Received,DS,DS_Officer_7,2024-05-13T13:06:03.998001
SL-CASE-0466,2,DS Initial Review,DS,DS_Officer_7,2024-05-14T10:06:50.819526
SL-CASE-0466,3,Survey Clearance Requested,Survey,Clearance_Officer_2,2024-05-15T09:17:03.009909
SL-CASE-0466,4,Survey Clearance Issued,Survey,Clearance_Officer_5,2024-05-24T13:46:41.612939
SL-CASE-0466,5,Agrarian Services Clearance Requested,Agrarian,Clearance_Officer_3,2024-05-24T18:33:38.287147
SL-CASE-0466,6,Survey Clearance Issued (Re-submission),Survey,Clearance_Officer_5,2024-05-25T03:15:57.221992
SL-CASE-0466,7,Agrarian Services Clearance Issued,Agrarian,Clearance_Officer_6,2024-06-01T07:05:09.878851
SL-CASE-0466,8,Agrarian Services Clearance Issued (Re-submission),Agrarian,Clearance_Officer_6,2024-06-01T08:43:21.902530
SL-CASE-0466,9,PLC/DLC Review,PLC_DLC,PLC_Officer_6,2024-06-02T00:07:50.906291
SL-CASE-0466,10,PLC/DLC Review (Re-submission),PLC_DLC,PLC_Officer_6,2024-06-02T07:33:22.046226
SL-CASE-0466,11,PLC/DLC Recommendation,PLC_DLC,PLC_Officer_5,2024-06-06T13:40:20.288567
SL-CASE-0466,12,PLC/DLC Recommendation (Re-submission),PLC_DLC,PLC_Officer_5,2024-06-08T03:11:15.091400
SL-CASE-0466,13,LCGD Case Intake,LCGD,LCGD_Officer_3,2024-06-09T05:28:14.189061
SL-CASE-0466,14,LCGD Case Intake (Re-submission),LCGD,LCGD_Officer_3,2024-06-09T12:13:47.924970
SL-CASE-0466,15,LCGD Case Intake (Re-submission),LCGD,LCGD_Officer_3,2024-06-10T01:07:59.260097
SL-CASE-0466,16,LCGD Review,LCGD,LCGD_Officer_3,2024-06-17T08:10:26.110188
SL-CASE-0466,17,LCGD Review (Re-submission),LCGD,LCGD_Officer_3,2024-06-17T17:42:53.786670
SL-CASE-0466,18,LCGD Lease Decision,LCGD,LCGD_Officer_4,2024-06-19T09:32:57.395447
SL-CASE-0466,19,DS Final Notification,DS,DS_Officer_6,2024-06-21T05:15:55.421348
SL-CASE-0467,1,DS Application Received,DS,DS_Officer_6,2024-07-23T13:42:56.979328
SL-CASE-0467,2,DS Initial Review,DS,DS_Officer_4,2024-07-25T08:42:20.112944
SL-CASE-0467,3,Survey Clearance Requested,Survey,Clearance_Officer_1,2024-07-26T02:30:36.943307
SL-CASE-0467,4,Survey Clearance Issued,Survey,Clearance_Officer_7,2024-08-04T16:59:21.927778
SL-CASE-0467,5,DS Field Report Requested,DS,Clearance_Officer_8,2024-08-04T23:49:46.776615
SL-CASE-0467,6,DS Field Report Requested (Re-submission),DS,Clearance_Officer_8,2024-08-05T21:10:41.167231
SL-CASE-0467,7,DS Field Report Issued,DS,Clearance_Officer_11,2024-08-10T06:53:17.361124
SL-CASE-0467,8,DS Field Report Issued (Re-submission),DS,Clearance_Officer_11,2024-08-11T00:56:14.340901
SL-CASE-0467,9,PLC/DLC Review,PLC_DLC,PLC_Officer_1,2024-08-19T08:55:27.163843
SL-CASE-0467,10,PLC/DLC Review (Re-submission),PLC_DLC,PLC_Officer_1,2024-08-20T00:53:09.555157
SL-CASE-0467,11,PLC/DLC Review (Re-submission),PLC_DLC,PLC_Officer_1,2024-08-20T20:39:47.008817
SL-CASE-0467,12,PLC/DLC Recommendation,PLC_DLC,PLC_Officer_6,2024-08-22T03:49:05.568799
SL-CASE-0467,13,LCGD Case Intake,LCGD,LCGD_Officer_4,2024-08-27T09:50:02.521726
SL-CASE-0467,14,LCGD Review,LCGD,LCGD_Officer_3,2024-09-10T13:43:23.947246
SL-CASE-0467,15,LCGD Review (Re-submission),LCGD,LCGD_Officer_3,2024-09-10T17:00:28.662624
SL-CASE-0467,16,LCGD Review (Re-submission),LCGD,LCGD_Officer_3,2024-09-10T19:03:54.319519
SL-CASE-0467,17,LCGD Review (Re-submission),LCGD,LCGD_Officer_3,2024-09-11T02:55:55.608067
SL-CASE-0467,18,LCGD Lease Decision,LCGD,LCGD_Officer_2,2024-09-19T18:56:43.492754
SL-CASE-0467,19,DS Final Notification,DS,DS_Officer_2,2024-09-22T14:10:47.633241
SL-CASE-0468,1,DS Application Received,DS,DS_Officer_8,2023-12-15T02:11:12.680963
SL-CASE-0468,2,DS Initial Review,DS,DS_Officer_7,2023-12-15T11:59:50.490964
SL-CASE-0468,3,Survey Clearance Requested,Survey,Clearance_Officer_6,2023-12-15T22:48:14.647008
SL-CASE-0468,4,Survey Clearance Requested (Re-submission),Survey,Clearance_Officer_6,2023-12-17T04:12:07.878935
SL-CASE-0468,5,Survey Clearance Issued,Survey,Clearance_Officer_4,2023-12-24T16:16:35.147725
SL-CASE-0468,6,Environmental Clearance Requested,Environmental,Clearance_Officer_2,2023-12-25T04:34:23.169615
SL-CASE-0468,7,Environmental Clearance Issued,Environmental,Clearance_Officer_1,2023-12-31T11:38:27.069303
SL-CASE-0468,8,Environmental Clearance Issued (Re-submission),Environmental,Clearance_Officer_1,2023-12-31T18:16:36.703152
SL-CASE-0468,9,DS Field Report Requested,DS,Clearance_Officer_1,2024-01-01T03:50:46.944703
SL-CASE-0468,10,Environmental Clearance Issued (Re-submission),Environmental,Clearance_Officer_1,2024-01-02T00:30:17.469108
SL-CASE-0468,11,Environmental Clearance Issued (Re-submission),Environmental,Clearance_Officer_1,2024-01-02T10:07:15.065535
SL-CASE-0468,12,DS Field Report Issued,DS,Clearance_Officer_11,2024-01-19T17:38:47.560689
SL-CASE-0468,13,PLC/DLC Review,PLC_DLC,PLC_Officer_2,2024-01-26T21:18:25.861942
SL-CASE-0468,14,PLC/DLC Recommendation,PLC_DLC,PLC_Officer_5,2024-01-31T00:03:56.603868
SL-CASE-0468,15,LCGD Case Intake,LCGD,LCGD_Officer_3,2024-01-31T21:52:31.025660
SL-CASE-0468,16,LCGD Case Intake (Re-submission),LCGD,LCGD_Officer_3,2024-02-02T12:45:47.034838
SL-CASE-0468,17,LCGD Review,LCGD,LCGD_Officer_1,2024-02-06T11:14:16.045500
SL-CASE-0468,18,LCGD Lease Decision,LCGD,LCGD_Officer_2,2024-02-07T01:44:51.222884
SL-CASE-0468,19,LCGD Lease Decision (Re-submission),LCGD,LCGD_Officer_2,2024-02-08T18:32:29.796568
SL-CASE-0468,20,Registration Requested,Registry,Registry_Officer_2,2024-02-09T14:54:21.184136
SL-CASE-0468,21,Registration Requested (Re-submission),Registry,Registry_Officer_2,2024-02-09T19:59:15.289943
SL-CASE-0468,22,Registration Requested (Re-submission),Registry,Registry_Officer_2,2024-02-11T05:07:07.083041
SL-CASE-0468,23,Registration Completed,Registry,Registry_Officer_1,2024-02-24T11:33:09.053877
SL-CASE-0468,24,DS Final Notification,DS,DS_Officer_6,2024-02-25T11:11:44.623830
SL-CASE-0469,1,DS Application Received,DS,DS_Officer_3,2024-11-26T11:35:18.225754
SL-CASE-0469,2,DS Initial Review,DS,DS_Officer_1,2024-11-28T07:28:25.320590
SL-CASE-0469,3,Survey Clearance Requested,Survey,Clearance_Officer_3,2024-11-28T22:41:39.218146
SL-CASE-0469,4,Survey Clearance Requested (Re-submission),Survey,Clearance_Officer_3,2024-11-29T21:45:45.797608
SL-CASE-0469,5,Survey Clearance Requested (Re-submission),Survey,Clearance_Officer_3,2024-11-29T23:43:56.668076
SL-CASE-0469,6,Survey Clearance Issued,Survey,Clearance_Officer_11,2024-12-10T21:10:26.309782
SL-CASE-0469,7,DS Field Report Requested,DS,Clearance_Officer_4,2024-12-11T18:00:17.169296
SL-CASE-0469,8,Survey Clearance Issued (Re-submission),Survey,Clearance_Officer_11,2024-12-12T16:49:18.051505
SL-CASE-0469,9,DS Field Report Issued,DS,Clearance_Officer_12,2024-12-19T06:51:17.333380
SL-CASE-0469,10,DS Field Report Issued (Re-submission),DS,Clearance_Officer_12,2024-12-19T13:55:38.423137
SL-CASE-0469,11,DS Field Report Issued (Re-submission),DS,Clearance_Officer_12,2024-12-20T20:36:07.825449
SL-CASE-0469,12,PLC/DLC Review,PLC_DLC,PLC_Officer_5,2024-12-23T08:01:09.858573
SL-CASE-0469,13,PLC/DLC Recommendation,PLC_DLC,PLC_Officer_6,2024-12-25T06:10:32.803399
SL-CASE-0469,14,LCGD Case Intake,LCGD,LCGD_Officer_2,2024-12-30T04:42:21.308229
SL-CASE-0469,15,LCGD Case Intake (Re-submission),LCGD,LCGD_Officer_2,2024-12-31T01:45:59.502368
SL-CASE-0469,16,LCGD Review,LCGD,LCGD_Officer_2,2025-01-02T06:33:15.870318
SL-CASE-0469,17,LCGD Lease Decision,LCGD,LCGD_Officer_4,2025-01-08T18:17:58.488376
SL-CASE-0469,18,LCGD Lease Decision (Re-submission),LCGD,LCGD_Officer_4,2025-01-09T11:44:59.853864
SL-CASE-0469,19,Registration Requested,Registry,Registry_Officer_2,2025-01-10T02:09:33.392845
SL-CASE-0469,20,LCGD Lease Decision (Re-submission),LCGD,LCGD_Officer_4,2025-01-10T17:10:38.529160
SL-CASE-0469,21,Registration Completed,Registry,Registry_Officer_2,2025-01-28T01:39:02.399548
SL-CASE-0469,22,DS Final Notification,DS,DS_Officer_6,2025-01-28T03:45:01.291187
SL-CASE-0470,1,DS Application Received,DS,DS_Officer_7,2023-09-30T08:57:38.570932
SL-CASE-0470,2,DS Initial Review,DS,DS_Officer_4,2023-09-30T17:21:03.197112
SL-CASE-0470,3,Survey Clearance Requested,Survey,Clearance_Officer_9,2023-10-01T14:59:44.711863
SL-CASE-0470,4,Survey Clearance Issued,Survey,Clearance_Officer_11,2023-10-15T12:03:33.436686
SL-CASE-0470,5,Environmental Clearance Requested,Environmental,Clearance_Officer_12,2023-10-16T11:13:16.606272
SL-CASE-0470,6,Survey Clearance Issued (Re-submission),Survey,Clearance_Officer_11,2023-10-17T07:22:10.352195
SL-CASE-0470,7,Environmental Clearance Issued,Environmental,Clearance_Officer_8,2023-10-19T04:05:50.557687
SL-CASE-0470,8,Irrigation Dept Clearance Requested,Irrigation,Clearance_Officer_11,2023-10-19T20:45:15.232461
SL-CASE-0470,9,Environmental Clearance Issued (Re-submission),Environmental,Clearance_Officer_8,2023-10-20T06:04:52.648435
SL-CASE-0470,10,Irrigation Dept Clearance Issued,Irrigation,Clearance_Officer_12,2023-10-29T02:59:47.374526
SL-CASE-0470,11,Irrigation Dept Clearance Issued (Re-submission),Irrigation,Clearance_Officer_12,2023-10-29T12:23:32.959726
SL-CASE-0470,12,DS Field Report Requested,DS,Clearance_Officer_9,2023-10-29T21:45:41.323023
SL-CASE-0470,13,DS Field Report Issued,DS,Clearance_Officer_7,2023-11-16T05:42:24.603102
SL-CASE-0470,14,DS Field Report Issued (Re-submission),DS,Clearance_Officer_7,2023-11-16T09:50:25.014476
SL-CASE-0470,15,DS Field Report Issued (Re-submission),DS,Clearance_Officer_7,2023-11-17T21:51:47.852006
SL-CASE-0470,16,PLC/DLC Review,PLC_DLC,PLC_Officer_3,2023-11-21T06:47:58.007092
SL-CASE-0470,17,PLC/DLC Review (Re-submission),PLC_DLC,PLC_Officer_3,2023-11-22T02:26:59.908052
SL-CASE-0470,18,PLC/DLC Recommendation,PLC_DLC,PLC_Officer_3,2023-11-23T15:15:27.704787
SL-CASE-0470,19,LCGD Case Intake,LCGD,LCGD_Officer_2,2023-11-24T23:41:50.856628
SL-CASE-0470,20,LCGD Case Intake (Re-submission),LCGD,LCGD_Officer_2,2023-11-25T10:37:02.807053
SL-CASE-0470,21,LCGD Review,LCGD,LCGD_Officer_2,2023-12-09T16:52:09.425254
SL-CASE-0470,22,LCGD Review (Re-submission),LCGD,LCGD_Officer_2,2023-12-10T12:54:20.057113
SL-CASE-0470,23,Higher Approval Requested,Ministry,LCGD_Officer_2,2023-12-14T14:50:04.727446
SL-CASE-0470,24,Higher Approval Requested (Re-submission),Ministry,LCGD_Officer_2,2023-12-15T00:26:15.175986
SL-CASE-0470,25,Higher Approval Granted,Ministry,LCGD_Officer_2,2023-12-24T13:48:27.143530
SL-CASE-0470,26,LCGD Lease Decision,LCGD,LCGD_Officer_1,2024-01-02T19:00:14.109738
SL-CASE-0470,27,Registration Requested,Registry,Registry_Officer_3,2024-01-06T01:21:51.584417
SL-CASE-0470,28,Registration Requested (Re-submission),Registry,Registry_Officer_3,2024-01-07T18:59:43.842207
SL-CASE-0470,29,Registration Completed,Registry,Registry_Officer_2,2024-01-11T21:04:37.938061
SL-CASE-0470,30,DS Final Notification,DS,DS_Officer_3,2024-01-12T23:18:16.679338
SL-CASE-0471,1,DS Application Received,DS,DS_Officer_2,2024-07-09T02:43:14.835021
SL-CASE-0471,2,DS Initial Review,DS,DS_Officer_6,2024-07-10T11:27:41.898694
SL-CASE-0471,3,Survey Clearance Requested,Survey,Clearance_Officer_11,2024-07-10T16:43:42.872930
SL-CASE-0471,4,Survey Clearance Issued,Survey,Clearance_Officer_7,2024-07-13T01:26:26.491941
SL-CASE-0471,5,Agrarian Services Clearance Requested,Agrarian,Clearance_Officer_11,2024-07-13T07:16:48.062592
SL-CASE-0471,6,Survey Clearance Issued (Re-submission),Survey,Clearance_Officer_7,2024-07-13T19:45:00.726334
SL-CASE-0471,7,Survey Clearance Issued (Re-submission),Survey,Clearance_Officer_7,2024-07-14T05:31:24.942408
SL-CASE-0471,8,Survey Clearance Issued (Re-submission),Survey,Clearance_Officer_7,2024-07-14T16:00:25.034205
SL-CASE-0471,9,Agrarian Services Clearance Issued,Agrarian,Clearance_Officer_5,2024-07-15T09:25:24.148145
SL-CASE-0471,10,PLC/DLC Review,PLC_DLC,PLC_Officer_2,2024-07-22T04:48:30.886443
SL-CASE-0471,11,PLC/DLC Review (Re-submission),PLC_DLC,PLC_Officer_2,2024-07-22T06:36:11.548879
SL-CASE-0471,12,PLC/DLC Review (Re-submission),PLC_DLC,PLC_Officer_2,2024-07-22T09:11:36.819585
SL-CASE-0471,13,PLC/DLC Recommendation,PLC_DLC,PLC_Officer_6,2024-07-25T03:53:32.585079
SL-CASE-0471,14,PLC/DLC Recommendation (Re-submission),PLC_DLC,PLC_Officer_6,2024-07-25T20:23:59.840269
SL-CASE-0471,15,LCGD Case Intake,LCGD,LCGD_Officer_3,2024-07-28T17:45:45.116347
SL-CASE-0471,16,LCGD Case Intake (Re-submission),LCGD,LCGD_Officer_3,2024-07-30T16:41:53.409855
SL-CASE-0471,17,LCGD Review,LCGD,LCGD_Officer_3,2024-08-04T03:29:51.415659
SL-CASE-0471,18,LCGD Lease Decision,LCGD,LCGD_Officer_4,2024-08-11T12:26:02.569392
SL-CASE-0471,19,DS Final Notification,DS,DS_Officer_6,2024-08-11T17:35:10.867399
SL-CASE-0472,1,DS Application Received,DS,DS_Officer_3,2023-09-21T04:23:07.260560
SL-CASE-0472,2,DS Initial Review,DS,DS_Officer_3,2023-09-21T09:11:03.829713
SL-CASE-0472,3,Survey Clearance Requested,Survey,Clearance_Officer_3,2023-09-21T20:44:43.895615
SL-CASE-0472,4,Survey Clearance Issued,Survey,Clearance_Officer_2,2023-10-05T12:44:38.742523
SL-CASE-0472,5,Environmental Clearance Requested,Environmental,Clearance_Officer_11,2023-10-06T04:26:40.491631
SL-CASE-0472,6,Environmental Clearance Issued,Environmental,Clearance_Officer_3,2023-10-16T14:40:48.168702
SL-CASE-0472,7,DS Field Report Requested,DS,Clearance_Officer_2,2023-10-17T08:43:02.128588
SL-CASE-0472,8,Environmental Clearance Issued (Re-submission),Environmental,Clearance_Officer_3,2023-10-18T11:53:35.390173
SL-CASE-0472,9,DS Field Report Issued,DS,Clearance_Officer_2,2023-10-21T04:58:02.271394
SL-CASE-0472,10,DS Field Report Issued (Re-submission),DS,Clearance_Officer_2,2023-10-22T14:39:12.897545
SL-CASE-0472,11,PLC/DLC Review,PLC_DLC,PLC_Officer_5,2023-10-30T15:28:11.539446
SL-CASE-0472,12,PLC/DLC Review (Re-submission),PLC_DLC,PLC_Officer_5,2023-10-31T09:02:00.474653
SL-CASE-0472,13,PLC/DLC Recommendation,PLC_DLC,PLC_Officer_6,2023-11-01T01:14:45.873480
SL-CASE-0472,14,PLC/DLC Recommendation (Re-submission),PLC_DLC,PLC_Officer_6,2023-11-02T08:44:14.092994
SL-CASE-0472,15,LCGD Case Intake,LCGD,LCGD_Officer_4,2023-11-04T08:19:31.889586
SL-CASE-0472,16,LCGD Case Intake (Re-submission),LCGD,LCGD_Officer_4,2023-11-05T10:27:34.154447
SL-CASE-0472,17,LCGD Review,LCGD,LCGD_Officer_4,2023-11-11T19:48:43.255846
SL-CASE-0472,18,Higher Approval Requested,Ministry,LCGD_Officer_4,2023-11-14T00:05:38.859970
SL-CASE-0472,19,Higher Approval Requested (Re-submission),Ministry,LCGD_Officer_4,2023-11-15T03:57:44.715913
SL-CASE-0472,20,Higher Approval Granted,Ministry,LCGD_Officer_2,2023-11-26T13:12:52.040329
SL-CASE-0472,21,Higher Approval Granted (Re-submission),Ministry,LCGD_Officer_2,2023-11-27T22:47:02.369354
SL-CASE-0472,22,LCGD Lease Decision,LCGD,LCGD_Officer_4,2023-11-30T22:58:59.769132
SL-CASE-0472,23,Registration Requested,Registry,Registry_Officer_2,2023-12-02T07:21:15.222416
SL-CASE-0472,24,Registration Requested (Re-submission),Registry,Registry_Officer_2,2023-12-03T14:18:43.718564
SL-CASE-0472,25,Registration Completed,Registry,Registry_Officer_4,2023-12-05T19:28:42.824297
SL-CASE-0472,26,DS Final Notification,DS,DS_Officer_1,2023-12-07T20:43:30.245421
SL-CASE-0473,1,DS Application Received,DS,DS_Officer_6,2023-05-23T03:48:48.426471
SL-CASE-0473,2,DS Initial Review,DS,DS_Officer_2,2023-05-23T15:48:27.964603
SL-CASE-0473,3,Survey Clearance Requested,Survey,Clearance_Officer_3,2023-05-23T20:59:30.716483
SL-CASE-0473,4,Survey Clearance Requested (Re-submission),Survey,Clearance_Officer_3,2023-05-24T10:04:03.537221
SL-CASE-0473,5,Survey Clearance Issued,Survey,Clearance_Officer_2,2023-05-27T04:11:28.666676
SL-CASE-0473,6,DS Field Report Requested,DS,Clearance_Officer_1,2023-05-27T13:56:04.916158
SL-CASE-0473,7,Survey Clearance Issued (Re-submission),Survey,Clearance_Officer_2,2023-05-28T00:55:17.065062
SL-CASE-0473,8,DS Field Report Issued,DS,Clearance_Officer_8,2023-06-12T07:09:01.283038
SL-CASE-0473,9,DS Field Report Issued (Re-submission),DS,Clearance_Officer_8,2023-06-13T02:16:34.434281
SL-CASE-0473,10,PLC/DLC Review,PLC_DLC,PLC_Officer_3,2023-06-20T11:16:21.785181
SL-CASE-0473,11,PLC/DLC Review (Re-submission),PLC_DLC,PLC_Officer_3,2023-06-21T02:48:16.196432
SL-CASE-0473,12,PLC/DLC Review (Re-submission),PLC_DLC,PLC_Officer_3,2023-06-21T15:10:31.164191
SL-CASE-0473,13,PLC/DLC Recommendation,PLC_DLC,PLC_Officer_5,2023-06-25T10:29:45.860434
SL-CASE-0473,14,PLC/DLC Recommendation (Re-submission),PLC_DLC,PLC_Officer_5,2023-06-26T07:32:51.726266
SL-CASE-0473,15,LCGD Case Intake,LCGD,LCGD_Officer_3,2023-06-30T02:20:56.964735
SL-CASE-0473,16,LCGD Case Intake (Re-submission),LCGD,LCGD_Officer_3,2023-07-01T02:40:49.841865
SL-CASE-0473,17,LCGD Review,LCGD,LCGD_Officer_1,2023-07-07T19:36:29.898032
SL-CASE-0473,18,LCGD Lease Decision,LCGD,LCGD_Officer_4,2023-07-08T01:53:12.868970
SL-CASE-0473,19,LCGD Review (Re-submission),LCGD,LCGD_Officer_1,2023-07-09T16:00:21.943575
SL-CASE-0473,20,DS Final Notification,DS,DS_Officer_8,2023-07-10T23:39:31.601656
SL-CASE-0474,1,DS Application Received,DS,DS_Officer_5,2023-08-20T11:59:34.218597
SL-CASE-0474,2,DS Initial Review,DS,DS_Officer_3,2023-08-21T16:51:17.553492
SL-CASE-0474,3,Survey Clearance Requested,Survey,Clearance_Officer_8,2023-08-22T16:02:18.128953
SL-CASE-0474,4,Survey Clearance Issued,Survey,Clearance_Officer_11,2023-08-25T04:05:52.874817
SL-CASE-0474,5,DS Field Report Requested,DS,Clearance_Officer_6,2023-08-25T18:32:15.140715
SL-CASE-0474,6,DS Field Report Issued,DS,Clearance_Officer_12,2023-08-29T09:10:14.130985
SL-CASE-0474,7,PLC/DLC Review,PLC_DLC,PLC_Officer_3,2023-09-02T11:50:46.937873
SL-CASE-0474,8,PLC/DLC Recommendation,PLC_DLC,PLC_Officer_6,2023-09-03T17:19:03.640523
SL-CASE-0474,9,PLC/DLC Recommendation (Re-submission),PLC_DLC,PLC_Officer_6,2023-09-04T23:04:07.351346
SL-CASE-0474,10,PLC/DLC Recommendation (Re-submission),PLC_DLC,PLC_Officer_6,2023-09-04T23:10:46.233542
SL-CASE-0474,11,PLC/DLC Recommendation (Re-submission),PLC_DLC,PLC_Officer_6,2023-09-05T13:40:48.109441
SL-CASE-0474,12,LCGD Case Intake,LCGD,LCGD_Officer_4,2023-09-06T15:11:15.748166
SL-CASE-0474,13,LCGD Review,LCGD,LCGD_Officer_2,2023-09-17T16:46:37.313341
SL-CASE-0474,14,LCGD Lease Decision,LCGD,LCGD_Officer_1,2023-09-21T12:53:26.277846
SL-CASE-0474,15,Registration Requested,Registry,Registry_Officer_2,2023-09-22T13:18:10.802170
SL-CASE-0474,16,LCGD Lease Decision (Re-submission),LCGD,LCGD_Officer_1,2023-09-22T19:03:59.703149
SL-CASE-0474,17,LCGD Lease Decision (Re-submission),LCGD,LCGD_Officer_1,2023-09-23T05:23:38.202378
SL-CASE-0474,18,Registration Completed,Registry,Registry_Officer_2,2023-10-02T08:16:54.047341
SL-CASE-0474,19,DS Final Notification,DS,DS_Officer_4,2023-10-03T16:08:28.793754
SL-CASE-0475,1,DS Application Received,DS,DS_Officer_4,2023-10-17T18:54:08.664866
SL-CASE-0475,2,DS Initial Review,DS,DS_Officer_5,2023-10-18T12:25:39.486695
SL-CASE-0475,3,Survey Clearance Requested,Survey,Clearance_Officer_5,2023-10-19T07:42:36.202581
SL-CASE-0475,4,Survey Clearance Requested (Re-submission),Survey,Clearance_Officer_5,2023-10-20T17:11:59.416035
SL-CASE-0475,5,Survey Clearance Requested (Re-submission),Survey,Clearance_Officer_5,2023-10-21T07:36:08.118748
SL-CASE-0475,6,Survey Clearance Issued,Survey,Clearance_Officer_7,2023-10-31T22:46:33.589862
SL-CASE-0475,7,Environmental Clearance Requested,Environmental,Clearance_Officer_10,2023-11-01T13:18:08.919551
SL-CASE-0475,8,Environmental Clearance Requested (Re-submission),Environmental,Clearance_Officer_10,2023-11-01T19:10:19.958679
SL-CASE-0475,9,Survey Clearance Issued (Re-submission),Survey,Clearance_Officer_7,2023-11-02T16:12:56.868111
SL-CASE-0475,10,Environmental Clearance Issued,Environmental,Clearance_Officer_10,2023-11-13T17:55:36.212009
SL-CASE-0475,11,Irrigation Dept Clearance Requested,Irrigation,Clearance_Officer_12,2023-11-14T01:15:38.890293
SL-CASE-0475,12,Irrigation Dept Clearance Requested (Re-submission),Irrigation,Clearance_Officer_12,2023-11-14T06:56:58.106691
SL-CASE-0475,13,Environmental Clearance Issued (Re-submission),Environmental,Clearance_Officer_10,2023-11-15T17:22:41.169548
SL-CASE-0475,14,Irrigation Dept Clearance Issued,Irrigation,Clearance_Officer_5,2023-12-03T00:04:00.469864
SL-CASE-0475,15,DS Field Report Requested,DS,Clearance_Officer_8,2023-12-03T08:08:02.875220
SL-CASE-0475,16,DS Field Report Issued,DS,Clearance_Officer_10,2023-12-09T18:08:04.786435
SL-CASE-0475,17,PLC/DLC Review,PLC_DLC,PLC_Officer_4,2023-12-18T14:59:01.894066
SL-CASE-0475,18,PLC/DLC Review (Re-submission),PLC_DLC,PLC_Officer_4,2023-12-19T19:22:04.057409
SL-CASE-0475,19,PLC/DLC Recommendation,PLC_DLC,PLC_Officer_5,2023-12-20T03:03:23.097449
SL-CASE-0475,20,PLC/DLC Recommendation (Re-submission),PLC_DLC,PLC_Officer_5,2023-12-21T00:59:48.983062
SL-CASE-0475,21,LCGD Case Intake,LCGD,LCGD_Officer_2,2023-12-25T13:28:17.076751
SL-CASE-0475,22,LCGD Case Intake (Re-submission),LCGD,LCGD_Officer_2,2023-12-27T02:41:11.941440
SL-CASE-0475,23,LCGD Case Intake (Re-submission),LCGD,LCGD_Officer_2,2023-12-27T04:53:50.330020
SL-CASE-0475,24,LCGD Review,LCGD,LCGD_Officer_1,2023-12-28T14:33:44.649022
SL-CASE-0475,25,LCGD Lease Decision,LCGD,LCGD_Officer_4,2024-01-03T15:23:58.238920
SL-CASE-0475,26,DS Final Notification,DS,DS_Officer_8,2024-01-04T02:22:50.772254
SL-CASE-0476,1,DS Application Received,DS,DS_Officer_6,2024-06-17T05:51:18.702945
SL-CASE-0476,2,DS Initial Review,DS,DS_Officer_3,2024-06-18T00:40:08.517317
SL-CASE-0476,3,Survey Clearance Requested,Survey,Clearance_Officer_3,2024-06-18T21:34:12.683214
SL-CASE-0476,4,Survey Clearance Issued,Survey,Clearance_Officer_1,2024-06-20T14:34:31.814216
SL-CASE-0476,5,Environmental Clearance Requested,Environmental,Clearance_Officer_5,2024-06-20T17:31:10.344395
SL-CASE-0476,6,Environmental Clearance Issued,Environmental,Clearance_Officer_5,2024-07-02T11:55:40.431114
SL-CASE-0476,7,Irrigation Dept Clearance Requested,Irrigation,Clearance_Officer_2,2024-07-02T22:19:15.346002
SL-CASE-0476,8,Irrigation Dept Clearance Issued,Irrigation,Clearance_Officer_10,2024-07-06T17:58:58.745612
SL-CASE-0476,9,DS Field Report Requested,DS,Clearance_Officer_1,2024-07-07T00:53:55.674191
SL-CASE-0476,10,DS Field Report Issued,DS,Clearance_Officer_3,2024-07-23T16:10:07.649137
SL-CASE-0476,11,DS Field Report Issued (Re-submission),DS,Clearance_Officer_3,2024-07-23T21:08:49.087058
SL-CASE-0476,12,DS Field Report Issued (Re-submission),DS,Clearance_Officer_3,2024-07-25T13:05:33.309754
SL-CASE-0476,13,PLC/DLC Review,PLC_DLC,PLC_Officer_3,2024-08-01T16:44:21.302213
SL-CASE-0476,14,PLC/DLC Recommendation,PLC_DLC,PLC_Officer_1,2024-08-02T10:53:44.751756
SL-CASE-0476,15,PLC/DLC Recommendation (Re-submission),PLC_DLC,PLC_Officer_1,2024-08-02T20:47:09.366686
SL-CASE-0476,16,PLC/DLC Review (Re-submission),PLC_DLC,PLC_Officer_3,2024-08-03T02:54:45.415369
SL-CASE-0476,17,LCGD Case Intake,LCGD,LCGD_Officer_4,2024-08-04T06:43:33.705771
SL-CASE-0476,18,LCGD Case Intake (Re-submission),LCGD,LCGD_Officer_4,2024-08-05T02:21:49.758206
SL-CASE-0476,19,LCGD Review,LCGD,LCGD_Officer_4,2024-08-09T22:43:15.710092
SL-CASE-0476,20,Higher Approval Requested,Ministry,LCGD_Officer_4,2024-08-14T07:15:12.288568
SL-CASE-0476,21,Higher Approval Granted,Ministry,LCGD_Officer_3,2024-08-25T23:07:03.596465
SL-CASE-0476,22,LCGD Lease Decision,LCGD,LCGD_Officer_4,2024-09-01T08:04:14.540279
SL-CASE-0476,23,Registration Requested,Registry,Registry_Officer_4,2024-09-06T03:56:55.445719
SL-CASE-0476,24,Registration Completed,Registry,Registry_Officer_1,2024-09-25T14:39:26.665506
SL-CASE-0476,25,DS Final Notification,DS,DS_Officer_4,2024-09-28T09:14:46.530308
SL-CASE-0477,1,DS Application Received,DS,DS_Officer_1,2024-01-21T13:44:48.672947
SL-CASE-0477,2,DS Initial Review,DS,DS_Officer_4,2024-01-23T07:29:51.954333
SL-CASE-0477,3,Survey Clearance Requested,Survey,Clearance_Officer_5,2024-01-23T16:19:06.122178
SL-CASE-0477,4,Survey Clearance Requested (Re-submission),Survey,Clearance_Officer_5,2024-01-24T00:30:32.138189
SL-CASE-0477,5,Survey Clearance Requested (Re-submission),Survey,Clearance_Officer_5,2024-01-24T07:31:01.116403
SL-CASE-0477,6,Survey Clearance Issued,Survey,Clearance_Officer_7,2024-01-28T03:49:02.116698
SL-CASE-0477,7,DS Field Report Requested,DS,Clearance_Officer_2,2024-01-28T10:23:28.769163
SL-CASE-0477,8,Survey Clearance Issued (Re-submission),Survey,Clearance_Officer_7,2024-01-29T11:12:32.446208
SL-CASE-0477,9,DS Field Report Issued,DS,Clearance_Officer_4,2024-01-29T18:55:33.888028
SL-CASE-0477,10,DS Field Report Issued (Re-submission),DS,Clearance_Officer_4,2024-01-30T21:08:40.096767
SL-CASE-0477,11,PLC/DLC Review,PLC_DLC,PLC_Officer_6,2024-02-05T14:09:18.783139
SL-CASE-0477,12,PLC/DLC Review (Re-submission),PLC_DLC,PLC_Officer_6,2024-02-05T18:10:57.173993
SL-CASE-0477,13,PLC/DLC Review (Re-submission),PLC_DLC,PLC_Officer_6,2024-02-06T00:00:23.144167
SL-CASE-0477,14,PLC/DLC Review (Re-submission),PLC_DLC,PLC_Officer_6,2024-02-06T09:04:56.586302
SL-CASE-0477,15,PLC/DLC Recommendation,PLC_DLC,PLC_Officer_5,2024-02-08T14:12:43.243571
SL-CASE-0477,16,PLC/DLC Recommendation (Re-submission),PLC_DLC,PLC_Officer_5,2024-02-08T17:57:32.196874
SL-CASE-0477,17,LCGD Case Intake,LCGD,LCGD_Officer_4,2024-02-13T21:52:42.414092
SL-CASE-0477,18,LCGD Review,LCGD,LCGD_Officer_1,2024-02-25T20:26:21.292327
SL-CASE-0477,19,LCGD Lease Decision,LCGD,LCGD_Officer_3,2024-02-26T10:05:02.113567
SL-CASE-0477,20,LCGD Review (Re-submission),LCGD,LCGD_Officer_1,2024-02-26T18:01:56.978746
SL-CASE-0477,21,DS Final Notification,DS,DS_Officer_3,2024-02-28T13:50:12.530235
SL-CASE-0478,1,DS Application Received,DS,DS_Officer_8,2024-07-07T23:46:38.456961
SL-CASE-0478,2,DS Initial Review,DS,DS_Officer_3,2024-07-09T12:50:52.918957
SL-CASE-0478,3,Survey Clearance Requested,Survey,Clearance_Officer_3,2024-07-09T19:13:31.368839
SL-CASE-0478,4,Survey Clearance Requested (Re-submission),Survey,Clearance_Officer_3,2024-07-10T04:22:57.852458
SL-CASE-0478,5,Survey Clearance Requested (Re-submission),Survey,Clearance_Officer_3,2024-07-10T16:47:23.067689
SL-CASE-0478,6,Survey Clearance Issued,Survey,Clearance_Officer_3,2024-07-20T16:29:18.770909
SL-CASE-0478,7,Agrarian Services Clearance Requested,Agrarian,Clearance_Officer_4,2024-07-21T08:12:28.562788
SL-CASE-0478,8,Survey Clearance Issued (Re-submission),Survey,Clearance_Officer_3,2024-07-22T00:59:38.187483
SL-CASE-0478,9,Agrarian Services Clearance Issued,Agrarian,Clearance_Officer_1,2024-07-22T12:27:27.087309
SL-CASE-0478,10,PLC/DLC Review,PLC_DLC,PLC_Officer_4,2024-07-24T07:06:37.120919
SL-CASE-0478,11,PLC/DLC Recommendation,PLC_DLC,PLC_Officer_1,2024-07-27T06:30:09.499526
SL-CASE-0478,12,PLC/DLC Recommendation (Re-submission),PLC_DLC,PLC_Officer_1,2024-07-27T17:24:04.606089
SL-CASE-0478,13,PLC/DLC Recommendation (Re-submission),PLC_DLC,PLC_Officer_1,2024-07-27T19:12:41.189092
SL-CASE-0478,14,PLC/DLC Recommendation (Re-submission),PLC_DLC,PLC_Officer_1,2024-07-28T18:47:42.415970
SL-CASE-0478,15,PLC/DLC Recommendation (Re-submission),PLC_DLC,PLC_Officer_1,2024-07-29T03:20:41.743157
SL-CASE-0478,16,LCGD Case Intake,LCGD,LCGD_Officer_1,2024-07-29T04:07:29.035689
SL-CASE-0478,17,LCGD Case Intake (Re-submission),LCGD,LCGD_Officer_1,2024-07-29T11:47:54.497018
SL-CASE-0478,18,LCGD Case Intake (Re-submission),LCGD,LCGD_Officer_1,2024-07-30T17:56:25.630944
SL-CASE-0478,19,LCGD Review,LCGD,LCGD_Officer_2,2024-08-02T09:18:40.551590
SL-CASE-0478,20,LCGD Review (Re-submission),LCGD,LCGD_Officer_2,2024-08-03T14:57:57.140904
SL-CASE-0478,21,LCGD Lease Decision,LCGD,LCGD_Officer_4,2024-08-04T13:28:19.588571
SL-CASE-0478,22,DS Final Notification,DS,DS_Officer_2,2024-08-06T00:15:47.987387
SL-CASE-0479,1,DS Application Received,DS,DS_Officer_3,2023-02-24T20:17:59.391239
SL-CASE-0479,2,DS Initial Review,DS,DS_Officer_5,2023-02-25T02:21:11.398501
SL-CASE-0479,3,Survey Clearance Requested,Survey,Clearance_Officer_10,2023-02-25T14:26:20.849555
SL-CASE-0479,4,Survey Clearance Issued,Survey,Clearance_Officer_1,2023-03-13T23:34:15.106865
SL-CASE-0479,5,Environmental Clearance Requested,Environmental,Clearance_Officer_12,2023-03-14T03:34:11.771592
SL-CASE-0479,6,Survey Clearance Issued (Re-submission),Survey,Clearance_Officer_1,2023-03-14T09:01:30.585081
SL-CASE-0479,7,Environmental Clearance Requested (Re-submission),Environmental,Clearance_Officer_12,2023-03-15T17:38:06.240322
SL-CASE-0479,8,Environmental Clearance Issued,Environmental,Clearance_Officer_3,2023-03-18T05:55:05.238800
SL-CASE-0479,9,DS Field Report Requested,DS,Clearance_Officer_3,2023-03-18T22:28:49.096435
SL-CASE-0479,10,DS Field Report Issued,DS,Clearance_Officer_6,2023-03-25T11:56:22.866041
SL-CASE-0479,11,DS Field Report Issued (Re-submission),DS,Clearance_Officer_6,2023-03-26T12:42:42.407003
SL-CASE-0479,12,PLC/DLC Review,PLC_DLC,PLC_Officer_6,2023-03-26T13:16:31.204425
SL-CASE-0479,13,DS Field Report Issued (Re-submission),DS,Clearance_Officer_6,2023-03-26T17:04:59.352689
SL-CASE-0479,14,PLC/DLC Review (Re-submission),PLC_DLC,PLC_Officer_6,2023-03-27T08:48:10.339075
SL-CASE-0479,15,PLC/DLC Recommendation,PLC_DLC,PLC_Officer_3,2023-03-28T18:25:27.368685
SL-CASE-0479,16,PLC/DLC Recommendation (Re-submission),PLC_DLC,PLC_Officer_3,2023-03-30T00:59:01.023047
SL-CASE-0479,17,LCGD Case Intake,LCGD,LCGD_Officer_4,2023-04-02T13:28:14.410487
SL-CASE-0479,18,LCGD Review,LCGD,LCGD_Officer_1,2023-04-13T18:37:55.801950
SL-CASE-0479,19,Higher Approval Requested,Ministry,LCGD_Officer_4,2023-04-17T23:26:44.269686
SL-CASE-0479,20,Higher Approval Granted,Ministry,LCGD_Officer_4,2023-05-15T10:53:16.245019
SL-CASE-0479,21,LCGD Lease Decision,LCGD,LCGD_Officer_3,2023-05-18T20:01:43.458871
SL-CASE-0479,22,LCGD Lease Decision (Re-submission),LCGD,LCGD_Officer_3,2023-05-20T05:22:08.725427
SL-CASE-0479,23,LCGD Lease Decision (Re-submission),LCGD,LCGD_Officer_3,2023-05-20T17:57:02.350746
SL-CASE-0479,24,Registration Requested,Registry,Registry_Officer_2,2023-05-21T01:12:56.215044
SL-CASE-0479,25,Registration Requested (Re-submission),Registry,Registry_Officer_2,2023-05-22T21:28:44.509738
SL-CASE-0479,26,Registration Completed,Registry,Registry_Officer_1,2023-06-08T15:18:58.535569
SL-CASE-0479,27,DS Final Notification,DS,DS_Officer_4,2023-06-09T20:21:30.506559
SL-CASE-0480,1,DS Application Received,DS,DS_Officer_2,2024-01-09T16:59:01.285673
SL-CASE-0480,2,DS Initial Review,DS,DS_Officer_2,2024-01-11T07:56:18.864941
SL-CASE-0480,3,Survey Clearance Requested,Survey,Clearance_Officer_2,2024-01-11T12:47:54.130546
SL-CASE-0480,4,Survey Clearance Requested (Re-submission),Survey,Clearance_Officer_2,2024-01-12T06:45:07.372148
SL-CASE-0480,5,Survey Clearance Issued,Survey,Clearance_Officer_2,2024-01-31T03:22:16.381427
SL-CASE-0480,6,Agrarian Services Clearance Requested,Agrarian,Clearance_Officer_9,2024-01-31T17:03:04.916931
SL-CASE-0480,7,Agrarian Services Clearance Requested (Re-submission),Agrarian,Clearance_Officer_9,2024-02-01T02:18:00.005905
SL-CASE-0480,8,Survey Clearance Issued (Re-submission),Survey,Clearance_Officer_2,2024-02-01T03:35:19.785232
SL-CASE-0480,9,Agrarian Services Clearance Requested (Re-submission),Agrarian,Clearance_Officer_9,2024-02-01T22:09:56.570514
SL-CASE-0480,10,Agrarian Services Clearance Issued,Agrarian,Clearance_Officer_12,2024-02-02T12:11:12.413877
SL-CASE-0480,11,Agrarian Services Clearance Issued (Re-submission),Agrarian,Clearance_Officer_12,2024-02-03T17:18:18.722169
SL-CASE-0480,12,PLC/DLC Review,PLC_DLC,PLC_Officer_6,2024-02-06T07:13:27.342295
SL-CASE-0480,13,PLC/DLC Review (Re-submission),PLC_DLC,PLC_Officer_6,2024-02-06T19:57:48.991436
SL-CASE-0480,14,PLC/DLC Review (Re-submission),PLC_DLC,PLC_Officer_6,2024-02-07T16:51:47.423984
SL-CASE-0480,15,PLC/DLC Recommendation,PLC_DLC,PLC_Officer_6,2024-02-09T04:14:36.017023
SL-CASE-0480,16,PLC/DLC Recommendation (Re-submission),PLC_DLC,PLC_Officer_6,2024-02-09T10:06:39.892726
SL-CASE-0480,17,LCGD Case Intake,LCGD,LCGD_Officer_1,2024-02-13T16:03:25.538149
SL-CASE-0480,18,LCGD Review,LCGD,LCGD_Officer_1,2024-02-21T00:44:25.444374
SL-CASE-0480,19,LCGD Review (Re-submission),LCGD,LCGD_Officer_1,2024-02-21T10:17:03.957366
SL-CASE-0480,20,LCGD Review (Re-submission),LCGD,LCGD_Officer_1,2024-02-22T22:10:18.063331
SL-CASE-0480,21,LCGD Lease Decision,LCGD,LCGD_Officer_4,2024-02-29T16:40:17.778337
SL-CASE-0480,22,DS Final Notification,DS,DS_Officer_1,2024-03-01T15:03:57.485745
SL-CASE-0481,1,DS Application Received,DS,DS_Officer_7,2023-07-22T13:20:57.534424
SL-CASE-0481,2,DS Initial Review,DS,DS_Officer_4,2023-07-24T06:44:57.119190
SL-CASE-0481,3,Survey Clearance Requested,Survey,Clearance_Officer_12,2023-07-25T04:44:31.832136
SL-CASE-0481,4,Survey Clearance Issued,Survey,Clearance_Officer_12,2023-08-09T04:19:51.868828
SL-CASE-0481,5,Environmental Clearance Requested,Environmental,Clearance_Officer_4,2023-08-09T18:12:06.483354
SL-CASE-0481,6,Environmental Clearance Issued,Environmental,Clearance_Officer_5,2023-08-14T14:28:35.198735
SL-CASE-0481,7,DS Field Report Requested,DS,Clearance_Officer_8,2023-08-14T22:57:13.868060
SL-CASE-0481,8,DS Field Report Issued,DS,Clearance_Officer_1,2023-09-01T14:57:40.308542
SL-CASE-0481,9,PLC/DLC Review,PLC_DLC,PLC_Officer_5,2023-09-05T00:26:25.366509
SL-CASE-0481,10,Survey Clearance Requested (Repeated),Survey,Clearance_Officer_12,2023-09-06T07:17:31.336408
SL-CASE-0481,11,PLC/DLC Recommendation,PLC_DLC,PLC_Officer_5,2023-09-07T15:20:14.261970
SL-CASE-0481,12,LCGD Case Intake,LCGD,LCGD_Officer_3,2023-09-11T21:50:04.379958
SL-CASE-0481,13,LCGD Review,LCGD,LCGD_Officer_4,2023-09-13T01:46:49.402112
SL-CASE-0481,14,LCGD Lease Decision,LCGD,LCGD_Officer_2,2023-09-13T12:38:59.375083
SL-CASE-0481,15,Registration Requested,Registry,Registry_Officer_3,2023-09-13T19:49:36.506853
SL-CASE-0481,16,Survey Clearance Issued (Repeated),Survey,Clearance_Officer_12,2023-09-21T06:52:51.373100
SL-CASE-0481,17,Environmental Clearance Requested (Repeated),Environmental,Clearance_Officer_4,2023-09-21T20:45:05.987626
SL-CASE-0481,18,Registration Completed,Registry,Registry_Officer_4,2023-09-26T11:44:32.120748
SL-CASE-0481,19,Environmental Clearance Issued (Repeated),Environmental,Clearance_Officer_5,2023-09-26T17:01:34.703007
SL-CASE-0481,20,DS Field Report Requested (Repeated),DS,Clearance_Officer_8,2023-09-27T01:30:13.372332
SL-CASE-0481,21,DS Final Notification,DS,DS_Officer_6,2023-09-28T19:21:32.840186
SL-CASE-0481,22,DS Field Report Issued (Repeated),DS,Clearance_Officer_1,2023-10-14T17:30:39.812814
SL-CASE-0482,1,DS Application Received,DS,DS_Officer_4,2024-06-20T07:33:35.086839
SL-CASE-0482,2,DS Initial Review,DS,DS_Officer_6,2024-06-20T18:35:52.485509
SL-CASE-0482,3,Survey Clearance Requested,Survey,Clearance_Officer_5,2024-06-21T05:42:30.381001
SL-CASE-0482,4,Survey Clearance Issued,Survey,Clearance_Officer_8,2024-06-25T18:03:44.264798
SL-CASE-0482,5,Agrarian Services Clearance Requested,Agrarian,Clearance_Officer_3,2024-06-26T06:29:38.156591
SL-CASE-0482,6,Agrarian Services Clearance Issued,Agrarian,Clearance_Officer_6,2024-06-30T07:27:43.662741
SL-CASE-0482,7,PLC/DLC Review,PLC_DLC,PLC_Officer_1,2024-07-06T04:47:33.209753
SL-CASE-0482,8,PLC/DLC Recommendation,PLC_DLC,PLC_Officer_4,2024-07-08T10:29:08.506597
SL-CASE-0482,9,LCGD Case Intake,LCGD,LCGD_Officer_1,2024-07-11T04:58:29.592054
SL-CASE-0482,10,Survey Clearance Requested (Repeated),Survey,Clearance_Officer_5,2024-07-13T03:11:43.833473
SL-CASE-0482,11,LCGD Review,LCGD,LCGD_Officer_2,2024-07-14T04:36:22.350061
SL-CASE-0482,12,LCGD Lease Decision,LCGD,LCGD_Officer_3,2024-07-14T17:06:21.662371
SL-CASE-0482,13,Survey Clearance Issued (Repeated),Survey,Clearance_Officer_8,2024-07-17T15:32:57.717270
SL-CASE-0482,14,Registration Requested,Registry,Registry_Officer_2,2024-07-17T16:23:39.637849
SL-CASE-0482,15,Agrarian Services Clearance Requested (Repeated),Agrarian,Clearance_Officer_3,2024-07-18T03:58:51.609063
SL-CASE-0482,16,Registration Completed,Registry,Registry_Officer_3,2024-07-21T13:12:32.469636
SL-CASE-0482,17,DS Final Notification,DS,DS_Officer_6,2024-07-21T23:24:02.924444
SL-CASE-0482,18,Agrarian Services Clearance Issued (Repeated),Agrarian,Clearance_Officer_6,2024-07-22T04:56:57.115213
SL-CASE-0482,19,PLC/DLC Review (Repeated),PLC_DLC,PLC_Officer_1,2024-07-28T02:16:46.662225
SL-CASE-0483,1,DS Application Received,DS,DS_Officer_7,2024-10-30T13:38:54.788184
SL-CASE-0483,2,DS Initial Review,DS,DS_Officer_3,2024-10-31T04:24:02.006341
SL-CASE-0483,3,Survey Clearance Requested,Survey,Clearance_Officer_3,2024-10-31T20:36:25.612607
SL-CASE-0483,4,Survey Clearance Issued,Survey,Clearance_Officer_12,2024-11-17T13:34:04.031985
SL-CASE-0483,5,Environmental Clearance Requested,Environmental,Clearance_Officer_3,2024-11-17T22:05:39.422834
SL-CASE-0483,6,Environmental Clearance Issued,Environmental,Clearance_Officer_7,2024-11-19T17:35:10.270997
SL-CASE-0483,7,Irrigation Dept Clearance Requested,Irrigation,Clearance_Officer_11,2024-11-19T21:15:29.295746
SL-CASE-0483,8,Irrigation Dept Clearance Issued,Irrigation,Clearance_Officer_9,2024-11-25T19:27:26.699226
SL-CASE-0483,9,DS Field Report Requested,DS,Clearance_Officer_11,2024-11-25T22:03:10.472543
SL-CASE-0483,10,DS Field Report Issued,DS,Clearance_Officer_2,2024-12-07T09:24:41.166189
SL-CASE-0483,11,PLC/DLC Review,PLC_DLC,PLC_Officer_6,2024-12-09T17:45:52.830845
SL-CASE-0483,12,PLC/DLC Recommendation,PLC_DLC,PLC_Officer_6,2024-12-10T11:57:32.969834
SL-CASE-0483,13,Survey Clearance Requested (Repeated),Survey,Clearance_Officer_3,2024-12-11T12:29:38.716491
SL-CASE-0483,14,LCGD Case Intake,LCGD,LCGD_Officer_1,2024-12-14T11:56:07.738635
SL-CASE-0483,15,LCGD Review,LCGD,LCGD_Officer_2,2024-12-16T02:35:17.657025
SL-CASE-0483,16,LCGD Lease Decision,LCGD,LCGD_Officer_2,2024-12-23T05:24:41.033701
SL-CASE-0483,17,Registration Requested,Registry,Registry_Officer_1,2024-12-23T18:44:01.986282
SL-CASE-0483,18,Registration Completed,Registry,Registry_Officer_2,2024-12-28T03:20:44.399920
SL-CASE-0483,19,Survey Clearance Issued (Repeated),Survey,Clearance_Officer_12,2024-12-28T05:27:17.135869
SL-CASE-0483,20,DS Final Notification,DS,DS_Officer_3,2024-12-28T11:57:03.426215
SL-CASE-0483,21,Environmental Clearance Requested (Repeated),Environmental,Clearance_Officer_3,2024-12-28T13:58:52.526718
SL-CASE-0483,22,Environmental Clearance Issued (Repeated),Environmental,Clearance_Officer_7,2024-12-30T09:28:23.374881
SL-CASE-0483,23,Irrigation Dept Clearance Requested (Repeated),Irrigation,Clearance_Officer_11,2024-12-30T13:08:42.399630
SL-CASE-0483,24,Irrigation Dept Clearance Issued (Repeated),Irrigation,Clearance_Officer_9,2025-01-05T11:20:39.803110
SL-CASE-0483,25,DS Field Report Requested (Repeated),DS,Clearance_Officer_11,2025-01-05T13:56:23.576427
SL-CASE-0484,1,DS Application Received,DS,DS_Officer_7,2023-09-18T12:34:23.759885
SL-CASE-0484,2,DS Initial Review,DS,DS_Officer_1,2023-09-19T05:40:59.713570
SL-CASE-0484,3,Survey Clearance Requested,Survey,Clearance_Officer_10,2023-09-19T09:58:15.024223
SL-CASE-0484,4,Survey Clearance Issued,Survey,Clearance_Officer_6,2023-09-22T12:00:36.454585
SL-CASE-0484,5,Agrarian Services Clearance Requested,Agrarian,Clearance_Officer_9,2023-09-22T19:46:38.249629
SL-CASE-0484,6,Agrarian Services Clearance Issued,Agrarian,Clearance_Officer_5,2023-09-24T22:26:51.562298
SL-CASE-0484,7,PLC/DLC Review,PLC_DLC,PLC_Officer_2,2023-10-04T19:53:56.507435
SL-CASE-0484,8,Survey Clearance Requested (Repeated),Survey,Clearance_Officer_10,2023-10-07T21:53:38.412594
SL-CASE-0484,9,PLC/DLC Recommendation,PLC_DLC,PLC_Officer_6,2023-10-09T01:20:11.761853
SL-CASE-0484,10,LCGD Case Intake,LCGD,LCGD_Officer_4,2023-10-09T13:29:10.893768
SL-CASE-0484,11,Survey Clearance Issued (Repeated),Survey,Clearance_Officer_6,2023-10-10T23:55:59.842956
SL-CASE-0484,12,Agrarian Services Clearance Requested (Repeated),Agrarian,Clearance_Officer_9,2023-10-11T07:42:01.638000
SL-CASE-0484,13,LCGD Review,LCGD,LCGD_Officer_4,2023-10-13T01:10:50.079127
SL-CASE-0484,14,Agrarian Services Clearance Issued (Repeated),Agrarian,Clearance_Officer_5,2023-10-13T10:22:14.950669
SL-CASE-0484,15,LCGD Lease Decision,LCGD,LCGD_Officer_4,2023-10-17T14:39:56.567431
SL-CASE-0484,16,DS Final Notification,DS,DS_Officer_6,2023-10-18T09:47:03.660192
SL-CASE-0485,1,DS Application Received,DS,DS_Officer_3,2024-06-27T04:57:23.071950
SL-CASE-0485,2,DS Initial Review,DS,DS_Officer_3,2024-06-27T18:32:08.577571
SL-CASE-0485,3,Survey Clearance Requested,Survey,Clearance_Officer_3,2024-06-27T22:59:42.587977
SL-CASE-0485,4,Survey Clearance Issued,Survey,Clearance_Officer_7,2024-07-12T12:58:15.148182
SL-CASE-0485,5,Environmental Clearance Requested,Environmental,Clearance_Officer_3,2024-07-13T08:45:41.282900
SL-CASE-0485,6,Environmental Clearance Issued,Environmental,Clearance_Officer_3,2024-07-15T19:00:31.543910
SL-CASE-0485,7,Irrigation Dept Clearance Requested,Irrigation,Clearance_Officer_12,2024-07-15T21:23:06.477692
SL-CASE-0485,8,Irrigation Dept Clearance Issued,Irrigation,Clearance_Officer_5,2024-07-18T02:33:09.526811
SL-CASE-0485,9,DS Field Report Requested,DS,Clearance_Officer_5,2024-07-18T08:08:26.662768
SL-CASE-0485,10,DS Field Report Issued,DS,Clearance_Officer_2,2024-07-29T10:41:09.662834
SL-CASE-0485,11,PLC/DLC Review,PLC_DLC,PLC_Officer_4,2024-08-01T14:50:46.483123
SL-CASE-0485,12,Survey Clearance Requested (Repeated),Survey,Clearance_Officer_3,2024-08-04T07:22:55.508302
SL-CASE-0485,13,PLC/DLC Recommendation,PLC_DLC,PLC_Officer_5,2024-08-06T07:44:22.519170
SL-CASE-0485,14,LCGD Case Intake,LCGD,LCGD_Officer_1,2024-08-11T20:14:50.435131
SL-CASE-0485,15,LCGD Review,LCGD,LCGD_Officer_4,2024-08-14T02:30:12.013778
SL-CASE-0485,16,Higher Approval Requested,Ministry,LCGD_Officer_4,2024-08-15T01:59:37.324664
SL-CASE-0485,17,Survey Clearance Issued (Repeated),Survey,Clearance_Officer_7,2024-08-18T21:21:28.068507
SL-CASE-0485,18,Environmental Clearance Requested (Repeated),Environmental,Clearance_Officer_3,2024-08-19T17:08:54.203225
SL-CASE-0485,19,Environmental Clearance Issued (Repeated),Environmental,Clearance_Officer_3,2024-08-22T03:23:44.464235
SL-CASE-0485,20,Irrigation Dept Clearance Requested (Repeated),Irrigation,Clearance_Officer_12,2024-08-22T05:46:19.398017
SL-CASE-0485,21,Irrigation Dept Clearance Issued (Repeated),Irrigation,Clearance_Officer_5,2024-08-24T10:56:22.447136
SL-CASE-0485,22,DS Field Report Requested (Repeated),DS,Clearance_Officer_5,2024-08-24T16:31:39.583093
SL-CASE-0485,23,DS Field Report Issued (Repeated),DS,Clearance_Officer_2,2024-09-04T19:04:22.583159
SL-CASE-0485,24,Higher Approval Granted,Ministry,LCGD_Officer_3,2024-09-09T16:01:14.924883
SL-CASE-0485,25,LCGD Lease Decision,LCGD,LCGD_Officer_1,2024-09-15T12:39:24.350448
SL-CASE-0485,26,Registration Requested,Registry,Registry_Officer_2,2024-09-18T20:56:56.975499
SL-CASE-0485,27,Registration Completed,Registry,Registry_Officer_1,2024-09-21T23:31:00.015590
SL-CASE-0485,28,DS Final Notification,DS,DS_Officer_7,2024-09-22T05:30:27.306409
SL-CASE-0486,1,DS Application Received,DS,DS_Officer_7,2023-01-15T16:07:28.286902
SL-CASE-0486,2,DS Initial Review,DS,DS_Officer_2,2023-01-16T04:25:14.932935
SL-CASE-0486,3,Survey Clearance Requested,Survey,Clearance_Officer_11,2023-01-16T06:30:19.761512
SL-CASE-0486,4,Survey Clearance Issued,Survey,Clearance_Officer_3,2023-01-18T03:40:11.757146
SL-CASE-0486,5,Environmental Clearance Requested,Environmental,Clearance_Officer_9,2023-01-18T11:36:47.858443
SL-CASE-0486,6,Environmental Clearance Issued,Environmental,Clearance_Officer_9,2023-02-05T13:37:23.412173
SL-CASE-0486,7,DS Field Report Requested,DS,Clearance_Officer_6,2023-02-06T07:14:18.334566
SL-CASE-0486,8,DS Field Report Issued,DS,Clearance_Officer_3,2023-02-17T19:28:30.566415
SL-CASE-0486,9,PLC/DLC Review,PLC_DLC,PLC_Officer_5,2023-02-27T02:21:12.454054
SL-CASE-0486,10,PLC/DLC Recommendation,PLC_DLC,PLC_Officer_5,2023-02-28T03:50:16.418557
SL-CASE-0486,11,Survey Clearance Requested (Repeated),Survey,Clearance_Officer_11,2023-03-03T11:21:42.327140
SL-CASE-0486,12,Survey Clearance Issued (Repeated),Survey,Clearance_Officer_3,2023-03-05T08:31:34.322774
SL-CASE-0486,13,LCGD Case Intake,LCGD,LCGD_Officer_1,2023-03-05T15:32:15.675740
SL-CASE-0486,14,Environmental Clearance Requested (Repeated),Environmental,Clearance_Officer_9,2023-03-05T16:28:10.424071
SL-CASE-0486,15,LCGD Review,LCGD,LCGD_Officer_4,2023-03-07T11:34:37.789247
SL-CASE-0486,16,LCGD Lease Decision,LCGD,LCGD_Officer_4,2023-03-12T22:31:44.118499
SL-CASE-0486,17,Registration Requested,Registry,Registry_Officer_4,2023-03-13T23:13:35.505019
SL-CASE-0486,18,Environmental Clearance Issued (Repeated),Environmental,Clearance_Officer_9,2023-03-23T18:28:45.977801
SL-CASE-0486,19,DS Field Report Requested (Repeated),DS,Clearance_Officer_6,2023-03-24T12:05:40.900194
SL-CASE-0486,20,Registration Completed,Registry,Registry_Officer_2,2023-03-29T08:05:35.444078
SL-CASE-0486,21,DS Final Notification,DS,DS_Officer_3,2023-03-31T22:08:19.675626
SL-CASE-0486,22,DS Field Report Issued (Repeated),DS,Clearance_Officer_3,2023-04-05T00:19:53.132043
SL-CASE-0487,1,DS Application Received,DS,DS_Officer_2,2024-11-26T02:15:53.469622
SL-CASE-0487,2,DS Initial Review,DS,DS_Officer_2,2024-11-27T04:30:49.725655
SL-CASE-0487,3,Survey Clearance Requested,Survey,Clearance_Officer_9,2024-11-28T01:56:44.933310
SL-CASE-0487,4,Survey Clearance Issued,Survey,Clearance_Officer_7,2024-12-16T10:17:49.382053
SL-CASE-0487,5,Environmental Clearance Requested,Environmental,Clearance_Officer_8,2024-12-16T16:11:30.405895
SL-CASE-0487,6,Environmental Clearance Issued,Environmental,Clearance_Officer_7,2024-12-19T15:57:35.971127
SL-CASE-0487,7,DS Field Report Requested,DS,Clearance_Officer_2,2024-12-20T06:06:26.249233
SL-CASE-0487,8,DS Field Report Issued,DS,Clearance_Officer_2,2024-12-21T06:28:53.149344
SL-CASE-0487,9,PLC/DLC Review,PLC_DLC,PLC_Officer_6,2024-12-23T13:46:20.017865
SL-CASE-0487,10,PLC/DLC Recommendation,PLC_DLC,PLC_Officer_2,2024-12-26T05:26:17.366202
SL-CASE-0487,11,LCGD Case Intake,LCGD,LCGD_Officer_2,2024-12-28T00:48:49.213719
SL-CASE-0487,12,Survey Clearance Requested (Repeated),Survey,Clearance_Officer_9,2024-12-29T04:46:01.046203
SL-CASE-0487,13,LCGD Review,LCGD,LCGD_Officer_2,2025-01-08T01:41:26.924226
SL-CASE-0487,14,Higher Approval Requested,Ministry,LCGD_Officer_2,2025-01-08T18:59:37.818027
SL-CASE-0487,15,Survey Clearance Issued (Repeated),Survey,Clearance_Officer_7,2025-01-16T13:07:05.494946
SL-CASE-0487,16,Environmental Clearance Requested (Repeated),Environmental,Clearance_Officer_8,2025-01-16T19:00:46.518788
SL-CASE-0487,17,Environmental Clearance Issued (Repeated),Environmental,Clearance_Officer_7,2025-01-19T18:46:52.084020
SL-CASE-0487,18,DS Field Report Requested (Repeated),DS,Clearance_Officer_2,2025-01-20T08:55:42.362126
SL-CASE-0487,19,DS Field Report Issued (Repeated),DS,Clearance_Officer_2,2025-01-21T09:18:09.262237
SL-CASE-0487,20,PLC/DLC Review (Repeated),PLC_DLC,PLC_Officer_6,2025-01-23T16:35:36.130758
SL-CASE-0487,21,Higher Approval Granted,Ministry,LCGD_Officer_2,2025-01-26T00:25:44.527697
SL-CASE-0487,22,LCGD Lease Decision,LCGD,LCGD_Officer_1,2025-01-30T18:19:23.885022
SL-CASE-0487,23,Registration Requested,Registry,Registry_Officer_3,2025-02-02T12:33:20.767236
SL-CASE-0487,24,Registration Completed,Registry,Registry_Officer_1,2025-02-16T23:30:59.161505
SL-CASE-0487,25,DS Final Notification,DS,DS_Officer_8,2025-02-18T05:56:26.437944
SL-CASE-0488,1,DS Application Received,DS,DS_Officer_5,2023-03-08T12:34:24.923849
SL-CASE-0488,2,DS Initial Review,DS,DS_Officer_2,2023-03-09T03:27:27.109657
SL-CASE-0488,3,Survey Clearance Requested,Survey,Clearance_Officer_8,2023-03-09T19:07:23.766591
SL-CASE-0488,4,Survey Clearance Issued,Survey,Clearance_Officer_7,2023-03-22T07:46:40.515794
SL-CASE-0488,5,DS Field Report Requested,DS,Clearance_Officer_9,2023-03-22T12:20:49.403390
SL-CASE-0488,6,DS Field Report Issued,DS,Clearance_Officer_6,2023-04-05T17:10:22.512201
SL-CASE-0488,7,PLC/DLC Review,PLC_DLC,PLC_Officer_4,2023-04-15T10:19:06.790489
SL-CASE-0488,8,PLC/DLC Recommendation,PLC_DLC,PLC_Officer_5,2023-04-18T10:23:16.326084
SL-CASE-0488,9,Survey Clearance Requested (Repeated),Survey,Clearance_Officer_8,2023-04-19T05:39:43.532752
SL-CASE-0488,10,LCGD Case Intake,LCGD,LCGD_Officer_3,2023-04-23T02:44:06.370092
SL-CASE-0488,11,LCGD Review,LCGD,LCGD_Officer_4,2023-04-29T00:18:58.047180
SL-CASE-0488,12,LCGD Lease Decision,LCGD,LCGD_Officer_1,2023-05-01T00:00:49.582296
SL-CASE-0488,13,Survey Clearance Issued (Repeated),Survey,Clearance_Officer_7,2023-05-01T18:19:00.281955
SL-CASE-0488,14,DS Field Report Requested (Repeated),DS,Clearance_Officer_9,2023-05-01T22:53:09.169551
SL-CASE-0488,15,DS Final Notification,DS,DS_Officer_3,2023-05-03T23:21:39.871984
SL-CASE-0488,16,DS Field Report Issued (Repeated),DS,Clearance_Officer_6,2023-05-16T03:42:42.278362
SL-CASE-0489,1,DS Application Received,DS,DS_Officer_8,2023-09-21T19:41:57.363554
SL-CASE-0489,2,DS Initial Review,DS,DS_Officer_3,2023-09-22T08:40:53.142285
SL-CASE-0489,3,Survey Clearance Requested,Survey,Clearance_Officer_4,2023-09-22T18:14:12.686758
SL-CASE-0489,4,Survey Clearance Issued,Survey,Clearance_Officer_11,2023-10-05T04:54:20.549683
SL-CASE-0489,5,Environmental Clearance Requested,Environmental,Clearance_Officer_11,2023-10-05T16:28:44.850585
SL-CASE-0489,6,Environmental Clearance Issued,Environmental,Clearance_Officer_8,2023-10-06T20:35:52.543092
SL-CASE-0489,7,Irrigation Dept Clearance Requested,Irrigation,Clearance_Officer_3,2023-10-07T14:50:15.932831
SL-CASE-0489,8,Irrigation Dept Clearance Issued,Irrigation,Clearance_Officer_10,2023-10-19T15:00:46.647653
SL-CASE-0489,9,DS Field Report Requested,DS,Clearance_Officer_5,2023-10-19T17:30:26.652906
SL-CASE-0489,10,DS Field Report Issued,DS,Clearance_Officer_3,2023-11-01T15:36:09.084970
SL-CASE-0489,11,PLC/DLC Review,PLC_DLC,PLC_Officer_4,2023-11-09T09:59:03.339026
SL-CASE-0489,12,PLC/DLC Recommendation,PLC_DLC,PLC_Officer_3,2023-11-11T16:12:43.617854
SL-CASE-0489,13,LCGD Case Intake,LCGD,LCGD_Officer_4,2023-11-12T14:01:44.621073
SL-CASE-0489,14,Survey Clearance Requested (Repeated),Survey,Clearance_Officer_4,2023-11-14T05:31:50.375440
SL-CASE-0489,15,LCGD Review,LCGD,LCGD_Officer_4,2023-11-21T14:55:29.095500
SL-CASE-0489,16,Higher Approval Requested,Ministry,LCGD_Officer_1,2023-11-24T04:08:59.666050
SL-CASE-0489,17,Survey Clearance Issued (Repeated),Survey,Clearance_Officer_11,2023-11-26T16:11:58.238365
SL-CASE-0489,18,Environmental Clearance Requested (Repeated),Environmental,Clearance_Officer_11,2023-11-27T03:46:22.539267
SL-CASE-0489,19,Environmental Clearance Issued (Repeated),Environmental,Clearance_Officer_8,2023-11-28T07:53:30.231774
SL-CASE-0489,20,Irrigation Dept Clearance Requested (Repeated),Irrigation,Clearance_Officer_3,2023-11-29T02:07:53.621513
SL-CASE-0489,21,Irrigation Dept Clearance Issued (Repeated),Irrigation,Clearance_Officer_10,2023-12-11T02:18:24.336335
SL-CASE-0489,22,DS Field Report Requested (Repeated),DS,Clearance_Officer_5,2023-12-11T04:48:04.341588
SL-CASE-0489,23,Higher Approval Granted,Ministry,LCGD_Officer_4,2023-12-18T12:52:34.953541
SL-CASE-0489,24,LCGD Lease Decision,LCGD,LCGD_Officer_4,2023-12-21T18:42:46.300569
SL-CASE-0489,25,Registration Requested,Registry,Registry_Officer_3,2023-12-23T05:46:21.405893
SL-CASE-0489,26,DS Field Report Issued (Repeated),DS,Clearance_Officer_3,2023-12-24T02:53:46.773652
SL-CASE-0489,27,Registration Completed,Registry,Registry_Officer_3,2024-01-06T06:23:55.987581
SL-CASE-0489,28,DS Final Notification,DS,DS_Officer_2,2024-01-07T12:47:34.269308
SL-CASE-0490,1,DS Application Received,DS,DS_Officer_7,2023-05-16T12:10:46.990341
SL-CASE-0490,2,DS Initial Review,DS,DS_Officer_2,2023-05-18T00:26:06.250468
SL-CASE-0490,3,Survey Clearance Requested,Survey,Clearance_Officer_5,2023-05-19T00:22:27.777258
SL-CASE-0490,4,Survey Clearance Issued,Survey,Clearance_Officer_9,2023-06-03T18:24:55.429711
SL-CASE-0490,5,Agrarian Services Clearance Requested,Agrarian,Clearance_Officer_5,2023-06-03T21:01:49.416544
SL-CASE-0490,6,Agrarian Services Clearance Issued,Agrarian,Clearance_Officer_10,2023-06-10T21:08:35.913595
SL-CASE-0490,7,PLC/DLC Review,PLC_DLC,PLC_Officer_6,2023-06-12T23:08:34.784255
SL-CASE-0490,8,PLC/DLC Recommendation,PLC_DLC,PLC_Officer_4,2023-06-15T15:49:36.254547
SL-CASE-0490,9,Survey Clearance Requested (Repeated),Survey,Clearance_Officer_5,2023-06-17T19:24:58.416284
SL-CASE-0490,10,LCGD Case Intake,LCGD,LCGD_Officer_3,2023-06-21T20:27:27.032482
SL-CASE-0490,11,Survey Clearance Issued (Repeated),Survey,Clearance_Officer_9,2023-07-03T13:27:26.068737
SL-CASE-0490,12,Agrarian Services Clearance Requested (Repeated),Agrarian,Clearance_Officer_5,2023-07-03T16:04:20.055570
SL-CASE-0490,13,LCGD Review,LCGD,LCGD_Officer_1,2023-07-06T08:38:52.713506
SL-CASE-0490,14,Agrarian Services Clearance Issued (Repeated),Agrarian,Clearance_Officer_10,2023-07-10T16:11:06.552621
SL-CASE-0490,15,LCGD Lease Decision,LCGD,LCGD_Officer_1,2023-07-14T18:12:01.564455
SL-CASE-0490,16,DS Final Notification,DS,DS_Officer_3,2023-07-15T07:40:56.216614
SL-CASE-0491,1,DS Application Received,DS,DS_Officer_2,2023-01-28T09:20:13.433282
SL-CASE-0491,2,DS Initial Review,DS,DS_Officer_1,2023-01-29T23:13:28.747963
SL-CASE-0491,3,Survey Clearance Requested,Survey,Clearance_Officer_9,2023-01-30T13:27:46.279241
SL-CASE-0491,4,Survey Clearance Issued,Survey,Clearance_Officer_4,2023-02-11T10:48:43.704764
SL-CASE-0491,5,Environmental Clearance Requested,Environmental,Clearance_Officer_1,2023-02-12T08:03:38.479945
SL-CASE-0491,6,Environmental Clearance Issued,Environmental,Clearance_Officer_5,2023-02-19T14:29:09.516930
SL-CASE-0491,7,Irrigation Dept Clearance Requested,Irrigation,Clearance_Officer_9,2023-02-20T07:09:16.694430
SL-CASE-0491,8,Irrigation Dept Clearance Issued,Irrigation,Clearance_Officer_10,2023-03-03T18:26:25.377057
SL-CASE-0491,9,DS Field Report Requested,DS,Clearance_Officer_8,2023-03-04T09:31:49.724958
SL-CASE-0491,10,DS Field Report Issued,DS,Clearance_Officer_12,2023-03-10T08:57:43.635608
SL-CASE-0491,11,PLC/DLC Review,PLC_DLC,PLC_Officer_5,2023-03-20T07:47:11.148733
SL-CASE-0491,12,PLC/DLC Recommendation,PLC_DLC,PLC_Officer_2,2023-03-22T05:24:59.725751
SL-CASE-0491,13,LCGD Case Intake,LCGD,LCGD_Officer_4,2023-03-22T19:41:21.613681
SL-CASE-0491,14,Survey Clearance Requested (Repeated),Survey,Clearance_Officer_9,2023-03-22T20:58:37.475705
SL-CASE-0491,15,Survey Clearance Issued (Repeated),Survey,Clearance_Officer_4,2023-04-03T18:19:34.901228
SL-CASE-0491,16,LCGD Review,LCGD,LCGD_Officer_1,2023-04-03T20:33:32.667750
SL-CASE-0491,17,Higher Approval Requested,Ministry,LCGD_Officer_2,2023-04-04T07:56:41.316882
SL-CASE-0491,18,Environmental Clearance Requested (Repeated),Environmental,Clearance_Officer_1,2023-04-04T15:34:29.676409
SL-CASE-0491,19,Higher Approval Granted,Ministry,LCGD_Officer_3,2023-04-10T22:31:16.298101
SL-CASE-0491,20,Environmental Clearance Issued (Repeated),Environmental,Clearance_Officer_5,2023-04-11T22:00:00.713394
SL-CASE-0491,21,Irrigation Dept Clearance Requested (Repeated),Irrigation,Clearance_Officer_9,2023-04-12T14:40:07.890894
SL-CASE-0491,22,LCGD Lease Decision,LCGD,LCGD_Officer_4,2023-04-18T05:02:56.021005
SL-CASE-0491,23,Registration Requested,Registry,Registry_Officer_3,2023-04-18T22:39:23.981068
SL-CASE-0491,24,Irrigation Dept Clearance Issued (Repeated),Irrigation,Clearance_Officer_10,2023-04-24T01:57:16.573521
SL-CASE-0491,25,DS Field Report Requested (Repeated),DS,Clearance_Officer_8,2023-04-24T17:02:40.921422
SL-CASE-0491,26,DS Field Report Issued (Repeated),DS,Clearance_Officer_12,2023-04-30T16:28:34.832072
SL-CASE-0491,27,Registration Completed,Registry,Registry_Officer_1,2023-05-02T04:47:56.932854
SL-CASE-0491,28,DS Final Notification,DS,DS_Officer_6,2023-05-04T22:34:49.370996
SL-CASE-0492,1,DS Application Received,DS,DS_Officer_1,2023-03-10T00:01:59.614635
SL-CASE-0492,2,DS Initial Review,DS,DS_Officer_8,2023-03-11T02:08:59.946761
SL-CASE-0492,3,Survey Clearance Requested,Survey,Clearance_Officer_1,2023-03-12T00:15:27.210961
SL-CASE-0492,4,Survey Clearance Issued,Survey,Clearance_Officer_9,2023-03-25T10:18:42.434309
SL-CASE-0492,5,Agrarian Services Clearance Requested,Agrarian,Clearance_Officer_7,2023-03-25T22:41:53.078132
SL-CASE-0492,6,Agrarian Services Clearance Issued,Agrarian,Clearance_Officer_1,2023-04-12T15:09:04.646271
SL-CASE-0492,7,PLC/DLC Review,PLC_DLC,PLC_Officer_6,2023-04-13T10:16:18.233130
SL-CASE-0492,8,PLC/DLC Recommendation,PLC_DLC,PLC_Officer_4,2023-04-17T05:47:07.576154
SL-CASE-0492,9,LCGD Case Intake,LCGD,LCGD_Officer_1,2023-04-20T03:52:25.645444
SL-CASE-0492,10,Survey Clearance Requested (Repeated),Survey,Clearance_Officer_1,2023-04-20T21:39:03.213004
SL-CASE-0492,11,LCGD Review,LCGD,LCGD_Officer_3,2023-04-21T19:52:09.187774
SL-CASE-0492,12,LCGD Lease Decision,LCGD,LCGD_Officer_3,2023-05-01T00:53:59.180798
SL-CASE-0492,13,Survey Clearance Issued (Repeated),Survey,Clearance_Officer_9,2023-05-04T07:42:18.436352
SL-CASE-0492,14,Agrarian Services Clearance Requested (Repeated),Agrarian,Clearance_Officer_7,2023-05-04T20:05:29.080175
SL-CASE-0492,15,Registration Requested,Registry,Registry_Officer_3,2023-05-05T19:09:53.567802
SL-CASE-0492,16,Registration Completed,Registry,Registry_Officer_1,2023-05-09T07:08:27.807770
SL-CASE-0492,17,DS Final Notification,DS,DS_Officer_5,2023-05-10T12:40:43.262111
SL-CASE-0492,18,Agrarian Services Clearance Issued (Repeated),Agrarian,Clearance_Officer_1,2023-05-22T12:32:40.648314
SL-CASE-0492,19,PLC/DLC Review (Repeated),PLC_DLC,PLC_Officer_6,2023-05-23T07:39:54.235173
SL-CASE-0493,1,DS Application Received,DS,DS_Officer_6,2024-10-30T07:03:42.000626
SL-CASE-0493,2,DS Initial Review,DS,DS_Officer_7,2024-10-31T13:57:29.042742
SL-CASE-0493,3,Survey Clearance Requested,Survey,Clearance_Officer_3,2024-11-01T11:08:50.664003
SL-CASE-0493,4,Survey Clearance Issued,Survey,Clearance_Officer_7,2024-11-08T10:58:54.607669
SL-CASE-0493,5,Environmental Clearance Requested,Environmental,Clearance_Officer_3,2024-11-09T05:52:49.585359
SL-CASE-0493,6,Environmental Clearance Issued,Environmental,Clearance_Officer_3,2024-11-28T02:02:14.655289
SL-CASE-0493,7,Irrigation Dept Clearance Requested,Irrigation,Clearance_Officer_1,2024-11-28T06:47:05.482762
SL-CASE-0493,8,Irrigation Dept Clearance Issued,Irrigation,Clearance_Officer_4,2024-12-05T14:04:44.097756
SL-CASE-0493,9,DS Field Report Requested,DS,Clearance_Officer_11,2024-12-06T12:34:48.212639
SL-CASE-0493,10,DS Field Report Issued,DS,Clearance_Officer_8,2024-12-20T01:29:50.749610
SL-CASE-0493,11,PLC/DLC Review,PLC_DLC,PLC_Officer_3,2024-12-28T02:19:50.370132
SL-CASE-0493,12,Survey Clearance Requested (Repeated),Survey,Clearance_Officer_3,2024-12-30T10:18:01.023711
SL-CASE-0493,13,PLC/DLC Recommendation,PLC_DLC,PLC_Officer_4,2024-12-30T17:12:20.547078
SL-CASE-0493,14,LCGD Case Intake,LCGD,LCGD_Officer_3,2025-01-06T01:43:31.056577
SL-CASE-0493,15,Survey Clearance Issued (Repeated),Survey,Clearance_Officer_7,2025-01-06T10:08:04.967377
SL-CASE-0493,16,Environmental Clearance Requested (Repeated),Environmental,Clearance_Officer_3,2025-01-07T05:01:59.945067
SL-CASE-0493,17,LCGD Review,LCGD,LCGD_Officer_3,2025-01-14T15:33:47.046145
SL-CASE-0493,18,Higher Approval Requested,Ministry,LCGD_Officer_2,2025-01-16T16:00:45.814327
SL-CASE-0493,19,Environmental Clearance Issued (Repeated),Environmental,Clearance_Officer_3,2025-01-26T01:11:25.014997
SL-CASE-0493,20,Irrigation Dept Clearance Requested (Repeated),Irrigation,Clearance_Officer_1,2025-01-26T05:56:15.842470
SL-CASE-0493,21,Irrigation Dept Clearance Issued (Repeated),Irrigation,Clearance_Officer_4,2025-02-02T13:13:54.457464
SL-CASE-0493,22,DS Field Report Requested (Repeated),DS,Clearance_Officer_11,2025-02-03T11:43:58.572347
SL-CASE-0493,23,Higher Approval Granted,Ministry,LCGD_Officer_3,2025-02-11T16:40:11.401848
SL-CASE-0493,24,LCGD Lease Decision,LCGD,LCGD_Officer_2,2025-02-13T14:37:07.998365
SL-CASE-0493,25,Registration Requested,Registry,Registry_Officer_3,2025-02-16T09:32:16.546628
SL-CASE-0493,26,DS Field Report Issued (Repeated),DS,Clearance_Officer_8,2025-02-17T00:39:01.109318
SL-CASE-0493,27,Registration Completed,Registry,Registry_Officer_1,2025-02-17T12:19:21.208596
SL-CASE-0493,28,DS Final Notification,DS,DS_Officer_5,2025-02-20T10:11:02.395922
SL-CASE-0494,1,DS Application Received,DS,DS_Officer_2,2023-09-01T09:30:42.448183
SL-CASE-0494,2,DS Initial Review,DS,DS_Officer_8,2023-09-03T06:24:02.889686
SL-CASE-0494,3,Survey Clearance Requested,Survey,Clearance_Officer_11,2023-09-03T13:36:39.711446
SL-CASE-0494,4,Survey Clearance Issued,Survey,Clearance_Officer_8,2023-09-07T06:54:14.485442
SL-CASE-0494,5,DS Field Report Requested,DS,Clearance_Officer_7,2023-09-07T19:47:11.041013
SL-CASE-0494,6,DS Field Report Issued,DS,Clearance_Officer_9,2023-09-23T12:00:04.350718
SL-CASE-0494,7,PLC/DLC Review,PLC_DLC,PLC_Officer_6,2023-09-30T02:29:59.584121
SL-CASE-0494,8,PLC/DLC Recommendation,PLC_DLC,PLC_Officer_3,2023-10-01T12:35:14.253490
SL-CASE-0494,9,LCGD Case Intake,LCGD,LCGD_Officer_3,2023-10-05T15:16:26.979354
SL-CASE-0494,10,Survey Clearance Requested (Repeated),Survey,Clearance_Officer_11,2023-10-06T10:25:37.687992
SL-CASE-0494,11,Survey Clearance Issued (Repeated),Survey,Clearance_Officer_8,2023-10-10T03:43:12.461988
SL-CASE-0494,12,DS Field Report Requested (Repeated),DS,Clearance_Officer_7,2023-10-10T16:36:09.017559
SL-CASE-0494,13,LCGD Review,LCGD,LCGD_Officer_2,2023-10-14T09:27:59.378444
SL-CASE-0494,14,LCGD Lease Decision,LCGD,LCGD_Officer_3,2023-10-16T09:48:27.143870
SL-CASE-0494,15,Registration Requested,Registry,Registry_Officer_3,2023-10-17T11:13:22.852291
SL-CASE-0494,16,Registration Completed,Registry,Registry_Officer_3,2023-10-21T03:02:13.454810
SL-CASE-0494,17,DS Final Notification,DS,DS_Officer_2,2023-10-21T12:08:07.048612
SL-CASE-0494,18,DS Field Report Issued (Repeated),DS,Clearance_Officer_9,2023-10-26T08:49:02.327264
SL-CASE-0494,19,PLC/DLC Review (Repeated),PLC_DLC,PLC_Officer_6,2023-11-01T23:18:57.560667
SL-CASE-0495,1,DS Application Received,DS,DS_Officer_5,2023-08-18T09:18:55.860913
SL-CASE-0495,2,DS Initial Review,DS,DS_Officer_5,2023-08-19T15:41:02.817307
SL-CASE-0495,3,Survey Clearance Requested,Survey,Clearance_Officer_5,2023-08-20T03:32:43.176323
SL-CASE-0495,4,Survey Clearance Issued,Survey,Clearance_Officer_4,2023-08-26T06:19:15.771946
SL-CASE-0495,5,Agrarian Services Clearance Requested,Agrarian,Clearance_Officer_11,2023-08-27T01:08:38.884743
SL-CASE-0495,6,Agrarian Services Clearance Issued,Agrarian,Clearance_Officer_3,2023-09-01T03:06:13.867213
SL-CASE-0495,7,PLC/DLC Review,PLC_DLC,PLC_Officer_5,2023-09-04T10:56:53.667152
SL-CASE-0495,8,PLC/DLC Recommendation,PLC_DLC,PLC_Officer_6,2023-09-08T04:22:24.443392
SL-CASE-0495,9,LCGD Case Intake,LCGD,LCGD_Officer_4,2023-09-10T14:31:03.811902
SL-CASE-0495,10,Survey Clearance Requested (Repeated),Survey,Clearance_Officer_5,2023-09-11T03:15:11.426308
SL-CASE-0495,11,LCGD Review,LCGD,LCGD_Officer_3,2023-09-13T06:31:45.992743
SL-CASE-0495,12,Higher Approval Requested,Ministry,LCGD_Officer_4,2023-09-16T20:35:41.337698
SL-CASE-0495,13,Survey Clearance Issued (Repeated),Survey,Clearance_Officer_4,2023-09-17T06:01:44.021931
SL-CASE-0495,14,Agrarian Services Clearance Requested (Repeated),Agrarian,Clearance_Officer_11,2023-09-18T00:51:07.134728
SL-CASE-0495,15,Agrarian Services Clearance Issued (Repeated),Agrarian,Clearance_Officer_3,2023-09-23T02:48:42.117198
SL-CASE-0495,16,PLC/DLC Review (Repeated),PLC_DLC,PLC_Officer_5,2023-09-26T10:39:21.917137
SL-CASE-0495,17,Higher Approval Granted,Ministry,LCGD_Officer_3,2023-09-28T20:07:24.260988
SL-CASE-0495,18,LCGD Lease Decision,LCGD,LCGD_Officer_2,2023-10-07T08:24:58.553745
SL-CASE-0495,19,DS Final Notification,DS,DS_Officer_4,2023-10-07T12:58:53.603857
SL-CASE-0496,1,DS Application Received,DS,DS_Officer_3,2024-01-10T00:54:14.593525
SL-CASE-0496,2,DS Initial Review,DS,DS_Officer_1,2024-01-10T23:41:51.037582
SL-CASE-0496,3,Survey Clearance Requested,Survey,Clearance_Officer_9,2024-01-11T12:58:59.041996
SL-CASE-0496,4,Survey Clearance Issued,Survey,Clearance_Officer_3,2024-01-22T16:55:09.504280
SL-CASE-0496,5,Environmental Clearance Requested,Environmental,Clearance_Officer_9,2024-01-23T12:47:06.641160
SL-CASE-0496,6,Environmental Clearance Issued,Environmental,Clearance_Officer_3,2024-01-25T19:56:16.450041
SL-CASE-0496,7,DS Field Report Requested,DS,Clearance_Officer_8,2024-01-26T08:29:46.036457
SL-CASE-0496,8,DS Field Report Issued,DS,Clearance_Officer_5,2024-01-31T02:00:30.893409
SL-CASE-0496,9,PLC/DLC Review,PLC_DLC,PLC_Officer_4,2024-02-08T10:36:44.798885
SL-CASE-0496,10,PLC/DLC Recommendation,PLC_DLC,PLC_Officer_6,2024-02-09T13:34:59.720397
SL-CASE-0496,11,LCGD Case Intake,LCGD,LCGD_Officer_2,2024-02-10T11:20:53.003898
SL-CASE-0496,12,Survey Clearance Requested (Repeated),Survey,Clearance_Officer_9,2024-02-10T20:48:41.497386
SL-CASE-0496,13,LCGD Review,LCGD,LCGD_Officer_3,2024-02-13T04:24:58.947165
SL-CASE-0496,14,LCGD Lease Decision,LCGD,LCGD_Officer_2,2024-02-17T10:01:38.281536
SL-CASE-0496,15,Survey Clearance Issued (Repeated),Survey,Clearance_Officer_3,2024-02-22T00:44:51.959670
SL-CASE-0496,16,Registration Requested,Registry,Registry_Officer_2,2024-02-22T01:39:27.606137
SL-CASE-0496,17,Environmental Clearance Requested (Repeated),Environmental,Clearance_Officer_9,2024-02-22T20:36:49.096550
SL-CASE-0496,18,Environmental Clearance Issued (Repeated),Environmental,Clearance_Officer_3,2024-02-25T03:45:58.905431
SL-CASE-0496,19,DS Field Report Requested (Repeated),DS,Clearance_Officer_8,2024-02-25T16:19:28.491847
SL-CASE-0496,20,DS Field Report Issued (Repeated),DS,Clearance_Officer_5,2024-03-01T09:50:13.348799
SL-CASE-0496,21,Registration Completed,Registry,Registry_Officer_1,2024-03-03T05:44:14.527677
SL-CASE-0496,22,DS Final Notification,DS,DS_Officer_2,2024-03-03T14:50:39.373436
SL-CASE-0497,1,DS Application Received,DS,DS_Officer_3,2024-04-24T22:09:00.945244
SL-CASE-0497,2,DS Initial Review,DS,DS_Officer_7,2024-04-26T04:13:11.340174
SL-CASE-0497,3,Survey Clearance Requested,Survey,Clearance_Officer_2,2024-04-26T19:10:28.286609
SL-CASE-0497,4,Survey Clearance Issued,Survey,Clearance_Officer_4,2024-05-16T13:13:03.949509
SL-CASE-0497,5,Environmental Clearance Requested,Environmental,Clearance_Officer_7,2024-05-16T19:50:08.041137
SL-CASE-0497,6,Environmental Clearance Issued,Environmental,Clearance_Officer_10,2024-05-20T10:06:11.344380
SL-CASE-0497,7,DS Field Report Requested,DS,Clearance_Officer_7,2024-05-21T00:45:58.211757
SL-CASE-0497,8,DS Field Report Issued,DS,Clearance_Officer_7,2024-06-02T23:38:16.955545
SL-CASE-0497,9,PLC/DLC Review,PLC_DLC,PLC_Officer_3,2024-06-05T23:22:20.912438
SL-CASE-0497,10,PLC/DLC Recommendation,PLC_DLC,PLC_Officer_5,2024-06-06T11:22:31.873325
SL-CASE-0497,11,Survey Clearance Requested (Repeated),Survey,Clearance_Officer_2,2024-06-07T15:05:24.559744
SL-CASE-0497,12,LCGD Case Intake,LCGD,LCGD_Officer_1,2024-06-10T17:05:36.775106
SL-CASE-0497,13,LCGD Review,LCGD,LCGD_Officer_1,2024-06-21T08:45:48.392050
SL-CASE-0497,14,LCGD Lease Decision,LCGD,LCGD_Officer_3,2024-06-22T02:02:52.470517
SL-CASE-0497,15,Registration Requested,Registry,Registry_Officer_1,2024-06-24T14:43:57.476713
SL-CASE-0497,16,Survey Clearance Issued (Repeated),Survey,Clearance_Officer_4,2024-06-27T09:08:00.222644
SL-CASE-0497,17,Environmental Clearance Requested (Repeated),Environmental,Clearance_Officer_7,2024-06-27T15:45:04.314272
SL-CASE-0497,18,Environmental Clearance Issued (Repeated),Environmental,Clearance_Officer_10,2024-07-01T06:01:07.617515
SL-CASE-0497,19,DS Field Report Requested (Repeated),DS,Clearance_Officer_7,2024-07-01T20:40:54.484892
SL-CASE-0497,20,Registration Completed,Registry,Registry_Officer_2,2024-07-05T17:00:05.956221
SL-CASE-0497,21,DS Final Notification,DS,DS_Officer_6,2024-07-08T05:17:16.356082
SL-CASE-0497,22,DS Field Report Issued (Repeated),DS,Clearance_Officer_7,2024-07-14T19:33:13.228680
SL-CASE-0498,1,DS Application Received,DS,DS_Officer_5,2024-05-08T01:38:27.704421
SL-CASE-0498,2,DS Initial Review,DS,DS_Officer_8,2024-05-09T08:53:17.407985
SL-CASE-0498,3,Survey Clearance Requested,Survey,Clearance_Officer_8,2024-05-09T23:42:38.250885
SL-CASE-0498,4,Survey Clearance Issued,Survey,Clearance_Officer_6,2024-05-14T05:32:53.725009
SL-CASE-0498,5,Environmental Clearance Requested,Environmental,Clearance_Officer_8,2024-05-15T01:40:25.434087
SL-CASE-0498,6,Environmental Clearance Issued,Environmental,Clearance_Officer_12,2024-05-22T07:30:44.384616
SL-CASE-0498,7,Irrigation Dept Clearance Requested,Irrigation,Clearance_Officer_9,2024-05-22T22:04:28.746295
SL-CASE-0498,8,Irrigation Dept Clearance Issued,Irrigation,Clearance_Officer_9,2024-05-26T07:43:17.210327
SL-CASE-0498,9,DS Field Report Requested,DS,Clearance_Officer_10,2024-05-27T02:02:35.473003
SL-CASE-0498,10,DS Field Report Issued,DS,Clearance_Officer_3,2024-05-29T01:27:18.715322
SL-CASE-0498,11,PLC/DLC Review,PLC_DLC,PLC_Officer_6,2024-05-30T05:44:50.708076
SL-CASE-0498,12,PLC/DLC Recommendation,PLC_DLC,PLC_Officer_6,2024-06-02T06:18:05.095777
SL-CASE-0498,13,Survey Clearance Requested (Repeated),Survey,Clearance_Officer_8,2024-06-03T22:35:22.957801
SL-CASE-0498,14,LCGD Case Intake,LCGD,LCGD_Officer_1,2024-06-06T06:21:22.555795
SL-CASE-0498,15,Survey Clearance Issued (Repeated),Survey,Clearance_Officer_6,2024-06-08T04:25:38.431925
SL-CASE-0498,16,Environmental Clearance Requested (Repeated),Environmental,Clearance_Officer_8,2024-06-09T00:33:10.141003
SL-CASE-0498,17,Environmental Clearance Issued (Repeated),Environmental,Clearance_Officer_12,2024-06-16T06:23:29.091532
SL-CASE-0498,18,Irrigation Dept Clearance Requested (Repeated),Irrigation,Clearance_Officer_9,2024-06-16T20:57:13.453211
SL-CASE-0498,19,LCGD Review,LCGD,LCGD_Officer_3,2024-06-18T17:52:36.594158
SL-CASE-0498,20,Irrigation Dept Clearance Issued (Repeated),Irrigation,Clearance_Officer_9,2024-06-20T06:36:01.917243
SL-CASE-0498,21,DS Field Report Requested (Repeated),DS,Clearance_Officer_10,2024-06-21T00:55:20.179919
SL-CASE-0498,22,Higher Approval Requested,Ministry,LCGD_Officer_2,2024-06-21T12:09:42.795193
SL-CASE-0498,23,DS Field Report Issued (Repeated),DS,Clearance_Officer_3,2024-06-23T00:20:03.422238
SL-CASE-0498,24,Higher Approval Granted,Ministry,LCGD_Officer_4,2024-07-18T21:10:19.193174
SL-CASE-0498,25,LCGD Lease Decision,LCGD,LCGD_Officer_4,2024-07-27T21:28:15.602414
SL-CASE-0498,26,Registration Requested,Registry,Registry_Officer_3,2024-07-28T05:06:40.728879
SL-CASE-0498,27,Registration Completed,Registry,Registry_Officer_3,2024-08-12T11:23:26.639677
SL-CASE-0498,28,DS Final Notification,DS,DS_Officer_5,2024-08-15T05:30:14.468366
SL-CASE-0499,1,DS Application Received,DS,DS_Officer_2,2024-07-21T15:55:04.207905
SL-CASE-0499,2,DS Initial Review,DS,DS_Officer_4,2024-07-22T03:56:08.681235
SL-CASE-0499,3,Survey Clearance Requested,Survey,Clearance_Officer_4,2024-07-22T19:58:33.750673
SL-CASE-0499,4,Survey Clearance Issued,Survey,Clearance_Officer_6,2024-08-02T20:49:06.322631
SL-CASE-0499,5,Agrarian Services Clearance Requested,Agrarian,Clearance_Officer_9,2024-08-03T15:21:43.574311
SL-CASE-0499,6,Agrarian Services Clearance Issued,Agrarian,Clearance_Officer_2,2024-08-06T19:22:52.279888
SL-CASE-0499,7,PLC/DLC Review,PLC_DLC,PLC_Officer_5,2024-08-12T19:11:35.024795
SL-CASE-0499,8,PLC/DLC Recommendation,PLC_DLC,PLC_Officer_4,2024-08-17T17:36:18.767203
SL-CASE-0499,9,Survey Clearance Requested (Repeated),Survey,Clearance_Officer_4,2024-08-20T05:09:51.262484
SL-CASE-0499,10,LCGD Case Intake,LCGD,LCGD_Officer_1,2024-08-23T15:45:17.241478
SL-CASE-0499,11,LCGD Review,LCGD,LCGD_Officer_3,2024-08-28T12:11:20.913909
SL-CASE-0499,12,Survey Clearance Issued (Repeated),Survey,Clearance_Officer_6,2024-08-31T06:00:23.834442
SL-CASE-0499,13,Agrarian Services Clearance Requested (Repeated),Agrarian,Clearance_Officer_9,2024-09-01T00:33:01.086122
SL-CASE-0499,14,LCGD Lease Decision,LCGD,LCGD_Officer_1,2024-09-03T09:04:32.067435
SL-CASE-0499,15,Agrarian Services Clearance Issued (Repeated),Agrarian,Clearance_Officer_2,2024-09-04T04:34:09.791699
SL-CASE-0499,16,Registration Requested,Registry,Registry_Officer_2,2024-09-07T03:11:41.507247
SL-CASE-0499,17,PLC/DLC Review (Repeated),PLC_DLC,PLC_Officer_5,2024-09-10T04:22:52.536606
SL-CASE-0499,18,Registration Completed,Registry,Registry_Officer_4,2024-09-23T23:13:21.940312
SL-CASE-0499,19,DS Final Notification,DS,DS_Officer_1,2024-09-25T09:59:00.542353
SL-CASE-0500,1,DS Application Received,DS,DS_Officer_1,2023-04-14T11:46:59.216844
SL-CASE-0500,2,DS Initial Review,DS,DS_Officer_8,2023-04-16T00:58:59.012840
SL-CASE-0500,3,Survey Clearance Requested,Survey,Clearance_Officer_1,2023-04-17T00:07:44.849416
SL-CASE-0500,4,Survey Clearance Issued,Survey,Clearance_Officer_11,2023-05-02T14:42:10.544247
SL-CASE-0500,5,Environmental Clearance Requested,Environmental,Clearance_Officer_3,2023-05-02T23:42:29.163506
SL-CASE-0500,6,Environmental Clearance Issued,Environmental,Clearance_Officer_1,2023-05-16T18:44:55.159681
SL-CASE-0500,7,Irrigation Dept Clearance Requested,Irrigation,Clearance_Officer_2,2023-05-17T13:09:48.560885
SL-CASE-0500,8,Irrigation Dept Clearance Issued,Irrigation,Clearance_Officer_4,2023-05-20T20:43:54.820463
SL-CASE-0500,9,DS Field Report Requested,DS,Clearance_Officer_2,2023-05-21T16:03:06.193092
SL-CASE-0500,10,DS Field Report Issued,DS,Clearance_Officer_9,2023-05-22T20:48:36.671392
SL-CASE-0500,11,PLC/DLC Review,PLC_DLC,PLC_Officer_5,2023-05-24T13:27:30.376871
SL-CASE-0500,12,Survey Clearance Requested (Repeated),Survey,Clearance_Officer_1,2023-05-26T18:11:41.195575
SL-CASE-0500,13,PLC/DLC Recommendation,PLC_DLC,PLC_Officer_3,2023-05-29T11:43:15.418082
SL-CASE-0500,14,LCGD Case Intake,LCGD,LCGD_Officer_3,2023-05-30T20:41:15.081548
SL-CASE-0500,15,LCGD Review,LCGD,LCGD_Officer_2,2023-06-05T18:08:24.958492
SL-CASE-0500,16,Higher Approval Requested,Ministry,LCGD_Officer_1,2023-06-09T10:37:12.208954
SL-CASE-0500,17,Survey Clearance Issued (Repeated),Survey,Clearance_Officer_11,2023-06-11T08:46:06.890406
SL-CASE-0500,18,Environmental Clearance Requested (Repeated),Environmental,Clearance_Officer_3,2023-06-11T17:46:25.509665
SL-CASE-0500,19,Environmental Clearance Issued (Repeated),Environmental,Clearance_Officer_1,2023-06-25T12:48:51.505840
SL-CASE-0500,20,Irrigation Dept Clearance Requested (Repeated),Irrigation,Clearance_Officer_2,2023-06-26T07:13:44.907044
SL-CASE-0500,21,Irrigation Dept Clearance Issued (Repeated),Irrigation,Clearance_Officer_4,2023-06-29T14:47:51.166622
SL-CASE-0500,22,DS Field Report Requested (Repeated),DS,Clearance_Officer_2,2023-06-30T10:07:02.539251
SL-CASE-0500,23,DS Field Report Issued (Repeated),DS,Clearance_Officer_9,2023-07-01T14:52:33.017551
SL-CASE-0500,24,Higher Approval Granted,Ministry,LCGD_Officer_3,2023-07-04T12:45:10.745985
SL-CASE-0500,25,LCGD Lease Decision,LCGD,LCGD_Officer_1,2023-07-12T20:07:09.486051
SL-CASE-0500,26,Registration Requested,Registry,Registry_Officer_1,2023-07-17T03:39:21.676128
SL-CASE-0500,27,Registration Completed,Registry,Registry_Officer_3,2023-07-18T23:08:05.078924
SL-CASE-0500,28,DS Final Notification,DS,DS_Officer_3,2023-07-19T05:24:16.206750
