parcel_id,latitude,longitude,spatial_group,split,suitability_label
COL-OSM-42-000000,6.836423360722027,80.13318030119044,g_341_4006,test,Suitable
COL-OSM-42-000001,6.866648218164212,80.16716168395712,g_343_4008,train,Moderately Suitable
COL-OSM-42-000002,6.889563354968696,80.12803489063485,g_344_4006,train,Suitable
COL-OSM-42-000003,6.9424047572891086,80.13804143315366,g_347_4006,train,Unsuitable
COL-OSM-42-000004,6.923447470498464,79.87389233898514,g_346_3993,train,Suitable
COL-OSM-42-000005,6.943227045311295,80.0032758034976,g_347_4000,train,Suitable
COL-OSM-42-000006,6.917395222133785,79.971323445705,g_345_3998,train,Suitable
COL-OSM-42-000007,6.881782009774184,80.15277439273356,g_344_4007,train,Moderately Suitable
COL-OSM-42-000008,6.934202324843564,79.84807911264936,g_346_3992,train,Unsuitable
COL-OSM-42-000009,6.913083514954427,80.15472938659391,g_345_4007,train,Moderately Suitable
COL-OSM-42-000010,6.948847427211901,80.18102179955577,g_347_4009,train,Moderately Suitable
COL-OSM-42-000011,6.938281583177979,80.1349577999668,g_346_4006,train,Suitable
COL-OSM-42-000012,6.94690764783087,79.90060032649714,g_347_3995,test,Suitable
COL-OSM-42-000013,6.813334200755696,80.12145975644539,g_340_4006,train,Moderately Suitable
COL-OSM-42-000014,6.957873965235182,79.87461815012172,g_347_3993,train,Suitable
COL-OSM-42-000015,6.790988316611403,80.01344068076155,g_339_4000,train,Suitable
COL-OSM-42-000016,6.773852079811846,79.9135561011409,g_338_3995,train,Moderately Suitable
COL-OSM-42-000017,6.828551981386832,80.0913701316123,g_341_4004,train,Suitable
COL-OSM-42-000018,6.8358499482674455,79.99796270894086,g_341_3999,train,Moderately Suitable
COL-OSM-42-000019,6.922495125806454,80.10359541346075,g_346_4005,test,Suitable
COL-OSM-42-000020,6.855886465580782,80.15658765396086,g_342_4007,train,Moderately Suitable
COL-OSM-42-000021,6.819748885418393,79.97802014926299,g_340_3998,train,Suitable
COL-OSM-42-000022,6.8488263506673785,79.87856501743862,g_342_3993,train,Suitable
COL-OSM-42-000023,6.830142068934841,79.90271588361927,g_341_3995,test,Suitable
COL-OSM-42-000024,6.941053865740575,80.13838672849063,g_347_4006,train,Suitable
COL-OSM-42-000025,6.86699634686622,80.05079218353612,g_343_4002,train,Suitable
COL-OSM-42-000026,6.930186235161828,79.8785828887931,g_346_3993,train,Unsuitable
COL-OSM-42-000027,6.951086623156916,79.8684389136879,g_347_3993,train,Suitable
COL-OSM-42-000028,6.884177435818805,80.09080364072506,g_344_4004,train,Suitable
COL-OSM-42-000029,6.82251129091662,80.01159040643881,g_341_4000,train,Moderately Suitable
COL-OSM-42-000030,6.822052745593499,80.12958423536904,g_341_4006,test,Unsuitable
COL-OSM-42-000031,6.844728899027941,80.04696453069116,g_342_4002,train,Suitable
COL-OSM-42-000032,6.775472176145565,79.94448584240105,g_338_3997,test,Unsuitable
COL-OSM-42-000033,6.763986175230454,79.9163785076658,g_338_3995,train,Suitable
COL-OSM-42-000034,6.930901125528836,79.8458651868215,g_346_3992,train,Suitable
COL-OSM-42-000035,6.854497712041949,79.93542613149464,g_342_3996,train,Moderately Suitable
COL-OSM-42-000036,6.881713151552662,79.94032805668552,g_344_3997,test,Unsuitable
COL-OSM-42-000037,6.942939316800016,80.13717180513267,g_347_4006,train,Moderately Suitable
COL-OSM-42-000038,6.867586810534633,80.14926502992869,g_343_4007,train,Moderately Suitable
COL-OSM-42-000039,6.928110640436092,79.85860997879479,g_346_3992,train,Suitable
COL-OSM-42-000040,6.846028897224699,80.11246564643645,g_342_4005,train,Suitable
COL-OSM-42-000041,6.779542815771241,80.00788924124151,g_338_4000,test,Moderately Suitable
COL-OSM-42-000042,6.808018712506125,79.88720442253414,g_340_3994,train,Suitable
COL-OSM-42-000043,6.909200061118263,80.02361393296125,g_345_4001,train,Suitable
COL-OSM-42-000044,6.879166102250728,80.00157771043774,g_343_4000,train,Unsuitable
COL-OSM-42-000045,6.876696398655757,79.97542778000285,g_343_3998,train,Moderately Suitable
COL-OSM-42-000046,6.814910014796779,80.07549936143289,g_340_4003,train,Suitable
COL-OSM-42-000047,6.885037048238777,79.86983436324107,g_344_3993,train,Moderately Suitable
COL-OSM-42-000048,6.939901306245842,79.92919771517755,g_346_3996,test,Suitable
COL-OSM-42-000049,6.829552202333856,80.13510530372622,g_341_4006,test,Moderately Suitable
COL-OSM-42-000050,6.74970067955589,79.93175573744328,g_337_3996,train,Suitable
COL-OSM-42-000051,6.8170648937486,79.90370156374682,g_340_3995,test,Moderately Suitable
COL-OSM-42-000052,6.784770132363264,79.94529140742387,g_339_3997,test,Suitable
COL-OSM-42-000053,6.824755636658401,79.89342764915413,g_341_3994,train,Suitable
COL-OSM-42-000054,6.918086952761512,80.16636530874759,g_345_4008,train,Suitable
COL-OSM-42-000055,6.818141495418278,80.12698296359812,g_340_4006,train,Unsuitable
COL-OSM-42-000056,6.897943807808578,79.85636031179001,g_344_3992,train,Moderately Suitable
COL-OSM-42-000057,6.806178556255738,79.98939347269412,g_340_3999,train,Suitable
COL-OSM-42-000058,6.799834557758718,80.0207819637453,g_339_4001,train,Suitable
COL-OSM-42-000059,6.7804659092056,79.95488844193987,g_339_3997,test,Suitable
COL-OSM-42-000060,6.857511005607384,79.86397168682161,g_342_3993,train,Moderately Suitable
COL-OSM-42-000061,6.791768074250709,79.89094662368447,g_339_3994,test,Moderately Suitable
COL-OSM-42-000062,6.785377182043258,79.96171692378562,g_339_3998,train,Suitable
COL-OSM-42-000063,6.802852772170809,80.05969455315378,g_340_4002,train,Moderately Suitable
COL-OSM-42-000064,6.969717172240606,80.20729339319399,g_348_4010,train,Suitable
COL-OSM-42-000065,6.885522050526084,80.05199132421862,g_344_4002,train,Moderately Suitable
COL-OSM-42-000066,6.878054962962486,80.01255120835752,g_343_4000,train,Suitable
COL-OSM-42-000067,6.888178196952715,79.92964162396399,g_344_3996,train,Moderately Suitable
COL-OSM-42-000068,6.920912571649856,79.95557407063842,g_346_3997,test,Suitable
COL-OSM-42-000069,6.802098949900754,80.03149388537392,g_340_4001,train,Suitable
COL-OSM-42-000070,6.929262127636249,80.15419171544698,g_346_4007,train,Suitable
COL-OSM-42-000071,6.906999247575514,80.18224213561474,g_345_4009,train,Suitable
COL-OSM-42-000072,6.810631681271586,79.87876439084032,g_340_3993,train,Unsuitable
COL-OSM-42-000073,6.827661564117016,79.86604841303873,g_341_3993,train,Moderately Suitable
COL-OSM-42-000074,6.835307942315699,79.93536586718879,g_341_3996,train,Suitable
COL-OSM-42-000075,6.96296766650643,80.13104906174387,g_348_4006,train,Moderately Suitable
COL-OSM-42-000076,6.898592078732731,79.86571326574018,g_344_3993,train,Unsuitable
COL-OSM-42-000077,6.806018454493923,79.91488282392726,g_340_3995,test,Unsuitable
COL-OSM-42-000078,6.888767621448429,79.97137333252789,g_344_3998,train,Suitable
COL-OSM-42-000079,6.875502861548953,80.15559599352211,g_343_4007,train,Suitable
COL-OSM-42-000080,6.837680270131962,80.14694897022764,g_341_4007,train,Unsuitable
COL-OSM-42-000081,6.80723997217524,79.9497807806603,g_340_3997,test,Moderately Suitable
COL-OSM-42-000082,6.828257204375317,80.02923950764992,g_341_4001,test,Suitable
COL-OSM-42-000083,6.819603555318849,79.92522118200735,g_340_3996,test,Suitable
COL-OSM-42-000084,6.82914929382443,80.19825398188007,g_341_4009,train,Moderately Suitable
COL-OSM-42-000085,6.828466225065911,79.88854375023357,g_341_3994,train,Moderately Suitable
COL-OSM-42-000086,6.903228643563914,79.99713773963607,g_345_3999,train,Moderately Suitable
COL-OSM-42-000087,6.829862654169517,80.12300376485682,g_341_4006,test,Moderately Suitable
COL-OSM-42-000088,6.85565399980021,80.18115248622826,g_342_4009,train,Suitable
COL-OSM-42-000089,6.890944202439189,79.94929506278598,g_344_3997,test,Moderately Suitable
COL-OSM-42-000090,6.9088792659139004,80.08809703419891,g_345_4004,test,Suitable
COL-OSM-42-000091,6.906599546689575,79.97247153844508,g_345_3998,train,Moderately Suitable
COL-OSM-42-000092,6.880923980368265,80.1222737240277,g_344_4006,train,Moderately Suitable
COL-OSM-42-000093,6.87775371093121,79.92782891659184,g_343_3996,train,Suitable
COL-OSM-42-000094,6.938587425489418,80.1985629472728,g_346_4009,train,Moderately Suitable
COL-OSM-42-000095,6.751514011497162,79.91920129652335,g_337_3995,train,Moderately Suitable
COL-OSM-42-000096,6.844529555031832,80.15612711311749,g_342_4007,train,Unsuitable
COL-OSM-42-000097,6.825821210108371,79.89442953387497,g_341_3994,train,Unsuitable
COL-OSM-42-000098,6.837612278112232,79.90132135417038,g_341_3995,test,Moderately Suitable
COL-OSM-42-000099,6.849833134318325,80.1345648953694,g_342_4006,train,Unsuitable
COL-OSM-42-000100,6.863888874099543,80.02349205036954,g_343_4001,train,Moderately Suitable
COL-OSM-42-000101,6.895406760876828,79.91465881797757,g_344_3995,train,Suitable
COL-OSM-42-000102,6.820550361167816,79.87538123388032,g_341_3993,train,Moderately Suitable
COL-OSM-42-000103,6.816887595285061,79.90266266811362,g_340_3995,test,Suitable
COL-OSM-42-000104,6.874494226967244,80.14529211499242,g_343_4007,train,Unsuitable
COL-OSM-42-000105,6.781182908675726,80.10967452097528,g_339_4005,train,Unsuitable
COL-OSM-42-000106,6.857135135699438,79.87507432172052,g_342_3993,train,Unsuitable
COL-OSM-42-000107,6.9002617555289305,79.87214198757478,g_345_3993,train,Suitable
COL-OSM-42-000108,6.8313412443824415,79.9820749470471,g_341_3999,train,Suitable
COL-OSM-42-000109,6.833546632402632,79.94328086035065,g_341_3997,train,Suitable
COL-OSM-42-000110,6.865551912462611,80.08857998536729,g_343_4004,train,Moderately Suitable
COL-OSM-42-000111,6.8508510658622335,79.93745851967107,g_342_3996,train,Suitable
COL-OSM-42-000112,6.79817547602242,80.04535497994094,g_339_4002,test,Moderately Suitable
COL-OSM-42-000113,6.835564684958449,80.07698180605072,g_341_4003,train,Suitable
COL-OSM-42-000114,6.830647519908996,79.86497313426251,g_341_3993,train,Suitable
COL-OSM-42-000115,6.956703005641371,79.87880072733857,g_347_3993,train,Moderately Suitable
COL-OSM-42-000116,6.845583889279728,79.99072110895152,g_342_3999,train,Suitable
COL-OSM-42-000117,6.827191225809004,80.01009909488927,g_341_4000,train,Moderately Suitable
COL-OSM-42-000118,6.893106012103827,80.13751917524758,g_344_4006,train,Moderately Suitable
COL-OSM-42-000119,6.938156613126191,79.82961921805905,g_346_3991,train,Moderately Suitable
COL-OSM-42-000120,6.865781985038564,79.86627655204101,g_343_3993,train,Unsuitable
COL-OSM-42-000121,6.885495844730836,80.15545101046487,g_344_4007,train,Unsuitable
COL-OSM-42-000122,6.879164841283706,79.97268283925084,g_343_3998,train,Suitable
COL-OSM-42-000123,6.815996700116507,79.99343818123695,g_340_3999,train,Moderately Suitable
COL-OSM-42-000124,6.829489260539458,80.00468535099658,g_341_4000,train,Unsuitable
COL-OSM-42-000125,6.810249315884713,79.92195900621081,g_340_3996,test,Moderately Suitable
COL-OSM-42-000126,6.95985165425625,80.12196244991895,g_347_4006,train,Suitable
COL-OSM-42-000127,6.888370406103036,80.15028813389152,g_344_4007,train,Suitable
COL-OSM-42-000128,6.950584118242424,79.88114277617132,g_347_3994,train,Suitable
COL-OSM-42-000129,6.902604133426387,79.88021886302722,g_345_3994,train,Suitable
COL-OSM-42-000130,6.835841097495006,80.19220254788512,g_341_4009,train,Unsuitable
COL-OSM-42-000131,6.9382092098622605,79.88891467273505,g_346_3994,train,Suitable
COL-OSM-42-000132,6.928296487229538,79.88412979211157,g_346_3994,train,Suitable
COL-OSM-42-000133,6.908643802258552,79.98049003925063,g_345_3999,train,Moderately Suitable
COL-OSM-42-000134,6.771210616485523,79.95012291717325,g_338_3997,test,Moderately Suitable
COL-OSM-42-000135,6.889840801803729,80.02501164414319,g_344_4001,train,Moderately Suitable
COL-OSM-42-000136,6.91469788016391,80.1737486520463,g_345_4008,train,Moderately Suitable
COL-OSM-42-000137,6.786697218803409,79.89532485825032,g_339_3994,test,Moderately Suitable
COL-OSM-42-000138,6.818896629968989,79.91750479266032,g_340_3995,test,Moderately Suitable
COL-OSM-42-000139,6.864403322131669,79.9895761521243,g_343_3999,train,Moderately Suitable
COL-OSM-42-000140,6.804264920783153,80.03273063994283,g_340_4001,train,Moderately Suitable
COL-OSM-42-000141,6.952142884989286,79.86327671192018,g_347_3993,train,Moderately Suitable
COL-OSM-42-000142,6.906660496346677,80.1570689200679,g_345_4007,train,Moderately Suitable
COL-OSM-42-000143,6.956668162399431,80.19375680708616,g_347_4009,train,Unsuitable
COL-OSM-42-000144,6.9269514220929445,80.18484864439637,g_346_4009,train,Suitable
COL-OSM-42-000145,6.886639171137018,80.14444956639592,g_344_4007,train,Suitable
COL-OSM-42-000146,6.848146496949302,79.87647725001213,g_342_3993,train,Unsuitable
COL-OSM-42-000147,6.853971441926386,80.0376748086653,g_342_4001,train,Unsuitable
COL-OSM-42-000148,6.907415723031383,80.16674986319802,g_345_4008,train,Suitable
COL-OSM-42-000149,6.89959186914002,79.97706107848722,g_344_3998,train,Suitable
COL-OSM-42-000150,6.8082234072862695,79.92943593130433,g_340_3996,test,Suitable
COL-OSM-42-000151,6.903931130841913,79.87857141182933,g_345_3993,train,Suitable
COL-OSM-42-000152,6.940225346282412,79.98982785244749,g_347_3999,train,Moderately Suitable
COL-OSM-42-000153,6.899262682157081,79.96955472878261,g_344_3998,train,Suitable
COL-OSM-42-000154,6.8498094969441805,79.95393869938123,g_342_3997,test,Unsuitable
COL-OSM-42-000155,6.856633058009532,79.97480262857412,g_342_3998,test,Moderately Suitable
COL-OSM-42-000156,6.903151939308956,80.09776532771545,g_345_4004,test,Moderately Suitable
COL-OSM-42-000157,6.845266187576733,79.94164597717175,g_342_3997,test,Moderately Suitable
COL-OSM-42-000158,6.815961961576371,80.01553054663576,g_340_4000,train,Suitable
COL-OSM-42-000159,6.874198470369472,80.16313193149507,g_343_4008,train,Moderately Suitable
COL-OSM-42-000160,6.940382348547588,80.14539942929724,g_347_4007,train,Suitable
COL-OSM-42-000161,6.869272167329047,80.03633157811792,g_343_4001,train,Suitable
COL-OSM-42-000162,6.822486177374143,80.07655725595411,g_341_4003,train,Suitable
COL-OSM-42-000163,6.781753573307859,79.93814479164521,g_339_3996,test,Moderately Suitable
COL-OSM-42-000164,6.831470375066392,80.11749762702186,g_341_4005,test,Moderately Suitable
COL-OSM-42-000165,6.850707544950012,80.10140057412937,g_342_4005,train,Suitable
COL-OSM-42-000166,6.84014857228984,80.16801326669064,g_342_4008,train,Moderately Suitable
COL-OSM-42-000167,6.913728015071854,79.87549389489547,g_345_3993,train,Moderately Suitable
COL-OSM-42-000168,6.816105639536541,80.0691148036266,g_340_4003,train,Moderately Suitable
COL-OSM-42-000169,6.80491408666326,80.1138130995884,g_340_4005,train,Moderately Suitable
COL-OSM-42-000170,6.905097730465645,80.19821233017392,g_345_4009,train,Moderately Suitable
COL-OSM-42-000171,6.947424714733407,79.87762374368067,g_347_3993,train,Moderately Suitable
COL-OSM-42-000172,6.956080821677617,80.20742227897813,g_347_4010,train,Suitable
COL-OSM-42-000173,6.9494908046241735,80.14399120357366,g_347_4007,train,Suitable
COL-OSM-42-000174,6.8354417381999015,80.06080523200768,g_341_4003,train,Moderately Suitable
COL-OSM-42-000175,6.884924582755319,80.14167497344745,g_344_4007,train,Suitable
COL-OSM-42-000176,6.9691366675407584,80.2022620795707,g_348_4010,train,Suitable
COL-OSM-42-000177,6.90861779066022,79.92418468573705,g_345_3996,train,Suitable
COL-OSM-42-000178,6.846889935190518,80.05935747840847,g_342_4002,train,Suitable
COL-OSM-42-000179,6.898451640862726,79.8606178779237,g_344_3993,train,Suitable
COL-OSM-42-000180,6.830498969303102,80.05227334324879,g_341_4002,train,Suitable
COL-OSM-42-000181,6.788075662403148,80.00953845920449,g_339_4000,train,Unsuitable
COL-OSM-42-000182,6.8482279191325794,80.03228051974581,g_342_4001,train,Moderately Suitable
COL-OSM-42-000183,6.965962491503735,80.14333300565826,g_348_4007,train,Suitable
COL-OSM-42-000184,6.850376991188716,80.02004421642648,g_342_4001,train,Suitable
COL-OSM-42-000185,6.840830923275445,80.06317851135623,g_342_4003,train,Suitable
COL-OSM-42-000186,6.885318882687487,79.8705279817925,g_344_3993,train,Suitable
COL-OSM-42-000187,6.85358974438364,79.86947210007276,g_342_3993,train,Moderately Suitable
COL-OSM-42-000188,6.810779801993874,79.99051795643445,g_340_3999,train,Moderately Suitable
COL-OSM-42-000189,6.8303362437827495,80.13332698622455,g_341_4006,test,Moderately Suitable
COL-OSM-42-000190,6.86245458467777,79.95640462126049,g_343_3997,train,Suitable
COL-OSM-42-000191,6.901973044582888,80.18312769380364,g_345_4009,train,Suitable
COL-OSM-42-000192,6.949587139245263,80.12859391902704,g_347_4006,train,Suitable
COL-OSM-42-000193,6.902441629653262,79.94869724149378,g_345_3997,train,Moderately Suitable
COL-OSM-42-000194,6.790918033390851,79.88573498086893,g_339_3994,test,Moderately Suitable
COL-OSM-42-000195,6.76969789687321,79.88178919840739,g_338_3994,train,Suitable
COL-OSM-42-000196,6.792803211948894,79.97635060333356,g_339_3998,train,Suitable
COL-OSM-42-000197,6.8383758670523465,80.11540697765051,g_341_4005,test,Suitable
COL-OSM-42-000198,6.90295211927476,80.04446974230689,g_345_4002,train,Suitable
COL-OSM-42-000199,6.947147965309041,80.19829269056854,g_347_4009,train,Moderately Suitable
COL-OSM-42-000200,6.890413424516151,80.13572782293029,g_344_4006,train,Suitable
COL-OSM-42-000201,6.91554511130138,80.01491193205999,g_345_4000,train,Moderately Suitable
COL-OSM-42-000202,6.761417623761746,79.97355621457714,g_338_3998,train,Moderately Suitable
COL-OSM-42-000203,6.948588259415088,80.21856366206676,g_347_4010,train,Moderately Suitable
COL-OSM-42-000204,6.788637286508766,80.11061922845369,g_339_4005,train,Suitable
COL-OSM-42-000205,6.974862626590103,79.87002412928857,g_348_3993,test,Moderately Suitable
COL-OSM-42-000206,6.881760367547866,79.87140643966431,g_344_3993,train,Moderately Suitable
COL-OSM-42-000207,6.800106539560487,80.05862764342187,g_340_4002,train,Moderately Suitable
COL-OSM-42-000208,6.9171071763903615,80.00485440293808,g_345_4000,train,Suitable
COL-OSM-42-000209,6.926202289286927,80.15383343617944,g_346_4007,train,Moderately Suitable
COL-OSM-42-000210,6.756681955413612,79.94103676305357,g_337_3997,train,Moderately Suitable
COL-OSM-42-000211,6.863376735342992,80.0065526797259,g_343_4000,train,Moderately Suitable
COL-OSM-42-000212,6.931646625645027,80.00003519351388,g_346_4000,train,Suitable
COL-OSM-42-000213,6.758163838739062,79.94367378133975,g_337_3997,train,Suitable
COL-OSM-42-000214,6.85480804186347,79.86685644461723,g_342_3993,train,Suitable
COL-OSM-42-000215,6.907871301718694,80.17543286208776,g_345_4008,train,Moderately Suitable
COL-OSM-42-000216,6.887894846813097,79.86518275433868,g_344_3993,train,Moderately Suitable
COL-OSM-42-000217,6.967031758505001,80.18259247137124,g_348_4009,train,Suitable
COL-OSM-42-000218,6.757205725108682,79.91914407988288,g_337_3995,train,Moderately Suitable
COL-OSM-42-000219,6.834907576233296,79.87987758820466,g_341_3993,train,Unsuitable
COL-OSM-42-000220,6.899008464280767,80.18805443562486,g_344_4009,test,Moderately Suitable
COL-OSM-42-000221,6.820345533998209,80.163472522347,g_341_4008,train,Suitable
COL-OSM-42-000222,6.824640613088494,80.19494258063416,g_341_4009,train,Moderately Suitable
COL-OSM-42-000223,6.832740566384364,80.13243852076631,g_341_4006,test,Moderately Suitable
COL-OSM-42-000224,6.959022920006747,80.15888424411641,g_347_4007,train,Unsuitable
COL-OSM-42-000225,6.818628021109222,79.90346820622612,g_340_3995,test,Suitable
COL-OSM-42-000226,6.850095560426997,79.87261166046594,g_342_3993,train,Moderately Suitable
COL-OSM-42-000227,6.798866234715416,80.02501355241048,g_339_4001,train,Suitable
COL-OSM-42-000228,6.942453598215203,80.1216307726535,g_347_4006,train,Suitable
COL-OSM-42-000229,6.86820113425223,80.07539066334164,g_343_4003,train,Suitable
COL-OSM-42-000230,6.846902496723711,80.1641639610868,g_342_4008,train,Moderately Suitable
COL-OSM-42-000231,6.9381068123599405,80.11738839825118,g_346_4005,test,Moderately Suitable
COL-OSM-42-000232,6.931413625220226,79.89995908781947,g_346_3994,train,Suitable
COL-OSM-42-000233,6.775316210842634,79.93116042981015,g_338_3996,train,Moderately Suitable
COL-OSM-42-000234,6.839923335335078,80.06797617362372,g_341_4003,train,Suitable
COL-OSM-42-000235,6.845822070078158,80.10733440025977,g_342_4005,train,Suitable
COL-OSM-42-000236,6.788060455226253,79.89196430741852,g_339_3994,test,Suitable
COL-OSM-42-000237,6.892732614820011,79.85928170050188,g_344_3992,train,Unsuitable
COL-OSM-42-000238,6.913849404754419,79.89614178221285,g_345_3994,train,Moderately Suitable
COL-OSM-42-000239,6.907753586499162,80.00655772248531,g_345_4000,train,Moderately Suitable
COL-OSM-42-000240,6.85103406677374,80.13724516990817,g_342_4006,train,Moderately Suitable
COL-OSM-42-000241,6.9048485105465724,80.07795868112645,g_345_4003,train,Suitable
COL-OSM-42-000242,6.911752643733982,79.88072404456965,g_345_3994,train,Suitable
COL-OSM-42-000243,6.786214589224848,79.94343901671756,g_339_3997,test,Moderately Suitable
COL-OSM-42-000244,6.863138525143533,80.05451625031517,g_343_4002,train,Suitable
COL-OSM-42-000245,6.942714287394849,80.10339903021656,g_347_4005,train,Moderately Suitable
COL-OSM-42-000246,6.91099148339958,80.20008101880002,g_345_4010,train,Moderately Suitable
COL-OSM-42-000247,6.968940428221498,79.88205241074792,g_348_3994,train,Suitable
COL-OSM-42-000248,6.82207979268816,79.98466693249236,g_341_3999,train,Moderately Suitable
COL-OSM-42-000249,6.876759135743145,80.01282394003142,g_343_4000,train,Moderately Suitable
COL-OSM-42-000250,6.978989966973512,79.8703207969751,g_348_3993,test,Moderately Suitable
COL-OSM-42-000251,6.866452558208594,79.87629353678716,g_343_3993,train,Moderately Suitable
COL-OSM-42-000252,6.925435652038324,79.99424960824781,g_346_3999,test,Moderately Suitable
COL-OSM-42-000253,6.827956976788937,80.06775293125686,g_341_4003,train,Suitable
COL-OSM-42-000254,6.807764999822372,79.9877889856496,g_340_3999,train,Suitable
COL-OSM-42-000255,6.916678551616888,79.98657341240356,g_345_3999,train,Unsuitable
COL-OSM-42-000256,6.839020840539033,79.9098301062905,g_341_3995,test,Suitable
COL-OSM-42-000257,6.910711239530182,79.94974144378142,g_345_3997,train,Suitable
COL-OSM-42-000258,6.783008997648325,80.01280946518474,g_339_4000,train,Suitable
COL-OSM-42-000259,6.890543171595683,79.91302757029865,g_344_3995,train,Moderately Suitable
COL-OSM-42-000260,6.784726010046485,80.10429280293388,g_339_4005,train,Suitable
COL-OSM-42-000261,6.892067974378346,80.08259172989317,g_344_4004,train,Moderately Suitable
COL-OSM-42-000262,6.940738502017077,80.13859061407958,g_347_4006,train,Unsuitable
COL-OSM-42-000263,6.832834766106256,79.99566077661882,g_341_3999,train,Suitable
COL-OSM-42-000264,6.84082594855667,80.07378502886854,g_342_4003,train,Unsuitable
COL-OSM-42-000265,6.814788057388848,79.96725223773791,g_340_3998,train,Suitable
COL-OSM-42-000266,6.871223619970474,80.02830894074032,g_343_4001,train,Suitable
COL-OSM-42-000267,6.958539732016495,80.11822530641548,g_347_4005,train,Unsuitable
COL-OSM-42-000268,6.920831594334633,80.03133438527972,g_346_4001,train,Suitable
COL-OSM-42-000269,6.871854644202964,80.02084251674597,g_343_4001,train,Suitable
COL-OSM-42-000270,6.868291140936695,79.86897152748632,g_343_3993,train,Suitable
COL-OSM-42-000271,6.924392434326205,79.85138800513066,g_346_3992,train,Unsuitable
COL-OSM-42-000272,6.91527867271912,79.93511601170651,g_345_3996,train,Unsuitable
COL-OSM-42-000273,6.840136767904772,79.8919107504943,g_342_3994,train,Moderately Suitable
COL-OSM-42-000274,6.909839959858184,79.94847779245507,g_345_3997,train,Moderately Suitable
COL-OSM-42-000275,6.888465044651125,80.12062887332499,g_344_4006,train,Moderately Suitable
COL-OSM-42-000276,6.83461413983998,79.97191102034833,g_341_3998,train,Suitable
COL-OSM-42-000277,6.806372828279645,79.87050347886813,g_340_3993,train,Suitable
COL-OSM-42-000278,6.851694407595736,80.13243711250126,g_342_4006,train,Suitable
COL-OSM-42-000279,6.902659822345702,79.97816601069539,g_345_3998,train,Moderately Suitable
COL-OSM-42-000280,6.871404566308208,79.88819988369764,g_343_3994,train,Moderately Suitable
COL-OSM-42-000281,6.849762920501364,79.88906528318864,g_342_3994,train,Moderately Suitable
COL-OSM-42-000282,6.91282224822983,80.15821140508865,g_345_4007,train,Moderately Suitable
COL-OSM-42-000283,6.95254880227178,80.2195679285395,g_347_4010,train,Suitable
COL-OSM-42-000284,6.960706205544323,80.15932165330172,g_348_4007,train,Moderately Suitable
COL-OSM-42-000285,6.7841488277196245,79.87930509381593,g_339_3993,test,Suitable
COL-OSM-42-000286,6.940181971462436,80.00241652203663,g_347_4000,train,Moderately Suitable
COL-OSM-42-000287,6.90717453269433,80.12570252448877,g_345_4006,test,Unsuitable
COL-OSM-42-000288,6.789769353385452,79.99660858577526,g_339_3999,train,Unsuitable
COL-OSM-42-000289,6.94488889864808,80.01088009242423,g_347_4000,train,Suitable
COL-OSM-42-000290,6.779217461087422,79.8829492938219,g_338_3994,train,Suitable
COL-OSM-42-000291,6.938610462606029,79.89509531339763,g_346_3994,train,Suitable
COL-OSM-42-000292,6.816620701776153,79.91594202640574,g_340_3995,test,Suitable
COL-OSM-42-000293,6.942380355171693,79.9397120262771,g_347_3996,test,Suitable
COL-OSM-42-000294,6.809110764929316,79.92028401926811,g_340_3996,test,Moderately Suitable
COL-OSM-42-000295,6.83182489275589,80.08307372488946,g_341_4004,train,Moderately Suitable
COL-OSM-42-000296,6.898856427032995,80.09152640906188,g_344_4004,train,Moderately Suitable
COL-OSM-42-000297,6.8682682939530455,80.12874281391949,g_343_4006,train,Suitable
COL-OSM-42-000298,6.879249997299623,79.96964142078723,g_343_3998,train,Suitable
COL-OSM-42-000299,6.901243937567361,79.95833920676763,g_345_3997,train,Suitable
COL-OSM-42-000300,6.856893776801543,80.16149327516659,g_342_4008,train,Moderately Suitable
COL-OSM-42-000301,6.886855145575085,80.01619782614559,g_344_4000,train,Moderately Suitable
COL-OSM-42-000302,6.876542890153786,80.1310410714544,g_343_4006,train,Suitable
COL-OSM-42-000303,6.830480534014177,80.16451903022897,g_341_4008,train,Unsuitable
COL-OSM-42-000304,6.881426239962558,80.02511813306734,g_344_4001,train,Moderately Suitable
COL-OSM-42-000305,6.833258154268086,80.18761844322263,g_341_4009,train,Unsuitable
COL-OSM-42-000306,6.875310634734226,80.03580515331426,g_343_4001,train,Moderately Suitable
COL-OSM-42-000307,6.914540990358452,79.86460470783537,g_345_3993,train,Moderately Suitable
COL-OSM-42-000308,6.762672771851913,79.98246610686272,g_338_3999,train,Suitable
COL-OSM-42-000309,6.842681711210999,80.19074407865286,g_342_4009,train,Unsuitable
COL-OSM-42-000310,6.944983707818087,79.89938157718923,g_347_3994,train,Suitable
COL-OSM-42-000311,6.899559285885202,80.00240115166339,g_344_4000,train,Moderately Suitable
COL-OSM-42-000312,6.830927107126924,79.94592511097963,g_341_3997,train,Suitable
COL-OSM-42-000313,6.808139983027337,79.93407646713412,g_340_3996,test,Moderately Suitable
COL-OSM-42-000314,6.780312304589271,80.1047068353245,g_339_4005,train,Moderately Suitable
COL-OSM-42-000315,6.820092958837002,80.07151479376682,g_341_4003,train,Moderately Suitable
COL-OSM-42-000316,6.945554072110754,80.17045517088786,g_347_4008,train,Moderately Suitable
COL-OSM-42-000317,6.90546878281936,80.04451420022949,g_345_4002,train,Moderately Suitable
COL-OSM-42-000318,6.824846048760906,80.12355599768397,g_341_4006,test,Suitable
COL-OSM-42-000319,6.930269895553015,80.13454012021626,g_346_4006,train,Unsuitable
COL-OSM-42-000320,6.788004720860968,80.01905921420996,g_339_4000,train,Suitable
COL-OSM-42-000321,6.829096192428757,80.00913229077706,g_341_4000,train,Suitable
COL-OSM-42-000322,6.885958548160912,80.14109978846025,g_344_4007,train,Unsuitable
COL-OSM-42-000323,6.901412427507587,80.14446317900804,g_345_4007,train,Suitable
COL-OSM-42-000324,6.86937036984912,79.97208797662061,g_343_3998,train,Suitable
COL-OSM-42-000325,6.902077920053312,80.10881178337297,g_345_4005,test,Moderately Suitable
COL-OSM-42-000326,6.926384204599652,80.13308580829515,g_346_4006,train,Moderately Suitable
COL-OSM-42-000327,6.817962898321502,80.16991523446933,g_340_4008,test,Suitable
COL-OSM-42-000328,6.932863002772597,80.14398615145251,g_346_4007,train,Suitable
COL-OSM-42-000329,6.8054681464293,79.91661765060572,g_340_3995,test,Suitable
COL-OSM-42-000330,6.8823478954601525,80.07213308698059,g_344_4003,train,Moderately Suitable
COL-OSM-42-000331,6.890968399410735,79.983591454665,g_344_3999,train,Moderately Suitable
COL-OSM-42-000332,6.893305630667917,80.09209230601572,g_344_4004,train,Suitable
COL-OSM-42-000333,6.854930496775416,79.91787153467011,g_342_3995,train,Moderately Suitable
COL-OSM-42-000334,6.853820664805939,80.16482640268563,g_342_4008,train,Moderately Suitable
COL-OSM-42-000335,6.815539427826101,79.96218328180649,g_340_3998,train,Suitable
COL-OSM-42-000336,6.87478447964823,80.16505264909917,g_343_4008,train,Suitable
COL-OSM-42-000337,6.828116024710924,79.98181875698262,g_341_3999,train,Suitable
COL-OSM-42-000338,6.80371704954261,79.93279293716625,g_340_3996,test,Unsuitable
COL-OSM-42-000339,6.950216164630613,80.17838671112699,g_347_4008,train,Suitable
COL-OSM-42-000340,6.941191996746098,79.85650776062954,g_347_3992,train,Suitable
COL-OSM-42-000341,6.783149771398287,79.95973249907414,g_339_3997,test,Suitable
COL-OSM-42-000342,6.905581559143853,80.11057061480757,g_345_4005,test,Moderately Suitable
COL-OSM-42-000343,6.9296640707754165,80.14661981654864,g_346_4007,train,Moderately Suitable
COL-OSM-42-000344,6.766457139447886,79.94143945267349,g_338_3997,test,Moderately Suitable
COL-OSM-42-000345,6.813038221807179,79.87738821903878,g_340_3993,train,Moderately Suitable
COL-OSM-42-000346,6.800589594497655,80.05325350444205,g_340_4002,train,Moderately Suitable
COL-OSM-42-000347,6.831002912227603,80.10384268362604,g_341_4005,test,Moderately Suitable
COL-OSM-42-000348,6.896921389315604,80.06141982052559,g_344_4003,train,Moderately Suitable
COL-OSM-42-000349,6.831163321582841,80.18992551147053,g_341_4009,train,Moderately Suitable
COL-OSM-42-000350,6.836918336770786,79.96914764104761,g_341_3998,train,Suitable
COL-OSM-42-000351,6.934519231475943,80.0044376562911,g_346_4000,train,Moderately Suitable
COL-OSM-42-000352,6.809130711186109,79.96028071932626,g_340_3998,train,Suitable
COL-OSM-42-000353,6.950865758996711,80.20755437424087,g_347_4010,train,Suitable
COL-OSM-42-000354,6.8636654114253295,80.12435074605496,g_343_4006,train,Moderately Suitable
COL-OSM-42-000355,6.841743275597972,80.03959730022653,g_342_4001,train,Moderately Suitable
COL-OSM-42-000356,6.835251289809449,79.93669357335345,g_341_3996,train,Unsuitable
COL-OSM-42-000357,6.932835218512079,79.95307439579865,g_346_3997,test,Suitable
COL-OSM-42-000358,6.836629322098334,80.18742275370877,g_341_4009,train,Moderately Suitable
COL-OSM-42-000359,6.806501896493978,80.12047847478229,g_340_4006,train,Moderately Suitable
COL-OSM-42-000360,6.9072192481093895,80.08479610565131,g_345_4004,test,Moderately Suitable
COL-OSM-42-000361,6.863324309303008,79.94265239520954,g_343_3997,train,Moderately Suitable
COL-OSM-42-000362,6.777574286579015,79.91936248235638,g_338_3995,train,Moderately Suitable
COL-OSM-42-000363,6.880958782449265,79.95193004530132,g_344_3997,test,Unsuitable
COL-OSM-42-000364,6.975656394994779,79.88486375162668,g_348_3994,train,Unsuitable
COL-OSM-42-000365,6.837223165819935,79.93617409129361,g_341_3996,train,Suitable
COL-OSM-42-000366,6.846706576750915,80.04788078472271,g_342_4002,train,Moderately Suitable
COL-OSM-42-000367,6.856654558666469,80.13714205612935,g_342_4006,train,Moderately Suitable
COL-OSM-42-000368,6.876432030377669,79.99845826237726,g_343_3999,train,Moderately Suitable
COL-OSM-42-000369,6.881960323481804,80.13865389186216,g_344_4006,train,Unsuitable
COL-OSM-42-000370,6.938423471113075,79.89680265252996,g_346_3994,train,Suitable
COL-OSM-42-000371,6.912032193785729,80.04815432371664,g_345_4002,train,Unsuitable
COL-OSM-42-000372,6.938797120090333,79.8633659409517,g_346_3993,train,Suitable
COL-OSM-42-000373,6.881546073739603,80.08458851127489,g_344_4004,train,Suitable
COL-OSM-42-000374,6.819965443528863,80.02830605804473,g_340_4001,train,Moderately Suitable
COL-OSM-42-000375,6.816101039451548,79.99628478438022,g_340_3999,train,Moderately Suitable
COL-OSM-42-000376,6.828044715049505,79.86381098397148,g_341_3993,train,Moderately Suitable
COL-OSM-42-000377,6.915225516528358,80.00517553298143,g_345_4000,train,Suitable
COL-OSM-42-000378,6.868980176874748,80.0296532941133,g_343_4001,train,Moderately Suitable
COL-OSM-42-000379,6.929649959090683,79.94794647542318,g_346_3997,test,Moderately Suitable
COL-OSM-42-000380,6.942387865772453,79.8672627176144,g_347_3993,train,Moderately Suitable
COL-OSM-42-000381,6.926964902014258,79.97682616966308,g_346_3998,train,Moderately Suitable
COL-OSM-42-000382,6.874002489378467,79.94373166457576,g_343_3997,train,Moderately Suitable
COL-OSM-42-000383,6.926019695334795,79.98068889674282,g_346_3999,test,Moderately Suitable
COL-OSM-42-000384,6.803570656102683,79.98971554632972,g_340_3999,train,Moderately Suitable
COL-OSM-42-000385,6.811606474290242,79.86745141078806,g_340_3993,train,Unsuitable
COL-OSM-42-000386,6.877737958579114,79.95618638189237,g_343_3997,train,Suitable
COL-OSM-42-000387,6.855135306764823,79.99562417235121,g_342_3999,train,Unsuitable
COL-OSM-42-000388,6.8364198840371895,80.13584009214932,g_341_4006,test,Moderately Suitable
COL-OSM-42-000389,6.899279164470902,80.16017838569022,g_344_4008,test,Moderately Suitable
COL-OSM-42-000390,6.787378362674775,79.95192928001408,g_339_3997,test,Moderately Suitable
COL-OSM-42-000391,6.922000568035758,79.91980843454517,g_346_3995,train,Suitable
COL-OSM-42-000392,6.831866976176693,80.0967676734794,g_341_4004,train,Moderately Suitable
COL-OSM-42-000393,6.9276724637274825,79.9552395415641,g_346_3997,test,Suitable
COL-OSM-42-000394,6.9506518455028345,80.1959820681509,g_347_4009,train,Suitable
COL-OSM-42-000395,6.780033763585019,80.00744456027114,g_339_4000,train,Suitable
COL-OSM-42-000396,6.872472541268071,79.88286138650008,g_343_3994,train,Suitable
COL-OSM-42-000397,6.895548557260721,79.87794389454496,g_344_3993,train,Moderately Suitable
COL-OSM-42-000398,6.936535373839913,79.89806433196097,g_346_3994,train,Moderately Suitable
COL-OSM-42-000399,6.933260286630449,79.866872927699,g_346_3993,train,Unsuitable
COL-OSM-42-000400,6.819524993279705,80.0714311176543,g_340_4003,train,Moderately Suitable
COL-OSM-42-000401,6.807986614106687,79.91946961413079,g_340_3995,test,Moderately Suitable
COL-OSM-42-000402,6.87032080624622,80.05098121865527,g_343_4002,train,Moderately Suitable
COL-OSM-42-000403,6.83887172791907,80.05940544931549,g_341_4002,train,Moderately Suitable
COL-OSM-42-000404,6.817733878683507,80.16506260087884,g_340_4008,test,Moderately Suitable
COL-OSM-42-000405,6.8203288482092095,80.07101752061531,g_341_4003,train,Unsuitable
COL-OSM-42-000406,6.861003579200292,79.88779527243516,g_343_3994,train,Suitable
COL-OSM-42-000407,6.907516150752977,80.16591455860119,g_345_4008,train,Moderately Suitable
COL-OSM-42-000408,6.816535193726964,79.92453803368466,g_340_3996,test,Suitable
COL-OSM-42-000409,6.817460693537296,80.19132862594954,g_340_4009,test,Moderately Suitable
COL-OSM-42-000410,6.8793551691944765,80.00491039568661,g_343_4000,train,Moderately Suitable
COL-OSM-42-000411,6.849581175208932,79.96760502935464,g_342_3998,test,Moderately Suitable
COL-OSM-42-000412,6.835771990383987,80.14891934652009,g_341_4007,train,Moderately Suitable
COL-OSM-42-000413,6.906544886493742,79.95028672633006,g_345_3997,train,Moderately Suitable
COL-OSM-42-000414,6.916913263021129,80.14332048201682,g_345_4007,train,Suitable
COL-OSM-42-000415,6.814977441521728,79.90931909947153,g_340_3995,test,Moderately Suitable
COL-OSM-42-000416,6.8022796337014055,79.98867832638457,g_340_3999,train,Suitable
COL-OSM-42-000417,6.905239391508484,79.94998020872309,g_345_3997,train,Suitable
COL-OSM-42-000418,6.863019407952363,79.96155988817176,g_343_3998,train,Suitable
COL-OSM-42-000419,6.765860844245235,79.88889702193545,g_338_3994,train,Moderately Suitable
COL-OSM-42-000420,6.863069711086392,80.11359939280335,g_343_4005,train,Moderately Suitable
COL-OSM-42-000421,6.823603531004438,80.11897794607769,g_341_4005,test,Unsuitable
COL-OSM-42-000422,6.891854967284869,79.94978651300787,g_344_3997,test,Moderately Suitable
COL-OSM-42-000423,6.846417555649865,80.17977656670755,g_342_4008,train,Suitable
COL-OSM-42-000424,6.816250378583429,80.06086486816129,g_340_4003,train,Suitable
COL-OSM-42-000425,6.9505985633429255,79.87305434910064,g_347_3993,train,Suitable
COL-OSM-42-000426,6.920786486988924,79.88015732873036,g_346_3994,train,Moderately Suitable
COL-OSM-42-000427,6.855248434680815,80.10071698616406,g_342_4005,train,Suitable
COL-OSM-42-000428,6.828152888935959,80.02612230355574,g_341_4001,test,Unsuitable
COL-OSM-42-000429,6.848739163231989,79.8734091037504,g_342_3993,train,Suitable
COL-OSM-42-000430,6.883930922041168,80.1759067103589,g_344_4008,test,Unsuitable
COL-OSM-42-000431,6.845571180164628,79.94079434106085,g_342_3997,test,Moderately Suitable
COL-OSM-42-000432,6.868029969621131,80.15818767256131,g_343_4007,train,Moderately Suitable
COL-OSM-42-000433,6.944290799606949,79.9153110139254,g_347_3995,test,Moderately Suitable
COL-OSM-42-000434,6.880151996669483,80.17330043036198,g_344_4008,test,Moderately Suitable
COL-OSM-42-000435,6.913307290050835,79.92429756082039,g_345_3996,train,Unsuitable
COL-OSM-42-000436,6.846643383422856,80.06766564559695,g_342_4003,train,Moderately Suitable
COL-OSM-42-000437,6.879735100074551,80.04468965883399,g_343_4002,train,Suitable
COL-OSM-42-000438,6.783785953877814,79.98150819083727,g_339_3999,train,Unsuitable
COL-OSM-42-000439,6.821867103289548,80.1138347816899,g_341_4005,test,Unsuitable
COL-OSM-42-000440,6.90749532511999,80.03131629986966,g_345_4001,train,Moderately Suitable
COL-OSM-42-000441,6.805526412934973,79.98624353086292,g_340_3999,train,Suitable
COL-OSM-42-000442,6.875166879772827,79.86022554516667,g_343_3993,train,Moderately Suitable
COL-OSM-42-000443,6.774272345826566,79.98104277983217,g_338_3999,train,Moderately Suitable
COL-OSM-42-000444,6.826338538674812,80.09649597317872,g_341_4004,train,Moderately Suitable
COL-OSM-42-000445,6.768991764876947,79.88242785434946,g_338_3994,train,Moderately Suitable
COL-OSM-42-000446,6.968816627415721,80.20849396306895,g_348_4010,train,Moderately Suitable
COL-OSM-42-000447,6.813949397333413,79.90256886054944,g_340_3995,test,Suitable
COL-OSM-42-000448,6.903880137359949,80.16731622703652,g_345_4008,train,Moderately Suitable
COL-OSM-42-000449,6.823741444833366,80.18883510570919,g_341_4009,train,Unsuitable
COL-OSM-42-000450,6.8049085349625935,80.01107037191002,g_340_4000,train,Moderately Suitable
COL-OSM-42-000451,6.777379767396505,80.11693626500373,g_338_4005,train,Moderately Suitable
COL-OSM-42-000452,6.772501659703916,79.97463746893885,g_338_3998,train,Moderately Suitable
COL-OSM-42-000453,6.773141459977078,80.12023697346358,g_338_4006,train,Suitable
COL-OSM-42-000454,6.956124520615582,80.11598922034432,g_347_4005,train,Suitable
COL-OSM-42-000455,6.801673247109073,80.05127098873535,g_340_4002,train,Suitable
COL-OSM-42-000456,6.855822405402883,79.86445832330125,g_342_3993,train,Suitable
COL-OSM-42-000457,6.852939990480252,80.16996180177134,g_342_4008,train,Unsuitable
COL-OSM-42-000458,6.887754650236569,79.86255027726348,g_344_3993,train,Unsuitable
COL-OSM-42-000459,6.865134377330942,79.9045181597073,g_343_3995,train,Moderately Suitable
COL-OSM-42-000460,6.896366866765431,80.12099332940114,g_344_4006,train,Moderately Suitable
COL-OSM-42-000461,6.808421486848037,79.97387145353557,g_340_3998,train,Moderately Suitable
COL-OSM-42-000462,6.775535788267742,80.11124243326982,g_338_4005,train,Moderately Suitable
COL-OSM-42-000463,6.848277381276387,80.1787936140598,g_342_4008,train,Suitable
COL-OSM-42-000464,6.802599471463001,79.95058115451894,g_340_3997,test,Moderately Suitable
COL-OSM-42-000465,6.8955443751282175,80.06685105617552,g_344_4003,train,Moderately Suitable
COL-OSM-42-000466,6.888714047719968,80.06405424905564,g_344_4003,train,Suitable
COL-OSM-42-000467,6.821084137829491,80.19798812660416,g_341_4009,train,Moderately Suitable
COL-OSM-42-000468,6.928495573443384,80.01020293778454,g_346_4000,train,Suitable
COL-OSM-42-000469,6.828479220721486,79.98068135123401,g_341_3999,train,Suitable
COL-OSM-42-000470,6.877132903788352,79.88784666671486,g_343_3994,train,Moderately Suitable
COL-OSM-42-000471,6.882337771903989,80.09729107948043,g_344_4004,train,Moderately Suitable
COL-OSM-42-000472,6.880783161100475,79.95874921894244,g_344_3997,test,Moderately Suitable
COL-OSM-42-000473,6.719022199644053,79.90359105316496,g_335_3995,train,Moderately Suitable
COL-OSM-42-000474,6.875336910620442,79.89703823253866,g_343_3994,train,Suitable
COL-OSM-42-000475,6.811056350762136,80.01051463485042,g_340_4000,train,Suitable
COL-OSM-42-000476,6.855463045824019,79.92661619825222,g_342_3996,train,Suitable
COL-OSM-42-000477,6.799656356975929,80.0157637668328,g_339_4000,train,Moderately Suitable
COL-OSM-42-000478,6.913483937503639,80.02139049060558,g_345_4001,train,Unsuitable
COL-OSM-42-000479,6.930256575961115,79.8668980624733,g_346_3993,train,Suitable
COL-OSM-42-000480,6.81378765022328,79.94080187122812,g_340_3997,test,Suitable
COL-OSM-42-000481,6.913945323199226,80.12950582586134,g_345_4006,test,Suitable
COL-OSM-42-000482,6.875583295557717,80.17443350591107,g_343_4008,train,Suitable
COL-OSM-42-000483,6.892549052184005,80.18444263913797,g_344_4009,test,Moderately Suitable
COL-OSM-42-000484,6.95080462616071,80.20506117384727,g_347_4010,train,Suitable
COL-OSM-42-000485,6.889060366805849,79.8777785538371,g_344_3993,train,Moderately Suitable
COL-OSM-42-000486,6.78985249236116,79.94469317420157,g_339_3997,test,Suitable
COL-OSM-42-000487,6.873399217246266,80.04443167822308,g_343_4002,train,Suitable
COL-OSM-42-000488,6.915030967981768,79.86139219435661,g_345_3993,train,Moderately Suitable
COL-OSM-42-000489,6.925618169303779,80.16202244983752,g_346_4008,train,Moderately Suitable
COL-OSM-42-000490,6.827025531914039,80.07006887832037,g_341_4003,train,Moderately Suitable
COL-OSM-42-000491,6.850577533074233,80.04020262653734,g_342_4002,train,Moderately Suitable
COL-OSM-42-000492,6.804090556106318,79.88882618845221,g_340_3994,train,Moderately Suitable
COL-OSM-42-000493,6.760277064405192,79.92413334566038,g_338_3996,train,Moderately Suitable
COL-OSM-42-000494,6.784596094651433,79.88681910768632,g_339_3994,test,Suitable
COL-OSM-42-000495,6.957820552125753,80.16448596532157,g_347_4008,train,Moderately Suitable
COL-OSM-42-000496,6.797476454890165,80.057009653122,g_339_4002,test,Suitable
COL-OSM-42-000497,6.779534743097239,79.94130729029835,g_338_3997,test,Unsuitable
COL-OSM-42-000498,6.907559877053266,79.9715059602597,g_345_3998,train,Moderately Suitable
COL-OSM-42-000499,6.8679055907424,79.98499637025239,g_343_3999,train,Suitable
COL-OSM-42-000500,6.900594677437916,80.12758334238342,g_345_4006,test,Moderately Suitable
COL-OSM-42-000501,6.886528694269976,80.13253671634837,g_344_4006,train,Suitable
COL-OSM-42-000502,6.903220755146704,79.90548818164999,g_345_3995,test,Moderately Suitable
COL-OSM-42-000503,6.956068699305746,80.20046018830493,g_347_4010,train,Suitable
COL-OSM-42-000504,6.865131903588474,79.8708980386347,g_343_3993,train,Suitable
COL-OSM-42-000505,6.90361164070325,79.92866369642257,g_345_3996,train,Suitable
COL-OSM-42-000506,6.846684195168962,80.16229608476036,g_342_4008,train,Moderately Suitable
COL-OSM-42-000507,6.8611662798194,79.89451936904061,g_343_3994,train,Moderately Suitable
COL-OSM-42-000508,6.873934014462454,79.98849438675366,g_343_3999,train,Suitable
COL-OSM-42-000509,6.817057920629279,80.00306437284843,g_340_4000,train,Suitable
COL-OSM-42-000510,6.92107088199362,79.92092297034928,g_346_3996,test,Unsuitable
COL-OSM-42-000511,6.907683171199865,80.10760214878073,g_345_4005,test,Moderately Suitable
COL-OSM-42-000512,6.905228043121973,80.16424568066752,g_345_4008,train,Suitable
COL-OSM-42-000513,6.905496740797373,80.1735760982154,g_345_4008,train,Suitable
COL-OSM-42-000514,6.873618286513299,80.03558006908143,g_343_4001,train,Suitable
COL-OSM-42-000515,6.883338926693789,79.88719730997458,g_344_3994,train,Moderately Suitable
COL-OSM-42-000516,6.842203724352887,80.17896132522455,g_342_4008,train,Moderately Suitable
COL-OSM-42-000517,6.861561172408258,80.03028509941097,g_343_4001,train,Unsuitable
COL-OSM-42-000518,6.812304335570506,80.01942382096372,g_340_4000,train,Unsuitable
COL-OSM-42-000519,6.810189532789917,80.03787553592865,g_340_4001,train,Moderately Suitable
COL-OSM-42-000520,6.868566420201393,79.87535418069902,g_343_3993,train,Suitable
COL-OSM-42-000521,6.82061038218846,79.87290881978852,g_341_3993,train,Suitable
COL-OSM-42-000522,6.865496858926661,80.01598032882576,g_343_4000,train,Moderately Suitable
COL-OSM-42-000523,6.761383142162403,79.88812985623719,g_338_3994,train,Suitable
COL-OSM-42-000524,6.87421519363672,80.04504123309034,g_343_4002,train,Suitable
COL-OSM-42-000525,6.866165869849159,79.90585100271134,g_343_3995,train,Unsuitable
COL-OSM-42-000526,6.92099567622402,79.92410489399819,g_346_3996,test,Suitable
COL-OSM-42-000527,6.96821021972678,80.19054765224665,g_348_4009,train,Moderately Suitable
COL-OSM-42-000528,6.864533246258651,79.95154489038609,g_343_3997,train,Unsuitable
COL-OSM-42-000529,6.933516339054131,80.00914862098998,g_346_4000,train,Suitable
COL-OSM-42-000530,6.767646515747311,79.98322839815184,g_338_3999,train,Moderately Suitable
COL-OSM-42-000531,6.902799096422514,79.89762952513252,g_345_3994,train,Suitable
COL-OSM-42-000532,6.972027480301762,80.1509863368169,g_348_4007,train,Suitable
COL-OSM-42-000533,6.788289423405157,80.12019611248161,g_339_4006,train,Suitable
COL-OSM-42-000534,6.919091476237745,80.01065220171415,g_345_4000,train,Moderately Suitable
COL-OSM-42-000535,6.79957272236413,79.88383419873128,g_339_3994,test,Suitable
COL-OSM-42-000536,6.87424388167749,79.95951575565422,g_343_3997,train,Suitable
COL-OSM-42-000537,6.783834495174235,80.12389927545483,g_339_4006,train,Suitable
COL-OSM-42-000538,6.95644304396496,80.14108101291777,g_347_4007,train,Moderately Suitable
COL-OSM-42-000539,6.853212627454276,79.9075521852656,g_342_3995,train,Suitable
COL-OSM-42-000540,6.927184121455884,80.19333182720868,g_346_4009,train,Moderately Suitable
COL-OSM-42-000541,6.938195084493026,79.99829901604063,g_346_3999,test,Suitable
COL-OSM-42-000542,6.9107158942824825,80.07900464027513,g_345_4003,train,Suitable
COL-OSM-42-000543,6.944986587359223,80.2212683635514,g_347_4011,train,Moderately Suitable
COL-OSM-42-000544,6.912605104506791,79.9352304112242,g_345_3996,train,Moderately Suitable
COL-OSM-42-000545,6.874487757019159,79.87426025821274,g_343_3993,train,Moderately Suitable
COL-OSM-42-000546,6.855855511508691,79.8836132234682,g_342_3994,train,Moderately Suitable
COL-OSM-42-000547,6.836153629357391,79.98020777789004,g_341_3999,train,Suitable
COL-OSM-42-000548,6.931086328197872,80.19255663765455,g_346_4009,train,Moderately Suitable
COL-OSM-42-000549,6.855780561391253,80.00757697590083,g_342_4000,train,Moderately Suitable
COL-OSM-42-000550,6.780041590315918,79.96004833917115,g_339_3998,train,Suitable
COL-OSM-42-000551,6.816768790601949,80.09469435039762,g_340_4004,train,Moderately Suitable
COL-OSM-42-000552,6.862447982383843,80.00297339455688,g_343_4000,train,Unsuitable
COL-OSM-42-000553,6.843661370760096,80.035806265631,g_342_4001,train,Suitable
COL-OSM-42-000554,6.854154801031782,79.94389575134193,g_342_3997,test,Suitable
COL-OSM-42-000555,6.782082411269734,79.96953186039988,g_339_3998,train,Suitable
COL-OSM-42-000556,6.8780635178594975,80.11894997397553,g_343_4005,train,Unsuitable
COL-OSM-42-000557,6.776200003853198,80.1114311258739,g_338_4005,train,Moderately Suitable
COL-OSM-42-000558,6.881731562873426,80.08223976536237,g_344_4004,train,Moderately Suitable
COL-OSM-42-000559,6.911669852347415,79.98632191349672,g_345_3999,train,Suitable
COL-OSM-42-000560,6.961662084836346,79.87296629677556,g_348_3993,test,Moderately Suitable
COL-OSM-42-000561,6.890840000033042,79.85928277373212,g_344_3992,train,Suitable
COL-OSM-42-000562,6.816869073085945,79.90187345172792,g_340_3995,test,Moderately Suitable
COL-OSM-42-000563,6.850920557973758,80.16797766935764,g_342_4008,train,Moderately Suitable
COL-OSM-42-000564,6.792882409583476,79.9214936250325,g_339_3996,test,Suitable
COL-OSM-42-000565,6.813472688730377,79.93292440930801,g_340_3996,test,Moderately Suitable
COL-OSM-42-000566,6.829483557880719,79.87812420571393,g_341_3993,train,Suitable
COL-OSM-42-000567,6.748587603439929,79.93628402784985,g_337_3996,train,Suitable
COL-OSM-42-000568,6.81710990601834,80.09334640108365,g_340_4004,train,Unsuitable
COL-OSM-42-000569,6.943091523672516,80.18792945043583,g_347_4009,train,Suitable
COL-OSM-42-000570,6.870595502025059,80.04008805939645,g_343_4002,train,Suitable
COL-OSM-42-000571,6.823440094223626,80.10404747117872,g_341_4005,test,Suitable
COL-OSM-42-000572,6.788005690181064,79.92487665456078,g_339_3996,test,Suitable
COL-OSM-42-000573,6.815499903968645,79.95112662438144,g_340_3997,test,Suitable
COL-OSM-42-000574,6.906659799804599,79.9829172127781,g_345_3999,train,Suitable
COL-OSM-42-000575,6.903500632096821,79.98307190453272,g_345_3999,train,Moderately Suitable
COL-OSM-42-000576,6.892213288334003,80.17378987166352,g_344_4008,test,Suitable
COL-OSM-42-000577,6.796044382262608,80.0006890955753,g_339_4000,train,Unsuitable
COL-OSM-42-000578,6.927121804041346,80.16530947305901,g_346_4008,train,Moderately Suitable
COL-OSM-42-000579,6.838107797216308,79.95181896856457,g_341_3997,train,Suitable
COL-OSM-42-000580,6.9304152478054695,79.92049982948379,g_346_3996,test,Suitable
COL-OSM-42-000581,6.938349739613519,80.1888708733403,g_346_4009,train,Suitable
COL-OSM-42-000582,6.926659318244326,80.19336843483737,g_346_4009,train,Suitable
COL-OSM-42-000583,6.916512920921123,80.12155184213874,g_345_4006,test,Moderately Suitable
COL-OSM-42-000584,6.913571697355488,80.12945109550759,g_345_4006,test,Moderately Suitable
COL-OSM-42-000585,6.802568144144142,80.00571123864123,g_340_4000,train,Unsuitable
COL-OSM-42-000586,6.842901298524049,79.9189024810088,g_342_3995,train,Unsuitable
COL-OSM-42-000587,6.867873013373027,80.08133540691446,g_343_4004,train,Suitable
COL-OSM-42-000588,6.937833177012724,79.93861231515889,g_346_3996,test,Moderately Suitable
COL-OSM-42-000589,6.919778570340915,79.9259612239284,g_345_3996,train,Unsuitable
COL-OSM-42-000590,6.895086665890858,80.05770561131627,g_344_4002,train,Suitable
COL-OSM-42-000591,6.785386131727419,79.98705488984695,g_339_3999,train,Moderately Suitable
COL-OSM-42-000592,6.842645036799482,79.91032314746694,g_342_3995,train,Unsuitable
COL-OSM-42-000593,6.783426110427166,79.95740517509304,g_339_3997,test,Moderately Suitable
COL-OSM-42-000594,6.867373660219233,80.14263690020529,g_343_4007,train,Suitable
COL-OSM-42-000595,6.787255045057438,79.87799355608061,g_339_3993,test,Moderately Suitable
COL-OSM-42-000596,6.8858534576530985,79.86891028003745,g_344_3993,train,Suitable
COL-OSM-42-000597,6.866386669815946,79.979057638936,g_343_3998,train,Moderately Suitable
COL-OSM-42-000598,6.870693993638956,79.99220094185766,g_343_3999,train,Moderately Suitable
COL-OSM-42-000599,6.895874297982768,80.07123810547616,g_344_4003,train,Suitable
COL-OSM-42-000600,6.817079525347525,79.87786044676555,g_340_3993,train,Moderately Suitable
COL-OSM-42-000601,6.898775094501994,80.13991778252691,g_344_4006,train,Unsuitable
COL-OSM-42-000602,6.776453535113949,79.93110960377567,g_338_3996,train,Suitable
COL-OSM-42-000603,6.888628034068078,80.1777007943094,g_344_4008,test,Suitable
COL-OSM-42-000604,6.821451234190211,80.08881647051498,g_341_4004,train,Suitable
COL-OSM-42-000605,6.969355439652855,80.1566958441839,g_348_4007,train,Unsuitable
COL-OSM-42-000606,6.946204691821184,79.89326047483293,g_347_3994,train,Unsuitable
COL-OSM-42-000607,6.792656038632029,79.99247999018215,g_339_3999,train,Moderately Suitable
COL-OSM-42-000608,6.799645186487313,80.02350207227828,g_339_4001,train,Suitable
COL-OSM-42-000609,6.83731864796775,80.09793377359158,g_341_4004,train,Moderately Suitable
COL-OSM-42-000610,6.892278536648606,80.02980248184365,g_344_4001,train,Suitable
COL-OSM-42-000611,6.827617248889581,80.11466730083902,g_341_4005,test,Moderately Suitable
COL-OSM-42-000612,6.89525248961145,79.95025752715587,g_344_3997,test,Moderately Suitable
COL-OSM-42-000613,6.777209573474353,79.99299448927549,g_338_3999,train,Moderately Suitable
COL-OSM-42-000614,6.827529228615928,79.96431360389673,g_341_3998,train,Suitable
COL-OSM-42-000615,6.904850903111002,80.13860332174596,g_345_4006,test,Moderately Suitable
COL-OSM-42-000616,6.918830638039676,80.15653155777039,g_345_4007,train,Moderately Suitable
COL-OSM-42-000617,6.907799452789589,79.95154998537652,g_345_3997,train,Suitable
COL-OSM-42-000618,6.918387878345956,80.14419405066322,g_345_4007,train,Moderately Suitable
COL-OSM-42-000619,6.908949612696476,80.0196845897426,g_345_4000,train,Moderately Suitable
COL-OSM-42-000620,6.875079975987085,80.18098562616753,g_343_4009,train,Moderately Suitable
COL-OSM-42-000621,6.863805823945856,79.88023362240347,g_343_3994,train,Unsuitable
COL-OSM-42-000622,6.910652197213302,80.17538017097195,g_345_4008,train,Moderately Suitable
COL-OSM-42-000623,6.86914145417706,79.88409451346435,g_343_3994,train,Moderately Suitable
COL-OSM-42-000624,6.913196315938416,79.8495650522944,g_345_3992,train,Suitable
COL-OSM-42-000625,6.9428463376053,79.84365883843604,g_347_3992,train,Suitable
COL-OSM-42-000626,6.8347801396862975,80.0843217247371,g_341_4004,train,Suitable
COL-OSM-42-000627,6.867060070100068,80.15292121288704,g_343_4007,train,Suitable
COL-OSM-42-000628,6.9274900984341725,79.88990595883273,g_346_3994,train,Suitable
COL-OSM-42-000629,6.826305465726721,80.16804614941313,g_341_4008,train,Moderately Suitable
COL-OSM-42-000630,6.906193890184127,80.1529201259139,g_345_4007,train,Suitable
COL-OSM-42-000631,6.857444556028296,80.15134445452873,g_342_4007,train,Moderately Suitable
COL-OSM-42-000632,6.8492564156974,79.98083171687144,g_342_3999,train,Suitable
COL-OSM-42-000633,6.86031147540126,80.11866366122821,g_343_4005,train,Suitable
COL-OSM-42-000634,6.910849407400285,79.92581811890778,g_345_3996,train,Suitable
COL-OSM-42-000635,6.887997932586635,80.12449760182437,g_344_4006,train,Moderately Suitable
COL-OSM-42-000636,6.810616020527224,80.0248720792054,g_340_4001,train,Suitable
COL-OSM-42-000637,6.801762706323753,79.90611681286217,g_340_3995,test,Moderately Suitable
COL-OSM-42-000638,6.784153618560666,80.1241611261808,g_339_4006,train,Moderately Suitable
COL-OSM-42-000639,6.831356489126988,79.8701974733931,g_341_3993,train,Moderately Suitable
COL-OSM-42-000640,6.898752423245122,79.85697778810918,g_344_3992,train,Unsuitable
COL-OSM-42-000641,6.810198906228006,79.8932343731047,g_340_3994,train,Suitable
COL-OSM-42-000642,6.78461512571762,79.98244768600924,g_339_3999,train,Suitable
COL-OSM-42-000643,6.890484909914151,80.08483650048193,g_344_4004,train,Suitable
COL-OSM-42-000644,6.85533885859563,80.0026107921439,g_342_4000,train,Moderately Suitable
COL-OSM-42-000645,6.787346365464345,79.98020407837198,g_339_3999,train,Moderately Suitable
COL-OSM-42-000646,6.862578005701049,80.17378047147889,g_343_4008,train,Suitable
COL-OSM-42-000647,6.926940380422489,80.17288709872508,g_346_4008,train,Suitable
COL-OSM-42-000648,6.902701936037174,79.93851734504938,g_345_3996,train,Moderately Suitable
COL-OSM-42-000649,6.899447191844749,80.1174301669854,g_344_4005,test,Unsuitable
COL-OSM-42-000650,6.814843931996129,80.04986054850161,g_340_4002,train,Suitable
COL-OSM-42-000651,6.806764433985882,80.04363295449784,g_340_4002,train,Moderately Suitable
COL-OSM-42-000652,6.85989473976381,80.06396740918657,g_342_4003,train,Unsuitable
COL-OSM-42-000653,6.761503797146022,79.92691522118022,g_338_3996,train,Suitable
COL-OSM-42-000654,6.881052982480095,79.99053714140933,g_344_3999,train,Suitable
COL-OSM-42-000655,6.8520506693249095,80.12673838210054,g_342_4006,train,Suitable
COL-OSM-42-000656,6.924574424120366,80.15432001018168,g_346_4007,train,Suitable
COL-OSM-42-000657,6.890459022994074,80.0477738619501,g_344_4002,train,Moderately Suitable
COL-OSM-42-000658,6.875224710682418,79.9771734846644,g_343_3998,train,Moderately Suitable
COL-OSM-42-000659,6.932068597307553,79.93113554260174,g_346_3996,test,Moderately Suitable
COL-OSM-42-000660,6.899004108689645,79.9488215527769,g_344_3997,test,Suitable
COL-OSM-42-000661,6.9055713184499,80.04892691870322,g_345_4002,train,Moderately Suitable
COL-OSM-42-000662,6.768014115517523,79.90768167128826,g_338_3995,train,Suitable
COL-OSM-42-000663,6.854581558098784,80.18157999742834,g_342_4009,train,Moderately Suitable
COL-OSM-42-000664,6.890603417817881,79.89149559050153,g_344_3994,train,Suitable
COL-OSM-42-000665,6.800220076575871,80.01359598254624,g_340_4000,train,Suitable
COL-OSM-42-000666,6.795888547514046,79.90884639749397,g_339_3995,train,Moderately Suitable
COL-OSM-42-000667,6.8147248391543735,80.09526963972992,g_340_4004,train,Moderately Suitable
COL-OSM-42-000668,6.876397906713264,79.90841040427578,g_343_3995,train,Suitable
COL-OSM-42-000669,6.923210801618473,79.86226703578807,g_346_3993,train,Suitable
COL-OSM-42-000670,6.8122587624937125,79.90555708722714,g_340_3995,test,Suitable
COL-OSM-42-000671,6.881747096960025,79.99217432492428,g_344_3999,train,Suitable
COL-OSM-42-000672,6.843490238089902,79.8931729213773,g_342_3994,train,Suitable
COL-OSM-42-000673,6.940370584826044,79.87653338249449,g_347_3993,train,Suitable
COL-OSM-42-000674,6.866613220863422,80.16783775010201,g_343_4008,train,Moderately Suitable
COL-OSM-42-000675,6.792404855181,79.95108890279691,g_339_3997,test,Suitable
COL-OSM-42-000676,6.902380358304537,79.96729292780492,g_345_3998,train,Unsuitable
COL-OSM-42-000677,6.933344290528575,79.84464778887057,g_346_3992,train,Suitable
COL-OSM-42-000678,6.839072232406161,79.96593231224043,g_341_3998,train,Unsuitable
COL-OSM-42-000679,6.924489635273682,80.17911252958282,g_346_4008,train,Suitable
COL-OSM-42-000680,6.85751350038654,79.86253766300433,g_342_3993,train,Moderately Suitable
COL-OSM-42-000681,6.851964766002003,79.86557757218719,g_342_3993,train,Moderately Suitable
COL-OSM-42-000682,6.942209057920288,79.86875863215599,g_347_3993,train,Suitable
COL-OSM-42-000683,6.877733442413521,80.07119825143884,g_343_4003,train,Suitable
COL-OSM-42-000684,6.858283014728887,79.87142542364205,g_342_3993,train,Moderately Suitable
COL-OSM-42-000685,6.834516378258042,80.12527750248398,g_341_4006,test,Suitable
COL-OSM-42-000686,6.956731832776496,80.15158894282114,g_347_4007,train,Moderately Suitable
COL-OSM-42-000687,6.904546787760242,80.03365706909365,g_345_4001,train,Moderately Suitable
COL-OSM-42-000688,6.950338649599934,79.84019332853089,g_347_3992,train,Suitable
COL-OSM-42-000689,6.935099539915822,79.98355508392036,g_346_3999,test,Suitable
COL-OSM-42-000690,6.860669757573913,79.95250990075682,g_343_3997,train,Moderately Suitable
COL-OSM-42-000691,6.864855465759657,80.05405204481502,g_343_4002,train,Unsuitable
COL-OSM-42-000692,6.800509497650596,79.89084554299738,g_340_3994,train,Suitable
COL-OSM-42-000693,6.81045622682276,80.02065399721025,g_340_4001,train,Suitable
COL-OSM-42-000694,6.943966940885269,80.21224174850143,g_347_4010,train,Suitable
COL-OSM-42-000695,6.904048495289823,79.87386784027963,g_345_3993,train,Unsuitable
COL-OSM-42-000696,6.916537705051418,79.95136528561775,g_345_3997,train,Suitable
COL-OSM-42-000697,6.819659818664339,79.90002606610763,g_340_3995,test,Moderately Suitable
COL-OSM-42-000698,6.889930518823255,79.86392371542975,g_344_3993,train,Moderately Suitable
COL-OSM-42-000699,6.878075262913155,80.17019147093771,g_343_4008,train,Moderately Suitable
COL-OSM-42-000700,6.906386829789007,79.96645549835135,g_345_3998,train,Suitable
COL-OSM-42-000701,6.963228487046216,80.19453065433018,g_348_4009,train,Suitable
COL-OSM-42-000702,6.958194223857982,80.19694359559223,g_347_4009,train,Moderately Suitable
COL-OSM-42-000703,6.927322497677039,79.97963149944577,g_346_3998,train,Suitable
COL-OSM-42-000704,6.868003465557895,80.00354100108417,g_343_4000,train,Suitable
COL-OSM-42-000705,6.813270986501182,80.00786542637458,g_340_4000,train,Moderately Suitable
COL-OSM-42-000706,6.887119176778801,79.96125964711356,g_344_3998,train,Suitable
COL-OSM-42-000707,6.897985365470561,79.86045350331753,g_344_3993,train,Moderately Suitable
COL-OSM-42-000708,6.956680776142085,80.11276853797763,g_347_4005,train,Suitable
COL-OSM-42-000709,6.886295218086662,79.97866986523655,g_344_3998,train,Unsuitable
COL-OSM-42-000710,6.836645228409576,79.90858973530129,g_341_3995,test,Suitable
COL-OSM-42-000711,6.890711511605038,80.04835573316518,g_344_4002,train,Suitable
COL-OSM-42-000712,6.949023302048255,80.1257865806548,g_347_4006,train,Suitable
COL-OSM-42-000713,6.842178952873632,79.92580623653512,g_342_3996,train,Suitable
COL-OSM-42-000714,6.856585779198333,80.15439163177601,g_342_4007,train,Suitable
COL-OSM-42-000715,6.835618146632432,80.19482592455334,g_341_4009,train,Moderately Suitable
COL-OSM-42-000716,6.820232207808813,80.20205846404765,g_341_4010,test,Unsuitable
COL-OSM-42-000717,6.818172726480503,79.98003006315992,g_340_3999,train,Moderately Suitable
COL-OSM-42-000718,6.822342185079902,80.0549017879366,g_341_4002,train,Suitable
COL-OSM-42-000719,6.837249434016598,80.12093696110387,g_341_4006,test,Suitable
COL-OSM-42-000720,6.96263353062638,80.13827645804601,g_348_4006,train,Unsuitable
COL-OSM-42-000721,6.909590193757843,79.95523164246892,g_345_3997,train,Suitable
COL-OSM-42-000722,6.829320607258632,80.0493214752599,g_341_4002,train,Unsuitable
COL-OSM-42-000723,6.78892267833923,79.93099303058916,g_339_3996,test,Moderately Suitable
COL-OSM-42-000724,6.828681360572843,79.88693002955785,g_341_3994,train,Unsuitable
COL-OSM-42-000725,6.811354136585787,80.03784338206732,g_340_4001,train,Suitable
COL-OSM-42-000726,6.955054364379902,80.16597501229317,g_347_4008,train,Suitable
COL-OSM-42-000727,6.886109417854887,79.89777820972597,g_344_3994,train,Suitable
COL-OSM-42-000728,6.845136297317859,80.06104237772605,g_342_4003,train,Moderately Suitable
COL-OSM-42-000729,6.860705022604748,79.86304958409147,g_343_3993,train,Moderately Suitable
COL-OSM-42-000730,6.858049720661846,80.06623692434978,g_342_4003,train,Suitable
COL-OSM-42-000731,6.805676135571276,79.99307577173713,g_340_3999,train,Moderately Suitable
COL-OSM-42-000732,6.842074486319143,79.97099678505077,g_342_3998,test,Suitable
COL-OSM-42-000733,6.785605967950029,79.9901208968763,g_339_3999,train,Suitable
COL-OSM-42-000734,6.868304303319018,79.94442422454289,g_343_3997,train,Moderately Suitable
COL-OSM-42-000735,6.845324572230269,80.17347939010877,g_342_4008,train,Moderately Suitable
COL-OSM-42-000736,6.903665117912257,80.03140758536787,g_345_4001,train,Moderately Suitable
COL-OSM-42-000737,6.889703894798454,79.888055512541,g_344_3994,train,Moderately Suitable
COL-OSM-42-000738,6.842693915052274,80.09077464598231,g_342_4004,train,Moderately Suitable
COL-OSM-42-000739,6.920059908399158,79.97370657983254,g_346_3998,train,Suitable
COL-OSM-42-000740,6.934223706077041,79.83855528341016,g_346_3991,train,Moderately Suitable
COL-OSM-42-000741,6.923632263653304,79.87851329596663,g_346_3993,train,Suitable
COL-OSM-42-000742,6.9387346337126345,80.20278107627061,g_346_4010,train,Suitable
COL-OSM-42-000743,6.857892115024384,79.98505221389901,g_342_3999,train,Suitable
COL-OSM-42-000744,6.934069323220784,80.1472372798438,g_346_4007,train,Moderately Suitable
COL-OSM-42-000745,6.969805044294654,80.17230501499128,g_348_4008,train,Moderately Suitable
COL-OSM-42-000746,6.8285349673692055,80.0770859168142,g_341_4003,train,Moderately Suitable
COL-OSM-42-000747,6.808522266264128,79.99470042478744,g_340_3999,train,Suitable
COL-OSM-42-000748,6.810059451471542,79.99552353825003,g_340_3999,train,Suitable
COL-OSM-42-000749,6.925259403777182,79.838677418957,g_346_3991,train,Suitable
COL-OSM-42-000750,6.861394237178182,80.10581631977594,g_343_4005,train,Unsuitable
COL-OSM-42-000751,6.749510784105111,79.94360853212564,g_337_3997,train,Unsuitable
COL-OSM-42-000752,6.942746725267552,80.15757040358478,g_347_4007,train,Moderately Suitable
COL-OSM-42-000753,6.954125108463146,79.88499065984706,g_347_3994,train,Suitable
COL-OSM-42-000754,6.818994477694663,80.03720513283679,g_340_4001,train,Suitable
COL-OSM-42-000755,6.919859975735489,79.98193648225605,g_345_3999,train,Unsuitable
COL-OSM-42-000756,6.85818893398953,80.00111994318726,g_342_4000,train,Moderately Suitable
COL-OSM-42-000757,6.852343786050392,79.94717734890283,g_342_3997,test,Suitable
COL-OSM-42-000758,6.8594465649744,79.8984824723277,g_342_3994,train,Moderately Suitable
COL-OSM-42-000759,6.97038481731916,80.20962754687804,g_348_4010,train,Moderately Suitable
COL-OSM-42-000760,6.868358298495099,79.86031149657188,g_343_3993,train,Unsuitable
COL-OSM-42-000761,6.871960917782556,80.17065655038735,g_343_4008,train,Moderately Suitable
COL-OSM-42-000762,6.918702715883846,80.15568810577479,g_345_4007,train,Suitable
COL-OSM-42-000763,6.890313093191086,79.87341925348576,g_344_3993,train,Unsuitable
COL-OSM-42-000764,6.937465740670398,80.14194545597539,g_346_4007,train,Suitable
COL-OSM-42-000765,6.83801962905672,80.18335052266127,g_341_4009,train,Moderately Suitable
COL-OSM-42-000766,6.790506523787423,80.00569183282113,g_339_4000,train,Suitable
COL-OSM-42-000767,6.847303907623776,79.97756370643535,g_342_3998,test,Moderately Suitable
COL-OSM-42-000768,6.914386594927123,79.96763030242259,g_345_3998,train,Suitable
COL-OSM-42-000769,6.764979598908953,79.97963746619165,g_338_3998,train,Suitable
COL-OSM-42-000770,6.874677696141018,80.13555452731553,g_343_4006,train,Suitable
COL-OSM-42-000771,6.936652080288754,80.19610245808977,g_346_4009,train,Suitable
COL-OSM-42-000772,6.887573766462746,80.06824813213838,g_344_4003,train,Suitable
COL-OSM-42-000773,6.810444775811222,80.02951995507532,g_340_4001,train,Moderately Suitable
COL-OSM-42-000774,6.95893964987401,80.21477423751149,g_347_4010,train,Suitable
COL-OSM-42-000775,6.933046117495461,79.8421776226902,g_346_3992,train,Suitable
COL-OSM-42-000776,6.905133640817686,79.88412515002396,g_345_3994,train,Moderately Suitable
COL-OSM-42-000777,6.728198826934463,79.90079525473564,g_336_3995,train,Suitable
COL-OSM-42-000778,6.889168429921028,80.0507233385322,g_344_4002,train,Suitable
COL-OSM-42-000779,6.813547549051844,80.03813684237464,g_340_4001,train,Unsuitable
COL-OSM-42-000780,6.840998488299609,80.07377582541605,g_342_4003,train,Moderately Suitable
COL-OSM-42-000781,6.8453748852865175,79.90350238795133,g_342_3995,train,Moderately Suitable
COL-OSM-42-000782,6.82656431883422,80.16938540365264,g_341_4008,train,Moderately Suitable
COL-OSM-42-000783,6.909711246827568,79.9131625010721,g_345_3995,test,Suitable
COL-OSM-42-000784,6.929871562131351,79.9982395831596,g_346_3999,test,Suitable
COL-OSM-42-000785,6.888965545867423,79.97433922600146,g_344_3998,train,Suitable
COL-OSM-42-000786,6.843503748440201,80.13190248054484,g_342_4006,train,Suitable
COL-OSM-42-000787,6.86751418560447,80.03944476285234,g_343_4001,train,Moderately Suitable
COL-OSM-42-000788,6.771908818065032,79.9970023176685,g_338_3999,train,Unsuitable
COL-OSM-42-000789,6.763243225273996,79.91425315919973,g_338_3995,train,Suitable
COL-OSM-42-000790,6.923040464635803,80.11228395159699,g_346_4005,test,Suitable
COL-OSM-42-000791,6.874332664292719,79.89025612034132,g_343_3994,train,Suitable
COL-OSM-42-000792,6.9317244054034965,79.89789635756784,g_346_3994,train,Suitable
COL-OSM-42-000793,6.837853694956392,80.02225010171382,g_341_4001,test,Suitable
COL-OSM-42-000794,6.8183013276058455,80.03104311031211,g_340_4001,train,Suitable
COL-OSM-42-000795,6.853943022278894,80.02648371438825,g_342_4001,train,Moderately Suitable
COL-OSM-42-000796,6.842980514815025,79.99776822381031,g_342_3999,train,Suitable
COL-OSM-42-000797,6.828203596786096,80.01768652792137,g_341_4000,train,Suitable
COL-OSM-42-000798,6.849028744928373,79.99178571097382,g_342_3999,train,Suitable
COL-OSM-42-000799,6.86158499008315,80.06051401457675,g_343_4003,train,Moderately Suitable
COL-OSM-42-000800,6.919720901187358,79.91398102892629,g_345_3995,test,Suitable
COL-OSM-42-000801,6.848864929745028,80.07581365407174,g_342_4003,train,Suitable
COL-OSM-42-000802,6.891260959739585,79.96203963953731,g_344_3998,train,Suitable
COL-OSM-42-000803,6.848669008114043,80.09218921334804,g_342_4004,train,Moderately Suitable
COL-OSM-42-000804,6.765378213155734,79.97136933293017,g_338_3998,train,Moderately Suitable
COL-OSM-42-000805,6.833316843935742,79.99311687523249,g_341_3999,train,Moderately Suitable
COL-OSM-42-000806,6.856907081860629,80.14850326660189,g_342_4007,train,Suitable
COL-OSM-42-000807,6.910881317432339,80.02550789534223,g_345_4001,train,Suitable
COL-OSM-42-000808,6.940843827930812,80.0070189429111,g_347_4000,train,Suitable
COL-OSM-42-000809,6.880563442787716,79.90897361095102,g_344_3995,train,Moderately Suitable
COL-OSM-42-000810,6.870494144842457,80.12163708157372,g_343_4006,train,Moderately Suitable
COL-OSM-42-000811,6.875690195431723,79.87511343221786,g_343_3993,train,Suitable
COL-OSM-42-000812,6.860269521979864,79.90218411767272,g_343_3995,train,Suitable
COL-OSM-42-000813,6.900973852419594,80.1224665066377,g_345_4006,test,Suitable
COL-OSM-42-000814,6.905769655774694,80.18165081281904,g_345_4009,train,Suitable
COL-OSM-42-000815,6.851577116343323,79.93189421958542,g_342_3996,train,Suitable
COL-OSM-42-000816,6.946722026112963,79.8669109836931,g_347_3993,train,Suitable
COL-OSM-42-000817,6.8117505915899015,79.88445486150738,g_340_3994,train,Moderately Suitable
COL-OSM-42-000818,6.720576469584289,79.90181609535895,g_336_3995,train,Suitable
COL-OSM-42-000819,6.808861903788107,80.03499430455608,g_340_4001,train,Suitable
COL-OSM-42-000820,6.838185578595943,80.17688841734861,g_341_4008,train,Moderately Suitable
COL-OSM-42-000821,6.922830140501094,79.96605797635087,g_346_3998,train,Suitable
COL-OSM-42-000822,6.920377663634411,80.01452465642595,g_346_4000,train,Moderately Suitable
COL-OSM-42-000823,6.817140253584805,79.88164570448912,g_340_3994,train,Moderately Suitable
COL-OSM-42-000824,6.761161778531875,79.93223274307938,g_338_3996,train,Moderately Suitable
COL-OSM-42-000825,6.81935740292252,80.04336433865707,g_340_4002,train,Moderately Suitable
COL-OSM-42-000826,6.850254379863982,80.1364945154879,g_342_4006,train,Suitable
COL-OSM-42-000827,6.9340301943026255,80.12275569881804,g_346_4006,train,Moderately Suitable
COL-OSM-42-000828,6.786606186838334,80.00241452267001,g_339_4000,train,Moderately Suitable
COL-OSM-42-000829,6.966967846831186,80.15188933433407,g_348_4007,train,Suitable
COL-OSM-42-000830,6.817303188010998,79.91911397473486,g_340_3995,test,Moderately Suitable
COL-OSM-42-000831,6.887711184615844,79.96731375414984,g_344_3998,train,Moderately Suitable
COL-OSM-42-000832,6.861760630708025,80.01014042161347,g_343_4000,train,Suitable
COL-OSM-42-000833,6.796513170539763,79.97985955303659,g_339_3998,train,Unsuitable
COL-OSM-42-000834,6.856752451720228,79.91918384909451,g_342_3995,train,Moderately Suitable
COL-OSM-42-000835,6.950396538061792,79.87500710691265,g_347_3993,train,Suitable
COL-OSM-42-000836,6.893792015038311,79.99863308084971,g_344_3999,train,Suitable
COL-OSM-42-000837,6.794648010737766,79.94409020361833,g_339_3997,test,Moderately Suitable
COL-OSM-42-000838,6.774133825984682,79.97071112673332,g_338_3998,train,Moderately Suitable
COL-OSM-42-000839,6.896927871511345,79.91720464842152,g_344_3995,train,Moderately Suitable
COL-OSM-42-000840,6.9597864310484,80.12884417399208,g_347_4006,train,Moderately Suitable
COL-OSM-42-000841,6.800823224862229,80.0223641802916,g_340_4001,train,Suitable
COL-OSM-42-000842,6.9528331380112265,80.17060405228116,g_347_4008,train,Suitable
COL-OSM-42-000843,6.832308524627967,80.1872394542707,g_341_4009,train,Moderately Suitable
COL-OSM-42-000844,6.888169612397187,79.9860030317804,g_344_3999,train,Moderately Suitable
COL-OSM-42-000845,6.955318888141596,80.14082792269238,g_347_4007,train,Suitable
COL-OSM-42-000846,6.925524694854489,79.93008703429619,g_346_3996,test,Suitable
COL-OSM-42-000847,6.8627367683942655,80.0658707684717,g_343_4003,train,Moderately Suitable
COL-OSM-42-000848,6.815665600063642,80.1993627622401,g_340_4009,test,Moderately Suitable
COL-OSM-42-000849,6.879624427706507,79.941414390128,g_343_3997,train,Suitable
COL-OSM-42-000850,6.832144944773913,79.89062825810272,g_341_3994,train,Suitable
COL-OSM-42-000851,6.814000341345562,79.90081986047315,g_340_3995,test,Moderately Suitable
COL-OSM-42-000852,6.933643973694258,80.20357347347418,g_346_4010,train,Moderately Suitable
COL-OSM-42-000853,6.930984005584006,79.98420331919498,g_346_3999,test,Moderately Suitable
COL-OSM-42-000854,6.8791492051257,80.15733483063906,g_343_4007,train,Moderately Suitable
COL-OSM-42-000855,6.79490018536719,79.89950930636354,g_339_3994,test,Moderately Suitable
COL-OSM-42-000856,6.902411960445529,79.8929015048597,g_345_3994,train,Suitable
COL-OSM-42-000857,6.874842738471405,79.92873270932994,g_343_3996,train,Suitable
COL-OSM-42-000858,6.977063885494048,79.87868663191865,g_348_3993,test,Moderately Suitable
COL-OSM-42-000859,6.851613975729774,80.09453960426184,g_342_4004,train,Suitable
COL-OSM-42-000860,6.867894999430971,80.14944709423568,g_343_4007,train,Suitable
COL-OSM-42-000861,6.922323578690272,80.20968603790588,g_346_4010,train,Moderately Suitable
COL-OSM-42-000862,6.8011104947233685,79.99507416698654,g_340_3999,train,Suitable
COL-OSM-42-000863,6.919597343596992,79.92404473085783,g_345_3996,train,Moderately Suitable
COL-OSM-42-000864,6.912653837095175,80.13391701841599,g_345_4006,test,Moderately Suitable
COL-OSM-42-000865,6.892899548210759,80.13233451695929,g_344_4006,train,Moderately Suitable
COL-OSM-42-000866,6.825733391467266,79.97434251480402,g_341_3998,train,Suitable
COL-OSM-42-000867,6.930384995356458,79.90800196425674,g_346_3995,train,Suitable
COL-OSM-42-000868,6.897394487249924,80.05176622248015,g_344_4002,train,Suitable
COL-OSM-42-000869,6.93985503243076,79.83797286725195,g_346_3991,train,Suitable
COL-OSM-42-000870,6.800378342041783,79.905963744359,g_340_3995,test,Suitable
COL-OSM-42-000871,6.912562441296671,80.0307881930979,g_345_4001,train,Suitable
COL-OSM-42-000872,6.826284255932381,79.98113408018371,g_341_3999,train,Suitable
COL-OSM-42-000873,6.955098065965156,79.89827086774227,g_347_3994,train,Moderately Suitable
COL-OSM-42-000874,6.728349362150016,79.90094443641408,g_336_3995,train,Moderately Suitable
COL-OSM-42-000875,6.850618458883062,80.01493100629149,g_342_4000,train,Suitable
COL-OSM-42-000876,6.901948541328713,80.16845301937676,g_345_4008,train,Moderately Suitable
COL-OSM-42-000877,6.868722026940898,80.09963563108987,g_343_4004,train,Suitable
COL-OSM-42-000878,6.847441007040295,79.98439393622161,g_342_3999,train,Suitable
COL-OSM-42-000879,6.967681801375004,80.19315664534356,g_348_4009,train,Suitable
COL-OSM-42-000880,6.867564941652532,79.92117052389932,g_343_3996,train,Suitable
COL-OSM-42-000881,6.81448192635129,80.11545898344343,g_340_4005,train,Moderately Suitable
COL-OSM-42-000882,6.9585761698855375,79.8617174307288,g_347_3993,train,Suitable
COL-OSM-42-000883,6.802311259932428,80.01044026787184,g_340_4000,train,Moderately Suitable
COL-OSM-42-000884,6.902696742391991,79.90297855456151,g_345_3995,test,Suitable
COL-OSM-42-000885,6.899894769754059,79.89688131217113,g_344_3994,train,Moderately Suitable
COL-OSM-42-000886,6.782832468622314,80.00867246597576,g_339_4000,train,Suitable
COL-OSM-42-000887,6.901494893651191,80.14472847937678,g_345_4007,train,Moderately Suitable
COL-OSM-42-000888,6.933269326586205,79.92926231658232,g_346_3996,test,Moderately Suitable
COL-OSM-42-000889,6.774475159930109,79.93251565735474,g_338_3996,train,Moderately Suitable
COL-OSM-42-000890,6.855764233741849,79.92472466474058,g_342_3996,train,Moderately Suitable
COL-OSM-42-000891,6.917845239810041,79.98386937022315,g_345_3999,train,Moderately Suitable
COL-OSM-42-000892,6.926255442363084,79.9126648825981,g_346_3995,train,Suitable
COL-OSM-42-000893,6.921737850094528,80.16237337401186,g_346_4008,train,Moderately Suitable
COL-OSM-42-000894,6.8277124306200125,79.88747332528075,g_341_3994,train,Suitable
COL-OSM-42-000895,6.889216815193692,80.13677316907302,g_344_4006,train,Moderately Suitable
COL-OSM-42-000896,6.835199686010833,80.16411017191925,g_341_4008,train,Suitable
COL-OSM-42-000897,6.920462667378951,80.16305977295266,g_346_4008,train,Moderately Suitable
COL-OSM-42-000898,6.813131100653495,79.91385792725414,g_340_3995,test,Moderately Suitable
COL-OSM-42-000899,6.851370244846286,80.17070492741334,g_342_4008,train,Suitable
COL-OSM-42-000900,6.963991073214525,80.12756403635697,g_348_4006,train,Unsuitable
COL-OSM-42-000901,6.8220933161038,79.87396445381644,g_341_3993,train,Moderately Suitable
COL-OSM-42-000902,6.839750730180436,80.1359433576955,g_341_4006,test,Unsuitable
COL-OSM-42-000903,6.785885175551927,80.11488075042357,g_339_4005,train,Moderately Suitable
COL-OSM-42-000904,6.957647811473855,80.1744203944166,g_347_4008,train,Suitable
COL-OSM-42-000905,6.893398487886267,80.15186880352027,g_344_4007,train,Suitable
COL-OSM-42-000906,6.835415604681136,80.12330279852564,g_341_4006,test,Unsuitable
COL-OSM-42-000907,6.941497348712147,79.9380240535579,g_347_3996,test,Suitable
COL-OSM-42-000908,6.937156272134486,79.91814460260765,g_346_3995,train,Suitable
COL-OSM-42-000909,6.84753790240989,80.02434869260529,g_342_4001,train,Moderately Suitable
COL-OSM-42-000910,6.894307631577872,80.02531302362733,g_344_4001,train,Suitable
COL-OSM-42-000911,6.814776187267128,80.05637391712116,g_340_4002,train,Moderately Suitable
COL-OSM-42-000912,6.813334578994706,79.9810807581289,g_340_3999,train,Suitable
COL-OSM-42-000913,6.827999804430923,80.18906434899165,g_341_4009,train,Unsuitable
COL-OSM-42-000914,6.823896551226535,79.92151156131912,g_341_3996,train,Unsuitable
COL-OSM-42-000915,6.775098729142902,80.11815204941713,g_338_4005,train,Suitable
COL-OSM-42-000916,6.87062677230373,80.032464684718,g_343_4001,train,Suitable
COL-OSM-42-000917,6.79981632369626,79.89814794224527,g_339_3994,test,Moderately Suitable
COL-OSM-42-000918,6.9360524817425775,80.14172211418636,g_346_4007,train,Suitable
COL-OSM-42-000919,6.868900259736134,80.11225566895253,g_343_4005,train,Moderately Suitable
COL-OSM-42-000920,6.862228006494271,79.96379690044103,g_343_3998,train,Unsuitable
COL-OSM-42-000921,6.886087336072108,80.07868743833183,g_344_4003,train,Suitable
COL-OSM-42-000922,6.828966258529607,80.01272919579822,g_341_4000,train,Suitable
COL-OSM-42-000923,6.8384274965905725,79.98801542324414,g_341_3999,train,Moderately Suitable
COL-OSM-42-000924,6.892423135251497,79.93649702664085,g_344_3996,train,Moderately Suitable
COL-OSM-42-000925,6.830932593718061,80.13873539656247,g_341_4006,test,Moderately Suitable
COL-OSM-42-000926,6.922518662575213,79.97613514910874,g_346_3998,train,Moderately Suitable
COL-OSM-42-000927,6.7880975143177125,79.94343007397724,g_339_3997,test,Suitable
COL-OSM-42-000928,6.858871265151476,79.95769687508874,g_342_3997,test,Suitable
COL-OSM-42-000929,6.831721528924978,80.15551797374869,g_341_4007,train,Moderately Suitable
COL-OSM-42-000930,6.944886911713321,79.91084557653397,g_347_3995,test,Suitable
COL-OSM-42-000931,6.8214690705691625,80.04869731655556,g_341_4002,train,Suitable
COL-OSM-42-000932,6.779387840444142,79.92588261821646,g_338_3996,train,Suitable
COL-OSM-42-000933,6.934212379964317,80.17037784483419,g_346_4008,train,Moderately Suitable
COL-OSM-42-000934,6.820791511696969,80.12198400847609,g_341_4006,test,Unsuitable
COL-OSM-42-000935,6.911655937542546,80.17804449946475,g_345_4008,train,Moderately Suitable
COL-OSM-42-000936,6.832403593347774,79.90914610305131,g_341_3995,test,Moderately Suitable
COL-OSM-42-000937,6.832443676890298,80.13531368384993,g_341_4006,test,Unsuitable
COL-OSM-42-000938,6.850303071625742,79.92109992736692,g_342_3996,train,Unsuitable
COL-OSM-42-000939,6.837052281382162,79.91509653350325,g_341_3995,test,Suitable
COL-OSM-42-000940,6.932328055985397,79.83337111879166,g_346_3991,train,Moderately Suitable
COL-OSM-42-000941,6.957478777510023,80.20727576081697,g_347_4010,train,Suitable
COL-OSM-42-000942,6.924495697164389,80.10751048406762,g_346_4005,test,Unsuitable
COL-OSM-42-000943,6.870265851491663,80.07761823723426,g_343_4003,train,Unsuitable
COL-OSM-42-000944,6.859278301128001,80.12115165312329,g_342_4006,train,Suitable
COL-OSM-42-000945,6.886703637073752,80.03588620165328,g_344_4001,train,Moderately Suitable
COL-OSM-42-000946,6.79185686576761,80.01361287025031,g_339_4000,train,Moderately Suitable
COL-OSM-42-000947,6.93115973905708,80.00293306772967,g_346_4000,train,Suitable
COL-OSM-42-000948,6.786377136755487,79.9033689881914,g_339_3995,train,Suitable
COL-OSM-42-000949,6.95534327318303,80.17898937466579,g_347_4008,train,Unsuitable
COL-OSM-42-000950,6.940965362124103,80.14835448492512,g_347_4007,train,Suitable
COL-OSM-42-000951,6.828185182269194,79.96279841315354,g_341_3998,train,Suitable
COL-OSM-42-000952,6.808767359705144,79.9558125655154,g_340_3997,test,Moderately Suitable
COL-OSM-42-000953,6.783052333634562,79.9074789375678,g_339_3995,train,Suitable
COL-OSM-42-000954,6.88410151564373,79.87067935362222,g_344_3993,train,Suitable
COL-OSM-42-000955,6.975262332741721,79.87567023913687,g_348_3993,test,Suitable
COL-OSM-42-000956,6.899145213949278,80.15457820152858,g_344_4007,train,Suitable
COL-OSM-42-000957,6.968583022031307,80.17662726121878,g_348_4008,train,Suitable
COL-OSM-42-000958,6.897187046439488,80.07878538751746,g_344_4003,train,Unsuitable
COL-OSM-42-000959,6.82901439094162,80.03207710061726,g_341_4001,test,Moderately Suitable
COL-OSM-42-000960,6.768921965205234,79.96139334433448,g_338_3998,train,Suitable
COL-OSM-42-000961,6.903202314814276,80.0102078340722,g_345_4000,train,Suitable
COL-OSM-42-000962,6.918260677895484,79.89059378419239,g_345_3994,train,Unsuitable
COL-OSM-42-000963,6.849565894913881,79.92712363598471,g_342_3996,train,Unsuitable
COL-OSM-42-000964,6.774619739232071,79.88409693204801,g_338_3994,train,Suitable
COL-OSM-42-000965,6.816074426742393,79.92136188767951,g_340_3996,test,Moderately Suitable
COL-OSM-42-000966,6.97190920863633,80.16052623974468,g_348_4008,train,Unsuitable
COL-OSM-42-000967,6.899602570614402,79.95502497601471,g_344_3997,test,Suitable
COL-OSM-42-000968,6.940402182169236,80.09788838868873,g_347_4004,train,Moderately Suitable
COL-OSM-42-000969,6.85905223642936,80.166283146023,g_342_4008,train,Moderately Suitable
COL-OSM-42-000970,6.904850673049092,80.12959449209265,g_345_4006,test,Suitable
COL-OSM-42-000971,6.848410361868928,79.9459774605666,g_342_3997,test,Suitable
COL-OSM-42-000972,6.824980020656781,80.09903322079208,g_341_4004,train,Unsuitable
COL-OSM-42-000973,6.910819240482555,79.94090033602464,g_345_3997,train,Unsuitable
COL-OSM-42-000974,6.8162396309093305,80.04498865371848,g_340_4002,train,Moderately Suitable
COL-OSM-42-000975,6.809490956907436,79.87668906039524,g_340_3993,train,Suitable
COL-OSM-42-000976,6.843846227995718,80.10089565854727,g_342_4005,train,Suitable
COL-OSM-42-000977,6.897729228518545,80.09649859238831,g_344_4004,train,Suitable
COL-OSM-42-000978,6.922968393698294,79.85219552916968,g_346_3992,train,Suitable
COL-OSM-42-000979,6.805572701911366,80.00185174224596,g_340_4000,train,Unsuitable
COL-OSM-42-000980,6.871862235753436,79.99949260534402,g_343_3999,train,Unsuitable
COL-OSM-42-000981,6.9018007290797225,80.1207146853126,g_345_4006,test,Suitable
COL-OSM-42-000982,6.781981745233288,79.9176321420946,g_339_3995,train,Moderately Suitable
COL-OSM-42-000983,6.862633463396868,80.15558000166544,g_343_4007,train,Moderately Suitable
COL-OSM-42-000984,6.862638287996914,80.12774662664071,g_343_4006,train,Unsuitable
COL-OSM-42-000985,6.890614534140445,80.01217646682215,g_344_4000,train,Suitable
COL-OSM-42-000986,6.836481972835598,80.07125852573587,g_341_4003,train,Suitable
COL-OSM-42-000987,6.869005079536797,80.01990746118142,g_343_4000,train,Suitable
COL-OSM-42-000988,6.929167139044674,80.19248940469586,g_346_4009,train,Moderately Suitable
COL-OSM-42-000989,6.8996129607930765,79.89507836246283,g_344_3994,train,Suitable
COL-OSM-42-000990,6.875805587126296,79.90954409572713,g_343_3995,train,Suitable
COL-OSM-42-000991,6.906414039247797,79.99587253963468,g_345_3999,train,Unsuitable
COL-OSM-42-000992,6.912422107684158,80.13128797375865,g_345_4006,test,Suitable
COL-OSM-42-000993,6.850169784602246,79.95343396726535,g_342_3997,test,Moderately Suitable
COL-OSM-42-000994,6.772494921810774,79.98796872483415,g_338_3999,train,Moderately Suitable
COL-OSM-42-000995,6.902273533847918,80.12743402696107,g_345_4006,test,Moderately Suitable
COL-OSM-42-000996,6.860753530674568,79.91506956260578,g_343_3995,train,Moderately Suitable
COL-OSM-42-000997,6.938580413883223,80.18610874970548,g_346_4009,train,Moderately Suitable
COL-OSM-42-000998,6.869855849414259,80.02327865293172,g_343_4001,train,Moderately Suitable
COL-OSM-42-000999,6.843859037044876,80.1260088379282,g_342_4006,train,Moderately Suitable
COL-OSM-42-001000,6.767676541385906,79.91236626376683,g_338_3995,train,Suitable
COL-OSM-42-001001,6.7797342072821385,79.9376376513486,g_338_3996,train,Suitable
COL-OSM-42-001002,6.939066190328797,79.92300023465826,g_346_3996,test,Moderately Suitable
COL-OSM-42-001003,6.91237722188237,79.927993848009,g_345_3996,train,Suitable
COL-OSM-42-001004,6.878265302083491,80.05629378009084,g_343_4002,train,Suitable
COL-OSM-42-001005,6.848248068353229,80.03394320033367,g_342_4001,train,Suitable
COL-OSM-42-001006,6.838716066260235,80.16771275464664,g_341_4008,train,Moderately Suitable
COL-OSM-42-001007,6.871856830775862,80.03465320345896,g_343_4001,train,Moderately Suitable
COL-OSM-42-001008,6.899889415157021,80.15681940526646,g_344_4007,train,Moderately Suitable
COL-OSM-42-001009,6.887661528020438,79.93050673199106,g_344_3996,train,Moderately Suitable
COL-OSM-42-001010,6.921956063773716,79.95127071783165,g_346_3997,test,Suitable
COL-OSM-42-001011,6.802910869482702,79.98638870021253,g_340_3999,train,Suitable
COL-OSM-42-001012,6.903681060869613,80.12323105363201,g_345_4006,test,Moderately Suitable
COL-OSM-42-001013,6.810965841360101,79.95521595701916,g_340_3997,test,Suitable
COL-OSM-42-001014,6.794569531044756,79.87353596358619,g_339_3993,test,Suitable
COL-OSM-42-001015,6.903056513508802,80.16391897420709,g_345_4008,train,Moderately Suitable
COL-OSM-42-001016,6.8905532128415805,80.0016283212667,g_344_4000,train,Suitable
COL-OSM-42-001017,6.857695012738158,79.91394088743036,g_342_3995,train,Suitable
COL-OSM-42-001018,6.957458385340231,80.12731280142606,g_347_4006,train,Suitable
COL-OSM-42-001019,6.817276014782682,79.9494686617007,g_340_3997,test,Suitable
COL-OSM-42-001020,6.889698560038854,79.89351943707946,g_344_3994,train,Moderately Suitable
COL-OSM-42-001021,6.870610745483421,80.0857731499664,g_343_4004,train,Moderately Suitable
COL-OSM-42-001022,6.810769110474287,80.0560057462308,g_340_4002,train,Suitable
COL-OSM-42-001023,6.966600745618926,80.16322492230438,g_348_4008,train,Moderately Suitable
COL-OSM-42-001024,6.891507894952524,79.8848459082517,g_344_3994,train,Moderately Suitable
COL-OSM-42-001025,6.879843426187876,80.00025094248647,g_343_4000,train,Suitable
COL-OSM-42-001026,6.935687483284182,79.85128281744643,g_346_3992,train,Suitable
COL-OSM-42-001027,6.850658412600192,80.14474118394313,g_342_4007,train,Suitable
COL-OSM-42-001028,6.824581169227059,80.18535090449332,g_341_4009,train,Moderately Suitable
COL-OSM-42-001029,6.888565333882975,80.02081118468647,g_344_4001,train,Suitable
COL-OSM-42-001030,6.8201540142797015,79.94300915194471,g_341_3997,train,Suitable
COL-OSM-42-001031,6.93164388910314,80.01405412420077,g_346_4000,train,Moderately Suitable
COL-OSM-42-001032,6.868441513109476,79.9668543621278,g_343_3998,train,Suitable
COL-OSM-42-001033,6.9401178528139615,79.91255504700332,g_347_3995,test,Moderately Suitable
COL-OSM-42-001034,6.764516296634104,79.96386186644855,g_338_3998,train,Suitable
COL-OSM-42-001035,6.832409337800813,80.10806952152296,g_341_4005,test,Moderately Suitable
COL-OSM-42-001036,6.899526785928876,79.99877633081218,g_344_3999,train,Suitable
COL-OSM-42-001037,6.863491650808416,80.06751869700611,g_343_4003,train,Moderately Suitable
COL-OSM-42-001038,6.880919863397884,80.10818854736037,g_344_4005,test,Unsuitable
COL-OSM-42-001039,6.77244787462997,79.92104624881476,g_338_3996,train,Moderately Suitable
COL-OSM-42-001040,6.811761677335379,80.00508582769584,g_340_4000,train,Moderately Suitable
COL-OSM-42-001041,6.898206616729493,79.98863987546348,g_344_3999,train,Moderately Suitable
COL-OSM-42-001042,6.851893646891899,79.8933851727176,g_342_3994,train,Suitable
COL-OSM-42-001043,6.874120210637175,80.1534383998915,g_343_4007,train,Unsuitable
COL-OSM-42-001044,6.825365313509055,80.19565619211983,g_341_4009,train,Unsuitable
COL-OSM-42-001045,6.955744148648509,80.19380522614932,g_347_4009,train,Moderately Suitable
COL-OSM-42-001046,6.951067672419809,80.12878949623206,g_347_4006,train,Suitable
COL-OSM-42-001047,6.93802701181949,80.18615305857946,g_346_4009,train,Suitable
COL-OSM-42-001048,6.811040312107597,80.04339798758771,g_340_4002,train,Moderately Suitable
COL-OSM-42-001049,6.784309291465551,79.98997408529426,g_339_3999,train,Suitable
COL-OSM-42-001050,6.899062694633908,80.05203706162868,g_344_4002,train,Moderately Suitable
COL-OSM-42-001051,6.904125624817131,79.88411629616984,g_345_3994,train,Moderately Suitable
COL-OSM-42-001052,6.931766993903923,79.85257562510056,g_346_3992,train,Unsuitable
COL-OSM-42-001053,6.850994111533474,80.11544514096947,g_342_4005,train,Suitable
COL-OSM-42-001054,6.940891978976596,80.16329972043856,g_347_4008,train,Suitable
COL-OSM-42-001055,6.884676459181473,79.94780368125141,g_344_3997,test,Suitable
COL-OSM-42-001056,6.854891751031773,80.11678754754831,g_342_4005,train,Moderately Suitable
COL-OSM-42-001057,6.9226748708118375,79.89263859644662,g_346_3994,train,Moderately Suitable
COL-OSM-42-001058,6.938346879915923,80.00871027490724,g_346_4000,train,Unsuitable
COL-OSM-42-001059,6.97010641386862,80.20087352172702,g_348_4010,train,Suitable
COL-OSM-42-001060,6.95541705525642,80.11719780072296,g_347_4005,train,Moderately Suitable
COL-OSM-42-001061,6.833377307132389,79.90887268332324,g_341_3995,test,Suitable
COL-OSM-42-001062,6.821236591848185,80.16754838768142,g_341_4008,train,Suitable
COL-OSM-42-001063,6.961755412468787,80.16440126464624,g_348_4008,train,Moderately Suitable
COL-OSM-42-001064,6.943237613278515,79.88291930921865,g_347_3994,train,Moderately Suitable
COL-OSM-42-001065,6.751315519354982,79.9369270397644,g_337_3996,train,Moderately Suitable
COL-OSM-42-001066,6.842712717123675,79.95697034384374,g_342_3997,test,Moderately Suitable
COL-OSM-42-001067,6.864029169442433,80.16079194107668,g_343_4008,train,Moderately Suitable
COL-OSM-42-001068,6.921538616121596,79.86898844593206,g_346_3993,train,Suitable
COL-OSM-42-001069,6.902058802875703,80.17779872497994,g_345_4008,train,Moderately Suitable
COL-OSM-42-001070,6.860352729693974,80.01888475394396,g_343_4000,train,Suitable
COL-OSM-42-001071,6.932089073498374,79.87932238901153,g_346_3993,train,Suitable
COL-OSM-42-001072,6.938666312233333,79.88375912807912,g_346_3994,train,Suitable
COL-OSM-42-001073,6.871627309530769,80.09848420020059,g_343_4004,train,Suitable
COL-OSM-42-001074,6.906666894121607,79.9375177521319,g_345_3996,train,Suitable
COL-OSM-42-001075,6.895279357814176,79.87857911187731,g_344_3993,train,Moderately Suitable
COL-OSM-42-001076,6.811420192278523,79.99953869351025,g_340_3999,train,Unsuitable
COL-OSM-42-001077,6.918419155235474,79.93472453305968,g_345_3996,train,Moderately Suitable
COL-OSM-42-001078,6.803338847752431,80.06911735939777,g_340_4003,train,Moderately Suitable
COL-OSM-42-001079,6.8816439508253495,79.97249573680135,g_344_3998,train,Unsuitable
COL-OSM-42-001080,6.825179579894176,79.92214154970296,g_341_3996,train,Moderately Suitable
COL-OSM-42-001081,6.780467699698389,80.00574943010878,g_339_4000,train,Suitable
COL-OSM-42-001082,6.844832274825401,79.98066729631462,g_342_3999,train,Suitable
COL-OSM-42-001083,6.909276637664508,79.97414965945205,g_345_3998,train,Suitable
COL-OSM-42-001084,6.872646558706864,80.06073842215814,g_343_4003,train,Suitable
COL-OSM-42-001085,6.812327244967754,80.02927011896948,g_340_4001,train,Moderately Suitable
COL-OSM-42-001086,6.865440655974036,79.96089850399592,g_343_3998,train,Suitable
COL-OSM-42-001087,6.800230344240125,79.9915906214273,g_340_3999,train,Suitable
COL-OSM-42-001088,6.945581205500597,80.13673916093143,g_347_4006,train,Suitable
COL-OSM-42-001089,6.8295030197440845,80.20080762021635,g_341_4010,test,Unsuitable
COL-OSM-42-001090,6.937875751062122,80.1291206189022,g_346_4006,train,Suitable
COL-OSM-42-001091,6.760622844644545,79.93680065150143,g_338_3996,train,Suitable
COL-OSM-42-001092,6.824499193472395,80.13864014088095,g_341_4006,test,Unsuitable
COL-OSM-42-001093,6.837036529680922,80.19549147466373,g_341_4009,train,Unsuitable
COL-OSM-42-001094,6.962875526412255,80.21630468333525,g_348_4010,train,Moderately Suitable
COL-OSM-42-001095,6.905476179895993,80.00108851036967,g_345_4000,train,Moderately Suitable
COL-OSM-42-001096,6.861448506662025,79.88137161107984,g_343_3994,train,Suitable
COL-OSM-42-001097,6.8993489261677965,79.95746774935716,g_344_3997,test,Moderately Suitable
COL-OSM-42-001098,6.902239015511961,80.16076088834863,g_345_4008,train,Moderately Suitable
COL-OSM-42-001099,6.871826512721464,80.01508413911965,g_343_4000,train,Moderately Suitable
COL-OSM-42-001100,6.796322150564063,80.01310822550842,g_339_4000,train,Suitable
COL-OSM-42-001101,6.903986074669778,79.87501954505066,g_345_3993,train,Moderately Suitable
COL-OSM-42-001102,6.777291382483775,79.92917340674724,g_338_3996,train,Suitable
COL-OSM-42-001103,6.859985202114545,80.02482603118361,g_342_4001,train,Suitable
COL-OSM-42-001104,6.91629695631582,79.8588725037889,g_345_3992,train,Suitable
COL-OSM-42-001105,6.748733055073256,79.92637362752366,g_337_3996,train,Moderately Suitable
COL-OSM-42-001106,6.828136693587003,80.1675362063599,g_341_4008,train,Suitable
COL-OSM-42-001107,6.857194289230423,80.00241922848286,g_342_4000,train,Moderately Suitable
COL-OSM-42-001108,6.77570927101045,79.93466473151136,g_338_3996,train,Moderately Suitable
COL-OSM-42-001109,6.834735229393253,80.16590806342963,g_341_4008,train,Suitable
COL-OSM-42-001110,6.845252005724204,80.0355290406323,g_342_4001,train,Moderately Suitable
COL-OSM-42-001111,6.779813724188295,79.89732615250261,g_338_3994,train,Suitable
COL-OSM-42-001112,6.771297791618207,79.97977030068171,g_338_3998,train,Moderately Suitable
COL-OSM-42-001113,6.878900811192638,79.90282638013352,g_343_3995,train,Suitable
COL-OSM-42-001114,6.868846214020337,79.8952538173599,g_343_3994,train,Suitable
COL-OSM-42-001115,6.932971330992445,79.92823637594557,g_346_3996,test,Moderately Suitable
COL-OSM-42-001116,6.761327242380386,79.9625161942913,g_338_3998,train,Unsuitable
COL-OSM-42-001117,6.838346899891551,80.11021434913336,g_341_4005,test,Moderately Suitable
COL-OSM-42-001118,6.8054968741277975,79.96750980819542,g_340_3998,train,Moderately Suitable
COL-OSM-42-001119,6.855967827856177,80.02102662297905,g_342_4001,train,Moderately Suitable
COL-OSM-42-001120,6.835531056697455,79.87221595919826,g_341_3993,train,Suitable
COL-OSM-42-001121,6.914376729942999,80.14642414623566,g_345_4007,train,Moderately Suitable
COL-OSM-42-001122,6.908263915363797,80.19860074092824,g_345_4009,train,Moderately Suitable
COL-OSM-42-001123,6.901209217900932,80.06596419200925,g_345_4003,train,Moderately Suitable
COL-OSM-42-001124,6.784447832568738,80.10894363239667,g_339_4005,train,Suitable
COL-OSM-42-001125,6.93861601729817,80.22104332170444,g_346_4011,train,Moderately Suitable
COL-OSM-42-001126,6.875071175446696,79.95957645621489,g_343_3997,train,Suitable
COL-OSM-42-001127,6.875426545864251,79.88784066497743,g_343_3994,train,Suitable
COL-OSM-42-001128,6.908805107413914,80.06860480447298,g_345_4003,train,Suitable
COL-OSM-42-001129,6.964617981958623,80.19489158250002,g_348_4009,train,Moderately Suitable
COL-OSM-42-001130,6.870156393092226,79.92867753384235,g_343_3996,train,Moderately Suitable
COL-OSM-42-001131,6.820915258436192,79.86591741270183,g_341_3993,train,Moderately Suitable
COL-OSM-42-001132,6.9081801866804895,79.91891158324552,g_345_3995,test,Suitable
COL-OSM-42-001133,6.815368096878896,79.93242403126278,g_340_3996,test,Moderately Suitable
COL-OSM-42-001134,6.904217885801695,79.93461151176561,g_345_3996,train,Suitable
COL-OSM-42-001135,6.810024809394472,79.97709249019887,g_340_3998,train,Suitable
COL-OSM-42-001136,6.82682622187342,79.95856052141016,g_341_3997,train,Unsuitable
COL-OSM-42-001137,6.9010317977348095,79.95411065772369,g_345_3997,train,Suitable
COL-OSM-42-001138,6.877178455092489,79.85848287941599,g_343_3992,test,Suitable
COL-OSM-42-001139,6.88806631912374,79.90360157114637,g_344_3995,train,Moderately Suitable
COL-OSM-42-001140,6.955345957983524,80.12623216892544,g_347_4006,train,Suitable
COL-OSM-42-001141,6.934459348740948,80.19523595460198,g_346_4009,train,Moderately Suitable
COL-OSM-42-001142,6.826833822737367,80.03597088708881,g_341_4001,test,Unsuitable
COL-OSM-42-001143,6.862566484427379,79.94875408551441,g_343_3997,train,Moderately Suitable
COL-OSM-42-001144,6.919980062040335,80.12948701098378,g_345_4006,test,Moderately Suitable
COL-OSM-42-001145,6.784270339365611,79.99683751378035,g_339_3999,train,Suitable
COL-OSM-42-001146,6.876125600193601,79.94629629240023,g_343_3997,train,Unsuitable
COL-OSM-42-001147,6.935017388027978,80.13162847737512,g_346_4006,train,Suitable
COL-OSM-42-001148,6.851668159841013,80.08591639018037,g_342_4004,train,Suitable
COL-OSM-42-001149,6.867967667150619,80.13166711158874,g_343_4006,train,Suitable
COL-OSM-42-001150,6.950779362790745,80.14332425562438,g_347_4007,train,Unsuitable
COL-OSM-42-001151,6.881200260079797,80.06430938370781,g_344_4003,train,Moderately Suitable
COL-OSM-42-001152,6.946978685663268,79.86175568413941,g_347_3993,train,Suitable
COL-OSM-42-001153,6.772426845547985,79.93323407163864,g_338_3996,train,Suitable
COL-OSM-42-001154,6.779456381062461,79.98873912048172,g_338_3999,train,Suitable
COL-OSM-42-001155,6.819419918211575,80.0024046682871,g_340_4000,train,Unsuitable
COL-OSM-42-001156,6.862347429244363,79.92893414634187,g_343_3996,train,Suitable
COL-OSM-42-001157,6.777151396103569,79.980130542826,g_338_3999,train,Moderately Suitable
COL-OSM-42-001158,6.77444851344055,79.99312525174646,g_338_3999,train,Moderately Suitable
COL-OSM-42-001159,6.893989447846163,79.93099270231647,g_344_3996,train,Suitable
COL-OSM-42-001160,6.898270084597331,80.18127151841244,g_344_4009,test,Suitable
COL-OSM-42-001161,6.769150453580968,79.95406402154049,g_338_3997,test,Suitable
COL-OSM-42-001162,6.81977739870897,80.02420300319913,g_340_4001,train,Unsuitable
COL-OSM-42-001163,6.89877068970214,79.925786143122,g_344_3996,train,Suitable
COL-OSM-42-001164,6.872790403086455,80.02427015969478,g_343_4001,train,Suitable
COL-OSM-42-001165,6.858798755723603,79.88340245961373,g_342_3994,train,Suitable
COL-OSM-42-001166,6.881623279590232,79.98843027684838,g_344_3999,train,Suitable
COL-OSM-42-001167,6.867311210097933,80.153236386309,g_343_4007,train,Suitable
COL-OSM-42-001168,6.858760021156636,79.92552496458406,g_342_3996,train,Suitable
COL-OSM-42-001169,6.85080277513355,80.15894700878968,g_342_4007,train,Moderately Suitable
COL-OSM-42-001170,6.8214349835333925,80.03381748294647,g_341_4001,test,Moderately Suitable
COL-OSM-42-001171,6.825193519043176,80.05698327201227,g_341_4002,train,Unsuitable
COL-OSM-42-001172,6.88121280304612,79.92822589196028,g_344_3996,train,Moderately Suitable
COL-OSM-42-001173,6.92845563605696,80.19566665306364,g_346_4009,train,Moderately Suitable
COL-OSM-42-001174,6.893042538422807,79.86870227152222,g_344_3993,train,Moderately Suitable
COL-OSM-42-001175,6.853349775637823,80.15002013175017,g_342_4007,train,Unsuitable
COL-OSM-42-001176,6.834421891418178,79.92626183386025,g_341_3996,train,Suitable
COL-OSM-42-001177,6.976101101084888,80.19865861019237,g_348_4009,train,Suitable
COL-OSM-42-001178,6.873010990214925,79.89712185323789,g_343_3994,train,Unsuitable
COL-OSM-42-001179,6.795158581754031,79.95224059920491,g_339_3997,test,Unsuitable
COL-OSM-42-001180,6.813865844856429,80.05837751589748,g_340_4002,train,Moderately Suitable
COL-OSM-42-001181,6.821080638736878,80.11074051354578,g_341_4005,test,Suitable
COL-OSM-42-001182,6.8044087308750525,80.00017245217728,g_340_4000,train,Moderately Suitable
COL-OSM-42-001183,6.884785286870566,79.88520490603683,g_344_3994,train,Suitable
COL-OSM-42-001184,6.892866054604291,80.17275573306225,g_344_4008,test,Suitable
COL-OSM-42-001185,6.876740118320172,80.01611893521239,g_343_4000,train,Suitable
COL-OSM-42-001186,6.941816583808354,79.86823380853892,g_347_3993,train,Suitable
COL-OSM-42-001187,6.825507433603282,80.2028506311044,g_341_4010,test,Moderately Suitable
COL-OSM-42-001188,6.9311917659932245,79.94880863696571,g_346_3997,test,Suitable
COL-OSM-42-001189,6.797904675456744,79.9650471711869,g_339_3998,train,Unsuitable
COL-OSM-42-001190,6.923655275645334,80.00410456192782,g_346_4000,train,Suitable
COL-OSM-42-001191,6.802525836616716,79.9895357055231,g_340_3999,train,Moderately Suitable
COL-OSM-42-001192,6.751907929966933,79.92415427293798,g_337_3996,train,Moderately Suitable
COL-OSM-42-001193,6.900920768472464,80.10560570965609,g_345_4005,test,Moderately Suitable
COL-OSM-42-001194,6.889611647501168,80.08491303996067,g_344_4004,train,Moderately Suitable
COL-OSM-42-001195,6.77671224128633,79.95856378015047,g_338_3997,test,Moderately Suitable
COL-OSM-42-001196,6.960940953369962,79.86020516605356,g_348_3993,test,Suitable
COL-OSM-42-001197,6.952928889971391,80.12296620607614,g_347_4006,train,Moderately Suitable
COL-OSM-42-001198,6.961344269360748,79.87724741300752,g_348_3993,test,Suitable
COL-OSM-42-001199,6.853589221581885,79.95099406106213,g_342_3997,test,Suitable
COL-OSM-42-001200,6.893032117255863,79.9703382884126,g_344_3998,train,Moderately Suitable
COL-OSM-42-001201,6.814465001441327,80.03811828014656,g_340_4001,train,Moderately Suitable
COL-OSM-42-001202,6.812250947162778,79.92465278691672,g_340_3996,test,Suitable
COL-OSM-42-001203,6.756461802322736,79.92760242935664,g_337_3996,train,Suitable
COL-OSM-42-001204,6.819354786207278,79.97829132608301,g_340_3998,train,Suitable
COL-OSM-42-001205,6.8202553832799175,80.03680666326024,g_341_4001,test,Suitable
COL-OSM-42-001206,6.909542144336733,79.97456330143743,g_345_3998,train,Suitable
COL-OSM-42-001207,6.91919744188523,80.18771693753074,g_345_4009,train,Suitable
COL-OSM-42-001208,6.866176131425123,79.99472963195592,g_343_3999,train,Suitable
COL-OSM-42-001209,6.812826661250039,80.1028138693216,g_340_4005,train,Suitable
COL-OSM-42-001210,6.935323451161562,80.00648371051126,g_346_4000,train,Moderately Suitable
COL-OSM-42-001211,6.892366425712017,80.04808946221287,g_344_4002,train,Unsuitable
COL-OSM-42-001212,6.971751612195088,79.87327012064135,g_348_3993,test,Suitable
COL-OSM-42-001213,6.963662159667908,80.12417266839762,g_348_4006,train,Suitable
COL-OSM-42-001214,6.909724123710075,80.11289603208317,g_345_4005,test,Moderately Suitable
COL-OSM-42-001215,6.8449410323019615,80.07496356590202,g_342_4003,train,Moderately Suitable
COL-OSM-42-001216,6.974473212314713,80.12539745463569,g_348_4006,train,Unsuitable
COL-OSM-42-001217,6.9083750112069975,80.16068074630377,g_345_4008,train,Suitable
COL-OSM-42-001218,6.827652487718167,80.04575334281313,g_341_4002,train,Moderately Suitable
COL-OSM-42-001219,6.914062945662938,79.90928441809879,g_345_3995,test,Suitable
COL-OSM-42-001220,6.961425368504287,80.16786344617316,g_348_4008,train,Suitable
COL-OSM-42-001221,6.840948888963244,79.99116600459097,g_342_3999,train,Suitable
COL-OSM-42-001222,6.87303737822047,79.89797691265537,g_343_3994,train,Moderately Suitable
COL-OSM-42-001223,6.819906287158793,79.9585668989279,g_340_3997,test,Suitable
COL-OSM-42-001224,6.849370926548097,80.10500562272982,g_342_4005,train,Suitable
COL-OSM-42-001225,6.821968453475619,80.17897735586926,g_341_4008,train,Suitable
COL-OSM-42-001226,6.958565428615409,80.12926767116556,g_347_4006,train,Suitable
COL-OSM-42-001227,6.808213204646623,79.90267040810096,g_340_3995,test,Suitable
COL-OSM-42-001228,6.781745102406359,79.93981328290434,g_339_3996,test,Moderately Suitable
COL-OSM-42-001229,6.837392930900435,80.06756602862106,g_341_4003,train,Moderately Suitable
COL-OSM-42-001230,6.898276389814993,79.94254875615108,g_344_3997,test,Unsuitable
COL-OSM-42-001231,6.894420747662781,80.11492366829656,g_344_4005,test,Suitable
COL-OSM-42-001232,6.80692075220256,80.1153304486369,g_340_4005,train,Moderately Suitable
COL-OSM-42-001233,6.819844956116679,80.12617340150724,g_340_4006,train,Suitable
COL-OSM-42-001234,6.838691077587383,80.0175920361079,g_341_4000,train,Moderately Suitable
COL-OSM-42-001235,6.915342896376159,79.99755501514456,g_345_3999,train,Unsuitable
COL-OSM-42-001236,6.899234120566644,80.03191214411594,g_344_4001,train,Moderately Suitable
COL-OSM-42-001237,6.892745573775036,79.99555348789823,g_344_3999,train,Suitable
COL-OSM-42-001238,6.813896750901043,80.06260618763989,g_340_4003,train,Suitable
COL-OSM-42-001239,6.973292036574526,80.18302874413973,g_348_4009,train,Moderately Suitable
COL-OSM-42-001240,6.797299743700304,79.89500680619228,g_339_3994,test,Suitable
COL-OSM-42-001241,6.769763608409959,79.9638249230948,g_338_3998,train,Suitable
COL-OSM-42-001242,6.860820673773815,79.93787074827705,g_343_3996,train,Unsuitable
COL-OSM-42-001243,6.9467087089223325,80.12921375495242,g_347_4006,train,Moderately Suitable
COL-OSM-42-001244,6.796641624583775,80.0217045168464,g_339_4001,train,Unsuitable
COL-OSM-42-001245,6.829277975093629,80.19151005189508,g_341_4009,train,Unsuitable
COL-OSM-42-001246,6.9458038868641125,79.92793694500669,g_347_3996,test,Moderately Suitable
COL-OSM-42-001247,6.901258905286178,79.90634977371738,g_345_3995,test,Suitable
COL-OSM-42-001248,6.866341696576549,79.90199706275983,g_343_3995,train,Unsuitable
COL-OSM-42-001249,6.841786811410406,80.02239085332255,g_342_4001,train,Suitable
COL-OSM-42-001250,6.885434896472655,79.97370708983655,g_344_3998,train,Moderately Suitable
COL-OSM-42-001251,6.87074597636812,79.87809451891466,g_343_3993,train,Suitable
COL-OSM-42-001252,6.771885747000667,79.99444610179533,g_338_3999,train,Suitable
COL-OSM-42-001253,6.897422284319536,80.09937864611216,g_344_4004,train,Suitable
COL-OSM-42-001254,6.935465315470971,80.17103128472095,g_346_4008,train,Moderately Suitable
COL-OSM-42-001255,6.821747089839042,80.05039247878703,g_341_4002,train,Suitable
COL-OSM-42-001256,6.910338004421965,79.85021602581145,g_345_3992,train,Suitable
COL-OSM-42-001257,6.758859281077781,79.89083666822853,g_337_3994,train,Suitable
COL-OSM-42-001258,6.893940498964062,80.11468239340626,g_344_4005,test,Moderately Suitable
COL-OSM-42-001259,6.80965817682275,79.9381063926242,g_340_3996,test,Moderately Suitable
COL-OSM-42-001260,6.936512476455126,80.11302206305541,g_346_4005,test,Suitable
COL-OSM-42-001261,6.882019276580453,80.16874745231148,g_344_4008,test,Suitable
COL-OSM-42-001262,6.949979797085428,80.1651672702988,g_347_4008,train,Unsuitable
COL-OSM-42-001263,6.930028495357598,79.91668523392671,g_346_3995,train,Suitable
COL-OSM-42-001264,6.855027223108376,79.99358356117258,g_342_3999,train,Unsuitable
COL-OSM-42-001265,6.926978194105014,80.1418398530781,g_346_4007,train,Suitable
COL-OSM-42-001266,6.894692870059673,80.01873745795938,g_344_4000,train,Moderately Suitable
COL-OSM-42-001267,6.953408776706619,80.21955144280093,g_347_4010,train,Moderately Suitable
COL-OSM-42-001268,6.844169993591638,80.01422108038831,g_342_4000,train,Unsuitable
COL-OSM-42-001269,6.862523312705181,80.08952334648872,g_343_4004,train,Unsuitable
COL-OSM-42-001270,6.916565832101552,79.99050450332061,g_345_3999,train,Moderately Suitable
COL-OSM-42-001271,6.804217097358415,79.96963045198329,g_340_3998,train,Suitable
COL-OSM-42-001272,6.827506391405549,80.00803003760016,g_341_4000,train,Suitable
COL-OSM-42-001273,6.861219685127788,79.95369893497812,g_343_3997,train,Moderately Suitable
COL-OSM-42-001274,6.77009316498916,79.94510030178996,g_338_3997,test,Suitable
COL-OSM-42-001275,6.823076514849182,79.9231687747857,g_341_3996,train,Moderately Suitable
COL-OSM-42-001276,6.884327055006167,79.96901466680949,g_344_3998,train,Unsuitable
COL-OSM-42-001277,6.868582072552759,79.88265561835058,g_343_3994,train,Unsuitable
COL-OSM-42-001278,6.907583671192813,80.17258412479305,g_345_4008,train,Suitable
COL-OSM-42-001279,6.824105535184044,79.87616980927764,g_341_3993,train,Suitable
COL-OSM-42-001280,6.827781245400248,80.10102367392084,g_341_4005,test,Suitable
COL-OSM-42-001281,6.847380024668331,80.16277300674906,g_342_4008,train,Moderately Suitable
COL-OSM-42-001282,6.865898545583777,79.91782227748517,g_343_3995,train,Moderately Suitable
COL-OSM-42-001283,6.817914842667435,80.12848118604708,g_340_4006,train,Moderately Suitable
COL-OSM-42-001284,6.829486387506008,80.1227881498905,g_341_4006,test,Moderately Suitable
COL-OSM-42-001285,6.893206144406469,80.06018327903274,g_344_4003,train,Moderately Suitable
COL-OSM-42-001286,6.830967615000937,80.12600166550791,g_341_4006,test,Unsuitable
COL-OSM-42-001287,6.834358719632499,79.96666892343089,g_341_3998,train,Moderately Suitable
COL-OSM-42-001288,6.860840850299116,79.9258845479568,g_343_3996,train,Suitable
COL-OSM-42-001289,6.916513571869657,79.8985337746962,g_345_3994,train,Moderately Suitable
COL-OSM-42-001290,6.97656410481043,79.87221107661536,g_348_3993,test,Moderately Suitable
COL-OSM-42-001291,6.849266529595307,80.06191453859209,g_342_4003,train,Moderately Suitable
COL-OSM-42-001292,6.871722389675218,80.12479644155988,g_343_4006,train,Unsuitable
COL-OSM-42-001293,6.937128317269948,80.18078909545123,g_346_4009,train,Moderately Suitable
COL-OSM-42-001294,6.963210940171084,80.1459538107718,g_348_4007,train,Moderately Suitable
COL-OSM-42-001295,6.934738841435975,79.92172917129174,g_346_3996,test,Suitable
COL-OSM-42-001296,6.904769860709559,79.94186095947573,g_345_3997,train,Suitable
COL-OSM-42-001297,6.897639101810352,80.09622068624626,g_344_4004,train,Moderately Suitable
COL-OSM-42-001298,6.8846726951004245,79.98983715381185,g_344_3999,train,Moderately Suitable
COL-OSM-42-001299,6.935378052691019,79.8655310420216,g_346_3993,train,Moderately Suitable
COL-OSM-42-001300,6.939397630061129,79.90194206303813,g_346_3995,train,Suitable
COL-OSM-42-001301,6.889680604298192,80.12971365665925,g_344_4006,train,Moderately Suitable
COL-OSM-42-001302,6.8619425598211095,80.11380721498577,g_343_4005,train,Moderately Suitable
COL-OSM-42-001303,6.9253622044973735,79.85000762630087,g_346_3992,train,Moderately Suitable
COL-OSM-42-001304,6.872822076919577,80.1265132018049,g_343_4006,train,Unsuitable
COL-OSM-42-001305,6.886880550824111,79.95191839112229,g_344_3997,test,Moderately Suitable
COL-OSM-42-001306,6.9181937289006346,80.10239443252908,g_345_4005,test,Moderately Suitable
COL-OSM-42-001307,6.923761276730958,80.20665600398407,g_346_4010,train,Moderately Suitable
COL-OSM-42-001308,6.827114659879007,80.0583320715707,g_341_4002,train,Moderately Suitable
COL-OSM-42-001309,6.797163422829902,79.88685014114256,g_339_3994,test,Suitable
COL-OSM-42-001310,6.800805651367413,79.90371839134917,g_340_3995,test,Suitable
COL-OSM-42-001311,6.825066407354464,80.03902765963164,g_341_4001,test,Suitable
COL-OSM-42-001312,6.896122664768222,79.98476411516715,g_344_3999,train,Suitable
COL-OSM-42-001313,6.974291857634895,80.13971912650948,g_348_4006,train,Moderately Suitable
COL-OSM-42-001314,6.952632934715934,79.86308459282081,g_347_3993,train,Suitable
COL-OSM-42-001315,6.889656935546867,79.93212307629177,g_344_3996,train,Suitable
COL-OSM-42-001316,6.861931609205461,80.03419474263895,g_343_4001,train,Suitable
COL-OSM-42-001317,6.959706847894377,80.17293859023258,g_347_4008,train,Suitable
COL-OSM-42-001318,6.889602333304082,80.09507875846234,g_344_4004,train,Moderately Suitable
COL-OSM-42-001319,6.890367035191932,79.85875459628988,g_344_3992,train,Suitable
COL-OSM-42-001320,6.888997714706891,79.91147994180258,g_344_3995,train,Moderately Suitable
COL-OSM-42-001321,6.849236828817936,80.11714569522566,g_342_4005,train,Suitable
COL-OSM-42-001322,6.849092480974819,80.06071460686942,g_342_4003,train,Unsuitable
COL-OSM-42-001323,6.854235028737109,80.05987405883862,g_342_4002,train,Moderately Suitable
COL-OSM-42-001324,6.811263372119544,79.95839338946001,g_340_3997,test,Suitable
COL-OSM-42-001325,6.834467341798357,80.001615346712,g_341_4000,train,Suitable
COL-OSM-42-001326,6.928508040208623,80.16937397157201,g_346_4008,train,Suitable
COL-OSM-42-001327,6.826065559588839,80.11285145361776,g_341_4005,test,Suitable
COL-OSM-42-001328,6.7905779317442425,79.9702934126376,g_339_3998,train,Moderately Suitable
COL-OSM-42-001329,6.926304274278561,79.87987177735599,g_346_3993,train,Unsuitable
COL-OSM-42-001330,6.834779606839145,79.89995254328413,g_341_3994,train,Suitable
COL-OSM-42-001331,6.7898578387211925,79.97236146046376,g_339_3998,train,Moderately Suitable
COL-OSM-42-001332,6.930856163472206,80.20150593996533,g_346_4010,train,Suitable
COL-OSM-42-001333,6.761663269292514,79.9167401048609,g_338_3995,train,Suitable
COL-OSM-42-001334,6.935175994047635,79.86491401089883,g_346_3993,train,Moderately Suitable
COL-OSM-42-001335,6.861724469284044,79.95827860100486,g_343_3997,train,Suitable
COL-OSM-42-001336,6.921005552469299,80.14995164860831,g_346_4007,train,Moderately Suitable
COL-OSM-42-001337,6.938159000514,79.9763598254108,g_346_3998,train,Suitable
COL-OSM-42-001338,6.965749528567937,80.13259806871083,g_348_4006,train,Suitable
COL-OSM-42-001339,6.927806978221126,79.8669497302439,g_346_3993,train,Suitable
COL-OSM-42-001340,6.90375709803336,80.06681838584127,g_345_4003,train,Moderately Suitable
COL-OSM-42-001341,6.951300512287973,80.1931388691583,g_347_4009,train,Moderately Suitable
COL-OSM-42-001342,6.876202465992285,80.17722594150835,g_343_4008,train,Moderately Suitable
COL-OSM-42-001343,6.855369965033618,80.03208366642113,g_342_4001,train,Unsuitable
COL-OSM-42-001344,6.863322196115224,80.1514451744415,g_343_4007,train,Suitable
COL-OSM-42-001345,6.922064335296339,80.09666995458987,g_346_4004,train,Moderately Suitable
COL-OSM-42-001346,6.874507684987163,80.15533935111475,g_343_4007,train,Moderately Suitable
COL-OSM-42-001347,6.89639762303884,79.93374566729656,g_344_3996,train,Moderately Suitable
COL-OSM-42-001348,6.7919133547700445,80.00817943778519,g_339_4000,train,Suitable
COL-OSM-42-001349,6.855919328549269,79.9909824867252,g_342_3999,train,Unsuitable
COL-OSM-42-001350,6.848427613709322,79.87041350087951,g_342_3993,train,Moderately Suitable
COL-OSM-42-001351,6.820088328939522,79.91589379419646,g_341_3995,test,Suitable
COL-OSM-42-001352,6.864801749872389,80.15834648285872,g_343_4007,train,Moderately Suitable
COL-OSM-42-001353,6.861680307312905,80.04271169189654,g_343_4002,train,Moderately Suitable
COL-OSM-42-001354,6.87949491492313,79.88798123393515,g_343_3994,train,Moderately Suitable
COL-OSM-42-001355,6.812553032019913,80.04861421364868,g_340_4002,train,Suitable
COL-OSM-42-001356,6.82577202592984,80.0738439669969,g_341_4003,train,Suitable
COL-OSM-42-001357,6.937048851801397,79.88307782829921,g_346_3994,train,Moderately Suitable
COL-OSM-42-001358,6.933557545698919,80.1891767249416,g_346_4009,train,Suitable
COL-OSM-42-001359,6.900060231201062,80.18478313351888,g_345_4009,train,Moderately Suitable
COL-OSM-42-001360,6.914402705736588,80.15531409568094,g_345_4007,train,Moderately Suitable
COL-OSM-42-001361,6.886022422424291,80.0714300621178,g_344_4003,train,Moderately Suitable
COL-OSM-42-001362,6.798849563460581,79.95884529129026,g_339_3997,test,Moderately Suitable
COL-OSM-42-001363,6.806231460571582,80.03425299382364,g_340_4001,train,Unsuitable
COL-OSM-42-001364,6.849403772304672,79.9731220888101,g_342_3998,test,Suitable
COL-OSM-42-001365,6.861838346961033,79.89188379666533,g_343_3994,train,Suitable
COL-OSM-42-001366,6.913014959453081,79.9507951710829,g_345_3997,train,Suitable
COL-OSM-42-001367,6.891228136055606,79.94047528192976,g_344_3997,test,Moderately Suitable
COL-OSM-42-001368,6.877119421678313,80.04058192728006,g_343_4002,train,Moderately Suitable
COL-OSM-42-001369,6.88804156092305,80.02290552747604,g_344_4001,train,Moderately Suitable
COL-OSM-42-001370,6.925823882988637,79.93696665910856,g_346_3996,test,Suitable
COL-OSM-42-001371,6.911268519436169,79.92779999323334,g_345_3996,train,Moderately Suitable
COL-OSM-42-001372,6.795083097123039,80.00862895339726,g_339_4000,train,Moderately Suitable
COL-OSM-42-001373,6.945847213109852,80.12225048017135,g_347_4006,train,Moderately Suitable
COL-OSM-42-001374,6.825796823526007,80.0649254078673,g_341_4003,train,Unsuitable
COL-OSM-42-001375,6.813148407161382,79.98146754223725,g_340_3999,train,Suitable
COL-OSM-42-001376,6.899913838541382,80.08542108397408,g_344_4004,train,Moderately Suitable
COL-OSM-42-001377,6.928677005108252,80.12396759328061,g_346_4006,train,Moderately Suitable
COL-OSM-42-001378,6.8547922715951,80.07133745153546,g_342_4003,train,Moderately Suitable
COL-OSM-42-001379,6.880619578692238,79.87155412487954,g_344_3993,train,Suitable
COL-OSM-42-001380,6.811554092994087,80.00121655781557,g_340_4000,train,Suitable
COL-OSM-42-001381,6.831755128213064,79.88909982733112,g_341_3994,train,Unsuitable
COL-OSM-42-001382,6.844584793182603,80.00355852962142,g_342_4000,train,Moderately Suitable
COL-OSM-42-001383,6.884786071396448,79.98399907996833,g_344_3999,train,Suitable
COL-OSM-42-001384,6.85478897710138,80.13065302550595,g_342_4006,train,Moderately Suitable
COL-OSM-42-001385,6.836697851380565,79.87240558841955,g_341_3993,train,Suitable
COL-OSM-42-001386,6.920787157437718,80.18913040987857,g_346_4009,train,Suitable
COL-OSM-42-001387,6.8908343123124345,79.8580826977681,g_344_3992,train,Moderately Suitable
COL-OSM-42-001388,6.88798543362228,79.98579966650449,g_344_3999,train,Suitable
COL-OSM-42-001389,6.828830430412185,80.20084791537774,g_341_4010,test,Unsuitable
COL-OSM-42-001390,6.857919523159541,79.9875450029746,g_342_3999,train,Moderately Suitable
COL-OSM-42-001391,6.794814955993667,80.00582903221104,g_339_4000,train,Suitable
COL-OSM-42-001392,6.826709096404458,79.88033336938466,g_341_3994,train,Moderately Suitable
COL-OSM-42-001393,6.913445044683895,79.91582157562566,g_345_3995,test,Suitable
COL-OSM-42-001394,6.909205989363984,80.15136834465746,g_345_4007,train,Moderately Suitable
COL-OSM-42-001395,6.886223595436777,80.02031905826696,g_344_4001,train,Moderately Suitable
COL-OSM-42-001396,6.883840797498118,80.0208899428093,g_344_4001,train,Unsuitable
COL-OSM-42-001397,6.867164652670142,79.90174185089444,g_343_3995,train,Suitable
COL-OSM-42-001398,6.8977047686643305,80.16808035282187,g_344_4008,test,Suitable
COL-OSM-42-001399,6.908494776828953,80.18464651282676,g_345_4009,train,Moderately Suitable
COL-OSM-42-001400,6.964189858516787,80.17474110769238,g_348_4008,train,Suitable
COL-OSM-42-001401,6.767479559275494,79.91412895524222,g_338_3995,train,Moderately Suitable
COL-OSM-42-001402,6.806544716717089,80.05178462168179,g_340_4002,train,Suitable
COL-OSM-42-001403,6.82463693982931,79.93830433391311,g_341_3996,train,Moderately Suitable
COL-OSM-42-001404,6.945200836969192,79.91933930789929,g_347_3995,test,Suitable
COL-OSM-42-001405,6.852772750949914,80.02181538520777,g_342_4001,train,Moderately Suitable
COL-OSM-42-001406,6.884706682642295,80.0754469195529,g_344_4003,train,Suitable
COL-OSM-42-001407,6.842609923946741,79.99452650565803,g_342_3999,train,Suitable
COL-OSM-42-001408,6.784542781208567,80.00890271681328,g_339_4000,train,Moderately Suitable
COL-OSM-42-001409,6.819650810947742,79.9064773376211,g_340_3995,test,Suitable
COL-OSM-42-001410,6.858115901915594,80.15284435490418,g_342_4007,train,Moderately Suitable
COL-OSM-42-001411,6.719186079680326,79.90210354204389,g_335_3995,train,Moderately Suitable
COL-OSM-42-001412,6.7909937699870175,80.11016256181743,g_339_4005,train,Moderately Suitable
COL-OSM-42-001413,6.800786636570356,79.93930694942276,g_340_3996,test,Suitable
COL-OSM-42-001414,6.897380941733781,80.11529647271804,g_344_4005,test,Unsuitable
COL-OSM-42-001415,6.83769750729844,80.0892687101229,g_341_4004,train,Suitable
COL-OSM-42-001416,6.88676944144116,80.1622416775788,g_344_4008,test,Moderately Suitable
COL-OSM-42-001417,6.806740957656784,80.00427315262232,g_340_4000,train,Unsuitable
COL-OSM-42-001418,6.764996530994044,79.98080939967171,g_338_3999,train,Suitable
COL-OSM-42-001419,6.84586148625079,80.04947724885216,g_342_4002,train,Moderately Suitable
COL-OSM-42-001420,6.865226970031005,79.86499118175175,g_343_3993,train,Moderately Suitable
COL-OSM-42-001421,6.828494954724261,79.91310076911631,g_341_3995,test,Moderately Suitable
COL-OSM-42-001422,6.789408848695421,79.98166324865389,g_339_3999,train,Unsuitable
COL-OSM-42-001423,6.889876298546716,80.14597158115193,g_344_4007,train,Moderately Suitable
COL-OSM-42-001424,6.836795858941692,80.18184200642618,g_341_4009,train,Unsuitable
COL-OSM-42-001425,6.874035098941413,80.05323294969983,g_343_4002,train,Moderately Suitable
COL-OSM-42-001426,6.8082769699354,80.00202712329231,g_340_4000,train,Moderately Suitable
COL-OSM-42-001427,6.909128558243341,80.02358921668021,g_345_4001,train,Moderately Suitable
COL-OSM-42-001428,6.922011847152762,80.01201124791886,g_346_4000,train,Moderately Suitable
COL-OSM-42-001429,6.894056022537619,80.15079661748103,g_344_4007,train,Unsuitable
COL-OSM-42-001430,6.921682387319426,80.12181539496018,g_346_4006,train,Moderately Suitable
COL-OSM-42-001431,6.899757696329293,79.95951231375005,g_344_3997,test,Moderately Suitable
COL-OSM-42-001432,6.877028737967683,80.16517549882182,g_343_4008,train,Moderately Suitable
COL-OSM-42-001433,6.921863383302526,79.88408113773374,g_346_3994,train,Moderately Suitable
COL-OSM-42-001434,6.780799370530086,79.93700315621189,g_339_3996,test,Unsuitable
COL-OSM-42-001435,6.922983555973009,79.91832398051437,g_346_3995,train,Suitable
COL-OSM-42-001436,6.802172086819412,79.97554272653863,g_340_3998,train,Moderately Suitable
COL-OSM-42-001437,6.926049405584128,80.17368678777365,g_346_4008,train,Suitable
COL-OSM-42-001438,6.845522822585584,79.88904888779363,g_342_3994,train,Suitable
COL-OSM-42-001439,6.861420569938961,80.03633886535432,g_343_4001,train,Moderately Suitable
COL-OSM-42-001440,6.771168466819598,79.97817497554354,g_338_3998,train,Moderately Suitable
COL-OSM-42-001441,6.842392594209462,80.10732641852402,g_342_4005,train,Suitable
COL-OSM-42-001442,6.8270003402088095,80.01051008952702,g_341_4000,train,Suitable
COL-OSM-42-001443,6.750233472234697,79.92172495190714,g_337_3996,train,Moderately Suitable
COL-OSM-42-001444,6.924549247632369,79.9226940284602,g_346_3996,test,Moderately Suitable
COL-OSM-42-001445,6.905593541348127,79.87846318970408,g_345_3993,train,Suitable
COL-OSM-42-001446,6.846388436056678,80.14662614794398,g_342_4007,train,Moderately Suitable
COL-OSM-42-001447,6.908858032279123,79.96509400398007,g_345_3998,train,Moderately Suitable
COL-OSM-42-001448,6.91490533638004,79.98719900669691,g_345_3999,train,Moderately Suitable
COL-OSM-42-001449,6.850057480955639,79.88988071906873,g_342_3994,train,Suitable
COL-OSM-42-001450,6.961336475205551,80.119875174934,g_348_4005,train,Suitable
COL-OSM-42-001451,6.810833462177308,79.87732480354815,g_340_3993,train,Suitable
COL-OSM-42-001452,6.856501823755521,79.94240178769427,g_342_3997,test,Suitable
COL-OSM-42-001453,6.815930328265699,80.04529244768037,g_340_4002,train,Moderately Suitable
COL-OSM-42-001454,6.843062112207847,79.95658773339736,g_342_3997,test,Moderately Suitable
COL-OSM-42-001455,6.918224315286489,79.9316768992197,g_345_3996,train,Moderately Suitable
COL-OSM-42-001456,6.78818584007277,80.00715063409746,g_339_4000,train,Suitable
COL-OSM-42-001457,6.858221537204623,79.89533477402388,g_342_3994,train,Moderately Suitable
COL-OSM-42-001458,6.804439173972699,80.0350882037253,g_340_4001,train,Unsuitable
COL-OSM-42-001459,6.92401245611384,80.10617721049584,g_346_4005,test,Suitable
COL-OSM-42-001460,6.885353346330442,80.05342333654097,g_344_4002,train,Suitable
COL-OSM-42-001461,6.890806910474259,80.16146506806217,g_344_4008,test,Moderately Suitable
COL-OSM-42-001462,6.760576306643138,79.892707027936,g_338_3994,train,Suitable
COL-OSM-42-001463,6.907932767030983,80.12950921750249,g_345_4006,test,Moderately Suitable
COL-OSM-42-001464,6.8661604714984295,79.96721521246981,g_343_3998,train,Suitable
COL-OSM-42-001465,6.822069849074733,80.13671538669715,g_341_4006,test,Moderately Suitable
COL-OSM-42-001466,6.899849372034752,79.90527113594347,g_344_3995,train,Suitable
COL-OSM-42-001467,6.943054988598227,79.89739793937264,g_347_3994,train,Moderately Suitable
COL-OSM-42-001468,6.922359708895886,80.02200044357834,g_346_4001,train,Moderately Suitable
COL-OSM-42-001469,6.907459718467535,79.91290892336609,g_345_3995,test,Moderately Suitable
COL-OSM-42-001470,6.825374699162795,80.11312924095101,g_341_4005,test,Moderately Suitable
COL-OSM-42-001471,6.925093151070347,80.15864466928282,g_346_4007,train,Unsuitable
COL-OSM-42-001472,6.935733472980087,79.85489134113494,g_346_3992,train,Moderately Suitable
COL-OSM-42-001473,6.819691229056019,80.09311214989356,g_340_4004,train,Moderately Suitable
COL-OSM-42-001474,6.87365723997129,80.084534351804,g_343_4004,train,Suitable
COL-OSM-42-001475,6.8922608528730045,79.94922899085871,g_344_3997,test,Moderately Suitable
COL-OSM-42-001476,6.827381285027268,80.20177152400052,g_341_4010,test,Moderately Suitable
COL-OSM-42-001477,6.927458867523058,80.00122007490059,g_346_4000,train,Suitable
COL-OSM-42-001478,6.865556787112236,80.16014480584447,g_343_4008,train,Moderately Suitable
COL-OSM-42-001479,6.972804101309042,80.14344055580464,g_348_4007,train,Unsuitable
COL-OSM-42-001480,6.895906609427168,80.17873411971063,g_344_4008,test,Suitable
COL-OSM-42-001481,6.894983848735415,80.12520485412918,g_344_4006,train,Unsuitable
COL-OSM-42-001482,6.763089951225257,79.96487069761217,g_338_3998,train,Moderately Suitable
COL-OSM-42-001483,6.834532140004283,80.08285200822911,g_341_4004,train,Moderately Suitable
COL-OSM-42-001484,6.945652128112571,79.92673760844374,g_347_3996,test,Suitable
COL-OSM-42-001485,6.873769550670283,79.86940933675005,g_343_3993,train,Suitable
COL-OSM-42-001486,6.782386162592421,79.96354002917305,g_339_3998,train,Suitable
COL-OSM-42-001487,6.908507330276279,79.9094306056372,g_345_3995,test,Suitable
COL-OSM-42-001488,6.8791107837133065,80.0982094447369,g_343_4004,train,Suitable
COL-OSM-42-001489,6.890597687866427,80.0389194763225,g_344_4001,train,Unsuitable
COL-OSM-42-001490,6.933017145777547,79.97719145079287,g_346_3998,train,Unsuitable
COL-OSM-42-001491,6.950705136466617,80.1580342275385,g_347_4007,train,Unsuitable
COL-OSM-42-001492,6.942650024643752,79.85262464512459,g_347_3992,train,Moderately Suitable
COL-OSM-42-001493,6.864074207833248,80.1623441330761,g_343_4008,train,Moderately Suitable
COL-OSM-42-001494,6.872883392705071,80.05517767764697,g_343_4002,train,Moderately Suitable
COL-OSM-42-001495,6.842258134311247,80.07408757186623,g_342_4003,train,Suitable
COL-OSM-42-001496,6.874912477935734,79.9642942747502,g_343_3998,train,Moderately Suitable
COL-OSM-42-001497,6.824027618781609,80.13175079199999,g_341_4006,test,Moderately Suitable
COL-OSM-42-001498,6.789803338973905,80.02016855302843,g_339_4001,train,Suitable
COL-OSM-42-001499,6.923206543110325,79.87024316174451,g_346_3993,train,Suitable
